{
  "title": "건설안전기사20180915(학생용).pdf",
  "questions": [
    {
      "no": 9,
      "question": "산업안전보건법령에 따른 안전보건총괄책임지정 대상사업 기\n준 중 다음 ()안에 알맞은 것은? (단, 선박 및 보트 건조업,",
      "options": [],
      "answer": null,
      "explanation": ""
    },
    {
      "no": 1,
      "question": "재해 발생 건수 등의 추이를 파악하여 목표관리를 행하는데 1차 금속 제조업 및 토사석 광업의 경우이다.)\n필요한 월별 재해발생건수를 그래프화 하여 관리선을 설정\n관리하는 통계분석방법은?",
      "options": [
        "파레토도 ② 특성요인도",
        "크로스도 ④ 관리도"
      ],
      "answer": null,
      "explanation": ""
    },
    {
      "no": 2,
      "question": "산업안전보건법령에 따른 안전ㆍ보건표지의 종류별 해당 색\n채기준 중 틀린 것은?",
      "options": [
        "㉠ 50, ㉡ 10 ② ㉠ 50, ㉡ 20",
        "금연 : 바탕은 흰색, 기본 모형은 검은색, 관련부호 및 그 ③ ㉠ 100, ㉡ 10 ④ ㉠ 100, ㉡ 20",
        "인화성물질경고 : 바탕은 무색, 기본모형은 빨간색(검은색 10. 연평균 상시근로자 수가 500명인 사업장에서 36건의 재해",
        "보안경착용 : 바탕은 파란색, 관련 그림은 흰색",
        "고압전기경고 : 바탕은 노란색, 기본모형 관련부호 및 그 4000시간이고, 1일 8시간씩 연간 300일을 근무한다.)",
        "2건 ② 3건",
        "4건 ④ 5건"
      ],
      "answer": null,
      "explanation": ""
    },
    {
      "no": 3,
      "question": "A 사업장에서는 산업재해로 인한 인적ㆍ물적손실을 줄이기\n위하여 안전행동 실천운동(5C운동)을 실시하고자 한다. 5C\n운동에 해당하지 않는 것은? 11. 산업안전보건법령에 따른 안전ㆍ보건에 관한 노사협의체의\n사용자위원 구성기준 중 틀린 것은?",
      "options": [
        "Control ② Correctness",
        "해당 사업의 대표자",
        "Cleaning ④ Checking",
        "안전관리자 1명"
      ],
      "answer": null,
      "explanation": ""
    },
    {
      "no": 4,
      "question": "산업안전보건법령에 따른 안전ㆍ보건표지 중 금지표지의 종 ③ 공사금액이 20억원 이상인 도급 또는 하도급 사업의 사\n류에 해당하지 않는 것은? 업주",
      "options": [
        "공사금액이 20억원 이상인 도급 또는 하도급 사업의 사",
        "접근 금지 ② 차량통행금지 ④ 근로자대표가 지명하는 명예감독관 1명",
        "사용금지 ④ 탑승금지"
      ],
      "answer": null,
      "explanation": ""
    },
    {
      "no": 12,
      "question": "산업안전보건법령에 따른 안전ㆍ보건표지의 기본모형 중 다\n음 기본모형의 표시사항으로 옳은 것은? (단, 색도기준은",
      "options": [],
      "answer": null,
      "explanation": ""
    },
    {
      "no": 5,
      "question": "건설기술 진흥법령에 따른 건설사고조사 위원회의 구성 기준",
      "options": [],
      "answer": null,
      "explanation": ""
    },
    {
      "no": 2,
      "question": "5PB 4/10 이다.)\n중 다음 ()안에 알맞은 것은?",
      "options": [
        "12 ② 11",
        "10 ④ 9"
      ],
      "answer": null,
      "explanation": ""
    },
    {
      "no": 6,
      "question": "산업안전보건법령에 따른 건설업 중 유해ㆍ위험 방지계획서\n를 작성하여 고용노동부장관에게 제출하여야 하는 공사의 기",
      "options": [
        "금지 ② 경고",
        "지시 ④ 안내",
        "연면적 5000m2 이상의 냉동ㆍ냉장창고 시설의 설비공사"
      ],
      "answer": null,
      "explanation": ""
    },
    {
      "no": 13,
      "question": "보호구 안전인증 고시에 따른 안전블록이 부착된 안전대의\n② 깊이 10m 이상인 굴착공사\n구조기준 중 안전블록의 줄은 와이어로프인 경우 최소지름\n③ 저수용량 2000만톤 이상의 용수 전용 댐 공사 은 몇mm이상이어야 하는가?\n④ 최대 지간길이가 31m 이상인 교량 건설 공사",
      "options": [
        "깊이 10m 이상인 굴착공사",
        "저수용량 2000만톤 이상의 용수 전용 댐 공사 은 몇mm이상이어야 하는가?",
        "최대 지간길이가 31m 이상인 교량 건설 공사 ① 2 ② 4",
        "8 ④ 10"
      ],
      "answer": null,
      "explanation": ""
    },
    {
      "no": 7,
      "question": "재해의 간접원인 중 기초원인에 해당하는 것은?",
      "options": [
        "불안전한 상태 ② 관리적 원인 14. 아담스(Edward Adams)의 사고 연쇄이론의 단계로 옳은 것",
        "신체적 원인 ④ 불안전한 행동",
        "사회적 환경 및 유전적 요소→개인적 결함→불안전 행동"
      ],
      "answer": null,
      "explanation": ""
    },
    {
      "no": 8,
      "question": "T.B.M 활동의 5단계 추진법의 진행순서로 옳은 것은? 및 상태→사고→상해",
      "options": [
        "도입→위험예지훈련→작업지시→점검정비→확인 ② 통제의 부족→기본원인→직접원인→사고→상해",
        "도입→점검정비→작업지시→위험예지훈련→확인 ③ 관리구조 결함→작전적 에러→전술적 에러→사고→상해",
        "도입→확인→위험예지훈련→작업지시→점검정비 ④ 안전정책과 결정→불안전 행동 및 상태→물질에너지 기",
        "도입→작업지시→위험예지훈련→점검정비→확인"
      ],
      "answer": null,
      "explanation": ""
    },
    {
      "no": 15,
      "question": "산업안전보건기준에 관한 규칙에 따른 이동식 크레인을 사\n최강 자격증 기출문제 전자문제집 CBT : www.comcbt.com\n건설안전기사 ◐ 2018년 09월 15일 필기 기출문제 ◑ 전자문제집 CBT : www.comcbt.com\n용하여 작업을 할 때 작업시작 전 점검사항이 아닌 것은? 주는 것을 의미한다. 이 전이의 이론에 해당되지 않는 것\n은?",
      "options": [
        "권과방지장치나 그 밖의 경보장치의 기능",
        "일반화설 ② 동일요소설",
        "브레이크ㆍ클러치 및 조정장치의 기능",
        "형태이조설 ④ 태도요인설",
        "주행로의 상측 및 트롤리가 횡행하는 레일의 상태",
        "와이어로프가 통하고 있는 곳 및 작업 장소의 지반상태"
      ],
      "answer": null,
      "explanation": ""
    },
    {
      "no": 22,
      "question": "Off Job Training의 특징으로 맞는 것은?",
      "options": [
        "개개인에게 적절한 지도훈련이 가능하다."
      ],
      "answer": null,
      "explanation": ""
    },
    {
      "no": 16,
      "question": "산업안전보건법령에 따른 안전보건관리규정을 작성하여야\n할 사업의 사업주는 안전보건관리규정을 작성하여야 할 사 ② 전문가를 강사로 초빙하는 것이 가능하다.\n유가 발생한 날부터 며칠 이내에 작성하여야 하는가?\n③ 직장의 실정에 맞게 실제적 훈련이 가능하다.",
      "options": [
        "전문가를 강사로 초빙하는 것이 가능하다.",
        "직장의 실정에 맞게 실제적 훈련이 가능하다.",
        "15일 ② 30일",
        "훈련에 필요한 업무의 계속성이 끊어지지 않는다.",
        "50일 ④ 60일"
      ],
      "answer": null,
      "explanation": ""
    },
    {
      "no": 23,
      "question": "단조로운 업무가 장시간 지속될 때 작업자의 감각기능 및",
      "options": [],
      "answer": null,
      "explanation": ""
    },
    {
      "no": 17,
      "question": "시설물의 안전 및 유지관리에 관한 특별법령에 따른 안전동 판단능력이 둔화 또는 마비되는 현상은?\n급별 정기안전점검 및 정밀안전진단위의 실시시기 기준 중",
      "options": [
        "착각현상 ② 망각현상",
        "피로현상 ④ 감각차단현상"
      ],
      "answer": null,
      "explanation": ""
    },
    {
      "no": 24,
      "question": "개인적 차원에서의 스트레스 관리 대책으로 관계가 먼 것\n은?",
      "options": [
        "긴장 이완법 ② 직무 재설계",
        "적절한 운동 ④ 적절한 시간관리",
        "㉠ 반기에 1회, ㉡ 6 ② ㉠ 반기에 1회, ㉡ 4",
        "㉠ 1년에 3회, ㉡ 6 ④ ㉠ 1년에 3회, ㉡ 4"
      ],
      "answer": null,
      "explanation": ""
    },
    {
      "no": 25,
      "question": "운동에 대한 착각현상이 아닌 것은?",
      "options": [
        "자동운동(自動運動) ② 항상운동(恒常運動)"
      ],
      "answer": null,
      "explanation": ""
    },
    {
      "no": 18,
      "question": "재해사례연구의 진행단계로 옳은 것은?\n③ 유도운동(誘導運動) ④ 가현운동(假現運動)",
      "options": [
        "유도운동(誘導運動) ④ 가현운동(假現運動)",
        "사실의 확인→재해 상황의 파악→문제점의 발견→문제점"
      ],
      "answer": null,
      "explanation": ""
    },
    {
      "no": 26,
      "question": "산업심리의 5대 요소에 해당하지 않는 것은?\n② 문제점의 발견→재해 상황의 파악→사실의 확인→문제점\n의 결정→대책의 수립",
      "options": [
        "문제점의 발견→재해 상황의 파악→사실의 확인→문제점",
        "습관 ② 규범",
        "재해 상황의 파악→사실의 확인→문제점의 발견→문제점 ③ 기질 ④ 동기",
        "문제점의 발견→문제점의 결정→재해상황의 파악→사실 27. 교육방법 중 토의법이 효과적으로 활용되는 경우가 아닌 것",
        "피교육생들의 태도를 변화시키고자 할 때"
      ],
      "answer": null,
      "explanation": ""
    },
    {
      "no": 19,
      "question": "산업안전보건법령에 따른 지방고용노동관서의장의 사업주에\n② 인원이 토의를 할 수 있는 적정 수준일 때\n게 안전관리자ㆍ보건관리자 또는 안전보건관리담당자를 정\n수 이상으로 증원하게 되거나 교체하여 임명할 것을 명할 ③ 피교육생들 간에 학습능력의 차이가 클 때\n수 있는 기준 중 다음 ()안에 알맞은 것은?(2023년 01월 확 ④ 피교육생들이 토의 주제를 어느 정도 인지하고 있을 때\n인된 규정 적용됨)",
      "options": [
        "인원이 토의를 할 수 있는 적정 수준일 때",
        "피교육생들 간에 학습능력의 차이가 클 때",
        "피교육생들이 토의 주제를 어느 정도 인지하고 있을 때"
      ],
      "answer": null,
      "explanation": ""
    },
    {
      "no": 28,
      "question": "산업안전보건법령상 사업 내 안전ㆍ보건교육 중 건설업 일\n용근로자에 대한 건설업 기초안전ㆍ보건교육의 교육시간으\n로 맞는 것은?",
      "options": [
        "1시간 ② 2시간",
        "3시간 ④ 4시간"
      ],
      "answer": null,
      "explanation": ""
    },
    {
      "no": 29,
      "question": "일반적인 교육지도의 원칙 중 가장 거리가 먼 것은?",
      "options": [
        "반복적으로 교육할 것",
        "㉠ 3, ㉡ 3, ㉢ 2 ② ㉠ 3, ㉡ 3, ㉢ 3",
        "학습자 중심으로 교육할 것",
        "㉠ 2, ㉡ 3, ㉢ 2 ④ ㉠ 2, ㉡ 2, ㉢ 3",
        "어려운 것에서 시작하여 쉬운 것으로",
        "강조하고 싶은 사항에 대해 강한 인상을 심어줄 것"
      ],
      "answer": null,
      "explanation": ""
    },
    {
      "no": 20,
      "question": "산업안전보건법령에 따른 안전인증기준에 적합한지를 확인\n하기 위하여 안정인증기관이 하는 심사의 종류가 아닌 것\n은? 30. 새로운 자료나 교재를 제시하고, 거기에서의 문제점을 피교\n육자로 하여금 제기하게 하거나, 의견을 여러 가지 방법으",
      "options": [
        "서면심사 ② 예비심사",
        "제품심사 ④ 완성심사 은?",
        "포럼(Forum)",
        "심포지엄(Symposium)",
        "버즈세션(Buzz Session)"
      ],
      "answer": null,
      "explanation": ""
    },
    {
      "no": 21,
      "question": "학습의 전이란 학습한 결과가 다른 학습이나 반응에 영향을\n최강 자격증 기출문제 전자문제집 CBT : www.comcbt.com\n건설안전기사 ◐ 2018년 09월 15일 필기 기출문제 ◑ 전자문제집 CBT : www.comcbt.com\n④ 패널 디스커션(Panel Discussion) ② 카운슬링(counseling)\n③ CCS(Civil Communication Section)",
      "options": [
        "패널 디스커션(Panel Discussion) ② 카운슬링(counseling)",
        "CCS(Civil Communication Section)"
      ],
      "answer": null,
      "explanation": ""
    },
    {
      "no": 31,
      "question": "레윈(Lewin)의 행동법칙 B=f(PㆍE)에서 E가 의미하는 것은?\n④ ARP(American Telephone &Telegram Co.)",
      "options": [
        "ARP(American Telephone &Telegram Co.)",
        "Energy ② Education",
        "Environment ④ Engineering"
      ],
      "answer": null,
      "explanation": ""
    },
    {
      "no": 32,
      "question": "직무평가의 방법에 해당되지 않는 것은?",
      "options": [],
      "answer": null,
      "explanation": ""
    },
    {
      "no": 41,
      "question": "인체의 관절 중 경첩관절에 해당하는 것은?",
      "options": [
        "서열법 ② 분류법",
        "손목관절 ② 엉덩관절",
        "투사법 ④ 요소비교법",
        "어깨관절 ④ 팔꿉관절"
      ],
      "answer": null,
      "explanation": ""
    },
    {
      "no": 33,
      "question": "현장의 관리감독자 교육을 위하여 가장 바람직한 교육방식",
      "options": [],
      "answer": null,
      "explanation": ""
    },
    {
      "no": 42,
      "question": "시스템 수명주기에 있어서 예비위험분석(PHA)이 이루어지는\n은?\n단계에 해당하는 것은?",
      "options": [
        "강의식(lectuer method)",
        "구상단계 ② 점검단계",
        "토의식(discussion method)",
        "운전단계 ④ 생산단계",
        "시범(demonstration method)",
        "자율식(self-instruction method) 43. 100분 동안 8kcal/min으로 수행되는 삽질작업을 하는 40세"
      ],
      "answer": null,
      "explanation": ""
    },
    {
      "no": 34,
      "question": "호손(Hawthorne) 실험에서 작업자의 작업능률에 영향을 미\n치는 주요한 요인은 무엇인가?",
      "options": [
        "10.00분 ② 46.15분",
        "작업 조건 ② 생산 기술 ③ 51.77분 ④ 85.71분",
        "임금 수준 ④ 인간 관계"
      ],
      "answer": null,
      "explanation": ""
    },
    {
      "no": 44,
      "question": "결함위험분석(FHA, Fault Hazard Analysis)의 적용 단계로\n가장 적절한 것은?",
      "options": [],
      "answer": null,
      "explanation": ""
    },
    {
      "no": 35,
      "question": "기술교육의 진행방법 중 듀이(John Dewey)의 5단계 사고\n과정에 속하지 않는 것은?",
      "options": [
        "응용시킨다.(Application)",
        "시사를 받는다.(Suggestion)",
        "가설을 설정한다.(Hypothesis)",
        "머리로 생각한다.(Intellectualization)"
      ],
      "answer": null,
      "explanation": ""
    },
    {
      "no": 36,
      "question": "작업시의 정보 회로를 나열한 것으로 맞는 것은?",
      "options": [
        "표시→감각→지각→판단→응답→출력→조작",
        "응답→판단→표시→감각→지각→출력→조작",
        "감각→지각→판단→응답→표시→조작→출력",
        "지각→표시→감각→판단→조작→응답→출력",
        "㉠ ② ㉡",
        "㉢ ④ ㉣"
      ],
      "answer": null,
      "explanation": ""
    },
    {
      "no": 37,
      "question": "스트레스에 대하여 반응하는데 있어서 개인 차이의 이유로\n적합하지 않은 것은?",
      "options": [],
      "answer": null,
      "explanation": ""
    },
    {
      "no": 45,
      "question": "FTA에 의한 재해사례 연구 순서에서 가장 먼저 실시하여야",
      "options": [
        "성(性)의 차이 ② 강인성의 차이",
        "작업시간의 차이 ④ 자기 존중감의 차이",
        "FT 도의 작성 ② 개선 계획의 작성",
        "톱(TOP)사상의 선정 ④ 사상의 재해 원인의 규명"
      ],
      "answer": null,
      "explanation": ""
    },
    {
      "no": 38,
      "question": "리더십의 유형을 지휘 형태에 따라 구분할 때, 이에 해당하\n지 않는 것은?",
      "options": [],
      "answer": null,
      "explanation": ""
    },
    {
      "no": 46,
      "question": "FTA에서 활용하는 최소 컷셋(Minimal cut sets)에 관한 설",
      "options": [
        "권위적 리더십 ② 민주적 리더십",
        "방임적 리더십 ④ 경쟁적 리더십",
        "해당 시스템에 대한 신뢰도를 나타낸다.",
        "컷셋 중에 타 컷셋을 포함하고 있는 것을 배제하고 남은"
      ],
      "answer": null,
      "explanation": ""
    },
    {
      "no": 39,
      "question": "맥그리거(McGregor)의 X, Y이론에 있어 X이론의 관리 처방\n컷셋들을 의미한다.\n으로 적절하지 않은 것은?\n③ 어느 고장이나 에러를 일으키지 않으면 재해가 일어나지",
      "options": [
        "어느 고장이나 에러를 일으키지 않으면 재해가 일어나지",
        "자체평가제도의 활성화",
        "경제적 보상체제의 강화",
        "기본사상이 일어나지 않을 때 정상사상(Top event)이 일",
        "권위주의적 리더십의 확립 어나지 않는 기본사상의 집합이다.",
        "면밀한 감독과 엄격한 통제"
      ],
      "answer": null,
      "explanation": ""
    },
    {
      "no": 47,
      "question": "조도에 관련된 척도 및 용어 정의로 틀린 것은?",
      "options": [],
      "answer": null,
      "explanation": ""
    },
    {
      "no": 40,
      "question": "파악하고자 하는 연구과제에 대해 언어를 매개로 구조화된",
      "options": [
        "조도는 거리가 증가할 때 거리의 제곱에 반비례한다.",
        "candela는 단위 시간당 한 발광점으로부터 투광되는 빛",
        "면접(interview) 의 에너지양이다.",
        "lux는 1cd의 점광원으로부터 1m 떨어진 구면에 비추는 작업만족도(job satisfaction)를 얻기 위한 수단으로 볼 수",
        "lambert는 완전 발산 및 반사하는 표면에 표준 촛불로 ① 작업감소(job reduce)",
        "작업순환(job rotation)",
        "작업확대(job enlargement)"
      ],
      "answer": null,
      "explanation": ""
    },
    {
      "no": 48,
      "question": "예비위험분석(PHA)에서 식별된 사고의 범주로 부적절한 것\n은? ④ 작업윤택화(job enrichment)",
      "options": [
        "작업윤택화(job enrichment)",
        "중대(critical) ② 한계적(marginal)"
      ],
      "answer": null,
      "explanation": ""
    },
    {
      "no": 57,
      "question": "중이소골(ossicle)이 고막의 진동을 내이의난원창(oval\n③ 파국적(catastrophic) ④ 수용가능(acceptable)\nwindow)에 전달하는 과정에서 음파의 압력은 어느 정도 증\n폭되는가?",
      "options": [
        "파국적(catastrophic) ④ 수용가능(acceptable)"
      ],
      "answer": null,
      "explanation": ""
    },
    {
      "no": 49,
      "question": "다음 중 볼 대수 관계식으로 틀린 것은?",
      "options": [
        "2배 ② 12배",
        "22배 ④ 220배",
        "A(A+B)=A ②"
      ],
      "answer": null,
      "explanation": ""
    },
    {
      "no": 58,
      "question": "양립성의 종류에 해당하지 않는 것은?\n③ ④",
      "options": [
        "④",
        "기능 양립성 ② 운동 양립성",
        "공간 양립성 ④ 개념 양립성"
      ],
      "answer": null,
      "explanation": ""
    },
    {
      "no": 50,
      "question": "산업안전보건법령에 따라 유해ㆍ위험방지계획서 제출 대상\n사업장에서 해당하는 1차 금속 제조업의 유해ㆍ위험방지계",
      "options": [],
      "answer": null,
      "explanation": ""
    },
    {
      "no": 59,
      "question": "원자력 발전소 운전에서 발생 가능한 응급조치 중 성격이\n획서에 첨부되어야 하는 서류에 해당하지 않는 것은? (단,\n다른 것은?\n그 밖에 고용노동부장관이 정하는 도면 및 서류는 제외한\n다.)",
      "options": [
        "조작자가 표지(label)를 잘못 읽어 틀린 스위치를 선택하",
        "기계ㆍ설비의 배치도면",
        "조작자가 극도로 높은 압력 발생이후 처음 60초 이내에",
        "건축물 각 층의 평면도",
        "위생시설물 설치 및 관리대책",
        "조작자는 절차서 단계 중 마지막 점검목록인 수동 점검",
        "기계ㆍ설비의 개요를 나타내는 서류",
        "조작자가 하나의 절차적 단계에서 2개의 긴밀하게 결부"
      ],
      "answer": null,
      "explanation": ""
    },
    {
      "no": 51,
      "question": "부품성능이 시스템 목표달성의 긴요도에 따라 우선순위를\n된 밸브 중에서 하나를 올바르게 조작하지 못하였다.\n설정하는 부품배치 원칙에 해당하는 것은?",
      "options": [
        "중요성의 원칙 ② 사용 빈도의 원칙"
      ],
      "answer": null,
      "explanation": ""
    },
    {
      "no": 60,
      "question": "형광등과 물체의 거리가 50cm이고, 광도가 30fL일 때, 반사\n③ 사용 순서의 원칙 ④ 기능별 배치의 원칙 율은 얼마인가?",
      "options": [
        "사용 순서의 원칙 ④ 기능별 배치의 원칙 율은 얼마인가?",
        "12% ② 25%"
      ],
      "answer": null,
      "explanation": ""
    },
    {
      "no": 52,
      "question": "일반적인 화학설비에 대한 안정성 평가(safety assessment)\n③ 35% ④ 42%\n절차에 있어 안전대책 단계에 해당되지 않는 것은?",
      "options": [
        "35% ④ 42%",
        "위험도 평가 ② 보전",
        "관리적 대책 ④ 설비 대책 4과목 : 건설시공학"
      ],
      "answer": null,
      "explanation": ""
    },
    {
      "no": 61,
      "question": "콘크리트 타설 후 진동다짐에 관한 설명으로 옳지 않은 것",
      "options": [],
      "answer": null,
      "explanation": ""
    },
    {
      "no": 53,
      "question": "수공구 설계의 원리로 틀린 것은?\n은?",
      "options": [
        "양손잡이를 모두 고려하여 설계한다.",
        "진동기는 하층 콘크리트에 10cm 정도 삽입하여 상하층",
        "손바닥 부위에 압박을 주는 손잡이 형태로 설계한다. 콘크리트를 일체화 시킨다.",
        "손잡이의 길이는 95% 남성의 손 폭을 기준으로 한다. ② 진동기는 가능한 연직방향으로 찔러 넣는다.",
        "동력공구 손잡이는 최소 두 손가락 이상으로 작동하도록 ③ 진동기를 빼낼 때는 서서히 뽑아 구멍이 남지 않도록 한",
        "된비빔 콘크리트의 경우 구조체의 철근에 진동을 주어"
      ],
      "answer": null,
      "explanation": ""
    },
    {
      "no": 54,
      "question": "습구온도가 23℃이며, 건구온도가 31℃일 때의 Oxford 지수 진동효과를 좋게 한다.\n(건습지수)는 얼마인가?",
      "options": [
        "2.42℃ ② 2.98℃ 62. 속빈 콘크리트블록의 규격 중 기본블록치수가 아닌 것은?",
        "24.2℃ ④ 29.8℃",
        "390×190×190 ② 390×190×150"
      ],
      "answer": null,
      "explanation": ""
    },
    {
      "no": 55,
      "question": "인간이 현존하는 기계를 능가하는 기능이 아닌 것은? (단, ③ 390×190×100 ④ 390×190×80\n인공지능은 제외한다.)",
      "options": [
        "390×190×100 ④ 390×190×80",
        "원칙을 적용하여 다양한 문제를 해결한다. 63. 철골공사의 용접접합에서 플럭스(flux)를 옳게 설명한 것은?",
        "관찰을 통해서 특수화하고 연역적으로 추리한다. ① 용접 시 용접봉의 피복제 역할을 하는 분말상의 재료",
        "주위의 이상하거나 예기치 못한 사건들을 감지한다. ② 압연강판의 층 사이에 균열이 생기는 현상",
        "어떤 운용방법이 실패할 경우 새로운 다른 방법을 선택 ③ 용접작업의 종단부에 임시로 붙이는 보조판",
        "용접부에 생기는 미세한 구멍"
      ],
      "answer": null,
      "explanation": ""
    },
    {
      "no": 56,
      "question": "작업설계(job design) 시 철학적으로 고려해야 할 사항 중\n최강 자격증 기출문제 전자문제집 CBT : www.comcbt.com\n건설안전기사 ◐ 2018년 09월 15일 필기 기출문제 ◑ 전자문제집 CBT : www.comcbt.com",
      "options": [],
      "answer": null,
      "explanation": ""
    },
    {
      "no": 64,
      "question": "콘크리트 측압에 관한 설명으로 옳지 않은 것은? 72. 철근 용접이음 방식 중 Cad Welding 이음의 장점이 아닌\n것은?",
      "options": [
        "콘크리트의 비중이 클수록 측압이 크다.",
        "실시간 육안검사가 가능하다.",
        "외기의 온도가 낮을수록 측압이 크다.",
        "기후의 영향이 적고 화재위험이 감소된다.",
        "거푸집의 강성이 작을수록 측압이 크다.",
        "각종 이형철근에 대한 적용범위가 넓다.",
        "진동다짐의 정도가 클수록 측압이 크다.",
        "예열 및 냉각이 불필요하고 용접시간이 짧다."
      ],
      "answer": null,
      "explanation": ""
    },
    {
      "no": 65,
      "question": "철근콘크리트 보강 블록공사에 관한 설명으로 옳지 않은 것\n은? 73. 공사계약 중 재계약 조건이 아닌 것은?",
      "options": [
        "보강 블록조 쌓기에서 세로줄눈은 막힌줄눈으로 하는 것 ① 설계도면 및 시방서(specification)의 중대결함 및 오류에",
        "블록을 쌓을 때 지나치게 물축이기하면 팽창수축으로 벽 ② 계약상 현장조건 및 시공조건이 상이(difference)한 경우",
        "계약사항에 중대한 변경이 있는 경우",
        "정당한 이유 없이 공사를 착수하지 않은 경우",
        "보강블록공사 시 철근은 굵은 것보다 가는 철근을 많이"
      ],
      "answer": null,
      "explanation": ""
    },
    {
      "no": 74,
      "question": "발주자가 수급자에게 위탁하지 않고 직영공사로 공사를 수\n④ 벽체를 일체화시키기 위한 철근콘크리트조의 테투리 보\n행하기에 가장 부적합한 공사는?\n의 춤은 내력벽 두께의 1.5배 이상으로 한다.",
      "options": [
        "벽체를 일체화시키기 위한 철근콘크리트조의 테투리 보",
        "공사 중 설계변경이 빈번한 공사"
      ],
      "answer": null,
      "explanation": ""
    },
    {
      "no": 66,
      "question": "공사관리계약(Construcion Management Contract) 방식의 ② 아주 중요한 시설물공사\n장점이 아닌 것은? ③ 군비밀상 부득이 한 공사",
      "options": [
        "아주 중요한 시설물공사",
        "군비밀상 부득이 한 공사",
        "시공 시 단계별 시공법을 적용할 수 있어 설계 및 시공 ④ 공사현장 관리가 비교적 복잡한 공사",
        "설계과정에서 설계가 시공에 미치는 영향을 예측할 수 75. 강재 중 SN 355 B에서 각 기호의 의미를 잘못 나타낸 것",
        "기획 및 설계과정에서 발주자와 설계자간의 의견대립 없 ① S : Steel",
        "N : 일반 구조용 압연강재",
        "대리인형 CM(CM for fee) 방식은 공사비와 품질에 직접",
        "355 : 최저 항복강도 355N/mm2",
        "B : 용접성에 있어 중간 정도의 품질"
      ],
      "answer": null,
      "explanation": ""
    },
    {
      "no": 67,
      "question": "다음 중 깊은 기초지정에 해당되는 것은?",
      "options": [],
      "answer": null,
      "explanation": ""
    },
    {
      "no": 76,
      "question": "지반개량 공법 중 동다짐(Dynamic Compaction)공법의 특",
      "options": [
        "잡석지정 ② 피어기초지정",
        "밑창콘크리트지정 ④ 긴주춧돌지정",
        "시공 시 지반진동에 의한 공해문제가 발생하기도 한다.",
        "지반 내에 암괴 등의 장애물이 있으면 적용이 불가능하"
      ],
      "answer": null,
      "explanation": ""
    },
    {
      "no": 68,
      "question": "당해 공사의 특수한 조건에 따라 표준시방서에 대하여 추\n다.\n가, 변경, 삭제를 규정한 시방서는?\n③ 특별한 약품이나 자재를 필요로 하지 않는다.",
      "options": [
        "특별한 약품이나 자재를 필요로 하지 않는다.",
        "안내시방서 ② 특기시방서",
        "깊은 심도의 지반개량에 대해서는 초대형 장비가 필요하",
        "자료시방서 ④ 공사시방서"
      ],
      "answer": null,
      "explanation": ""
    },
    {
      "no": 69,
      "question": "흙막이공사의 공법에 관한 설명으로 옳은 것은?",
      "options": [],
      "answer": null,
      "explanation": ""
    },
    {
      "no": 77,
      "question": "철근콘크리트 구조물(5~6층)을 대상으로 한 벽, 지하외벽의",
      "options": [
        "지하연속벽(Slurry wall)공법은 인접건물의 근접시공은 어 철근 고임대 및 간격재의 배치표준으로 옳은 것은?",
        "상단은 보 밑에서 0.5m ② 중단은 상단에서 2.0m 이내",
        "어스앵커공법은 지하 매설물 등으로 시공이 어려울 수",
        "횡간격은 0.5m 정도 ④ 단부는 2.0m 이내",
        "버팀대(Strut)공법은 가설구조물을 설치하지만 토량제거"
      ],
      "answer": null,
      "explanation": ""
    },
    {
      "no": 78,
      "question": "철골부재 공장제작에서 강재의 절단 방법으로 옳지 않은 것\n작업의 능률이 향상된다.\n은?\n④ 강재 널말뚝(Steel sheet pile)공법은 철재판재를 사용하",
      "options": [
        "강재 널말뚝(Steel sheet pile)공법은 철재판재를 사용하",
        "기계 절단법 ② 가스 절단법",
        "로터리 베니어 절단법 ④ 프라즈마 절단법"
      ],
      "answer": null,
      "explanation": ""
    },
    {
      "no": 70,
      "question": "콘크리트 골재의 비중에 따른 분류로서 초경량골재에 해당\n하는 것은? 79. 벽돌쌓기법 중에서 마구리를 세워 쌓는 방식으로 옳은 것\n은?",
      "options": [
        "중정석 ② 퍼라이트",
        "옆세워 쌓기 ② 허튼 쌓기",
        "강모래 ④ 부순자갈",
        "영롱 쌓기 ④ 길이 쌓기"
      ],
      "answer": null,
      "explanation": ""
    },
    {
      "no": 71,
      "question": "자연상태로서의 흙의 강도가 1MPa이고, 이긴상태로의 강도\n는 0.2MPa라면 이 흙의 예민비는? 80. 연약한 점토지반에서 지반의 강도가 굴착규모에 비해 부족\n할 경우에 흙이 돌아 나오거나 굴착바닥면이 융기하는 현상",
      "options": [
        "0.2 ② 2",
        "5 ④ 10",
        "히빙 ② 보일링"
      ],
      "answer": null,
      "explanation": ""
    },
    {
      "no": 90,
      "question": "금속재료의 녹막이를 위하여 사용하는 바탕칠 도료는?\n③ 파이핑 ④ 틱소트로피",
      "options": [
        "파이핑 ④ 틱소트로피",
        "알루미늄페인트 ② 광명단",
        "에나멜페인트 ④ 실리콘페인트"
      ],
      "answer": null,
      "explanation": ""
    },
    {
      "no": 91,
      "question": "콘크리트의 성질을 개선하기 위해 사용하는 각종 혼화제의",
      "options": [],
      "answer": null,
      "explanation": ""
    },
    {
      "no": 81,
      "question": "평판성형되어 유리대체재로서 사용되는 것으로 유기질 유리\n작용에 포함되지 않는 것은?\n라고 불리우는 것은?",
      "options": [
        "기포작용 ② 분산작용",
        "아크릴수지 ② 페놀수지",
        "건조작용 ④ 습윤작용",
        "폴리에틸렌수지 ④ 요소수지"
      ],
      "answer": null,
      "explanation": ""
    },
    {
      "no": 92,
      "question": "돌로마이트 플라스터에 관한 설명으로 옳지 않은 것은?",
      "options": [],
      "answer": null,
      "explanation": ""
    },
    {
      "no": 82,
      "question": "콘크리트에 사용되는 신축이음(Expansion Joint)재료에 요\n구되는 성능 조건이 아닌 것은?",
      "options": [
        "건조수축에 대한 저항성이 크다.",
        "콘크리트의 수축에 순응할 수 있는 탄성 ② 소석회에 비해 점성이 높고 작업성이 좋다.",
        "콘크리트의 팽창에 대한 저항성 ③ 변색, 냄새, 곰팡이가 없으며 보수성이 크다.",
        "우수한 내구성 및 내부식성 ④ 회반죽에 비해 조기강도 및 최종강도가 크다.",
        "이음사이의 충분한 수밀성"
      ],
      "answer": null,
      "explanation": ""
    },
    {
      "no": 93,
      "question": "자연에서 용제가 증발해서 표면에 피막이 형성되어 굳는 도\n료는?",
      "options": [],
      "answer": null,
      "explanation": ""
    },
    {
      "no": 83,
      "question": "다음 제품의 품질시험으로 옳지 않은 것은?",
      "options": [
        "유성조합페인트 ② 에폭시수지도료",
        "기와 : 흡수율과 인장강도 ② 타일 : 흡수율",
        "알키드수지 ④ 염화비닐수지에나멜",
        "벽돌 : 흡수율과 압축강도 ④ 내화벽돌 : 내화도"
      ],
      "answer": null,
      "explanation": ""
    },
    {
      "no": 94,
      "question": "절대건조밀도가 2.6g/cm3이고, 단위용적질량이 1,750kg/m3",
      "options": [],
      "answer": null,
      "explanation": ""
    },
    {
      "no": 84,
      "question": "점토에 관한 설명으로 옳지 않은 것은?\n인 굵은 골재의 공극률은?",
      "options": [
        "가소성은 점토입자가 클수록 좋다.",
        "30.5% ② 32.7%",
        "소성된 점토제품의 색상은 철화합물, 망간화합물, 소성온",
        "34.7% ④ 36.2%",
        "저온으로 소성된 제품은 화학변화를 일으키기 쉽다."
      ],
      "answer": null,
      "explanation": ""
    },
    {
      "no": 95,
      "question": "시멘트의 분말도가 높을수록 나타나는 성질변화에 관한 설\n④ Fe 2 O 3 등의 성분이 많으면 건조수축이 커서 고급 도자기 명으로 옳은 것은?\n원료로 부적합하다.",
      "options": [
        "Fe 2 O 3 등의 성분이 많으면 건조수축이 커서 고급 도자기 명으로 옳은 것은?",
        "시멘트 입자 표면적의 증대로 수화반응이 늦다.",
        "풍화작용에 대하여 내구적이다."
      ],
      "answer": null,
      "explanation": ""
    },
    {
      "no": 85,
      "question": "다음 중 이온화 경향이 가장 큰 금속은?\n③ 건조수축이 적다.",
      "options": [
        "건조수축이 적다.",
        "Mg ② Al",
        "초기강도 발현이 빠르다.",
        "Fe ④ Cu"
      ],
      "answer": null,
      "explanation": ""
    },
    {
      "no": 96,
      "question": "아스팔트 방수시공을 할 때 바탕재와의 밀착용으로 사용하",
      "options": [],
      "answer": null,
      "explanation": ""
    },
    {
      "no": 86,
      "question": "내화벽돌의 주원료 광물에 해당되는 것은?\n는 것은?",
      "options": [
        "형석 ② 방해석",
        "아스팔트 컴파운드 ② 아스팔트 모르타르",
        "활석 ④ 납석",
        "아스팔트 프라이머 ④ 아스팔트 루핑"
      ],
      "answer": null,
      "explanation": ""
    },
    {
      "no": 87,
      "question": "바닥용으로 사용되는 모자이크 타일의 재질로서 가장 적당",
      "options": [],
      "answer": null,
      "explanation": ""
    },
    {
      "no": 97,
      "question": "유리섬유를 폴리에스테르수지에 혼입하여 가압ㆍ성형한 판\n한 것은?\n으로 내구성이 좋아 내ㆍ외 수장재로 사용하는 것은?",
      "options": [
        "도기질 ② 자기질",
        "아크릴평판 ② 멜라민치장판",
        "석기질 ④ 토기질",
        "폴리스티렌투명판 ④ 폴리에스테르강화판"
      ],
      "answer": null,
      "explanation": ""
    },
    {
      "no": 88,
      "question": "콘크리트 공기량에 관한 설명으로 옳지 않은 것은?",
      "options": [],
      "answer": null,
      "explanation": ""
    },
    {
      "no": 98,
      "question": "석재에 관한 설명으로 옳지 않은 것은?",
      "options": [
        "AE 콘크리트의 공기량은 보통 3~6%를 표준으로 한다.",
        "석회암은 석질이 치밀하나 내화성이 부족하다.",
        "콘크리트를 진동시키면 공기량이 감소한다.",
        "현무암은 석질이 치밀하여 토대석, 석축에 쓰인다.",
        "콘크리트의 온도가 높으면 공기량이 줄어든다.",
        "테라조는 대리석을 종석으로한 인조석의 일종이다.",
        "비빔시간이 길면 길수록 공기량은 증가한다.",
        "화강암은 석회, 시멘트의 원료로 사용된다."
      ],
      "answer": null,
      "explanation": ""
    },
    {
      "no": 89,
      "question": "목재의 심재와 변재에 관한 설명으로 옳지 않은 것은?",
      "options": [],
      "answer": null,
      "explanation": ""
    },
    {
      "no": 99,
      "question": "목재의 강도 중에서 가장 작은 것은?",
      "options": [
        "변재는 심재 외측과 수피 내측 사이에 있는 생활세포의",
        "섬유방향의 인장강도 ② 섬유방향의 압축강도",
        "섬유 직각방향의 인장강도 ④ 섬유방향의 휨강도",
        "심재는 수액의 통로이며 양분의 저장소이다.",
        "심재는 변재보다 단단하여 강도가 크고 신축 등 변형이"
      ],
      "answer": null,
      "explanation": ""
    },
    {
      "no": 100,
      "question": "강재의 인장강도가 최대로 될 경우의 탄소함유량의 범위로\n적다.\n가장 가까운 것은?\n④ 심재의 색깔은 짙으며 변재의 색깔은 비교적 엷다.",
      "options": [
        "심재의 색깔은 짙으며 변재의 색깔은 비교적 엷다.",
        "0.04~0.2% ② 0.2~0.5%",
        "0.8~1.0% ④ 1.2~1.5% ③ 지반의 부동침하방지 조치",
        "갓길의 붕괴를 방지하기 위한 조치"
      ],
      "answer": null,
      "explanation": ""
    },
    {
      "no": 108,
      "question": "옥외에 설치되어 있는 주행크레인에 대하여 이탈방지장치\n를 작동시키는 등 그 이탈을 방지하기 위한 조치를 하여야",
      "options": [],
      "answer": null,
      "explanation": ""
    },
    {
      "no": 101,
      "question": "가설통로를 설치하는 경우 준수해야 할 기준으로 옳지 않\n하는 순간풍속에 대한 기준으로 옳은 것은?\n은 것은?",
      "options": [
        "순간풍속이 초당 10m를 초과하는 바람이 불어올 우려가",
        "견고한 구조로 할 것",
        "경사는 30° 이하로 할 것",
        "순간풍속이 초당 20m를 초과하는 바람이 불어올 우려가",
        "추락할 위험이 있는 장소에는 안전난간을 설치할 것 있는 경우",
        "건설공사에 사용하는 높이 8m 이상인 비계다리에는 4m ③ 순간풍속이 초당 30m를 초과하는 바람이 불어올 우려가",
        "순간풍속이 초당 40m를 초과하는 바람이 불어올 우려가"
      ],
      "answer": null,
      "explanation": ""
    },
    {
      "no": 102,
      "question": "버팀보, 앵커 등의 축하중 변화상태를 측정하여 이들 부재\n있는 경우\n의 지지효과 및 그 변화 추이를 파악하는데 사용되는 계측\n기기는?",
      "options": [],
      "answer": null,
      "explanation": ""
    },
    {
      "no": 109,
      "question": "동력을 사용하는 항타기 또는 항발기의 도괴를 방지하기",
      "options": [
        "water level meter ② load cell 위하여 준수하여야 할 기준으로 옳지 않은 것은?",
        "pirzo meter ④ strain gauge ① 연약한 지반에 설치할 경우에는 각부나 가대의 침하를"
      ],
      "answer": null,
      "explanation": ""
    },
    {
      "no": 103,
      "question": "건설업 산업안전보건관리비 계상에 관한 설명으로 옳지 않\n② 평형추를 사용하여 안정시키는 경우에는 평형추의 이동\n은 것은?(2021년 개정된 규정 적용됨)\n을 방지하기 위하여 가대에 견고하게 부착시킨다.",
      "options": [
        "평형추를 사용하여 안정시키는 경우에는 평형추의 이동",
        "재료비와 직접노무비의 합계액을 계상대상으로 한다.",
        "버팀대만으로 상단부분을 안정시키는 경우에는 버팀대는",
        "안전관리비 계상기준은 산업재해보상 보험법의 적용을 3개 이상으로 한다.",
        "버팀줄만으로 상단부분을 안정시키는 경우에는 버팀줄을",
        "발주자 또는 자기공사자는 설계변경 등으로 대상액의 변",
        "「전기공사업법」제2조에 따른 전기공사로서 저압ㆍ고압 격은 얼마이내인가?",
        "20cm ② 25cm",
        "30cm ④ 40cm"
      ],
      "answer": null,
      "explanation": ""
    },
    {
      "no": 111,
      "question": "터널굴착작업 작업계획서에 포함해야 할 사항으로 가장 거",
      "options": [],
      "answer": null,
      "explanation": ""
    },
    {
      "no": 104,
      "question": "거푸집 동바리의 침하을 방지하기 위한 직접적인 조치와\n리가 먼 것은?\n가장 거리가 먼 것은?",
      "options": [
        "암석의 분할방법",
        "깔목의 사용 ② 수평연결재 사용",
        "터널지보공 및 복공(覆공)의 시공방법",
        "콘크리트의 타설 ④ 말뚝박기",
        "용수(湧水)의 처리방법"
      ],
      "answer": null,
      "explanation": ""
    },
    {
      "no": 105,
      "question": "강관비계를 사용하여 비계를 구성하는 경우 준수해야할 기 ④ 환기 또는 조명시설을 설치할 때에는 그 방법\n준으로 옳지 않은 것은?(2022년 10월 18일 개정된 규정\n적용됨)",
      "options": [
        "환기 또는 조명시설을 설치할 때에는 그 방법"
      ],
      "answer": null,
      "explanation": ""
    },
    {
      "no": 112,
      "question": "유해ㆍ위험방지계획서를 제출해야 할 대상공사의 조건으로",
      "options": [
        "비계기둥의 간격은 띠장 방향에서는 1.85m 이하, 장선 옳지 않은 것은?",
        "터널 건설등의 공사",
        "띠장 간격은 2.0m 이하로 할 것.",
        "최대지간 길이가 50m이상인 교량건설 등의 공사",
        "비계기둥의 제일 윗부분으로부터 31m 되는 지점 밑부분",
        "다목점댐, 발전용댐 및 저수용량 2천만톤 이상의 용수전",
        "비계기둥 간의 적재하중은 600kg을 초과하지 않도록 할",
        "깊이가 5m 이상인 굴착공사"
      ],
      "answer": null,
      "explanation": ""
    },
    {
      "no": 113,
      "question": "철골보 인양 시 준수해야 할 사항으로 옳지 않은 것은?",
      "options": [],
      "answer": null,
      "explanation": ""
    },
    {
      "no": 106,
      "question": "굴착공사에서 경사면의 안정성을 확인하기 위한 검토사항\n에 해당되지 않는 것은?",
      "options": [
        "인양 와이어로프의 매달기 각도는 양변 60°를 기준으로",
        "지질조사 ② 토질시험",
        "크램프로 부재를 체결할 때는 크램프의 정격용량 이상",
        "풍화의 정도 ④ 경보장치 작동상태",
        "크램프는 부재를 수평으로 하는 한 곳의 위치에만 사용"
      ],
      "answer": null,
      "explanation": ""
    },
    {
      "no": 107,
      "question": "차량계 하역운반기계를 사용하여 작업을 할 때 기계의 전\n하여야 한다.\n도, 전락에 의해 근로자에게 위험을 미칠 우려가 있는 경\n우에 사업주가 조치하여야 할 사항 중 옳지 않은 것은? ④ 인양 와이어로프는 후크의 중심에 걸어야 한다.",
      "options": [
        "인양 와이어로프는 후크의 중심에 걸어야 한다.",
        "운전자의 시야를 살짝 가리는 정도로 화물을 적재"
      ],
      "answer": null,
      "explanation": ""
    },
    {
      "no": 114,
      "question": "구조물의 해체작업 시 해체 작업계획서에 포함되어야 할\n② 하역운반기계를 유도하는 사람을 배치\n사항으로 옳지 않은 것은?\n최강 자격증 기출문제 전자문제집 CBT : www.comcbt.com\n건설안전기사 ◐ 2018년 09월 15일 필기 기출문제 ◑ 전자문제집 CBT : www.comcbt.com",
      "options": [
        "하역운반기계를 유도하는 사람을 배치",
        "해체의 방법 및 해체순서 도면 ② 해체물의 처분계획",
        "주변 민원 처리계획 ④ 사업장 내 연락방법"
      ],
      "answer": null,
      "explanation": ""
    },
    {
      "no": 115,
      "question": "콘크리트 타설 시 거푸집이 받는 측압에 관한 설명으로 옳\n지 않은 것은?",
      "options": [
        "대기의 온도가 높을수록 크다.",
        "슬럼프(Slump)가 클수록 크다.",
        "타설속도가 빠를수록 크다.",
        "거푸집의 강성이 클수록 크다."
      ],
      "answer": null,
      "explanation": ""
    },
    {
      "no": 116,
      "question": "근로자의 위험방지를 위해 철골작업을 중지하여야 하는 기\n준으로 옳은 것은?",
      "options": [
        "풍속이 초당 1m 이상인 경우",
        "강우량이 시간당 1cm 이상인 경우",
        "강설량이 시간당 1cm 이상인 경우",
        "10분간 평균풍속이 초당 5m 이상인 경우"
      ],
      "answer": null,
      "explanation": ""
    },
    {
      "no": 117,
      "question": "깊이 10m 이내에 있는 연약점토의 전단강도를 구하기 위\n한 가장 적당한 시험은?\n전자문제집 CBT 홈페이지 : www.comcbt.com",
      "options": [
        "베인 시험 ② 표준관입시험",
        "평판재하시험 ④ 블레인 시험"
      ],
      "answer": null,
      "explanation": ""
    },
    {
      "no": 118,
      "question": "건설현장 토사붕괴의 원인으로 옳지 않은 것은? 전자문제집 CBT란?",
      "options": [
        "지하수위의 증가 ② 지반 내부마찰각의 증가 종이 문제집이 아닌 인터넷으로 문제를 풀고 자동으로 채점하며",
        "지반 점착력의 감소 ④ 차량에 의한 진동하중 증가"
      ],
      "answer": null,
      "explanation": ""
    },
    {
      "no": 119,
      "question": "사다리식 통로 설치 시 사다리식 통로의 길이가 10m 이상 PC 버전 및 모바일 버전 완벽 연동\n인 경우에는 몇 m 이내마다 계단참을 설치해야 하는가? 교사용/학생용 관리기능도 제공합니다.",
      "options": [
        "5m ② 7m",
        "9m ④ 10m"
      ],
      "answer": null,
      "explanation": ""
    },
    {
      "no": 120,
      "question": "추락재해 방지를 위한 방망의 그물코 규격기준으로 옳은\n1 2 3 4 5 6 7 8 9 10\n것은?\n④",
      "options": [
        "① ① ① ① ④ ② ② ② ②",
        "사각 또는 마름모로서 크기가 5cm 이하",
        "사각 또는 마름모로서 크기가 10cm 이하 ④ ③ ② ③ ③ ② ① ③ ④ ④",
        "사각 또는 마름모로서 크기가 15cm 이하 21 22 23 24 25 26 27 28 29 30",
        "사각 또는 마름모로서 크기가 20cm 이하 ④ ② ④ ② ② ② ③ ④ ③ ①",
        "③ ② ④ ① ① ③ ④ ① ①",
        "① ② ④ ③ ② ④ ④ ④ ③",
        "① ② ③ ② ① ③ ① ③ ②",
        "④ ① ③ ① ④ ② ② ② ②",
        "① ④ ④ ② ② ① ③ ① ①",
        "② ① ① ① ④ ② ④ ② ②",
        "① ④ ② ④ ③ ④ ④ ③ ③",
        "② ③ ② ④ ④ ① ③ ④ ③",
        "④ ③ ③ ① ③ ① ② ① ②"
      ],
      "answer": null,
      "explanation": ""
    }
  ]
}