{
  "title": "건설안전기사20161001(교사용).pdf",
  "questions": [
    {
      "no": 1,
      "question": "1000명 이상의 대규모 사업장에서 가장 적합한 안전관리조직",
      "options": [],
      "answer": null,
      "explanation": ""
    },
    {
      "no": 9,
      "question": "산업안전보건법상 고용노동부장관이 안전·보건진단을 명할\n의 형태는?\n수 있는 사업장이 아닌 것은?",
      "options": [
        "경영형 ② 라인형",
        "스텝형 ❹ 라인·스텝형 평균 산업재해율보다 낮은 사업장",
        "사업주가 안전·보건조치의무를 이행하지 아니하여 발생한"
      ],
      "answer": null,
      "explanation": ""
    },
    {
      "no": 2,
      "question": "재해사례연구의 진행단계로 옳은 것은?\n중대재해 발생 사업장\n❶ 재해 상황의 파악 -> 사실의 확인 -> 문제점 발견 -> 근\n③ 안전보건개선계획 수립·시행명령을 받은 사업장\n본적 문제점 결정 -> 대책수립\n④ 추락·폭발·붕괴 등 재해발생 위험이 현저히 높은 사업장으\n② 사실의 확인 -> 재해 상황의 파악 -> 근본적 문제점 결\n로서 지방고용노동관서의 장이 안전·보건진단이 필요하다\n정 -> 문제점 발견 -> 대책수립\n고 인정하는 사업장\n③ 문제점 발견 -> 사실의 확인 -> 재해 상황의 파악-> 근\n본적 문제점 결정 -> 대책수립 10. 산업안전보건법상 공기압축기를 가동하는 때의 작업시작 전\n④ 재해 상황의 파악 -> 문제점 발견 -> 근본적 문제점 결 점검사항의 점검내용에 해당하지 않는 것은?\n정 -> 대책수립 -> 사실의 확인",
      "options": [
        "안전보건개선계획 수립·시행명령을 받은 사업장",
        "추락·폭발·붕괴 등 재해발생 위험이 현저히 높은 사업장으",
        "사실의 확인 -> 재해 상황의 파악 -> 근본적 문제점 결",
        "문제점 발견 -> 사실의 확인 -> 재해 상황의 파악-> 근",
        "재해 상황의 파악 -> 문제점 발견 -> 근본적 문제점 결 점검사항의 점검내용에 해당하지 않는 것은?",
        "윤활유의 상태",
        "압력방출장치의 기능"
      ],
      "answer": null,
      "explanation": ""
    },
    {
      "no": 3,
      "question": "다음과 같은 재해사례의 분석 내용으로 옳은 것은?\n③ 회전부의 덮개 또는 울\n❹ 비상정지장치 기능의 이상 유무",
      "options": [
        "회전부의 덮개 또는 울"
      ],
      "answer": null,
      "explanation": ""
    },
    {
      "no": 11,
      "question": "산업안전보건법상 안전·보건 표지 중 지시표지의 보조색은?\n❶ 사고유형 : 낙하, 기인물 : 벽돌, 가해물 : 벽돌",
      "options": [
        "파란색 ❷ 흰색",
        "사고유형 : 충돌, 기인물 : 손 , 가해물 : 벽돌",
        "녹색 ④ 노란색",
        "사고유형 : 비래, 기인물 : 사람, 가해물 : 벽돌",
        "사고유형 : 추락, 기인물 : 손 , 가해물 : 벽돌 12. 건설기술 진흥법상 안전관리계획을 수립해야 하는 건설공사"
      ],
      "answer": null,
      "explanation": ""
    },
    {
      "no": 4,
      "question": "다음에서 설명하는 법칙은 무엇인가? ❶ 높이가 21m인 비계를 사용하는 건설공사\n② 지하 15m를 굴착하는 건설공사\n③ 15층 건축물의 리모델링\n④ 항타 및 항발기가 사용되는 건설공사",
      "options": [
        "지하 15m를 굴착하는 건설공사",
        "15층 건축물의 리모델링",
        "항타 및 항발기가 사용되는 건설공사"
      ],
      "answer": null,
      "explanation": ""
    },
    {
      "no": 13,
      "question": "산업안전보건법상 사업주의 의무에 해당하지 않는 것은?",
      "options": [
        "버드 법칙 ❷ 하인리히 법칙",
        "산업재해 예방을 위한 기준 준수",
        "더글라스 법칙 ④ 자베타키스 법칙",
        "사업장의 안전·보건에 관한 정보를 근로자에게 제공"
      ],
      "answer": null,
      "explanation": ""
    },
    {
      "no": 5,
      "question": "안전모의 성능시험에 해당하지 않는 것은?\n등의 안전성 평가 및 개선",
      "options": [
        "내수성시험 ② 내전압성시험",
        "근로자의 신체적 피로와 정신적 스트레스 등을 줄일 수",
        "난연성시험 ❹ 압박시험 있는 쾌적한 작업환경을 조성하고 근로조건을 개선"
      ],
      "answer": null,
      "explanation": ""
    },
    {
      "no": 6,
      "question": "산업안전보건법상 안전보건총괄책임자의 직무에 해당되지 않 14. 재해 발생 시 조치순서로 가장 적절한 것은?\n는 것은?",
      "options": [
        "산업재해발생 -> 재해조사 -> 긴급처리 -> 대책수립",
        "중대재해 발생 시 작업의 중지 -> 원인강구 -> 대책실시계획 -> 실시 -> 평가",
        "도급사업 시의 안전·보건 조치 ❷ 산업재해발생 -> 긴급처리 -> 재해조사 -> 원인강구",
        "수급인의 산업안전보건관리비의 집행 감독 및 그 사용에 ③ 산업재해발생 -> 재해조사 -> 긴급처리 -> 원인강구",
        "산업재해발생 -> 긴급처리 -> 재해조사 -> 대책수립"
      ],
      "answer": null,
      "explanation": ""
    },
    {
      "no": 7,
      "question": "무재해 운동의 3원칙 중 잠재적인 위험요인을 발견·해결하기 -> 원인강구 -> 대책실시계획 -> 실시 -> 평가\n위하여 전원이 협력하여 각자의 위치에서 의욕적으로 문제해\n결을 실천하는 것을 의미하는 것은? 15. 시몬즈(Simonds)의 총재해 코스트 계산방식 중 비보험 코스",
      "options": [
        "무의 원칙 ② 선취의 원칙 트 항목에 해당하지 않는 것은?",
        "실천의 원칙 ❹ 참가의 원칙 ❶ 사망재해 건수 ② 통원상해 건수",
        "응급조치 건수 ④ 무상해 사고 건수"
      ],
      "answer": null,
      "explanation": ""
    },
    {
      "no": 8,
      "question": "산업안전보건법상 안전보건관리규정을 작성해야 할 사업의\n사업주는 안전보건관리규정을 작성하여야할 사유가 발생한 16. 에너지 저촉형태로 분류한 사고유형 중 에너지가 폭주하여\n날부터 며칠 이내에 작성해야 하는가? 일어나는 유형에 해당하는 것은?\n최강 자격증 기출문제 전자문제집 CBT : www.comcbt.com\n건설안전기사 ◐ 2016년 10월 01일 필기 기출문제 ◑ 전자문제집 CBT : www.comcbt.com\n③ ④",
      "options": [
        "④"
      ],
      "answer": null,
      "explanation": ""
    },
    {
      "no": 22,
      "question": "교육훈련의 4단계 기법을 맞게 나열한 것은?",
      "options": [
        "도입 – 적용 – 실연 - 제시",
        "② ② 도입 – 확인 – 제시 - 실습",
        "적용 – 실연 – 도입 - 확인"
      ],
      "answer": null,
      "explanation": ""
    },
    {
      "no": 23,
      "question": "헤드십에 관한 설명 중 맞는 것은?",
      "options": [
        "권위주의적이기보다는 민주주의적 지휘형태를 따른다.",
        "리더십 중 최고의 통솔력을 발휘하는 리더십이다.",
        "❸ 공식적인 규정에 의거하여 권한의 귀속 범위가 결정된"
      ],
      "answer": null,
      "explanation": ""
    },
    {
      "no": 17,
      "question": "무재해운동 추진기법 중 다음에서 설명하는 것은? ④ 전문적 지식을 발휘해 조직 구성원들을 결집시키는 리더\n십이다.",
      "options": [
        "전문적 지식을 발휘해 조직 구성원들을 결집시키는 리더"
      ],
      "answer": null,
      "explanation": ""
    },
    {
      "no": 24,
      "question": "관리 그리드(Managerial Grid) 이론에 따른 리더십의 유형\n중 과업에는 높은 관심을 보이고 인간관계 유지에는 낮은\n❶ TBM(Tool Box Meeting) 관심을 보이는 리더십의 유형은?\n② 원 포인트 위험에지훈련 ❶ 과업형 ② 무기력형\n③ 삼각위험 예지훈련 ③ 이상형 ④ 무관심형\n④ 터치 앤드 콜(Touch and Call)",
      "options": [
        "원 포인트 위험에지훈련 ❶ 과업형 ② 무기력형",
        "삼각위험 예지훈련 ③ 이상형 ④ 무관심형",
        "터치 앤드 콜(Touch and Call)"
      ],
      "answer": null,
      "explanation": ""
    },
    {
      "no": 25,
      "question": "Taylor의 과학적 관리와 거리가 먼 것은?",
      "options": [],
      "answer": null,
      "explanation": ""
    },
    {
      "no": 18,
      "question": "산업안전보건법상 지방고용노동관서의 장이 사업주에게 안",
      "options": [
        "시간 – 동작 연구를 적용하였다.",
        "생산의 효율성을 상당히 향상시켰다.",
        "인센티브를 도입함으로써 작업자들을 동기화시킬 수 있",
        "사망재해가 연간 1건 발생한 경우",
        "중대재해가 연간 2건 발생한 경우 26. 교육방법 중 하나인 사례연구법의 장점으로 볼 수 없는 것",
        "의사소통 기술이 향상된다.",
        "해당 사업장의 연간재해율이 같은 업종의 평균재해율의 ❷ 무의식적인 내영의 표현 기회를 준다."
      ],
      "answer": null,
      "explanation": ""
    },
    {
      "no": 1,
      "question": "5배 이상인 경우 ③ 문제를 다양한 관점에서 바라보게 된다.\n④ 강의법에 비해 현실적인 문제에 대한 학습이 가능하다.",
      "options": [
        "문제를 다양한 관점에서 바라보게 된다.",
        "강의법에 비해 현실적인 문제에 대한 학습이 가능하다."
      ],
      "answer": null,
      "explanation": ""
    },
    {
      "no": 19,
      "question": "재해예방의 4원칙에 해당하지 않는 것은?",
      "options": [
        "예방가능의 원칙 ② 원인계기의 원칙 27. 교육훈련 평가의 목적과 관계가 가장 먼 것은?",
        "대책선정의 원칙 ❶ 문제해결을 위하여",
        "작업자의 적정배치를 위하여"
      ],
      "answer": null,
      "explanation": ""
    },
    {
      "no": 20,
      "question": "1년간 영 근로시간이 240000시간의 공장에서 3건의 휴업재\n③ 지도 방법을 개선하기 위하여\n해가 발생하여 219일의 휴업일수를 기록한 경우의 강도율\n은? (단, 연간 근로일수는 300일이다.) ④ 학습지도를 효과적으로 하기 위하여",
      "options": [
        "지도 방법을 개선하기 위하여",
        "학습지도를 효과적으로 하기 위하여",
        "750 ② 75"
      ],
      "answer": null,
      "explanation": ""
    },
    {
      "no": 28,
      "question": "레빈(Lewin)은 인간의 행동관계를 B=f(P·E)라는 공식으로\n❸ 0.75 ④ 0.075\n설명하였다. 여기서 B가 나타내는 뜻으로 맞는 것은?",
      "options": [
        "0.075",
        "인간의 개념 ② 안전 동기부여",
        "인간 주변의 환경"
      ],
      "answer": null,
      "explanation": ""
    },
    {
      "no": 21,
      "question": "작업에 대한 평균 에너지소비량을 분당 5Kcal 로 할 경우",
      "options": [],
      "answer": null,
      "explanation": ""
    },
    {
      "no": 29,
      "question": "학습전이가 일어나기 가장 쉽고, 좋은 상황은?\n휴식시간 R의 산출 공식으로 맞는 것은?(단, E는 작업 시\n평균 에너지소비량[kcal/min], 1시간의 휴식시간 중 에너지",
      "options": [
        "정보가 많은 대단위로 제시될 때",
        "한 가지가 아닌 다양한 훈련기법이 사용될 때",
        "④ “사람 – 직무 – 조직”을 분리시키기 위한 조치들을 시행",
        "Maslow의 욕구위계 중 가장 상위에 있는 욕구는 자아실"
      ],
      "answer": null,
      "explanation": ""
    },
    {
      "no": 30,
      "question": "다음과 같은 학습의 원칙을 지니고 있는 훈련기법은? 현의 욕구이다.\n② Maslow는 욕구의 위계성을 강조하여, 하위의 욕구가 충\n족된 후에 상위욕구가 생긴다고 주장하였다.\n③ Alderfer는 Maslow와 달리 여러 개의 욕구가 동시에 활\n성화될 수 있다고 주장하였다.\n❶ 역할연기법 ② 사례연구법\n❹ Alderfer의 생존욕구는 Maslow의 생리적 욕구, 물리적\n③ 유사실험법 ④ 프로그램 학습법\n안전, 그리고 대인관계에서의 안전의 개념과 유사하다.",
      "options": [
        "Maslow는 욕구의 위계성을 강조하여, 하위의 욕구가 충",
        "Alderfer는 Maslow와 달리 여러 개의 욕구가 동시에 활",
        "사례연구법",
        "유사실험법 ④ 프로그램 학습법"
      ],
      "answer": null,
      "explanation": ""
    },
    {
      "no": 31,
      "question": "Off.J.T의 특징이 아닌 것은?",
      "options": [],
      "answer": null,
      "explanation": ""
    },
    {
      "no": 40,
      "question": "조직에서 의사소통망은 조직 내의 구성원들 간에 정보를 교",
      "options": [
        "우수한 강사를 확보할 수 있다. 환하는 경로구조를 의미하는데, 이 의사소통망의 유형이 아",
        "교재, 시설 등을 효과적으로 이용할 수 있다. 닌 것은?",
        "원형 ❷ X자형",
        "다수의 대상자를 일괄적, 체계적으로 교육을 시킬 수 있 ③ 사슬형 ④ 수레바퀴형"
      ],
      "answer": null,
      "explanation": ""
    },
    {
      "no": 32,
      "question": "재해 빈발자 중 기능의 부족이나 환경에 익숙하지 못하기\n때문에 재해가 자주 발생되는 사람을 의미하는 것은?",
      "options": [],
      "answer": null,
      "explanation": ""
    },
    {
      "no": 41,
      "question": "정신작업의 생리적 척도가 아닌 것은?",
      "options": [
        "상황성 누발자 ② 습관성 누발자",
        "EEG ❷ EMG",
        "소질성 누발자 ❹ 미숙성 누발자",
        "심박수 ④ 부정맥"
      ],
      "answer": null,
      "explanation": ""
    },
    {
      "no": 33,
      "question": "산업안전보건법령상 사업 내 안전·보건교육에 있어 특별안",
      "options": [],
      "answer": null,
      "explanation": ""
    },
    {
      "no": 42,
      "question": "화학설비의 안전성 평가단계 중 “관계 자료의 작성준비”에\n전·보건교육 대상 작업에 해당하지 않는 것은?\n있어 관계 자료의 조사항목과 가장 관계가 먼 것은?",
      "options": [
        "굴착면의 높이가 5m 되는 암석의 굴착작업",
        "화학설비 배치도",
        "5m인 구축물을 대상으로 콘크리트 파쇄기를 사용하여",
        "공정기기목록 ④ 입지에 관한 도표",
        "흙막이 지보공의 보강 또는 동바리를 설치하거나 해체하"
      ],
      "answer": null,
      "explanation": ""
    },
    {
      "no": 43,
      "question": "인간공학 연구방법 중 실제의 제품이나 시스템이 추구하는\n는 작업\n특성 및 수준이 달성되는지를 비교하고 분석하는 것은 어떤\n❹ 휴대용 목재가공기계를 3대 보유한 사업장에서 해당 기 연구에 속하는가?\n계로 하는 작업",
      "options": [
        "조사연구 ② 실험연구",
        "분석연구 ❹ 평가연구"
      ],
      "answer": null,
      "explanation": ""
    },
    {
      "no": 34,
      "question": "운동의 시지각이 아닌 것은?",
      "options": [
        "자동 운동(自動 運動) ② 유도 운동(誘導 運動)"
      ],
      "answer": null,
      "explanation": ""
    },
    {
      "no": 44,
      "question": "인간의 눈의 부위 중에서 실제로 빛을 수용하여 두뇌로 전\n❸ 항상 운동(恒常 運動) ④ 가현 운동(假現 運動) 달하는 역할을 하는 부분은?\n❶ 망막 ② 각막",
      "options": [
        "가현 운동(假現 運動) 달하는 역할을 하는 부분은?",
        "각막"
      ],
      "answer": null,
      "explanation": ""
    },
    {
      "no": 35,
      "question": "시각 정보 등을 받아들일 때 주의를 기울이면 시선이 집중\n③ 눈동자 ④ 수정체\n되는 곳의 정보는 잘 받아들이나 주변부의 정보는 놓치기\n쉬운 것은 주의력의 어떤 특성과 관련이 있는가?",
      "options": [
        "눈동자 ④ 수정체"
      ],
      "answer": null,
      "explanation": ""
    },
    {
      "no": 45,
      "question": "운용위험분석(OHA)의 내용으로 틀린 것은?\n❶ 주의의 선택성 ② 주의의 변동성",
      "options": [
        "주의의 변동성",
        "위험 혹은 안전장치의 제공, 안전방호구를 제거하기 위",
        "주의의 방향성 ④ 주의의 시분할성"
      ],
      "answer": null,
      "explanation": ""
    },
    {
      "no": 36,
      "question": "인간이 충족시키고자 추구하는 욕구에 있어 가장 강력한 욕\n나 예비위험분석(PHA) 보다 일반적으로 복잡하다.\n구는?\n③ 운용위험분석(OHA)은 시스템이 저장되고 실행됨에 따라",
      "options": [
        "운용위험분석(OHA)은 시스템이 저장되고 실행됨에 따라",
        "안전의 욕구 ❷ 생리적 욕구",
        "자아실현의 욕구 ④ 애정 및 귀속의 욕구 다.",
        "안전의 기본적 관련사항으로 시스템의 서비스, 훈련, 취"
      ],
      "answer": null,
      "explanation": ""
    },
    {
      "no": 37,
      "question": "작업장의 정리정돈 태만 등 생략행위를 유발하는 심리적 요\n급, 저장, 수송하기 위한 특수한 절차가 준비되어야 한\n인에 해당하는 것은?\n다.",
      "options": [
        "폐합의 요인 ❷ 간결성의 원리",
        "Risk taking의 원리 ④ 주의의 일점집중 현상 46. 소음에 의한 청력 손실이 가장 크게 나타나는 주파수대는?",
        "2000Hz ② 10000Hz"
      ],
      "answer": null,
      "explanation": ""
    },
    {
      "no": 38,
      "question": "태도교육을 통한 안전태도교육의 특징으로 적절하지 않은\n❸ 4000Hz ④ 20000Hz\n것은?",
      "options": [
        "20000Hz",
        "청취한다. ② 모범을 보인다. 47. 제조업의 유해·위험방지계획서 제출 대상 사업장에서 제출",
        "권장, 평가한다. ❹ 벌을 주지 않고 칭찬만 한다. 하여야 하는 유해·위험방지계획서의 첨부서류와 가장 거리"
      ],
      "answer": null,
      "explanation": ""
    },
    {
      "no": 39,
      "question": "Maslow의 욕구위계와 Alderfer의 욕구위계에 대한 설명으로 ❶ 공사개요서\n틀린 것은?\n② 기계·설비의 배치도면\n최강 자격증 기출문제 전자문제집 CBT : www.comcbt.com\n건설안전기사 ◐ 2016년 10월 01일 필기 기출문제 ◑ 전자문제집 CBT : www.comcbt.com\n③ 건축물 각 층의 평면도\n④ 원재료 및 제품의 취급, 제조 등의 작업방법의 개요",
      "options": [
        "기계·설비의 배치도면",
        "건축물 각 층의 평면도",
        "원재료 및 제품의 취급, 제조 등의 작업방법의 개요"
      ],
      "answer": null,
      "explanation": ""
    },
    {
      "no": 48,
      "question": "체계 설계 과정의 주요 단계가 다음과 같을 때 인간·하드웨\n어·소프트웨어의 기능 할당, 인간성능 요건 명세, 직무분석,\n작업설계 등의 활동을 하는 단계는?",
      "options": [
        "{1, 2} ❷ {1, 3}",
        "{2, 3} ④ {1, 2, 3}"
      ],
      "answer": null,
      "explanation": ""
    },
    {
      "no": 54,
      "question": "다음 설명에 해당하는 인간의 오류모형은?",
      "options": [
        "계면 설계 ② 체계의 정의",
        "촉진물 설계",
        "착오(Mistake)"
      ],
      "answer": null,
      "explanation": ""
    },
    {
      "no": 49,
      "question": "은행창구나 슈퍼마켓의 계산대를 설계하는 데 가장 적합한\n③ 위반(Violation) ④ 건망증(Lapse)\n인체측정 자료의 응용원칙은?",
      "options": [
        "위반(Violation) ④ 건망증(Lapse)",
        "가변적(조절식) 설계원칙"
      ],
      "answer": null,
      "explanation": ""
    },
    {
      "no": 55,
      "question": "결함수분석(FTA)에 의한 재해사례의 연구 순서가 다음과 같\n❷ 평균치를 이용한 설계원칙 을 때 올바른 순서대로 나열한 것은?\n③ 최소 집단치를 이용한 설계원칙\n④ 최대 집단치를 이용한 설계원칙",
      "options": [
        "최소 집단치를 이용한 설계원칙",
        "최대 집단치를 이용한 설계원칙"
      ],
      "answer": null,
      "explanation": ""
    },
    {
      "no": 50,
      "question": "단순반복 작업으로 인하여 발생되는 건강장애 즉, CTD 의\nS\n발생요인이 아닌 것은?\n❶ 긴 작업주기 ② 과도한 힘의 요구\n③ 장시간의 진동 ④ 부적합한 작업자세",
      "options": [
        "과도한 힘의 요구",
        "장시간의 진동 ④ 부적합한 작업자세",
        "㉣ -> ㉤ -> ㉢ -> ㉠ -> ㉡"
      ],
      "answer": null,
      "explanation": ""
    },
    {
      "no": 51,
      "question": "그림과 같이 여러 구성요소가 직렬과 병렬로 혼합 연결되어 ② ㉡ -> ㉣ -> ㉢ -> ㉤ -> ㉠\n있을 때, 시스템의 신뢰도는 약 얼마인가?(단, 숫자는 각 구 ❸ ㉢ -> ㉣ -> ㉠ -> ㉤ -> ㉡\n성요소의 신뢰도이다.)\n④ ㉤ -> ㉢ -> ㉡ -> ㉠ -> ㉣",
      "options": [
        "㉡ -> ㉣ -> ㉢ -> ㉤ -> ㉠",
        "㉤ -> ㉢ -> ㉡ -> ㉠ -> ㉣"
      ],
      "answer": null,
      "explanation": ""
    },
    {
      "no": 56,
      "question": "경보사이렌으로부터 10m 떨어진 곳에서 음압수준이 140dB\n이면 100m 떨어진 곳에서 음의 강도는 얼마인가?",
      "options": [
        "100dB ② 110dB",
        "140dB"
      ],
      "answer": null,
      "explanation": ""
    },
    {
      "no": 57,
      "question": "FTA에서 사용하는 수정게이트의 종류에서 3개의 입력현상",
      "options": [
        "0.741 ② 0.812 중 2개가 발생할 경우 출력이 생기는 것은?",
        "0.904 ① 위험지속기호 ❷ 조합 AND 게이트",
        "배타적 OR 게이트 ④ 우선적 AND 게이트"
      ],
      "answer": null,
      "explanation": ""
    },
    {
      "no": 52,
      "question": "다음 중 FT의 작성방법에 관한 설명으로 틀린 것은?",
      "options": [
        "정성·정량적으로 해석·평가하기 전에는 FT를 간소화해야 58. 착석시 작업대의 높이 설계를 할 경우에 고려해야 할 사항",
        "정상(Top)사상과 기본사상과의 관계는 논리게이트를 이 ① 대퇴여유 ② 작업대의 두께",
        "의자의 높이 ❹ 작업대의 형태",
        "FT를 작성하려면, 먼저 분석대상 시스템을 완전히 이해",
        "제품단위당보전기 = 총보전비/제품수량"
      ],
      "answer": null,
      "explanation": ""
    },
    {
      "no": 53,
      "question": "그림과 같은 FT도에 대한 최소 컷셋(minimal cut sets)으로\n③ 계획공사율 = 계획공사공수(工數)/전공수(全工數))\n맞는 것은?(단, Fussell의 알고리즘을 따른다.)\n④ 운전1시간당보건비 = 총보건비/설비운전시간",
      "options": [
        "계획공사율 = 계획공사공수(工數)/전공수(全工數))",
        "운전1시간당보건비 = 총보건비/설비운전시간"
      ],
      "answer": null,
      "explanation": ""
    },
    {
      "no": 60,
      "question": "실내 면(面)의 추천 반사율이 가장 높은 것은?\n최강 자격증 기출문제 전자문제집 CBT : www.comcbt.com\n건설안전기사 ◐ 2016년 10월 01일 필기 기출문제 ◑ 전자문제집 CBT : www.comcbt.com",
      "options": [
        "벽 ② 가구 ③ Slack : 결합점이 가지는 여유시간",
        "바닥 ❹ 천장 ④ Float : 작업의 여유시간"
      ],
      "answer": null,
      "explanation": ""
    },
    {
      "no": 69,
      "question": "소규모 건축물의 구조기준에 따라 조적조로 담을 쌓을 경우\n4과목 : 건설시공학 최대 높이 기준으로 옳은 것은?",
      "options": [
        "2m 이하 ② 2.5m 이하"
      ],
      "answer": null,
      "explanation": ""
    },
    {
      "no": 61,
      "question": "특수콘크리트에 관한 설명 중 옳지 않은 것은?\n❸ 3m 이하 ④ 3.5m 이하\n❶ 한중콘크리트는 동해를 받지 않도록 시멘트를 가열하여\n사용한다.",
      "options": [
        "3.5m 이하"
      ],
      "answer": null,
      "explanation": ""
    },
    {
      "no": 70,
      "question": "철골 내화피복 공법 중 습식공법이 아닌 것은?\n② 경량콘크리트는 자중이 적고, 단열효과가 우수하다.",
      "options": [
        "경량콘크리트는 자중이 적고, 단열효과가 우수하다.",
        "타설공법 ② 미장공법",
        "중량콘크리트는 방사선 차폐용으로 사용된다.",
        "뿜칠공법 ❹ 성형판 붙임공법",
        "매스콘크리트는 수화열이 적은 시멘트를 사용한다."
      ],
      "answer": null,
      "explanation": ""
    },
    {
      "no": 71,
      "question": "석공사 건식공법의 종류가 아닌 것은?",
      "options": [],
      "answer": null,
      "explanation": ""
    },
    {
      "no": 62,
      "question": "벽돌벽 두께 1.0B, 벽높이 2.5m, 길이 8m인 벽면에 소요되\n는 점토벽돌의 매수는 얼마인가?(단, 규격은",
      "options": [
        "앵커긴결공법 ❷ 개량압착공법",
        "강제트러스 지지공법 ④ GPC공법",
        "2980매 ❷ 3070매 72. 경량철골공사에서 녹막이도장에 관한 설명으로 옳지 않은",
        "3278매 ④ 3542매 것은?"
      ],
      "answer": null,
      "explanation": ""
    },
    {
      "no": 63,
      "question": "순환수와 함께 지반을 굴착하고 배출시키면서 공 내에 철근 막이 조치가 불필요하다.\n망을 삽입, 콘크리트를 타설하여 말뚝기초를 형성하는 현장\n② 강제는 물의 고임에 의해 부식될 수 있기 때문에 부재배\n타설 말뚝공법은?\n치에 충분히 주의하고, 필요에 따라 물구멍을 설치하는",
      "options": [
        "강제는 물의 고임에 의해 부식될 수 있기 때문에 부재배",
        "S.I.P(Soil cement Injected Pile) 등 부재를 건조상태로 유지한다.",
        "D.R.A(Double Rod Auger) ③ 녹막이도장의 도막은 노화, 타격 등에 의한 화학적, 기계",
        "재도장이 곤란한 건축물 및 녹이 발생하기 쉬운 환경에",
        "S.I.G(Super Injection Grouting)"
      ],
      "answer": null,
      "explanation": ""
    },
    {
      "no": 64,
      "question": "지정 및 기초공사 용어에 관한 설명으로 옳지 않은 것은?",
      "options": [
        "드레인 재료 : 지반개량을 목적으로 간극수 유출을 촉진 73. 대규모공사에서 지역별로 공사를 분리하여 발주하는 방식이",
        "슬라임 : 지반을 천공할 때 천공벽 또는 공저에 모인 침 대할 수 있어 유리한 도급방법은?",
        "전문공종별 분할도급 ② 공정별 분할도급",
        "히빙 : 굴착면 저면이 부풀어 오르는 현상 ❸ 공구별 분할도급 ④ 직종별 공종별 분할도급"
      ],
      "answer": null,
      "explanation": ""
    },
    {
      "no": 65,
      "question": "폼타이, 컬럼밴드 등을 의미하며, 거푸집을 고정하여 작업 ❶ 웰포인트 공법 ② 샌드드레인 공법\n중의 콘크리트 측압을 최종적으로 부담하는 것은?\n③ 치환 공법 ④ 주입 공법",
      "options": [
        "샌드드레인 공법",
        "치환 공법 ④ 주입 공법",
        "박리재 ② 간격재",
        "격리재 ❹ 긴결재 75. 콘크리트 타설 후 블리딩 현상으로 콘크리트 표면에 물과"
      ],
      "answer": null,
      "explanation": ""
    },
    {
      "no": 66,
      "question": "지반보다 높은 곳의 굴착에 적합하며, 굴착은 디퍼(dipper)",
      "options": [
        "피이닝(Peening) ② 블로우 홀(Blow hole)",
        "버블쉬트(Bubble sheet)",
        "불도저(bulldozer) ② 클램셜(clamshell)",
        "스크레이퍼(scraper) ❹ 파워쇼벨(power shovel) 76. 착공단계에서의 공사계획을 수립할 때 우선 고려하지 않아"
      ],
      "answer": null,
      "explanation": ""
    },
    {
      "no": 67,
      "question": "모재표면위에 플럭스를 살포하여, 플러스 속에 용접봉을 꽂",
      "options": [
        "현장 직원의 조직편성 ② 예정 공정표의 작성",
        "실행예산편성",
        "일렉트로 슬래그(Electro slag) 용접",
        "피복 아크 용접 ❶ 초기강도 및 경화속도의 증진",
        "CO 2 아크 용접 ② 동결융해 저항성의 증대",
        "워커빌리티 개선으로 시공이 용이"
      ],
      "answer": null,
      "explanation": ""
    },
    {
      "no": 68,
      "question": "네트워크공정표의 용어에 관한 설명으로 옳지 않은 것은?\n④ 내구성 및 수밀성의 증대",
      "options": [
        "내구성 및 수밀성의 증대",
        "Event : 작업의 결합점, 개시점 또는 종료점",
        "유기 불순물이나 진흙을 씻어 내기 위해",
        "진동, 소음이 적다. ③ 콘크리트의 자체 무게를 줄이기 위해",
        "인접건물의 경계선까지 시공이 가능하다. ❹ 시멘트가 수화하는데 필요한 수량을 확보하기 위해",
        "차수효과가 양호하다."
      ],
      "answer": null,
      "explanation": ""
    },
    {
      "no": 87,
      "question": "다음 중 목재의 건조 목적이 아닌 것은?\n❹ 기계, 부대설비가 소형이어서 소규모 현장의 시공에 적\n당하다. ❶ 전기절연성의 감소 ② 목재수축에 의한 손상 방지\n③ 목재강도의 증가 ④ 균류에 의한 부식 방지",
      "options": [
        "목재수축에 의한 손상 방지",
        "목재강도의 증가 ④ 균류에 의한 부식 방지"
      ],
      "answer": null,
      "explanation": ""
    },
    {
      "no": 79,
      "question": "슬래브에서 4변 고정인 경우 철근배근을 가장 많이 하여야\n하는 부분은?",
      "options": [],
      "answer": null,
      "explanation": ""
    },
    {
      "no": 88,
      "question": "미장용 혼화재료 중 착색을 목적으로 하는 착색재에 속하지",
      "options": [
        "단변 방향의 주간대 ❷ 단변 방향의 주열대 않는 것은?",
        "장변 방향의 주간대 ④ 장변 방향의 주열대 ❶ 염화칼슘 ② 합성산화철",
        "카본블랙 ④ 이산화망간"
      ],
      "answer": null,
      "explanation": ""
    },
    {
      "no": 80,
      "question": "다음 중 시스템 거푸집이 아닌 것은?",
      "options": [
        "터널폼 ② 슬립폼 89. 서중콘크리트 타설시 슬럼프 저하나 수분의 급격한 증발 등",
        "슬라이딩폼",
        "단위수량을 증가시킨다.",
        "고온의 시멘트를 사용한다.",
        "콘크리트의 운반 및 부어넣는 시간을 되도록 길게한다."
      ],
      "answer": null,
      "explanation": ""
    },
    {
      "no": 81,
      "question": "목재의 섬유방향 강도에 대한 일반적인 대소관계를 옳게 표\n기한 것은? ❹ 혼화재료는 AE 감수제 지연형을 사용한다.",
      "options": [
        "압축강도 >휨강도 >인장강도 >전단강도"
      ],
      "answer": null,
      "explanation": ""
    },
    {
      "no": 90,
      "question": "상온에서 인장강도가 3600kg/cm2인 강재가 500℃로 가열\n② 전단강도 >인장강도 >압축강도 >휨강도\n되었을 대 강재의 인장강도는 얼마 정도인가?\n❸ 인장강도 >휨강도 >압축강도 >전단강도",
      "options": [
        "전단강도 >인장강도 >압축강도 >휨강도",
        "약 1200kg/cm2 ❷ 약 1800kg/cm2",
        "휨강도 >압축강도 >인장강도 >전단강도",
        "약 2400kg/cm2 ④ 약 3600kg/cm2"
      ],
      "answer": null,
      "explanation": ""
    },
    {
      "no": 82,
      "question": "콘크리트의 방수성, 내약품성, 변형성능의 향상을 목적으로",
      "options": [],
      "answer": null,
      "explanation": ""
    },
    {
      "no": 91,
      "question": "목재의 절대건조비중이 0.8일 때 이 목재의 공극율은?\n다량의 고분자재료를 혼입시킨 시멘트는?",
      "options": [
        "약 42[%] ❷ 약 48[%]",
        "내황산염포틀랜드시멘트 ② 초속경시멘트",
        "약 52[%] ④ 약 58[%]",
        "알루미나시멘트"
      ],
      "answer": null,
      "explanation": ""
    },
    {
      "no": 92,
      "question": "골재의 함수상태에 관한 설명으로 옳지 않은 것은?",
      "options": [],
      "answer": null,
      "explanation": ""
    },
    {
      "no": 83,
      "question": "점토제품 시공 후 발생하는 백화에 관한 설명으로 옳지 않\n은 것은? ❶ 유효흡수량이란 절건상태와 기건상태의 골재내에 함유된\n수량의 차를 말한다.",
      "options": [
        "타일 등의 시유소성한 제품은 시멘트 중의 경화체가 백",
        "함수량이란 습윤상태의 골재의 내외에 함유하는 전체수",
        "작업성이 나쁠수록 모르타르의 수밀성이 저하되어 투수",
        "흡수량이란 표면건조 내부포수상태의 골재 중에 포함하",
        "표면수량이란 함수량과 흡수량의 차를 말한다.",
        "물시멘트비가 크게 되면 잉여수가 증대되고, 이 잉여수 93. 소지의 지레 의한 타일의 구분에서 흡수율이 가장 낮은 것",
        "토기질 타일 ② 석기질 타일",
        "도기질 타일"
      ],
      "answer": null,
      "explanation": ""
    },
    {
      "no": 84,
      "question": "소석회에 모래, 해초풀, 여물 등을 혼합하여 바르는 미장재\n료로서 목조바탕, 콘크리트 블록 및 벽돌 바탕 등에 사용되",
      "options": [],
      "answer": null,
      "explanation": ""
    },
    {
      "no": 94,
      "question": "에폭시수지에 관한 설명으로 옳지 않은 것은?\n는 것은?",
      "options": [
        "에폭시수지 접착제는 급경성으로 내알칼리성 등의 내화",
        "돌로마이트 플라스터",
        "시멘트 모르타르 ④ 석고 플라스터",
        "에폭시수지 접착제는 금속, 석재, 도자기, 글라스, 콘크"
      ],
      "answer": null,
      "explanation": ""
    },
    {
      "no": 85,
      "question": "목재의 결점에 해당되지 않는 것은?\n❸ 에폭시수지 도료는 충격 및 마모에 약해 내부 방청용으",
      "options": [
        "옹이 ❷ 수심",
        "껍질박이 ④ 지선",
        "경화시 휘발성이 없으므로 용적의 감소가 극히 적다."
      ],
      "answer": null,
      "explanation": ""
    },
    {
      "no": 86,
      "question": "경량콘크리트의 골재로서 슬래그(slag)를 사용하기 전 물축",
      "options": [],
      "answer": null,
      "explanation": ""
    },
    {
      "no": 95,
      "question": "건물의 외장용 도료로 가장 적합하지 않은 것은?\n임하는 이유로 가장 적당한 것은?",
      "options": [
        "유성페인트 ② 수성페인트",
        "시멘트 모르타르와의 접착력을 좋게 하기 위해",
        "페놀수지 도료 ❹ 유성바니시"
      ],
      "answer": null,
      "explanation": ""
    },
    {
      "no": 96,
      "question": "다음 도료 중 광택이 없는 것은? 할 수 있는 위치에 설치할 것\n❶ 수성페인트 ② 유성페인트 ③ 항타기 또는 항발기의 권상장치의 드럼에 권상용 와이어\n로프가 꼬인 경우에는 와이어로프에 하중을 걸어서는 아\n③ 래커 ④ 에나멜페인트\n니 된다.",
      "options": [
        "유성페인트 ③ 항타기 또는 항발기의 권상장치의 드럼에 권상용 와이어",
        "래커 ④ 에나멜페인트"
      ],
      "answer": null,
      "explanation": ""
    },
    {
      "no": 97,
      "question": "각 창호철물에 대한 설명 중 옳지 않은 것은? ④ 항타기 또는 항발기의 권상장치에 하중을 건 상태로 정\n지하여 두는 경우에는 쐐기장치 또는 역회전 방지용 브",
      "options": [
        "항타기 또는 항발기의 권상장치에 하중을 건 상태로 정",
        "피벗 힌지(pivot hinge) : 경첩대신 촉을 사용하여 여닫",
        "나이트 래치(night latch) : 외부에서는 열쇠, 내부에서는"
      ],
      "answer": null,
      "explanation": ""
    },
    {
      "no": 105,
      "question": "물이 결빙되는 위치로 지속적으로 유입되는 조건에서 온도\n다.\n가 하강함에 따라 토중수가 얼어 생성된 결빙크기가 계속\n❸ 크레센트(crescent) : 여닫이문의 상하단에 붙여 경첩과 커져 지표면이 부풀어 오르는 현상은?\n같은 역할을 한다.",
      "options": [
        "압밀침하(consolidation settlement)",
        "레버터리 힌지(lavatory hinge) : 스프링힌지의 일종으로",
        "연화(frost boil)"
      ],
      "answer": null,
      "explanation": ""
    },
    {
      "no": 98,
      "question": "프리즘(prism)판 유리는 어느 용도에 가장 적합한가? ④ 지반경화(hardening)\n❶ 지하실 채광용 ② 방도용",
      "options": [
        "지반경화(hardening)",
        "방도용"
      ],
      "answer": null,
      "explanation": ""
    },
    {
      "no": 106,
      "question": "사업주는 리프트를 조립 또는 해체작업을 하는 경우 작업\n③ 흡음용 ④ 방화용\n을 지휘하는 자를 선임하여야 한다. 이 때 작업을 지휘하\n는 자가 이행하여야 할 사항으로 가장 거리가 먼 것은?",
      "options": [
        "흡음용 ④ 방화용"
      ],
      "answer": null,
      "explanation": ""
    },
    {
      "no": 99,
      "question": "리녹신에 수지, 고무물질, 코르크분말 등을 섞어 마포(hemp",
      "options": [
        "작업방법과 근로자의 배치를 결정하고 해당 작업을 지휘",
        "스펀지 시트 ❷ 리놀륨",
        "재료의 결함유무 또는 기구 및 공구의 기능을 점검하고",
        "비닐 시트 ④ 아스팔트 타일 불량품을 제거하는 일"
      ],
      "answer": null,
      "explanation": ""
    },
    {
      "no": 100,
      "question": "콘크리트의 건조수축에 관한 설명으로 옳지 않은 것은? 게 주지시키는 일",
      "options": [
        "시멘트의 제조성분에 따라 수축량이 다르다. ④ 작업 중 안전대 등 보호구의 착용상황을 감시하는 일",
        "골재의 성질에 따라 수축량이 다르다."
      ],
      "answer": null,
      "explanation": ""
    },
    {
      "no": 107,
      "question": "최고 51m 높이의 강관비계를 세우려고 한다. 지상에서 몇\n③ 시멘트량의 다소에 따라 수축량이 다르다.\n미터까지의 비계기둥을 2개로 묶어 세워야 하는가?\n❹ 된비빔일수록 수축량이 많다.",
      "options": [
        "시멘트량의 다소에 따라 수축량이 다르다.",
        "10m ❷ 20m",
        "31m ④ 51m"
      ],
      "answer": null,
      "explanation": ""
    },
    {
      "no": 108,
      "question": "대상액 50억원 이상의 공사종류에 따른 산업안전보건관리",
      "options": [],
      "answer": null,
      "explanation": ""
    },
    {
      "no": 101,
      "question": "흙속의 전단응력을 증대시키는 원인이 아닌 것은?\n비 계상기준으로 옳지 않은 것은?",
      "options": [
        "굴착에 의한 흙의 일부 제거",
        "일반건설공사(갑) : 1.97[%]",
        "지진, 폭파에 의한 진동",
        "일반건설공사(을) : 2.10[%]",
        "중건설공사 : 2.44[%]",
        "외력의 작용"
      ],
      "answer": null,
      "explanation": ""
    },
    {
      "no": 102,
      "question": "차량계 하역운반기계를 사용하여 작업을 할 때에 그 기계",
      "options": [],
      "answer": null,
      "explanation": ""
    },
    {
      "no": 109,
      "question": "달비계용 달기 체인의 사용금지기준으로 옳지 않은 것은?\n의 전도 또는 전락 등에 의한 근로자의 위험을 방지하기\n❶ 달기 체인의 길이가 달기 체인이 제조된 때의 길이의 3\n위해 취해야할 조치와 거리가 먼 것은?\n퍼센트를 초과한 것",
      "options": [
        "갓길의 붕괴방지 ② 지반의 침하방지",
        "링의 단면지름이 달기 체인이 제조된 때의 해당 링의 지",
        "유도자 배치 ❹ 브레이크 및 클러치 등의 기능 점검",
        "균열이 있는 것"
      ],
      "answer": null,
      "explanation": ""
    },
    {
      "no": 103,
      "question": "동바리로 사용하는 파이프서포트에서 높이 2m 이내마다\n수평연결재를 2개 방향으로 연결해야 하는 경우에 해당하 ④ 심하게 변형된 것\n는 파이프서포트 설치높이 기준은?",
      "options": [
        "심하게 변형된 것"
      ],
      "answer": null,
      "explanation": ""
    },
    {
      "no": 110,
      "question": "위험성평가에 활용하는 안전보건정보에 해당되지 않는 것",
      "options": [
        "높이 2m 초과시 ② 높이 2.5m 초과시",
        "높이 3m 초과시 ❹ 높이 3.5m 초과시"
      ],
      "answer": null,
      "explanation": ""
    },
    {
      "no": 104,
      "question": "항타기 또는 항발기의 사용 시 준수사항으로 옳지 않은 것 ② 작업표준, 작업절차 등에 관한 정보\n은? ③ 기계·기구, 설비 등의 사양서",
      "options": [
        "작업표준, 작업절차 등에 관한 정보",
        "기계·기구, 설비 등의 사양서",
        "해머의 운동에 의하여 증기호스 또는 공기호스와 해머의 ④ 물질안전보건자료(MSDS)"
      ],
      "answer": null,
      "explanation": ""
    },
    {
      "no": 111,
      "question": "안전대의 종류는 사용구분에 따라 벨트식과 안전그네식으\n를 해머에 고정시킬 것\n최강 자격증 기출문제 전자문제집 CBT : www.comcbt.com\n건설안전기사 ◐ 2016년 10월 01일 필기 기출문제 ◑ 전자문제집 CBT : www.comcbt.com\n로 구분되는데 이 중 안전그네식에만 적용하는 것은? 된 직무수행 내용과 가장 거리가 먼 것은?\n❶ 추락방지대, 안전블록 ② 1개 걸이용, U자 걸이용",
      "options": [
        "1개 걸이용, U자 걸이용 ① 재료의 결함 유무를 점검하고 불량품을 제거하는 일",
        "1개 걸이용, 추락방지대 ④ U자 걸이용, 안전블록 ② 기구·공구·안전대 및 안전모 등의 기능을 점검하고 불량"
      ],
      "answer": null,
      "explanation": ""
    },
    {
      "no": 112,
      "question": "구축물이 풍압·지진 등에 의하여 붕괴 또는 전도하는 위험 ③ 작업방법 및 근로자 배치를 결정하고 작업 진행상태를\n을 예방하기 위한 조치와 가장 거리가 먼 것은? 감시하는 일",
      "options": [
        "작업방법 및 근로자 배치를 결정하고 작업 진행상태를",
        "설계도서에 따라 시공했는지 확인 ❹ 작업에 종사하는 근로자의 보안경 및 안전장갑의 착용",
        "건설공사 시방서에 따라 시공했는지 확인",
        "「건축물의 구조기준 등에 관한 규칙」에 따른 구조기준"
      ],
      "answer": null,
      "explanation": ""
    },
    {
      "no": 120,
      "question": "가설계단 및 계단참을 설치하는 경우 매 m2당 몇 kg 이상\n을 준수했는지 확인\n의 하중에 견딜 수 있는 강도를 가진 구조로 설치하여야\n❹ 보호구 및 방호장치의 성능검정 합격품을 사용했는지 확 하는가?\n인",
      "options": [
        "200kg ② 300kg",
        "400kg ❹ 500kg"
      ],
      "answer": null,
      "explanation": ""
    },
    {
      "no": 113,
      "question": "산업안전보건관리비사용과 관련하여 산업안전보건법령에\n따른 재해예방 전문지도기관의 지도를 받아야 하는 경우\n는? (단, 재해예방 전문지도기관의 지도를 필요로 하는 산\n업안전보건법령상 공사금액기준을 만족한 것으로 가정)\n❶ 공사기간이 3개월 이상인 공사\n② 육지와 연결되지 아니한 섬지역(제주특별자치도 제외)에\n서 이루어지는 공사\n③ 안전관리자의 자격을 가진 사람을 선임하여 안전관리자 전자문제집 CBT 홈페이지 : www.comcbt.com\n의 업무만을 전담하도록 하는 공사 기출문제 및 해설집 다운로드 : www.comcbt.com/xe\n전자문제집 CBT 앱(구글플레이) : [다운로드]\n④ 유해·위험방지계획서를 제출하여야 하는 공사\n전자문제집 CBT란?",
      "options": [
        "육지와 연결되지 아니한 섬지역(제주특별자치도 제외)에",
        "안전관리자의 자격을 가진 사람을 선임하여 안전관리자 전자문제집 CBT 홈페이지 : www.comcbt.com",
        "유해·위험방지계획서를 제출하여야 하는 공사"
      ],
      "answer": null,
      "explanation": ""
    },
    {
      "no": 114,
      "question": "본 터널(main tunnel)을 시공하기 전에 터널에서 약간 떨 종이 문제집이 아닌 인터넷으로 문제를 풀고 자동으로 채점하며\n어진 곳에 지질조사, 환기, 배수, 운반 등의 상태를 알아보 모의고사, 오답 노트, 해설까지 제공하는 무료 기출문제 학습 프\n기 위하여 설치하는 터널은? 로그램으로 실제 시험에서 사용하는 OMR 형식의 CBT를 제공합\n❶ 파일럿(pilot) 터널 ② 프리패브(prefab) 터널 니다.\nPC 버전 및 모바일 버전 완벽 연동\n③ 사이드(side) 터널 ④ 쉴드(shield) 터널\n교사용/학생용 관리기능도 제공합니다.",
      "options": [
        "프리패브(prefab) 터널 니다.",
        "사이드(side) 터널 ④ 쉴드(shield) 터널"
      ],
      "answer": null,
      "explanation": ""
    },
    {
      "no": 115,
      "question": "콘크리트의 측압에 관한 설명으로 옳은 것은? 오답 및 오탈자가 수정된 최신 자료와 해설은 전자문제집 CBT",
      "options": [
        "거푸집 수밀성이 크면 측압은 작다. 에서 확인하세요.",
        "철근의 양이 적으면 측압은 작다.",
        "① ① ② ④ ③ ④ ② ① ④",
        "부어넣기 속도가 빠르면 측압은 작아진다.",
        "① ③ ② ① ③ ① ③ ③ ③"
      ],
      "answer": null,
      "explanation": ""
    },
    {
      "no": 116,
      "question": "연약지반에서 발생하는 히빙(Heaving)현상에 관한 설명 중\n21 22 23 24 25 26 27 28 29 30\n옳지 않은 것은?",
      "options": [
        "④ ③ ① ③ ② ① ③ ② ①",
        "배면의 토사가 붕괴된다.",
        "④ ④ ③ ① ② ② ④ ④ ②",
        "지보공이 파괴된다. 41 42 43 44 45 46 47 48 49 50",
        "굴착저면이 솟아오른다. ② ① ④ ① ② ③ ① ③ ② ①"
      ],
      "answer": null,
      "explanation": ""
    },
    {
      "no": 117,
      "question": "산업안전보건법령에서 규정하고 있는 차량계 건설기계에 ③ ④ ②",
      "options": [
        "④ ② ① ③ ③ ② ④ ② ④",
        "불도저 ② 어스드릴 ① ② ③ ④ ④ ④ ② ② ③ ④",
        "콘크리트 펌프카 71 72 73 74 75 76 77 78 79 80",
        "① ③ ① ③ ③ ① ④ ② ③"
      ],
      "answer": null,
      "explanation": ""
    },
    {
      "no": 118,
      "question": "토류벽의 붕괴예방에 관한 조치 중 옳지 않은 것은? 81 82 83 84 85 86 87 88 89 90",
      "options": [
        "웰 포인트(well point)공법 등에 의해 수위를 저하시킨다. ③ ③ ③ ① ② ④ ① ① ④ ②",
        "① ③ ③ ④ ① ③ ① ② ④",
        "어스앵커(earth anchor)시공을 한다.",
        "토류벽 인접지반에 중량물 적치를 피한다.",
        "④ ④ ② ③ ③ ② ④ ① ①"
      ],
      "answer": null,
      "explanation": ""
    },
    {
      "no": 119,
      "question": "관리감독자의 유해·위험 방지 업무에서 달비계 또는 높이",
      "options": [
        "④ ① ① ③ ① ③ ② ④ ④"
      ],
      "answer": null,
      "explanation": ""
    }
  ]
}