{
  "title": "건설안전기사20200926(해설집) (2).pdf",
  "questions": [
    {
      "no": 5,
      "question": "산업안전보건법령상 안전 및 보건에 관한 노사협의체의 근로\n자위원 구성 기준 내용으로 옳지 않은 것은? (단, 명예산업안",
      "options": [],
      "answer": null,
      "explanation": ""
    },
    {
      "no": 1,
      "question": "위험예지훈련 4라운드의 진행방법을 올바르게 나열한 것은?\n전감독관이 위촉되어 있는 경우)",
      "options": [
        "현상파악 → 목표설정 → 대책수립 → 본질추구",
        "근로자대표가 지명하는 안전관리자 1명",
        "현상파악 → 본질추구 → 대책수립 → 목표설정",
        "근로자대표가 지명하는 명예산업안전감독관 1명",
        "현상파악 → 본질추구 → 목표설정 → 대책수립",
        "도급 또는 하도급 사업을 포함한 전체 사업의 근로자대표",
        "본질추구 → 현상파악 → 목표설정 → 대책수립",
        "공사금액이 20억원 이상인 공사의 관계수급인의 각 근로",
        "도급 또는 하도급 사업을 포함한 전체 사업의 근로자대표.",
        "근로자대표가 지명하는 명예산업안전감독관 1명. (단 위촉되",
        "공사금액이 20억원 이상인 공사의 관계수급인의 각 근로자대"
      ],
      "answer": null,
      "explanation": ""
    },
    {
      "no": 2,
      "question": "재해예방의 4원칙에 속하지 않는 것은?\n표.",
      "options": [
        "손실우연의 원칙 ② 예방교육의 원칙",
        "원인계기의 원칙 ④ 예방가능의 원칙",
        "도급 또는 하도급 사업을 포함한 전체 사업의 대표자.",
        "안전관리자 1명"
      ],
      "answer": null,
      "explanation": ""
    },
    {
      "no": 1,
      "question": "대책선정\n③ 보건관리자 1명",
      "options": [
        "보건관리자 1명"
      ],
      "answer": null,
      "explanation": ""
    },
    {
      "no": 2,
      "question": "손실우연\n④ 공사금액이 20억원 이상인 공사의 관계수급인의 각 대표자.",
      "options": [
        "공사금액이 20억원 이상인 공사의 관계수급인의 각 대표자."
      ],
      "answer": null,
      "explanation": ""
    },
    {
      "no": 3,
      "question": "예방가능\n[해설작성자 : David.T.Lee]",
      "options": [],
      "answer": null,
      "explanation": ""
    },
    {
      "no": 4,
      "question": "원인연계(원인계기)\n[해설작성자 : 쭈리맘]",
      "options": [],
      "answer": null,
      "explanation": ""
    },
    {
      "no": 6,
      "question": "브레인스토밍(Brain Storming)의 원칙에 관한 설명으로 옳지\n않은 것은?",
      "options": [],
      "answer": null,
      "explanation": ""
    },
    {
      "no": 3,
      "question": "A사업장의 도수율이 18.9 일 때 연천인율은 얼마인가?",
      "options": [
        "최대한 많은 양의 의견을 제시한다.",
        "4.53 ② 9.46",
        "누구나 자유롭게 의견을 제시할 수 있다.",
        "37.86 ④ 45.36",
        "타인의 의견에 대하여 비판하지 않도록 한다.",
        "타인의 의견을 수정하여 본인의 의견으로 제시하지 않도"
      ],
      "answer": null,
      "explanation": ""
    },
    {
      "no": 4,
      "question": "산업안전보건법령상 관리감독자가 수행하는 안전 및 보건에 [해설작성자 : FT]\n관한 업무에 속하지 않는 것은?",
      "options": [
        "해당 작업의 작업장 정리·정돈 및 통로 확보에 대한 확인· [위험예지훈련의 기법으로 활용하는 브레인 스토밍(Brain",
        "해당 작업에서 발생한 산업재해에 관한 보고 및 이에 대 ① 비판금지(criticism is ruled out)：좋다, 나쁘다 비판은 하지",
        "해당 사업장 안전교육계획의 수립 및 안전교육 실시에 관 ② 자유분방(free wheeling)：마음대로 자유로이 발언한다.",
        "대량발언(quantity is wanted)：무엇이든 좋으니 많이 발언한",
        "관리감독자에게 소속된 근로자의 작업복·보호구 및 방호 다.",
        "수정발언(combination and improvement of thought)：타인"
      ],
      "answer": null,
      "explanation": ""
    },
    {
      "no": 7,
      "question": "안전관리의 수준을 평가하는데 사고가 일어나는 시점을 전후\n[해설작성자 : 쭈리맘]\n하여 평가를 한다. 다음 중 사고가 일어나기 전의 수준을 평\n기출문제 해설은 최강 자격증 기출문제 전자문제집 CBT : www.comcbt.com 통해서 실시간으로 변경됩니다.\n본 해설집은 최강 자격증 기출문제 전자문제집 CBT 해설달기 프로젝트에 의해서 만들어진 자료입니다. 해설을 제공해 주신 모든 분들께 감사 드립니다.\n건설안전기사 ◐ 2020년 09월 26일 필기 기출문제 및 해설집◑ 전자문제집 CBT :www.comcbt.com\n가하는 사전평가활동에 해당하는 것은? <문제 해설>",
      "options": [
        "재해율 통계 ② 안전활동율 관리 안전모의 성능시험 항목",
        "재해손실 비용 산정 ④ Safe-T-Score 산정 1) 내관통성시험",
        "100만 시간당 안전활동 건수를 말한다. 4) 내수성 시험",
        "안전할동율 계산 = 안전활동 건수 ÷ (평균 근로자수 × 근로 5) 난연성시험"
      ],
      "answer": null,
      "explanation": ""
    },
    {
      "no": 1,
      "question": "내유성 : 안전화의 성능조건\n안전활동율 1)내마모성\n- (안전활동건수÷총근로시간수)x1,000,000 = (안전활동건수÷ 2)내열성\n(연근로시간x평균근로자수))x1,000,000 3)내유성\n[해설작성자 : Pepsi] 4)내약품성\n[해설작성자 : 24년7월11일 건안기 필기 합격할까요?]",
      "options": [],
      "answer": null,
      "explanation": ""
    },
    {
      "no": 8,
      "question": "시설물의 안전 및 유지관리에 관한 특별법상 국토교통부장관\n은 시설물이 안전하게 유지관리될 수 있도록 하기 위하여 몇\n내유성 : 기름의 작용을 잘견디는성질\n년 마다 시설물의 안전 및 유지관리에 관한 기본계획을 수립·\n[해설작성자 : 미카엘]\n시행하여야 하는가?",
      "options": [
        "2년 ② 3년 12. 재해의 통계적 원인분석 방법 중 사고의 유형, 기인물 등",
        "5년 ④ 10년 분류 항목을 큰 순서대로 도표화한 것은?",
        "관리도 ② 파레토도",
        "크로스도 ④ 특성요인도"
      ],
      "answer": null,
      "explanation": ""
    },
    {
      "no": 1,
      "question": "국토교통부장관은 시설물이 안전하게 유지관리될 수 있도록 <문제 해설>\n하기 위하여 5년마다 시설물의 안전과 유지관리에 관한 기본계 -클로즈(크로스) 분석 : 2개 이상의 문제 관게를 분석하는데 사\n획을 수립 및 시행하고, 이를 관보에 고시해야 함. 용하는 것으로 데이터(DATE)를 집계하고 표로 표시하여 요인별",
      "options": [],
      "answer": null,
      "explanation": ""
    },
    {
      "no": 2,
      "question": "기본계획을 변경하는 경우에도 또한 같다. 결과내역을 교차한 그림을 작성‧분석하는 방법-관리도\n[해설작성자 : LIMITLESSYOLO] (CONTROL CHART) : 재해 발샌 건수등의 추이를 파악하여 목\n표 관리를 행하는데 필요한 월별 재해 발생수를 그래프화하여",
      "options": [],
      "answer": null,
      "explanation": ""
    },
    {
      "no": 9,
      "question": "산업안전보건법령상 해당 사업장의 연간 재해율의 같은 업종\n관리선을 설정 관리하는 방법\n의 평균재해율의 2배 이상인 경우 사업주에게 관리자를 정수\n-파레토도(PARETO DIAGRAM) : 사고유형, 기인물, 불안전한\n이상으로 증원하게 하거나 교체하여 임명할 것을 명할 수 있\n상태, 불안전한 행동을 하나의 축으로 하고 그것을 구성하고 있\n는 자는?\n는 몇 개의 분류 항목을 크기나 큰순서대로 나열하여 비교하기",
      "options": [
        "시·도지사 ② 고용노동부장관",
        "국토교통부장관 ④ 지방고용노동관서의 장"
      ],
      "answer": null,
      "explanation": ""
    },
    {
      "no": 10,
      "question": "재해의 간접원인 중 기술적 원인에 속하지 않는 것은?",
      "options": [
        "경험 및 훈련의 미숙",
        "구조, 재료의 부적합"
      ],
      "answer": null,
      "explanation": ""
    },
    {
      "no": 1,
      "question": "관리 대상이 많은 경우 최소의 노력으로 최대의 효과를 얻을\n③ 점검, 정비, 보존 불량\n수 있는 방법\n④ 건물, 기계장치의 설계 불량",
      "options": [
        "점검, 정비, 보존 불량",
        "건물, 기계장치의 설계 불량"
      ],
      "answer": null,
      "explanation": ""
    },
    {
      "no": 2,
      "question": "분류항목을 큰 값에서 작은 값의 순서로 도표화하는데 편리\n<문제 해설>\n[해설작성자 : LIMITLESSYOLO]\n교육적원인: 안전의식(지식)의 부족, 안전수칙의 오해, 경험훈련\n의 미숙, 작업방법의 교육 불충분, 유해위험 작업의 교육 불충분",
      "options": [],
      "answer": null,
      "explanation": ""
    },
    {
      "no": 13,
      "question": "시설물의 안전 및 유지관리에 관한 특별법상 다음과 같이\n[해설작성자 : comcbt.com 이용자]\n정의되는 용어는?",
      "options": [],
      "answer": null,
      "explanation": ""
    },
    {
      "no": 11,
      "question": "보호구 안전인증 고시에 따른 추락 및 감전 위험방지용 안\n전모의 성능시험대상에 속하지 않은 것은?",
      "options": [
        "내유성 ② 내수성",
        "내관통성 ④ 턱끈풀림",
        "사업장 실태에 맞게 독자적으로 작성하디 실현 가능성 있게",
        "계획의 목표는 점진적으로 하여 높은 수준으로 한다.",
        "성능평가 ② 정밀안전진단 ③ 직장 단위로 구체적으로 작성한다.",
        "긴급안전점검 ④ 정기안전진단 [해설작성자 : David.T.Lee]"
      ],
      "answer": null,
      "explanation": ""
    },
    {
      "no": 16,
      "question": "안전보건관리조직의 유형 중 직계(Line)형에 관한 설명으로\n[시설물의 안전 및 유지관리]\n옳은 것은?",
      "options": [
        "정밀안전진단 = 시설물의 물리적·기능적 결함을 발견하고 그",
        "대규모의 사업장에 적합하다.",
        "안전지식이나 기술축적이 용이하다.",
        "안전지시나 명령이 신속히 수행된다.",
        "독립된 안전참모 조직을 보유하고 있다.",
        "정기안전점검 = 시설물의 상태를 판단하고 시설물이 점검 당",
        "정밀안전점검 = 시설물의 상태를 판단하고 시설물이 점검 당",
        "긴급안전점검 = 시설물의 붕괴·전도 등으로 인한 재난 또는"
      ],
      "answer": null,
      "explanation": ""
    },
    {
      "no": 14,
      "question": "다음 중 재해조사의 목적 및 방법에 관한 설명으로 적절하 에 대한 책임과 권한이 없음,\n지 않은 것은? -라인‧스테프형 : 1,000이상 대규모 사업장",
      "options": [
        "재해조사는 현장보존에 유의하면서 재해발생 직후에 행 장점 : 자율적으로 안전활동에 참여, 각 라인 안전활동은 유기적",
        "피해자 및 목격자 등 많은 사람으로부터 사고시의 상황 한 부여",
        "재해조사의 1차적 목표는 재해로 인한 손실금액을 추정 의 월권행위, 라인의 스태프에 의존/활용치 않는 경우",
        "재해조사의 목적은 동종재해 및 유사재해의 발생을 방지"
      ],
      "answer": null,
      "explanation": ""
    },
    {
      "no": 17,
      "question": "다음 중 웨버(D.A.Weaver)의 사고 발생 도미노 이론에서\n하기 위함이다.\n“작전적 에러”를 찾아내기 위한 질문의 유형과 가장 거리가\n<문제 해설>\n먼 것은?\n[재해조사 주목적]",
      "options": [
        "what ② why",
        "where ④ whether",
        "what : 무엇이 불안전한 상태이며 불안전한 행동인가? (사고",
        "why : 왜 불안전한 상태와 불안전한 행동이 용납되는가?"
      ],
      "answer": null,
      "explanation": ""
    },
    {
      "no": 15,
      "question": "사업장의 안전·보건관리계획 수립 시 유의사항으로 옳은 것 ③ whether : 감독과 경영 중에서 어느쪽이 사고방지에 대한 안\n은? 전지식을 가지고 있는가?",
      "options": [
        "whether : 감독과 경영 중에서 어느쪽이 사고방지에 대한 안",
        "사고발생 후의 수습대책에 중점을 둔다. [해설작성자 : David.T.Lee]",
        "계획의 실시 중에는 변동이 없어야 한다."
      ],
      "answer": null,
      "explanation": ""
    },
    {
      "no": 18,
      "question": "산업안전보건법령에 따른 안전보건표지의 종류 중 지시표지\n③ 계획의 목표는 점진적으로 수준을 높이도록 한다.\n에 속하는 것은?\n④ 대기업의 경우 표준계획서를 작성하여 모든 사업장에 동",
      "options": [
        "계획의 목표는 점진적으로 수준을 높이도록 한다.",
        "대기업의 경우 표준계획서를 작성하여 모든 사업장에 동",
        "화기 금지 ② 보안경 착용",
        "낙하물 경고 ④ 응급구호표지 2) 개별화의 원리 : 학습자가 지니고 있는 각자의 요구와 능력등"
      ],
      "answer": null,
      "explanation": ""
    },
    {
      "no": 19,
      "question": "산업안전보건기준에 관한 규칙상 공기압축기를 가동할 때의\n동시학습 원리와 같다.\n작업시작 전 점검사항에 해당하지 않는 것은?\n5) 직관의 원리 : 구체적인 사물을 직접 제시하거나 경험시킴으",
      "options": [
        "윤활유의 상태",
        "언로드밸브의 기능",
        "압력방출장치의 기능",
        "비상정지장치 기능의 이상 유무",
        "각각의 리듬이 (-)에서의 최저점에 이르렀을 때를 위험"
      ],
      "answer": null,
      "explanation": ""
    },
    {
      "no": 20,
      "question": "다음 중 하인리히(H.W. Heinrich)의 재해코스트 산정방법에\n② 감성적 리듬은 영문으로 S라 표시하며, 23일을 주기로\n서 직접손실비와 간접손실비의 비율로 옳은 것은? (단, 비율\n반복된다.\n은 “직접손실비 : 간접손실비”로 표현한다.)\n③ 육체적 리듬은 영문으로 P라 표시하며, 28일을 주기로",
      "options": [
        "감성적 리듬은 영문으로 S라 표시하며, 23일을 주기로",
        "육체적 리듬은 영문으로 P라 표시하며, 28일을 주기로",
        "1 : 2 ② 1 : 4",
        "1 : 8 ④ 1 : 10",
        "지성적 리듬은 영문으로 I라 표시하며, 33일을 주기로 반",
        "총재해코스트 = 직접비 + 간접비(직접비의 4배)",
        "직접비 : 간접비 = 1 : 4",
        "직접비(재해 산재 보상금) : 치료비, 휴업보상비, 장해보상비,",
        "간접비 : 인적시간 손실, 기타 재산 손실, 사기저하 등의 부"
      ],
      "answer": null,
      "explanation": ""
    },
    {
      "no": 21,
      "question": "안전보건교육을 향상시키기 위한 학습지도의 원리에 해당되\n3) 감성적리듬(sensitivity cycle):주기28일(감점, 주의심, 창조력,\n지 않는 것은?\n예감 및 통찰력). 적색표시",
      "options": [
        "통합의 원리 ② 자기활동의 원리",
        "개별화의 원리 ④ 동기유발의 원리"
      ],
      "answer": null,
      "explanation": ""
    },
    {
      "no": 23,
      "question": "다음 중 안전교육을 위한 시청각교육법에 대한 설명으로 가\n학습지도의 원리 :\n장 적절한 것은?\n1) 자기활동의 원리(자발성의 원리) : 학습자 자신이 스스로 자",
      "options": [
        "지능, 적성, 학습속도 등 개인차를 충분히 고려할 수 있",
        "학습자들에게 공통의 경험을 형성시켜줄 수 있다. ④ 상대방이 이해할 수 있고, 행동화 할수 있는 것부터 하는것",
        "학습의 다양성과 능률화에 기여할 수 없다. 이 필요, 습득과 달성의 기쁨으로 의욕이 향상됨.",
        "학습자료를 시간과 장소에 제한없이 제시할 수 있다. ⑤ 학습자에게 동기부여를 한다."
      ],
      "answer": null,
      "explanation": ""
    },
    {
      "no": 26,
      "question": "직무수행평가 시 평가자가 특정 피평가자에 대해 구체적으",
      "options": [
        "교수의 효율성을 높여줄 수 있다.",
        "지식 팽창에 따른 교재의 구조화를 기할 수 있다.",
        "인구 증가에 따른 대량 수업체제가 확립될 수 있다.",
        "후광오류 ② 엄격화오류",
        "학습자들에게 공통의 경험을 형성시켜줄 수 있다.",
        "중앙집중오류 ④ 관대화오류"
      ],
      "answer": null,
      "explanation": ""
    },
    {
      "no": 24,
      "question": "새로운 기술과 학습에서는 연습이 매우 중요하다. 연습 방 [직무수행평가 - 후광효과]\n법과 관련된 내용으로 틀린 것은? *후광효과(Halo effect)는 어떤 대상의 한가지 혹은 일부에 대한",
      "options": [
        "새로운 기술을 학습하는 경우에는 일반적으로 배분연습 평가가 그의 또다른 일부 또는 나머지 전부의 평가에 대해 영향",
        "교육훈련과정에서는 학습자료를 한꺼번에 묶어서 일괄적 쳐 긍정적인 평가를 불러오는 경우 쓰인다.",
        "충분한 연습으로 완전학습한 후에도 일정량 연습을 계속 [후광효과에 의한 오류 방지 방법]",
        "피평가자에 대한 선입견, 편견을 버려야 한다..결과와 사실을",
        "기술을 배울 때는 적극적 연습과 피드백이 있어야 부적 객관적으로 인식해야 함.",
        "분석평가를 실시한다.",
        "대상이 되는 피평가자에 대해 평가요소별로 평가를 한다.",
        "사실에 입각해서 평가를 하는 등의 마음가짐을 갖는 것이 중",
        "학습과제가 유의성이 있으며 통찰학습이 가능한 경우 ⑤ 평가항목을 줄이거나 여러 평가자가 동시에 평가하는 다면평",
        "학습하기 전에 준비운동 등이 필요한 경우 가의 활용이 필요하다.",
        "학습하는 자료가 의미있고 생산적인 경우 [해설작성자 : David.T.Lee]",
        "과거 학습효과로 인해 적극적인 전이가 용이한 경우"
      ],
      "answer": null,
      "explanation": ""
    },
    {
      "no": 27,
      "question": "다음 중 정상적 상태이지만 생리적 상태가 휴식할 때에 해\n⑤ 잘 알려진 지식과 기능을 숙달하기 위한 필요성이 있을 경우\n당하는 의식수준은?",
      "options": [
        "잘 알려진 지식과 기능을 숙달하기 위한 필요성이 있을 경우",
        "phase Ⅰ ② phase Ⅱ",
        "phase Ⅲ ④ phase Ⅳ",
        "학습의 초기 단계일 경우",
        "학습 내용이 복잡하거나 어려울 경우.",
        "학습 과제가 유의성이 없을 경우.",
        "학습자의 준비 부족과 많은 노력이 필요한 경우.",
        "학습 과제나 작업량이 많을 경우"
      ],
      "answer": null,
      "explanation": ""
    },
    {
      "no": 1,
      "question": "배분연습이 효과적\n-phaseⅢ : 적극활동시\n[해설작성자 : comcbt.com 이용자]\n-phaseⅣ(의식의 과잉): 부주의 현상으로 돌발사태 및 긴급이",
      "options": [],
      "answer": null,
      "explanation": ""
    },
    {
      "no": 25,
      "question": "다음 중 교육지도의 원칙과 가장 거리가 먼 것은? 상 사태시 순간적으로 긴장되고 의식이 한 방향으로만 쏠리게",
      "options": [
        "반복적인 교육을 실시한다. 되는 경우(주의의 일점집중현상), 긴급방위반응, 패닉",
        "학습자에게 동기부여를 한다. [해설작성자 : comcbt.com 이용자]",
        "쉬운 것부터 어려운 것으로 실시한다."
      ],
      "answer": null,
      "explanation": ""
    },
    {
      "no": 28,
      "question": "다음 중 하버드 학파의 5단계 교수법에 해당되지 않는 것\n④ 한 번에 여러 가지의 내용을 실시한다.\n은?\n<문제 해설>",
      "options": [
        "한 번에 여러 가지의 내용을 실시한다.",
        "추론한다. ② 교시한다.",
        "연합시킨다. ④ 총괄시킨다.",
        "쉬운 것에서 어려운 것으로 실시한다.",
        "한번에 한가지 내용 교육.",
        "반복적인 교육을 실시한다."
      ],
      "answer": null,
      "explanation": ""
    },
    {
      "no": 32,
      "question": "다음 중 데이비스(K. Davis)의 동기부여 이론에서 “능력\n3단계 : 연합\n(ability)”을 올바르게 표현한 것은?\n4단계 : 총괄",
      "options": [
        "기능(skill)×태도(attitide)",
        "지식(knowledge)×기능(skill)",
        "상황(situation)×태도(attitude)",
        "지식(knowledge)×상황(situation)",
        "능력 = 지식 × 기능",
        "동기유발 = 상황 × 태도",
        "인간의 성과 = 능력 × 동기유발",
        "경영의 성과 = 인간의 성과 × 물질의 성과"
      ],
      "answer": null,
      "explanation": ""
    },
    {
      "no": 33,
      "question": "인간이 충족시키고자 추구하는 욕구에 있어 가장 강력한 욕",
      "options": [],
      "answer": null,
      "explanation": ""
    },
    {
      "no": 29,
      "question": "다음 중 리더십과 헤드십에 관한 설명으로 옳은 것은?\n구는?",
      "options": [
        "헤드십은 부하와의 사회적 간격이 좁다.",
        "생리적 욕구 ② 안전의 욕구",
        "헤드십에서의 책임은 상사에 있지 않고 부하에 있다.",
        "자아실현의 욕구 ④ 애정 및 귀속의 욕구",
        "리더십의 지휘형태는 권위주의적인 반면, 헤드십의 지휘",
        "권한행사 측면에서 보면 헤드십은 임명에 의하여 권한을",
        "생리적 욕구 : 생명을 유지하기 위한 식욕, 휴식, 잠, 호흡",
        "안전 욕구 : 안전과 보호를 유지 하려는 욕구"
      ],
      "answer": null,
      "explanation": ""
    },
    {
      "no": 1,
      "question": "헤드십은 부하와의 사회적 간격이 좁다..=> 넓다.\n③ 사회적 욕구 : 집단 소속 욕구로 애정, 친분, 우정, 수용, 소",
      "options": [
        "사회적 욕구 : 집단 소속 욕구로 애정, 친분, 우정, 수용, 소"
      ],
      "answer": null,
      "explanation": ""
    },
    {
      "no": 2,
      "question": "헤드십에서의 책임은 상사에 있지 않고 부하에 있다..=> 꼭\n속감등의 욕구.\n그렇지는 않다.\n④ 자기존중의 욕구 : 소속단체의 구성원으로 명예나 권력, 지위",
      "options": [
        "자기존중의 욕구 : 소속단체의 구성원으로 명예나 권력, 지위"
      ],
      "answer": null,
      "explanation": ""
    },
    {
      "no": 3,
      "question": "리더십의 지휘형태는 권위주의적인 반면, 헤드십의 지휘형태\n나 인정, 관심을 누리려는 욕구\n는 민주적이다..=> 그 반대임\n⑤ 지아실현의 욕구 : 자기가 가진 잠재가능성을 능력껏 발휘하\n[해설작성자 : 왕도토리]\n고 싶은 욕구",
      "options": [
        "지아실현의 욕구 : 자기가 가진 잠재가능성을 능력껏 발휘하"
      ],
      "answer": null,
      "explanation": ""
    },
    {
      "no": 30,
      "question": "다음 중 산업안전심리의 5대 요소에 속하지 않는 것은? [해설작성자 : David.T.Lee]",
      "options": [
        "감정 ② 습관"
      ],
      "answer": null,
      "explanation": ""
    },
    {
      "no": 34,
      "question": "다음 중 면접 결과에 영향을 미치는 요인들에 관한 설명으\n③ 동기 ④ 시간\n로 틀린 것은?\n<문제 해설>",
      "options": [
        "동기 ④ 시간",
        "한 지원자에 대한 평가는 바로 앞의 지원자에 의해 영향",
        "면접자는 면접 초기와 마지막에 제시된 정보에 의해 많"
      ],
      "answer": null,
      "explanation": ""
    },
    {
      "no": 31,
      "question": "인간의 착각현상 가운데 암실 내에서 하나의 광점을 보고 은 영향을 받는다.\n있으면 그 광점이 움직이는 것처럼 보이는 것을 자동운동이 ③ 지원자에 대한 부정적 정보보다 긍정적 정보가 더 중요\n라 하는데 다음 중 자동운동이 생기기 쉬운 조건이 아닌 것 하게 영향을 미친다.\n은? ④ 지원자의 성과 직업에 있어서 전통적 고정관념은 지원자",
      "options": [
        "지원자에 대한 부정적 정보보다 긍정적 정보가 더 중요",
        "지원자의 성과 직업에 있어서 전통적 고정관념은 지원자",
        "광점이 작을 것 와 면접자간의 성의 일치여부보다 더 많은 영향을 미친",
        "대상이 단순할 것 다.",
        "광의 강도가 클 것 <문제 해설>",
        "시야의 다른 부분이 어두울 것 3. 지원자에 대한 부정적 정보보다 긍정적 정보가 더 중요하게"
      ],
      "answer": null,
      "explanation": ""
    },
    {
      "no": 1,
      "question": "광점이 작을수록 [해설작성자 : 왕도토리]",
      "options": [],
      "answer": null,
      "explanation": ""
    },
    {
      "no": 2,
      "question": "대상이 단순할수록",
      "options": [],
      "answer": null,
      "explanation": ""
    },
    {
      "no": 35,
      "question": "안전사고와 관련하여 소질적 사고 요인이 아닌 것은?",
      "options": [],
      "answer": null,
      "explanation": ""
    },
    {
      "no": 3,
      "question": "광도가 약할수록",
      "options": [
        "시각기능 ② 지능"
      ],
      "answer": null,
      "explanation": ""
    },
    {
      "no": 4,
      "question": "시야 다른부분이 어두울수록\n③ 작업자세 ④ 성격\n[해설작성자 : ..]\n<문제 해설>\n기출문제 해설은 최강 자격증 기출문제 전자문제집 CBT : www.comcbt.com 통해서 실시간으로 변경됩니다.\n본 해설집은 최강 자격증 기출문제 전자문제집 CBT 해설달기 프로젝트에 의해서 만들어진 자료입니다. 해설을 제공해 주신 모든 분들께 감사 드립니다.\n건설안전기사 ◐ 2020년 09월 26일 필기 기출문제 및 해설집◑ 전자문제집 CBT :www.comcbt.com\n-상황성 누발자 : 작업의 어려움, 기계설비의 결함, 환경상 주의 [해설작성자 : 스머프]\n력의 집중혼란, 심신의 근심등 떄문에 재해를 누발하는자이다",
      "options": [
        "작업자세 ④ 성격"
      ],
      "answer": null,
      "explanation": ""
    },
    {
      "no": 39,
      "question": "안전교육의 강의안 작성 시 교육할 내용을 항목별로 구분하\n-습관성 누발자 : 재해 경험으로 겁쟁이가 되거나 신경과민이\n여 핵심 요점사항만을 간결하게 정리하여 기술하는 방법은?\n되어 재해를 누발하는 자와 일종의 슬럼프상태에 빠져서 재하를",
      "options": [
        "게임 방식 ② 시나리오식",
        "조목열거식 ④ 혼합형 방식"
      ],
      "answer": null,
      "explanation": ""
    },
    {
      "no": 36,
      "question": "교육 및 훈련방법 중 다음의 특징을 갖는 방법은?",
      "options": [],
      "answer": null,
      "explanation": ""
    },
    {
      "no": 40,
      "question": "교육방법 중 O.J.T(On the Job Training)에 속하지 않는 교\n육방법은?",
      "options": [
        "코칭 ② 강의법",
        "직무순환 ④ 멘토링"
      ],
      "answer": null,
      "explanation": ""
    },
    {
      "no": 2,
      "question": "강의법 -> Off the Job Training",
      "options": [
        "강의법 ② 사례연구법",
        "세미나법 ④ 감수성 훈련"
      ],
      "answer": null,
      "explanation": ""
    },
    {
      "no": 41,
      "question": "결함수분석법에서 path set에 관한 설명으로 옳은 것은?\n- 교육 대상 집단 내 수준차로 인해 교육의 효과가 감소할 가능",
      "options": [
        "시스템의 약점을 표현한 것이다.",
        "Top 사상을 발생시키는 조합이다.",
        "시스템이 고장 나지 않도록 하는 사상의 조합이다.",
        "시스템고장을 유발시키는 필요불가결한 기본사상들의 집"
      ],
      "answer": null,
      "explanation": ""
    },
    {
      "no": 37,
      "question": "다음 중 관계지향적 리더가 나타내는 대표적인 행동 특징으\n<문제 해설>\n로 볼 수 없는 것은?\n컷셋: 정상 사상을 발생시키는 기본사상의 집합",
      "options": [
        "우호적이며 가까이 하기 쉽다.",
        "집단구성원들을 동등하게 대한다.",
        "집단구성원들의 활동을 조정한다.",
        "어떤 결정에 대해 자세히 설명해준다."
      ],
      "answer": null,
      "explanation": ""
    },
    {
      "no": 1,
      "question": "컷셋 : 모든 기본 사상이 일어났을 때 정상사상을 일으키는 기\n관계 지향적 리더\n본사상들의 집합\n-우호적이며 가까이 하기 쉽다",
      "options": [],
      "answer": null,
      "explanation": ""
    },
    {
      "no": 2,
      "question": "미니멀 컷 : 정상사상을 일으키기 위한 기본사상의 최소 집합\n-집단구성원들을 동등하게 대한다",
      "options": [],
      "answer": null,
      "explanation": ""
    },
    {
      "no": 3,
      "question": "패스셋 : 시스템의 고장을 일으키지 않는 기본사상들의 집합\n-어떤 결정에 대해 자세히 설명해 준다",
      "options": [],
      "answer": null,
      "explanation": ""
    },
    {
      "no": 4,
      "question": "미니멀 셋 : 최소한의 패스, 시스템의 신뢰성을 나타낸다\n과업 지향적 리더 : 집단 구성원들의 활동을 조정\n[해설작성자 : 최와공]\n[해설작성자 : 똥파워]",
      "options": [],
      "answer": null,
      "explanation": ""
    },
    {
      "no": 42,
      "question": "촉감의 일반적인 척도의 하나인 2점 문턱값(two-point",
      "options": [],
      "answer": null,
      "explanation": ""
    },
    {
      "no": 38,
      "question": "다음 중 주의의 특성에 관한 설명으로 틀린 것은?\nthreshold)이 감소하는 순서대로 나열된 것은?",
      "options": [
        "변동성이란 주의집중 시 주기적으로 부주의의 리듬이 존",
        "손가락 → 손바닥 → 손가락 끝",
        "손바닥 → 손가락 → 손가락 끝",
        "방향성이란 주의는 항상 일정한 수준을 유지할 수 있으",
        "손가락 끝 → 손가락 → 손바닥",
        "손가락 끝 → 손바닥 → 손가락",
        "선택성이란 인간은 한 번에 여러 종류의 자극을 지각·수",
        "선택성이란 소수의 특정 자극에 한정해서 선택적으로 주",
        "2점 문턱값 = 신체의 2군데를 동시에 자극했을때 반응이 나",
        "2점 문턱값이 감소하는 순서로 나열 = 2점문턱값이 높은것부"
      ],
      "answer": null,
      "explanation": ""
    },
    {
      "no": 47,
      "question": "다음은 불꽃놀이용 화학물질취급설비에 대한 정량적 평가이\n[해설작성자 : David.T.Lee]\n다. 해당 항목에 대한 위험등급이 올바르게 연결된 것은?",
      "options": [],
      "answer": null,
      "explanation": ""
    },
    {
      "no": 43,
      "question": "결함수분석의 기호 중 입력사상이 어느 하나라도 발생할 경\n우 출력사상이 발생하는 것은?",
      "options": [
        "NOR GATE ② AND GATE",
        "OR GATE ④ NAND GATE"
      ],
      "answer": null,
      "explanation": ""
    },
    {
      "no": 44,
      "question": "FTA 결과 다음과 같은 패스셋을 구하였다. 최소 패스셋\n(minimal path sets)으로 옳은 것은?",
      "options": [
        "취급물질 - Ⅰ등급, 화학설비의 용량 - Ⅰ등급",
        "온도 - Ⅰ등급, 화학설비의 용량 - Ⅱ등급",
        "취급물질 - Ⅰ등급, 조작 - Ⅳ등급",
        "온도 - Ⅱ등급, 압력 - Ⅲ등급",
        "{X , X }",
        "{X , X , X }",
        "{X , X , X }",
        "{X , X , X }와 {X , X }"
      ],
      "answer": null,
      "explanation": ""
    },
    {
      "no": 45,
      "question": "인체측정에 대한 설명으로 옳은 것은?\n압력 - Ⅲ등급",
      "options": [
        "인체측정은 동적측정과 정적측정이 있다.",
        "인체측정학은 인체의 생화학적 특징을 다룬다.",
        "자세에 따른 인체치수의 변화는 없다고 가정한다."
      ],
      "answer": null,
      "explanation": ""
    },
    {
      "no": 48,
      "question": "인간-기계 시스템에서 시스템의 설계를 다음과 같이 구분할\n④ 측정항목에 무게, 둘레, 두께, 길이는 포함되지 않는다.\n때 제3단계인 기본설계에 해당되지 않는 것은?\n<문제 해설>\n[인체측정]",
      "options": [
        "측정항목에 무게, 둘레, 두께, 길이는 포함되지 않는다.",
        "신체 치수를 기본으로 무게, 무게중심, 부피, 운동범위, 관성",
        "일상생활에 적용하는 분야 측정",
        "인간공학적 설계 위한 자료 목적",
        "인체측정은 동적측정과 정적측정이 있다.",
        "화면 설계 ② 작업 설계"
      ],
      "answer": null,
      "explanation": ""
    },
    {
      "no": 46,
      "question": "시스템 안전분석 방법 중 예비위험분석(PA)단계에서 식별하 ③ 직무 분석 ④ 기능 할당\n는 4가지 범주에 속하지 않는 것은? <문제 해설>",
      "options": [
        "직무 분석 ④ 기능 할당",
        "위기상태 ② 무시가능상태 [시스템의 설계 - 3단계 : 기본설계 내용]",
        "파국적상태 ④ 예비조처상태 ① 인간 : 하드웨어, 소프트웨어의 기능 할당",
        "인간성능 요건 명세"
      ],
      "answer": null,
      "explanation": ""
    },
    {
      "no": 1,
      "question": "무시 ③ 직무분석",
      "options": [
        "직무분석"
      ],
      "answer": null,
      "explanation": ""
    },
    {
      "no": 2,
      "question": "한계 ④ 작업설계",
      "options": [
        "작업설계"
      ],
      "answer": null,
      "explanation": ""
    },
    {
      "no": 3,
      "question": "위험 [해설작성자 : David.T.Lee]",
      "options": [],
      "answer": null,
      "explanation": ""
    },
    {
      "no": 4,
      "question": "파국",
      "options": [],
      "answer": null,
      "explanation": ""
    },
    {
      "no": 49,
      "question": "어떤 소리가 1000Hz, 60dB인 음과 같은 높이임에도 4배\n[해설작성자 : comcbt.com 이용자]\n더 크게 들린다면, 이 소리의 음압수준은 얼마인가?\n기출문제 해설은 최강 자격증 기출문제 전자문제집 CBT : www.comcbt.com 통해서 실시간으로 변경됩니다.\n본 해설집은 최강 자격증 기출문제 전자문제집 CBT 해설달기 프로젝트에 의해서 만들어진 자료입니다. 해설을 제공해 주신 모든 분들께 감사 드립니다.\n건설안전기사 ◐ 2020년 09월 26일 필기 기출문제 및 해설집◑ 전자문제집 CBT :www.comcbt.com",
      "options": [
        "70dB ② 80dB <문제 해설>",
        "90dB ④ 100dB 평균 = 10,000 표준편차= 200"
      ],
      "answer": null,
      "explanation": ""
    },
    {
      "no": 50,
      "question": "연구 기준의 요건과 내용이 옳은 것은?\n(9,600 - 10,000) / 200 = -2 ( 음수는 포함되지 않으므로 대",
      "options": [
        "무오염성 : 실제로 의도하는 바와 부합해야 한다.",
        "적절성 : 반복 시험 시 재현성이 있어야 한다.",
        "신뢰성 : 측정하고자 하는 변수 이외의 다른 변수의 영"
      ],
      "answer": null,
      "explanation": ""
    },
    {
      "no": 0,
      "question": "9772 * 100 = 97.72 %\n④ 민감도 : 피실험자 사이에서 볼 수 있는 예상 차이점에\n비례하는 단위로 측정해야 한다.\n즉 답은 97.72\n<문제 해설>\n[연구 기준의 요건]\nt는 평균이 아니라 사용편차입니다",
      "options": [
        "민감도 : 피실험자 사이에서 볼 수 있는 예상 차이점에",
        "무오염성 : 측정하고자 하는 변수외의 영향이 없도록",
        "적절성 : 기준이 의도된 목적에 적합하다고 판단되는 정도",
        "신뢰성 : 척도의 신뢰성, 즉 반복성 54. 신체활동의 생리학적 측정법 중 전신의 육체적인 활동을 측",
        "민감도 : 피실험자 사이에서 볼 수 있는 예상 차이점에 비례 정하는데 가장 적합한 방법은?",
        "Flicker 측정",
        "산소 소비량 측정",
        "근전도(EMG) 측정"
      ],
      "answer": null,
      "explanation": ""
    },
    {
      "no": 51,
      "question": "어느 부품 1000개를 100000시간 동안 가동 하였을 때 5개\n④ 피부전기반사(GSR) 측정\n의 불량품이 발생하였을 경우 평균동작시간(MTTF)은?\n<문제 해설>",
      "options": [
        "피부전기반사(GSR) 측정",
        "1×106 시간 ② 2×107 시간",
        "1×108 시간 ④ 2×109 시간"
      ],
      "answer": null,
      "explanation": ""
    },
    {
      "no": 55,
      "question": "신호검출이론(SDT)의 판정결과 중 신호가 없었는데도 있었\n고장률(λ)= 고장건수(r) / 총가동시간(t) = 5 / 1,000 x 100,000 다고 말하는 경우는?\n= 5 x 10^-8",
      "options": [
        "긍정(hit)",
        "누락(miss)",
        "허위(false alarm)",
        "부정(correct rejection)"
      ],
      "answer": null,
      "explanation": ""
    },
    {
      "no": 52,
      "question": "시스템 안전분석 방법 중 HAZOP에서 “완전대체”를 의미하\n<문제 해설>\n는 것은?\n신호검출이론",
      "options": [
        "NOT ② REVERSE"
      ],
      "answer": null,
      "explanation": ""
    },
    {
      "no": 1,
      "question": "신호와 소음이 쉽게 식별할 수 없는 상황에 적용된다.\n③ PART OF ④ OTHER THAN",
      "options": [
        "PART OF ④ OTHER THAN"
      ],
      "answer": null,
      "explanation": ""
    },
    {
      "no": 2,
      "question": "일반적인 상황에서 신호 검출을 간섭하는 소음이 있다.\n<문제 해설>",
      "options": [],
      "answer": null,
      "explanation": ""
    },
    {
      "no": 3,
      "question": "긍정, 허위, 누락, 부정 의 네가지 결과로 나눌 수 있다.\nNO/NOT 완전한 부정 Reverse 논리적인 역 Part of 성질\n[해설작성자 : 건안기합격하자]\n상의 감소 OTHER THAN 완전한 대체\n[해설작성자 : comcbt.com 이용자] 56. 가스밸브를 잠그는 것을 잊어 사고가 발생했다면 작업자는\n어떤 인적오류를 범한 것인가?",
      "options": [],
      "answer": null,
      "explanation": ""
    },
    {
      "no": 53,
      "question": "실린더 블록에 사용하는 가스켓의 수명분포는 X~N(10000.",
      "options": [
        "생략 오류(omission error)",
        "시간지연 오류(time error)",
        "순서 오류(sequential error)",
        "작위적 오류(commission error)",
        "84.13% ② 93.32%",
        "97.72% ④ 99.87%"
      ],
      "answer": null,
      "explanation": ""
    },
    {
      "no": 60,
      "question": "사무실 의자나 책상에 적용할 인체 측정 자료의 설계 원칙\n시간지연 오류(time error) 절차 수행 지연으로 인한 에러\n으로 가장 적합한 것은?\n순서 오류(sequential error) 절차의순서 착오로 인한 에러",
      "options": [
        "평균치 설계 ② 조절식 설계",
        "최대치 설계 ④ 최소치 설계"
      ],
      "answer": null,
      "explanation": ""
    },
    {
      "no": 61,
      "question": "철골공사의 내화피복공법에 해당하지 않는 것은?",
      "options": [],
      "answer": null,
      "explanation": ""
    },
    {
      "no": 57,
      "question": "산업안전보건법령상 유해위험방지계획서의 제출 대상 제조",
      "options": [
        "표면탄화법 ② 뿜칠공법",
        "타설공법 ④ 조적공법",
        "50kW ② 100kW",
        "200kW ④ 300kW"
      ],
      "answer": null,
      "explanation": ""
    },
    {
      "no": 58,
      "question": "다음 중 열 중독증(heat illness)의 강도를 올바르게 나열한 [해설작성자 : 나도 안전인]\n것은?",
      "options": [],
      "answer": null,
      "explanation": ""
    },
    {
      "no": 62,
      "question": "강관틀비계서 주틀의 기둥관 1개당 수직하중의 한도는 얼마\n인가? (단, 견고한 기초 위에 설치하게 될 경우)",
      "options": [
        "16.5 kN ② 24.5 kN",
        "32.5 kN ④ 38.5 kN",
        "ⓒ ＜ ⓑ ＜ ⓐ ＜ ⓓ",
        "ⓒ ＜ ⓑ ＜ ⓓ ＜ ⓐ",
        "ⓑ ＜ ⓒ ＜ ⓐ ＜ ⓓ",
        "ⓑ ＜ ⓓ ＜ ⓐ ＜ ⓒ",
        "열전도율이 보통 콘크리트의 1/10 정도이다.",
        "경량으로 인력에 의한 취급이 가능하다."
      ],
      "answer": null,
      "explanation": ""
    },
    {
      "no": 59,
      "question": "암호체계의 사용 시 고려해야 할 사항과 거리가 먼 것은?\n③ 흡수율이 매우 낮은 편이다.",
      "options": [
        "흡수율이 매우 낮은 편이다.",
        "정보를 암호화한 자극은 검출이 가능하여야 한다.",
        "현장에서 절단 및 가공이 용이하다.",
        "다 차원의 암호보다 단일 차원화된 암호가 정보 전달이",
        "암호를 사용할 때는 사용자가 그 뜻을 분명히 알 수 있",
        "가볍고(경량), 치수 정밀도와 가공성이 우수하다.",
        "중량이 보통 콘크리트의 1/4정도이며, 10배 정도의 단열 성",
        "모든 암호 표시는 감지장치에 의해 검출될 수 있고, 다",
        "단열, 내화, 흡음, 방음성이 우수하다..",
        "흡수율이 크며, 중성화가 빠르다.",
        "콘크리트 타설 시 용이함",
        "콘크리트의 응결, 경화 촉진",
        "콘크리트의 밀실화 유지 ④ 개개의 관련작업이 도시되어 있지 않아 내용을 알기 어",
        "콘크리트의 재료 분리 촉진 렵다."
      ],
      "answer": null,
      "explanation": ""
    },
    {
      "no": 68,
      "question": "주문받은 건설업자가 대상 계획의 기업, 금융, 토지조달, 설",
      "options": [],
      "answer": null,
      "explanation": ""
    },
    {
      "no": 65,
      "question": "철골용접 부위의 비파괴검사에 관한 설명으로 옳지 않은 것 계, 시공 등을 포괄하는 도급계약방식을 무엇이라 하는가?\n은?",
      "options": [
        "실비청산 보수가산도급 ② 정액도급",
        "방사선검사는 필름의 밀착성이 좋지 않은 건축물에서도 ③ 공동도급 ④ 턴키도급",
        "침투탐상검사는 액체의 모세관현상을 이용한다. 턴키도급",
        "초음파탐상검사는 인간의 귀로 들을 수 없는 주파수를 -도급자가 공사의 계획,금융,토지확보,설계,시공,기계 가구 설치,",
        "외관검사는 용접을 한 용접공이나 용접관리 기술자가 하 게 완전한 시설물을 인계하는 방식"
      ],
      "answer": null,
      "explanation": ""
    },
    {
      "no": 69,
      "question": "ALC 블록공사 시 내력벽 쌓기에 관한 내용으로 옳지 않은\n하는 검사로, 밀착성이 좋아야하며 차폐가 가능한 공간에서 검\n것은?\n사가 가능",
      "options": [
        "쌓기 모르타르는 교반기를 사용하여 배합하여, 1시간 이"
      ],
      "answer": null,
      "explanation": ""
    },
    {
      "no": 66,
      "question": "단순조적 블록쌓기에 관한 설명으로 옳지 않은 것은? ② 가로 및 세로줄눈의 두께는 3~5mm 정도로 한다.",
      "options": [
        "가로 및 세로줄눈의 두께는 3~5mm 정도로 한다.",
        "단순조적 블록쌓기의 세로줄눈은 도면 또는 공사시방서 ③ 하루 쌓기 높이는 1.8m를 표준으로 하며, 최대 2.4m 이",
        "살두께가 작은 편을 위로 하여 쌓는다. ④ 연석되는 벽면의 일부를 나중쌓기로 할 때에는 그 부분",
        "줄눈 모르타르는 쌓은 후 줄눈누르기 및 줄눈파기를 한 을 층단 떼어쌓기로 한다.",
        "특별한 지정이 없으면 줄눈은 10mm가 되게 한다. 줄눈의 두께는 1~3mm로 한다",
        "ALC는 석회질, 규산질 원료와 기포제 및 혼화제를 물과 혼합",
        "쌓기 모르타르는 교반기를 사용하여 배합하여, 1시간 이내에",
        "가로 및 세로줄눈의 두께는 1~3mm 정도로 한다.",
        "하루 쌓기 높이는 1.8m를 표준으로 하며, 최대 2.4m 이내로",
        "블록 상하단의 겹침 길이는 블록길이의 1/3~1/2를 원칙으로"
      ],
      "answer": null,
      "explanation": ""
    },
    {
      "no": 67,
      "question": "네트워크공정표의 단점이 아닌 것은?",
      "options": [
        "다른 공정표에 비하여 작성시간이 많이 필요하다. 70. 시험말뚝에 변형률계(strain gauge)와 가속도계",
        "작성 및 검사에 특별한 기능이 요구된다. (accelerometer)를 부착하여 말뚝항타에 의한 파형으로부터",
        "진척관리에 있어서 특별한 연구가 필요하다. 지지력을 구하는 시험은?",
        "정적재하시험 ② 동적재하시험 하며, 말뚝 세운 후 검측은 직교하는 2방향으로부터 하여야 한",
        "비비 시험 ④ 인발 시험 다.",
        "말뚝의 연직도나 경사도는 1/100 이내로하고, 평면상의 위치"
      ],
      "answer": null,
      "explanation": ""
    },
    {
      "no": 71,
      "question": "지하 합벽거푸집에서 측압에 대비하여 버팀대를 삼각형으로\n1/50 , D/4\n일체화한 공법은?\n[해설작성자 : 대다]",
      "options": [
        "1회용 리브라스 거푸집 ② 와플 거푸집",
        "무폼타이 거푸집 ④ 단열 거푸집"
      ],
      "answer": null,
      "explanation": ""
    },
    {
      "no": 2,
      "question": "와플 거프집 : 무량판 구조 또는 평판 구조에서 특수 상자 모\n말뚝의 연직도나 경사도는 1/50 이내로 하고, 말뚝박기 후 평면\n양의 기성재 거푸집\n상의 위치가 설계도면의 위치로부터 D/4(D는 말뚝의 바깥지름)\n[해설작성자 : 스머프]\n와 100 mm 중 큰 값 이상으로 벗어나지 않아야 한다.\n=>정답 1번 (다시한번 확인 하였습니다.)\n암기법\n[해설작성자 : 쌍기사]\n\"무에타이\"는 \"삼각형\" 운동복 입고 경기를 한다.\n[해설작성자 : 강자존] 74. 제자리 콘크리트 말뚝지정 중 베노토 파일의 특징에 관한\n설명으로 옳지 않은 것은?",
      "options": [],
      "answer": 0,
      "explanation": ""
    },
    {
      "no": 72,
      "question": "부재별 철근의 정착위치에 관한 설명으로 옳지 않은 것은?",
      "options": [
        "기계가 저가이고 굴착속도가 비교적 빠르다.",
        "작은보의 주근은 슬래브에 정착한다.",
        "케이싱을 지반에 압입해 가면서 관 내부토사를 특수한",
        "기둥의 주근은 기초에 정착한다.",
        "바닥철근은 보 또는 벽체에 정착한다.",
        "말뚝구멍의 굴착 후에는 철근콘크리트 말뚝을 제자리치",
        "벽철근은 기둥, 보 또는 바닥판에 정착한다.",
        "여러 지질에 안전하고 정확하게 시공할 수 있다."
      ],
      "answer": null,
      "explanation": ""
    },
    {
      "no": 1,
      "question": "보의 주근은 기둥에 정착한다.\n굴착속도도 비교적 느림",
      "options": [],
      "answer": null,
      "explanation": ""
    },
    {
      "no": 2,
      "question": "작은보의 주근은 큰 보에 정착한다.\n[해설작성자 : comcbt.com 이용자]",
      "options": [],
      "answer": null,
      "explanation": ""
    },
    {
      "no": 3,
      "question": "직교하는 단부 보 밑에 기둥이 없을 때는 상호간에 정착한다.\n[해설작성자 : 건안기합격하자] 75. 철골 공사 중 현장에서 보수도장이 필요한 부위에 해당되지\n않는 것은?",
      "options": [],
      "answer": null,
      "explanation": ""
    },
    {
      "no": 73,
      "question": "다음은 표준시방서에 따른 기성말뚝 세우기 작업 시 준수사",
      "options": [
        "현장 용접을 한 부위",
        "현장접합 재료의 손상부위",
        "조립상 표면접합이 되는 면",
        "운반 또는 양중 시 생긴 손상부위"
      ],
      "answer": null,
      "explanation": ""
    },
    {
      "no": 1,
      "question": "현장접합에 의한 볼트류의 두부, nut, washer",
      "options": [],
      "answer": null,
      "explanation": ""
    },
    {
      "no": 2,
      "question": "현장용접을 한 부분",
      "options": [],
      "answer": null,
      "explanation": ""
    },
    {
      "no": 3,
      "question": "현장에서 접합한 재료의 손상 부분과 도장을 안한 부분",
      "options": [
        "A : 1/50, B : D/4 ② A : 1/100, B : D/4"
      ],
      "answer": null,
      "explanation": ""
    },
    {
      "no": 4,
      "question": "운반 또는 양중시에 생긴 손상 부분\n③ A : 1/50, B : D/2 ④ A : 1/100, B : D/2\n[해설작성자 : 건안기합격하자]\n<문제 해설>\n[말뚝 세우기] 76. 웰포인트(well point)공법에 관한 설명을 옳지 않은 것은?",
      "options": [
        "A : 1/50, B : D/2 ④ A : 1/100, B : D/2",
        "시공기계는 정확한 설치를 위해 견고한 지반위의 정확한 위 ① 강제배수공법의 일종이다.",
        "투수성이 비교적 낮은 사질실트층까지도 배수가 가능하",
        "정확한 규준틀을 설치하고 중심선 표시를 용이하게 하여야 다.",
        "흙의 안전성을 대폭 향상시킨다. 항",
        "인근 건축물의 침하에 영향을 주지 않는다. [해설작성자 : 건안기합격하자]"
      ],
      "answer": null,
      "explanation": ""
    },
    {
      "no": 80,
      "question": "지하연속벽(Slurry wall) 굴착 공사 중 공벽붕괴의 원인으로\n[해설작성자 : ㅁㅁ]\n보기 어려운 것은?",
      "options": [],
      "answer": null,
      "explanation": ""
    },
    {
      "no": 77,
      "question": "갱폼(Gang Form)에 관한 설명으로 옳지 않은 것은?",
      "options": [
        "지하수위의 급격한 상승",
        "타워크레인, 이동식 크레인 같은 양중장비가 필요하다. ② 안정액의 급격한 점도 변화",
        "벽과 바닥의 콘크리트 타설을 한번에 가능하게 하기 위 ③ 물다짐하여 매립한 지반에서 시공",
        "공사 시 공법의 특성으로 발생하는 심한 진동",
        "공사초기 제작기간이 길고 투자비가 큰 편이다. <문제 해설>",
        "경제적인 전용횟수는 30~40회 정도이다. [지하연속벽(slurry wall)공법]",
        "저소음, 저진동 공법, 인접건물의 근접시공이 가능한 안정적"
      ],
      "answer": null,
      "explanation": ""
    },
    {
      "no": 2,
      "question": "벽과 바닥의 콘크리트 타설을 한 번에 가능하게하기 위하여 공법.\n벽체 및 슬래브거푸집을 일체로 제작 한다. ② 차수성이 우수하며 물막이 벽체로도 가능하다.\n해설 : 2번은 ㄱ형 혹은 ㄷ형 터널폼 에 대한 설명이다. ③ 벽체 강성이 커서 본 구조체로 이용이 가능하며, 수평 변위\n[해설작성자 : comcbt.com 이용자] 에 대해 안정적이며, 영구 지하 벽체나 깊은 기초 적용이 가능\n하다..\n테이블폼( 플라잉폼) - 거푸집, 멍에, 장선 등을 일체로 제작하 ④ 임의형상 치수가 가능하며 지반조건에 좌우되지 않는다..\n여 수평, 수직 이동이 가능하고, 전용성 및 시공정밀도가 우수하 ⑤ 시공비가 비싸며, 수평연속성이 부족하고, 장비가 크고 이동\n며, 외력에 대한 안전성이 크다 이 느림.\n[해설작성자 : 제이제이2] [해설작성자 : David.T.Lee]",
      "options": [
        "차수성이 우수하며 물막이 벽체로도 가능하다.",
        "벽체 강성이 커서 본 구조체로 이용이 가능하며, 수평 변위",
        "임의형상 치수가 가능하며 지반조건에 좌우되지 않는다..",
        "시공비가 비싸며, 수평연속성이 부족하고, 장비가 크고 이동"
      ],
      "answer": null,
      "explanation": ""
    },
    {
      "no": 78,
      "question": "철골기둥의 이음부분 면을 절삭가공기를 사용하여 마감하고\n공사시 천공할때 생기는 진동은 자연스러운 현상.\n충분히 밀착시킨 이음에 해당하는 용어는?\n외부 진동에의한 경우 붕괴위험이 있음",
      "options": [
        "밀 스케일(mill scale)",
        "스캘럽(scallop)",
        "스패터(spatter)",
        "메탈 터치(metal touch)",
        "회반죽 ② 회사벽",
        "석고 플라스터 ④ 돌로마이트 플라스터"
      ],
      "answer": null,
      "explanation": ""
    },
    {
      "no": 79,
      "question": "공사의 도급계약에 명시하여야 할 사항과 가장 거리가 먼\n것은? (단, 첨부서류가 아닌 계약서 상 내용을 의미) 82. 부재 두께의 증가에 따른 강도저하, 용접성 확보 등에 대응",
      "options": [
        "공사내용 하기 위해 열간압연 시 냉각조건을 조절하여 냉각속도에 의",
        "구조설계에 따른 설계방법의 종류 해 강도를 상승시킨 구조용 특수강재는?",
        "공사착수의 시기와 공사완성의 시기 ① 일반구조용 압연강재",
        "하자담보책임기간 및 담보방법 ② 용접구조용 압연강재",
        "TMC 강재",
        "내후성 강재"
      ],
      "answer": null,
      "explanation": ""
    },
    {
      "no": 1,
      "question": "공사내용(규모, 도급금액) <문제 해설>",
      "options": [],
      "answer": null,
      "explanation": ""
    },
    {
      "no": 2,
      "question": "공사착수시기, 완공시기(물가변동에 대한 도급액 변경) [TMC강재(Thermo Mechanical Control process steel, 제어열",
      "options": [],
      "answer": null,
      "explanation": ""
    },
    {
      "no": 3,
      "question": "도급액 지불방법, 지불시기 처리강)]",
      "options": [],
      "answer": null,
      "explanation": ""
    },
    {
      "no": 4,
      "question": "인도, 검사 및 인도시기 * 최근 구조물의 고층화, 대형화에 따라 용접성과 내진성이 뛰",
      "options": [],
      "answer": null,
      "explanation": ""
    },
    {
      "no": 5,
      "question": "설계변경, 공사중지의 경우 도급액 변경, 손해부담에 대한 사 어난 극후판의 고강도 강재가 필요하게 되었다\n기출문제 해설은 최강 자격증 기출문제 전자문제집 CBT : www.comcbt.com 통해서 실시간으로 변경됩니다.\n본 해설집은 최강 자격증 기출문제 전자문제집 CBT 해설달기 프로젝트에 의해서 만들어진 자료입니다. 해설을 제공해 주신 모든 분들께 감사 드립니다.\n건설안전기사 ◐ 2020년 09월 26일 필기 기출문제 및 해설집◑ 전자문제집 CBT :www.comcbt.com\n[해설작성자 : 건안기합격하자]",
      "options": [
        "소성가공과 열처리를 결합시킨 처리방법으로 제작한 것이"
      ],
      "answer": null,
      "explanation": ""
    },
    {
      "no": 86,
      "question": "알루미늄의 성질에 관한 설명으로 옳지 않은 것은?\nTMC강재이다..",
      "options": [
        "비중이 철에 비해 약 1/3 정도이다.",
        "냉각속도에 의해 강도를 상승시킨 구조용 특수강재",
        "황산, 인산 중에서는 침식되지만 염산 중에서는 침식되",
        "저탄소당량이면서 높은 강도와 인성을 가지며, 용접성이 우",
        "열, 전기의 양도체이며 반사율이 크다.",
        "두께 40mm 이상의 후강판에 대하여 일반강재는 약 10%의",
        "부식률을 대기 중의 습도와 염분함류량, 불순물의 양과",
        "일반 강재와 달리 40mm 극후판의 경우에도 별도의 예열없"
      ],
      "answer": null,
      "explanation": ""
    },
    {
      "no": 83,
      "question": "다음 중 고로시멘트의 특징으로 옳지 않은 것은?",
      "options": [
        "고로시멘트는 포틀랜드시멘트 클링커에 급랭한 고로슬래 알루미늄의 특성",
        "초기강도는 약간 낮으나 장기강도는 보통포틀랜드시멘트 1. 비중이 철의 1/3 정도이고, 역학적 성질이 우수하다.",
        "보통포틀랜드시멘트에 비해 화학저항성이 매우 낮다. 3. 내식성이 우수하며 가공이 쉽다.",
        "수화열이 적어 매스콘크리트에 적합하다. 4. 전연성이 좋아 판, 선으로 가공이 쉽고 주조도 가능하다."
      ],
      "answer": null,
      "explanation": ""
    },
    {
      "no": 3,
      "question": "콘크리트에 접하거나 흙 중에 매몰된 경우 부식된다.",
      "options": [],
      "answer": null,
      "explanation": ""
    },
    {
      "no": 84,
      "question": "목재를 이용한 가공제품에 관한 설명으로 옳은 것은?",
      "options": [],
      "answer": null,
      "explanation": ""
    },
    {
      "no": 4,
      "question": "상온에서 판, 선으로 압연가공하면 경도와 인장강도가 증가한",
      "options": [
        "집성재는 두께 1.5~3cm 의 널을 접착제로 섬유평행방"
      ],
      "answer": null,
      "explanation": ""
    },
    {
      "no": 5,
      "question": "연질이고 강도가 낮다.\n② 합판은 3매이상의 얇은 판을 1매마다 접착제로 섬유평행\n[해설작성자 : 건안기합격하자]\n방향으로 겹쳐 붙여서 만든 제품이다.\n③ 연질섬유판은 두께 50mm, 나비 100mm의 긴 판에 표면 87. 목재 건조 시 생재를 수중에 일정기간 침수시키는 주된 이\n을 리브로 가공하여 만든 제품이다. 유는?\n④ 파티클보드는 코르크나무의 수피를 분말로 가열, 성형,",
      "options": [
        "합판은 3매이상의 얇은 판을 1매마다 접착제로 섬유평행",
        "연질섬유판은 두께 50mm, 나비 100mm의 긴 판에 표면 87. 목재 건조 시 생재를 수중에 일정기간 침수시키는 주된 이",
        "파티클보드는 코르크나무의 수피를 분말로 가열, 성형, ① 재질을 연하게 만들어 가공하기 쉽게 하기 위하여",
        "목재의 내화도를 높이기 위하여",
        "강도를 크게 하기 위하여"
      ],
      "answer": null,
      "explanation": ""
    },
    {
      "no": 2,
      "question": "합판은 판을 섬유방향이 서로 직교되도록 붙인다 ④ 건조기간을 단축시키기 위하여",
      "options": [
        "건조기간을 단축시키기 위하여"
      ],
      "answer": null,
      "explanation": ""
    },
    {
      "no": 3,
      "question": "해당 내용은 코펜하겐 리브에 대한 설명이다 <문제 해설>",
      "options": [],
      "answer": null,
      "explanation": ""
    },
    {
      "no": 4,
      "question": "해당 내용은 코르크 판에 대한 설명이다 목재를 건조 시 생재를 수중에 침수하는 이유\n[해설작성자 : 호수624] 1. 목적은 건조기간을 단축",
      "options": [],
      "answer": null,
      "explanation": ""
    },
    {
      "no": 2,
      "question": "침수건조법",
      "options": [],
      "answer": null,
      "explanation": ""
    },
    {
      "no": 85,
      "question": "플라스틱 제품 중 비닐 레더(vinyl leather)에 관한 설명으로",
      "options": [],
      "answer": null,
      "explanation": ""
    },
    {
      "no": 3,
      "question": "목재를 물에 침수하여 수액을 뺀 후 대기에서 건조\n옳지 않은 것은?\n[해설작성자 : 건안기합격하자]",
      "options": [
        "색채, 모양, 무늬 등을 자유롭게 할 수 있다.",
        "면포로 된 것은 찢어지지 않고 튼튼하다. 88. 다음 중 방청도료에 해당되지 않는 것은?",
        "두께는 0.5~1mm이고 길이는 10m의 두루마리로 만든 ① 광명단조합페인트 ② 클리어 래커",
        "에칭프라이머 ④ 징크로메이트 도료",
        "커튼, 테이블크로스, 방수막으로 사용된다. <문제 해설>"
      ],
      "answer": null,
      "explanation": ""
    },
    {
      "no": 1,
      "question": "색채, 모양, 무늬 등을 자유롭게 할 수 있다. [해설작성자 : 스머프]",
      "options": [],
      "answer": null,
      "explanation": ""
    },
    {
      "no": 2,
      "question": "면포로 된 것은 찢어지지 않고 튼튼하다.",
      "options": [],
      "answer": null,
      "explanation": ""
    },
    {
      "no": 3,
      "question": "두께는 0.5~1mm 이고, 길이는 10m 이다. 방청 도료의 종류\n용도는 인공피혁으로 쓰임, 신발이나 자동차시트로 이용가능 1. 광명단(연단) 도료\n기출문제 해설은 최강 자격증 기출문제 전자문제집 CBT : www.comcbt.com 통해서 실시간으로 변경됩니다.\n본 해설집은 최강 자격증 기출문제 전자문제집 CBT 해설달기 프로젝트에 의해서 만들어진 자료입니다. 해설을 제공해 주신 모든 분들께 감사 드립니다.\n건설안전기사 ◐ 2020년 09월 26일 필기 기출문제 및 해설집◑ 전자문제집 CBT :www.comcbt.com",
      "options": [],
      "answer": null,
      "explanation": ""
    },
    {
      "no": 2,
      "question": "알루미늄 도료 4. 파키트리 패널 -> 주 재료가 목재",
      "options": [],
      "answer": null,
      "explanation": ""
    },
    {
      "no": 3,
      "question": "역청질 도료 [해설작성자 : 스머프]",
      "options": [],
      "answer": null,
      "explanation": ""
    },
    {
      "no": 4,
      "question": "징크로메이트 도료",
      "options": [],
      "answer": null,
      "explanation": ""
    },
    {
      "no": 5,
      "question": "위시프라이머 파키트리 :트리는 나무죠!",
      "options": [],
      "answer": null,
      "explanation": ""
    },
    {
      "no": 6,
      "question": "방청산화철 도료 [해설작성자 : 23년4회응시자]",
      "options": [],
      "answer": null,
      "explanation": ""
    },
    {
      "no": 7,
      "question": "규산염 도료",
      "options": [],
      "answer": null,
      "explanation": ""
    },
    {
      "no": 92,
      "question": "다음 각 도료에 관한 설명으로 옳지 않은 것은?",
      "options": [
        "유성페인트 : 건조시간이 길고 피막이 튼튼하고 광택이",
        "수성페인트 : 유성페인트에 비하여 광택이 매우 우수하"
      ],
      "answer": null,
      "explanation": ""
    },
    {
      "no": 89,
      "question": "보통시멘트콘크리트와 비교한 폴리머 시멘트콘크리트의 특 고 내구성 및 내마모성이 크다.\n징으로 옳지 않은 것은? ③ 합성수지 페인트 : 도막이 단단하고내산성 및 내알칼리",
      "options": [
        "합성수지 페인트 : 도막이 단단하고내산성 및 내알칼리",
        "유동성이 감소하여 일정 워커빌리티를 얻는데 필요한 물 성이 우수하다.",
        "에나멜페인트 : 건조가 빠르고, 내수성 및 내약품성이 우",
        "모르타르, 강재, 목재 등의 각종 재료와 잘 접착한다. 수하다.",
        "방수성 및 수밀성이 우수하고 동결융해에 대한 저항성이 <문제 해설>",
        "휨, 인장강도 및 신장능력이 우수하다. 당"
      ],
      "answer": null,
      "explanation": ""
    },
    {
      "no": 93,
      "question": "경질우레탄폼 단열재에 관한 설명으로 옳지 않은 것은?",
      "options": [
        "포틀랜드 시멘트에 플리머(고무류의 라텍스 또는 열가소성수",
        "규격은 한국산업표준(KS)에 규정되어 있다.",
        "공사현장에서 발포시공이 가능하다.",
        "모르타르, 강재, 목재 등의 각종 재료와 잘 접착한다.",
        "사용시간이 경과함에 따라 부피가 팽창하는 결점이 있",
        "방수성 및 수밀성이 우수하고 동결융해에 대한 저항성이 양",
        "초저온 장치용 보냉제로 사용된다.",
        "휨, 인장강도, 신장능력, 방수, 내약품성, 내충격성, 내마모성"
      ],
      "answer": null,
      "explanation": ""
    },
    {
      "no": 90,
      "question": "실리콘(silicon)수지에 관한 설명으로 옳지 않은 것은? [해설작성자 : David.T.Lee]",
      "options": [
        "실리콘수지는 내열성, 내한성이 우수하여 –60~260℃의"
      ],
      "answer": null,
      "explanation": ""
    },
    {
      "no": 94,
      "question": "콘크리트용 골재의 요구성능에 관한 설명으로 옳지 않은 것\n범위에서 안정하다.\n은?\n② 탄성을 지니고 있고, 내후성도 우수하다.",
      "options": [
        "탄성을 지니고 있고, 내후성도 우수하다.",
        "골재의 강도는 경화한 시멘트페이스트 강도보다 클 것",
        "발수성이 있기 때문에 건축물, 전기 절연물 등의 방수에",
        "골재의 형태가 예각이며, 표면은 매끄러울 것",
        "골재의 입형이 둥글고 입도가 고를 것",
        "도료로 사용할 경우 안료로서 알루미늄 분말을 혼합한",
        "먼지 또는 유기불순물을 포함하지 않을 것",
        "무색, 무취이며, 내열성, 내한성이 우수하여 -60~260℃의",
        "내수성, 내화학성, 전기절연, 탄성을 지니고 있고, 내후성도",
        "발수성이 있기 때문에 건축물, 전기 절연물 등의 방수에 쓰"
      ],
      "answer": null,
      "explanation": ""
    },
    {
      "no": 95,
      "question": "양질의 도토 또는 장석분을 원료로 하며, 흡수율이 1% 이하\n인다.\n로 거의 없고 소성온도가 약 1230~1460℃인 점포 제품은?\n④ 방수제, 접착제, 도료, 실링재, 가스켓, 패킹제로 사용된다.",
      "options": [
        "방수제, 접착제, 도료, 실링재, 가스켓, 패킹제로 사용된다.",
        "토기 ② 석기",
        "자기 ④ 도기"
      ],
      "answer": null,
      "explanation": ""
    },
    {
      "no": 91,
      "question": "다음 제품 중 점토로 제작된 것이 아닌 것은?\n점토제품 소성온도",
      "options": [
        "경량벽돌 ② 테라코타",
        "위생도기 ④ 파키트리 패널"
      ],
      "answer": null,
      "explanation": ""
    },
    {
      "no": 99,
      "question": "한중 콘크리트의 배합에 관한 설명으로 옳지 않은 것은?",
      "options": [],
      "answer": null,
      "explanation": ""
    },
    {
      "no": 96,
      "question": "콘크리트의 워커빌리티(workability)에 관한 설명으로 옳지",
      "options": [
        "한중 콘크리트에는 일반콘크리트만을 사용하고, AE콘크",
        "과도하게 비빔시간이 길면 시멘트의 수화를 촉진하여 워 ② 단위수량은 초기동해를 적게 하기 위하여 소요의 워커빌",
        "단위수량을 너무 증가시키면 재료분리가 생기기 쉽기 때 야 한다.",
        "물-결합재비는 원칙적으로 60% 이하로 하여야 한다.",
        "AE제를 혼입하면 워커빌리티가 좋아진다. ④ 배합강도 및 물-결합재비는 적산온도방식에 의해 결정할",
        "깬자갈이나 깬모래를 사용할 경우, 잔골재율을 작게 하 수 있다."
      ],
      "answer": null,
      "explanation": ""
    },
    {
      "no": 100,
      "question": "유리의 주성분 중 가장 많이 함유되어 있는 것은?\n[해설작성자 : ㅇㅇ]",
      "options": [
        "CaO ② SiO",
        "Al O ④ MgO"
      ],
      "answer": null,
      "explanation": ""
    },
    {
      "no": 1,
      "question": "쇄석을 사용하면 워커빌리티가 저하한다.\n규산유리(SiO2)",
      "options": [],
      "answer": null,
      "explanation": ""
    },
    {
      "no": 2,
      "question": "빈배합의 워커빌리티가 좋다.",
      "options": [],
      "answer": null,
      "explanation": ""
    },
    {
      "no": 1,
      "question": "석영유리 또는 용융수정유리라고 하는 것인데 규산 SiO2 를\n[해설작성자 : 건안기합격하자]",
      "options": [],
      "answer": null,
      "explanation": ""
    },
    {
      "no": 99,
      "question": "5[%]를 함유하고 있다.",
      "options": [],
      "answer": null,
      "explanation": ""
    },
    {
      "no": 2,
      "question": "열팽창률이 매우 작고 (선팽창계수가 약 0.5* 10－6), 내열성\n4번. 잔골재율 높아지면->재료분리 잘 생김->워커빌리티 나빠\n도 크다\n짐\n[해설작성자 : 건안기합격하자]\n4번. 잔골재율 낮아지면->(동일 워커빌리티 얻기위해 단\n위수량 상승) 재료분리 잘 안 생김->워커빌리티 좋아짐\n*w/c 상승->단위수량 상승->워커빌리티 하락 6과목 : 건설안전기술\n*w/c 하락, 단위수량 하락, 단위시멘트량 하락이 가장 좋음 (배",
      "options": [],
      "answer": null,
      "explanation": ""
    },
    {
      "no": 101,
      "question": "비계의 높이가 2m 이상의 작업장소에 설치하는 작업발판\n합의 원칙)\n의 설치기준으로 옳지 않은 것은? (단, 달비계, 달대비계\n*재료분리 낮을 수록 좋음\n및 말비계는 제외)\n[해설작성자 : 토목전공생]",
      "options": [
        "작업발판의 폭은 40cm 이상으로 한다.",
        "작업발판재료는 뒤집히거나 떨어지지 않도록 하나 이상"
      ],
      "answer": null,
      "explanation": ""
    },
    {
      "no": 97,
      "question": "건축물에 사용되는 천장마감재의 요구성능으로 옳지 않은\n의 지지물에 연결하거나 고정시킨다.\n것은?\n③ 발판재료 간의 틈은 3cm 이하로 한다.",
      "options": [
        "발판재료 간의 틈은 3cm 이하로 한다.",
        "내충격성 ② 내화성",
        "작업발판의 지지물은 하중에 의하여 파괴될 우려가 없는",
        "흡음성 ④ 차음성"
      ],
      "answer": null,
      "explanation": ""
    },
    {
      "no": 1,
      "question": "흡음성\n[해설작성자 : ㅇㅇ]",
      "options": [],
      "answer": null,
      "explanation": ""
    },
    {
      "no": 2,
      "question": "내화성",
      "options": [],
      "answer": null,
      "explanation": ""
    },
    {
      "no": 3,
      "question": "차음성",
      "options": [],
      "answer": null,
      "explanation": ""
    },
    {
      "no": 102,
      "question": "NATM공법 터널공사의 경우 록 볼트 작업과 관련된 계측\n[해설작성자 : 건안기합격하자]\n결과에 해당되지 않은 것은?",
      "options": [
        "내공변위 측정 결과 ② 천단침하 측정 결과"
      ],
      "answer": null,
      "explanation": ""
    },
    {
      "no": 98,
      "question": "세라믹재료의 일반적인 특성에 관한 설명으로 옳지 않은 것\n③ 인발시험 결과 ④ 진동 측정 결과\n은?\n<문제 해설>",
      "options": [
        "인발시험 결과 ④ 진동 측정 결과",
        "내열성, 화학저항성이 우수하다.",
        "전·연성이 매우 뛰어나 가공이 용이하다.",
        "터널 내 육안조사(구조물이나 변형 상태 조사)",
        "단단하고, 압축강도가 높다.",
        "내공변위 측정",
        "전기절연성이 있다.",
        "천단침하 측정",
        "록볼트 인발시험 리트를 넣기 위함이다.",
        "록볼트 축력 측정 [해설작성자 : David.T.Lee]"
      ],
      "answer": null,
      "explanation": ""
    },
    {
      "no": 106,
      "question": "화물취급작업과 관련한 위험방지를 위해 조치하여야 할 사\n항으로 옳지 않은 것은?\n터널안에서 진동을 주면 무너진다....ㅎ",
      "options": [
        "하역작업을 하는 장소에서 작업장 및 통로의 위험한 부"
      ],
      "answer": null,
      "explanation": ""
    },
    {
      "no": 103,
      "question": "거푸집동바리 등을 조립하는 경우에 준수하여야 할 사항으 ② 하역작업을 하는 장소에서 부두 또는 안벽의 선을 따라\n로 옳지 않은 것은? 통로를 설치하는 경우에는 폭을 50cm 이상으로 할 것",
      "options": [
        "하역작업을 하는 장소에서 부두 또는 안벽의 선을 따라",
        "깔목의 사용, 콘크리트 타설, 말뚝박기 등 동바리의 침하 ③ 차량 등에서 화물을 내리는 작업을 하는 경우에 해당 작",
        "개구부 상부에 동바리를 설치하는 경우에는 상부하중을 물을 빼내도록 하지 말 것",
        "꼬임이 끊어진 섬유로프 등을 화물운반용 또는 고정용으",
        "거푸집이 곡면인 경우에는 버팀대의 부착 등 그 거푸집 로 사용하지 말 것",
        "동바리의 이음은 맞댄이음이나 장부이음을 피할 것 하역작업 통로 폭 90cm"
      ],
      "answer": null,
      "explanation": ""
    },
    {
      "no": 107,
      "question": "유해위험방지 계획서를 제출하려고 할 때 그 첨부서류와\n제품을 사용 할 것\n가장 거리가 먼 것은?\n[해설작성자 : David.T.Lee]",
      "options": [
        "공사개요서"
      ],
      "answer": null,
      "explanation": ""
    },
    {
      "no": 104,
      "question": "불도저를 이용한 작업 중 안전조치사항으로 옳지 않은 것 ② 산업안전보건관리비 작성요령\n은? ③ 전체 공정표",
      "options": [
        "산업안전보건관리비 작성요령",
        "전체 공정표",
        "작업종료와 동시에 삽날을 지면에서 띄우고 주차 제동장 ④ 재해 발생 위험 시 연락 및 대피방법",
        "모든 조종간은 엔진 시동전에 중립 위치에 놓는다. [유해위험방지 계획서 - 첨부서류]",
        "장비의 승차 및 하차 시 뛰어내리거나 오르지 말고 안전 ① 공사개요서",
        "전체 공정표",
        "야간작업 시 자주 장비에서 내려와 장비 주위를 살피며 ③ 재해 발생 위험 시 연락 및 대피방법",
        "공사현장 주변 현황 및 주변과의 관계를 나타내는 도면",
        "건설물, 사용 기계설비 등의 배치 도면",
        "작업종료와 동시에 삽날을 지면에 밀착시키고 주차 제동장치 ⑥ 산업안전보건관리비 사용계획"
      ],
      "answer": null,
      "explanation": ""
    },
    {
      "no": 105,
      "question": "콘크리트 타설작업과 관련하여 준수하여야 할 사항으로 가 108. 건설재해대책의 사면보호공법 중 식물을 생육시켜 그 뿌리\n장 거리가 먼 것은? 로 사면의 표층토를 고정하여 빗물에 의한 침식, 동상, 이",
      "options": [
        "당일의 작업을 시작하기 전에 해당 작업에 관한 거푸집 완 등을 방지하고, 녹화에 의한 경관조성을 목적으로 시공",
        "식생공 ② 쉴드공",
        "콘크리트를 타설하는 경우에는 편심이 발생하지 않도록 ③ 뿜어 붙이기공 ④ 블록공",
        "진동기의 사용은 많이 할수록 균일한 콘크리트를 얻을 [식생공법의 종류]",
        "식생공 = 법면에 식물을 번식시켜 법면의 침식과 표면 활동",
        "설계도서상의 콘크리트 양생기간을 준수하여 거푸집동바 방지",
        "떼붙임공 = 떼를 일정한 간격으로 심어서 비탈면을 보호하는",
        "진동기의 사용은 거푸집 구석까지 충전시키고 밀실하게 콘크 ③ 식수공 = 식생공, 떼붙임공으로 부족할 경우 나무를 심어서",
        "파종공 = 종자, 비료, 안정제, 흙 등을 혼합하여 입력으로 비"
      ],
      "answer": null,
      "explanation": ""
    },
    {
      "no": 109,
      "question": "건설현장에 설치하는 사다리식 통로의 설치기준을 옳지 않\n은 것은?\nN치",
      "options": [
        "발판과 벽과의 사이는 15cm 이상의 간격을 유지할 것",
        "발판의 간격은 일정하게 할 것",
        "사다리의 상단은 걸쳐놓은 지점으로부터 60cm 이상 올",
        "사다리식 통로의 길이가 10m 이상인 경우에는 3m 이내",
        "50% ② 60%",
        "70% ④ 80%",
        "견고한 구조로, 계단의 간격은 동일하게, 발판의 간격은 일정 <문제 해설>",
        "답단과 벽과의 사이는 15cm 이상의 간격을 유지할 것 • 대상액 5억원 미만 또는 50억원 이상 : 대상액 x 비율",
        "사다리의 전위방지를 위하 조치를 할 것 • 대상액 5억원 이상 50억원 미만 : (대상액 x 비율) + 기초액",
        "사다리의 상단은 걸쳐놓은 지점으로부터 60m 이상 올라가도 • 대상액이 구분되지 않는 경우 : 총 공사금액의 70%를 대상액",
        "갱내 사다리식 통로의 길이가 10m 이상인 때에는 5m 이내 - 단, 발주자가 재료를 제공하거나 물품이 완제품의 형태로"
      ],
      "answer": null,
      "explanation": ""
    },
    {
      "no": 110,
      "question": "표준관입시험에 관한 설명으로 옳지 않은 것은?\n를 초과할 수 없다.",
      "options": [
        "N치(N-value)는 지반을 30cm 굴진하는데 필요한 타격",
        "N치가 4~10일 경우 모래의 상대밀도는 매우 단단한 편",
        "63.5kg 무게의 추를 76cm 높이에서 자유낙하하여 타격",
        "사질지반에 적용하며, 점토지반에서는 편차가 커서 신뢰"
      ],
      "answer": null,
      "explanation": ""
    },
    {
      "no": 8,
      "question": "안전대\n[추가 오류 신고] [해설작성자 : 건안기합격하자]\n에듀윌 7개년기출문제집(23년8월 초판)상에\n건설업 산업안전보건관리비 계상 및 사용기준이 개정됨에 따라 개구부 등의 방호조치\n해당 내용은 삭제되었습니다.로 기재 1) 안전난간, 울타리, 수직형 추락방망 또는 덮개 등(\"난간등\")을\n[해설작성자 : 망고짱] 설치한다\n2) 덮개 등의 방호조치를 충분한 강도를 가진 구조로 튼튼하게\n[오류신고 반론] 설치하여야 하며, 덮개를 설치하는 경우에는 뒤집히거나 떨어지\n. 대상액이 명확하지 않은 경우: 제4조제1항의 도급계약 또는 지 않도록 설치하여야 한다\n자체사업계획상 책정된 총공사금액의 10분의 7에 해당하는 금액 이 경우 어두운 장소에서도 알아볼 수 있도록 개구부임을 표시\n을 대상액으로 하고 제1호 및 제2호에서 정한 기준에 따라 계상 하여야 한다\n[해설작성자 : 아직 있네요] 3) 난간등을 설치하는 것이 매우 곤란하거나 작업의 필요상 임\n시로 난간등을 해체하여야 하는 경우 추락방호망을 설치하여야\n[오류신고 반론] 한다",
      "options": [],
      "answer": null,
      "explanation": ""
    },
    {
      "no": 3,
      "question": "대상액이 명확하지 않은 경우: 제4조제1항의 도급계약 또는 추락방호망을 설치하기 곤란한 경우에는 근로자에게 안전대를\n자체사업계획상 책정된 총공사금액의 10분의 7에 해당하는 금액 착용하도록 하는 등 추락할 위험을 방지하기 위하여 필요한 조\n을 대상액으로 하고 제1호 및 제2호에서 정한 기준에 따라 계상 치를 하여야 한다\n[해설작성자 : 아직 변경 안됬어요] [해설작성자 : 나도 안전인]",
      "options": [],
      "answer": null,
      "explanation": ""
    },
    {
      "no": 112,
      "question": "흙막이 지보공을 설치하였을 경우 정기적으로 점검하고 이 114. 산업안전보건법령에 따른 양중기의 종류에 해당하지 않는\n상을 발견하면 즉시 보수하여야 하는 사항과 가장 거리가 것은?\n먼 것은?",
      "options": [
        "곤돌라 ② 리프트",
        "부재의 접속부·부착부 및 교차부의 상태 ③ 클램쉘 ④ 크레인",
        "버팀대의 긴압(緊壓)의 정도 <문제 해설>",
        "부재의 손상·변형·부식·변위 및 탈락의 유무와 상태 3. 클램쉘 → 준설 버킷",
        "지표수의 흐름 상태 [해설작성자 : 스머프]",
        "사업주는 흙막이 지보공을 설 ① 크레인(호이스트 포함)",
        "이동식 크레인",
        "리프트"
      ],
      "answer": null,
      "explanation": ""
    },
    {
      "no": 1,
      "question": "부재의 손상ㆍ변형ㆍ부식ㆍ변위 및 탈락의 유무와 상태 ④ 곤돌라",
      "options": [
        "곤돌라"
      ],
      "answer": null,
      "explanation": ""
    },
    {
      "no": 2,
      "question": "버팀대의 긴압(緊壓)의 정도 ⑤ 승강기",
      "options": [
        "승강기"
      ],
      "answer": null,
      "explanation": ""
    },
    {
      "no": 3,
      "question": "부재의 접속부ㆍ부착부 및 교차부의 상태 [해설작성자 : David.T.Lee]",
      "options": [],
      "answer": null,
      "explanation": ""
    },
    {
      "no": 4,
      "question": "침하의 정도",
      "options": [],
      "answer": null,
      "explanation": ""
    },
    {
      "no": 115,
      "question": "철골용접부의 내부결함을 검사하는 방법으로 가장 거리가\n[해설작성자 : paintier]\n먼 것은?(문제 오류로 가답안 발표시 1번으로 발표되었지",
      "options": [],
      "answer": null,
      "explanation": ""
    },
    {
      "no": 113,
      "question": "작업발판 및 통로의 끝이나 개구부로서 근로자가 추락할 만 확정답안 발표시 1, 3, 4번이 정답처리 되었습니다. 여\n위험이 있는 장소에서 난간등의 설치가 매우 곤란하거나 기서는 가답안인 1번을 누르시면 정답 처리 됩니다.)\n작업의 필요상 임시로 난간등을 해체하여야 하는 경우에",
      "options": [
        "알칼리 반응 시험",
        "방사선 투과시험",
        "구명구 ② 수직보호망 ③ 자기분말 탐상시험",
        "석면포 ④ 추락방호망 ④ 침투 탐상시험"
      ],
      "answer": null,
      "explanation": ""
    },
    {
      "no": 1,
      "question": "비계 [1. 용접부 내부검사 방법]",
      "options": [],
      "answer": null,
      "explanation": ""
    },
    {
      "no": 2,
      "question": "추락방호망 1. 방사선 투과시험(RT)\n기출문제 해설은 최강 자격증 기출문제 전자문제집 CBT : www.comcbt.com 통해서 실시간으로 변경됩니다.\n본 해설집은 최강 자격증 기출문제 전자문제집 CBT 해설달기 프로젝트에 의해서 만들어진 자료입니다. 해설을 제공해 주신 모든 분들께 감사 드립니다.\n건설안전기사 ◐ 2020년 09월 26일 필기 기출문제 및 해설집◑ 전자문제집 CBT :www.comcbt.com",
      "options": [],
      "answer": null,
      "explanation": ""
    },
    {
      "no": 2,
      "question": "초음파 탐상시험(UT) 4. 난간기둥은 상부 난간대와 중간 난간대를 견고하게 떠받칠\n수 있도록 적정한 간격을 유지할 것\n[2. 용접부 표면검사방법] 5. 상부 난간대와 중간 난간대는 난간 길이 전체에 걸쳐 바닥면",
      "options": [],
      "answer": null,
      "explanation": ""
    },
    {
      "no": 1,
      "question": "육안검사 등과 평행을 유지할 것",
      "options": [],
      "answer": null,
      "explanation": ""
    },
    {
      "no": 2,
      "question": "액체침투탐상시험(PT) 6. 난간대는 지름 2.7센티미터 이상의 금속제 파이프나 그 이상",
      "options": [],
      "answer": null,
      "explanation": ""
    },
    {
      "no": 3,
      "question": "자분탐상시험(MT) 의 강도가 있는 재료일 것\n[해설작성자 : 건안기합격하자] 7. 안전난간은 구조적으로 가장 취약한 지점에서 가장 취약한\n방향으로 작용하는 100킬로그램 이상의 하중에 견딜 수 있는 튼\n알카리 반응 시험 → 골재시험 튼한 구조일 것\n[해설작성자 : comcbt.com 이용자] [해설작성자 : comcbt.com 이용자]",
      "options": [],
      "answer": null,
      "explanation": ""
    },
    {
      "no": 116,
      "question": "도심지 폭파해체공법에 관한 설명으로 옳지 않은 것은?\n상부난간대",
      "options": [
        "장기간 발생하는 진동, 소음이 적다.",
        "해체 속도가 빠르다.",
        "주위의 구조물에 끼치는 영향이 적다.",
        "많은 분진 발생으로 민원을 발생시킬 우려가 있다."
      ],
      "answer": null,
      "explanation": ""
    },
    {
      "no": 1,
      "question": "장기간 발생하는 진동, 소음이 적다.",
      "options": [],
      "answer": null,
      "explanation": ""
    },
    {
      "no": 2,
      "question": "해체 속도가 빠르다.\n중간난간대",
      "options": [],
      "answer": null,
      "explanation": ""
    },
    {
      "no": 3,
      "question": "많은 분진 발생으로 민원을 발생시킬 우려가 있다.\n→ 난간간의 간격은 60센티미터 이하이고, 균등하게 가운데 설",
      "options": [],
      "answer": null,
      "explanation": ""
    },
    {
      "no": 4,
      "question": "주위의 구조물에 끼치는 영향이 매우 크다.\n치하면 됩니다.\n[해설작성자 : 건안기합격하자]\n[해설작성자 : comcbt.com 이용자]",
      "options": [],
      "answer": null,
      "explanation": ""
    },
    {
      "no": 117,
      "question": "근로자의 추락 등의 위험을 방지하기 위한 안전난간의 설",
      "options": [],
      "answer": null,
      "explanation": ""
    },
    {
      "no": 118,
      "question": "말비계를 조립하여 사용하는 경우 지주부재와 수평면의 기\n치요건에서 상부난간대를 120cm이상 지점에 설치하는 경\n울기는 얼마 이하로 하여야 하는가?\n우 중간난간대를 최소 몇 단 이상 균등하게 설치하여야 하",
      "options": [
        "65° ② 70°",
        "75° ④ 80°",
        "2단 ② 3단",
        "4단 ④ 5단"
      ],
      "answer": null,
      "explanation": ""
    },
    {
      "no": 31,
      "question": "> 면의 기울기 기준으로 옳은 것은?(2021년 11월 19일 변경\n된 규정 적용됨)",
      "options": [],
      "answer": null,
      "explanation": ""
    },
    {
      "no": 1,
      "question": "상부 난간대, 중간 난간대, 발끝막이판 및 난간기둥으로 구성",
      "options": [
        "1 : 0.5 ② 1 : 0.8",
        "1 : 1.0 ④ 1 : 1.5"
      ],
      "answer": null,
      "explanation": ""
    },
    {
      "no": 2,
      "question": "상부 난간대는 바닥면ㆍ발판 또는 경사로의 표면(이하 “바닥 2023년 11월 14일 개정된 규정(산업안전보건기준에 관항 규칙\n면등”이라 한다)으로부터 90센티미터 이상 지점에 설치하고, 상 [별표11])\n부 난간대를 120센티미터 이하에 설치하는 경우에는 중간 난간 굴착면의 기울기 기준 (제 339조제1항 관련)\n대는 상부 난간대와 바닥면등의 중간에 설치하여야 하며, 120센 ----------암반-----------\n티미터 이상 지점에 설치하는 경우에는 중간 난간대를 2단 이상 모래 : 1 : 1.8(추가)\n으로 균등하게 설치하고 난간의 상하 간격은 60센티미터 이하가 연암 및 풍화암 : 1 : 1.0\n되도록 할 것. 다만, 계단의 개방된 측면에 설치된 난간기둥 간 경암 : 1 : 0.5\n의 간격이 25센티미터 이하인 경우에는 중간 난간대를 설치하지 그 밖의 흙 : 1 : 1.2(추가)\n아니할 수 있다. ----------보통흙----------",
      "options": [],
      "answer": null,
      "explanation": ""
    },
    {
      "no": 3,
      "question": "발끝막이판은 바닥면등으로부터 10센티미터 이상의 높이를 습지 : 1:1.0 ~ 1:1.5\n유지할 것. 다만, 물체가 떨어지거나 날아올 위험이 없거나 그 건지 : 1:0.5 ~ 1:1.0\n위험을 방지할 수 있는 망을 설치하는 등 필요한 예방 조치를",
      "options": [],
      "answer": null,
      "explanation": ""
    },
    {
      "no": 120,
      "question": "흙막이 공법을 흙막이 지지방식에 의한 분류와 구조방식에\n한 장소는 제외한다.\n기출문제 해설은 최강 자격증 기출문제 전자문제집 CBT : www.comcbt.com 통해서 실시간으로 변경됩니다.\n본 해설집은 최강 자격증 기출문제 전자문제집 CBT 해설달기 프로젝트에 의해서 만들어진 자료입니다. 해설을 제공해 주신 모든 분들께 감사 드립니다.\n건설안전기사 ◐ 2020년 09월 26일 필기 기출문제 및 해설집◑ 전자문제집 CBT :www.comcbt.com\n의한 분류로 나눌 때 다음 중 지지방식에 의한 분류에 해\n당하는 것은?",
      "options": [
        "수평 버팀대식 흙막이 공법",
        "H-Pile 공법",
        "지하연속벽 공법",
        "Top down method 공법"
      ],
      "answer": null,
      "explanation": ""
    },
    {
      "no": 1,
      "question": "자립식 공법\n줄기초 흙막이 / 어미말뚝식 흙막이 / 연결재당겨매기식 흙막이 전자문제집 CBT 홈페이지 : www.comcbt.com\n기출문제 및 해설집 다운로드 : www.comcbt.com/xe",
      "options": [],
      "answer": null,
      "explanation": ""
    },
    {
      "no": 2,
      "question": "버팀대식 공법 전자문제집 CBT 앱(구글플레이) : [다운로드]\n수평버팀대식 / 경사버팀대식 / 어스앵커 공법\n[해설작성자 : 건안기합격하자] 전자문제집 CBT란?\n인터넷으로 종이 없이 문제를 풀고 자동채점하는 프로그램으로\n워드, 컴활, 기능사 등의 상설검정에서 사용하는 실제 프로그램\n방식입니다.\n해설을 제공하며 PC 버전 및 모바일 버전 완벽 연동\n교사용/학생용 관리기능도 제공합니다.\n오답 및 오탈자가 수정된 최신 자료와 해설은 전자문제집 CBT\n에서 확인하세요.\n1 2 3 4 5 6 7 8 9 10\n② ② ④ ③",
      "options": [
        "② ④ ③ ① ④ ② ③ ④ ①",
        "② ② ③ ③ ③ ③ ② ④ ②",
        "④ ② ① ④ ① ② ① ④ ④",
        "② ① ③ ③ ① ③ ② ③ ②",
        "② ③ ① ① ④ ④ ① ② ④",
        "④ ③ ② ③ ① ④ ③ ② ②",
        "② ③ ③ ① ② ④ ④ ② ②",
        "① ① ① ③ ④ ② ④ ② ④",
        "③ ③ ① ④ ② ④ ② ① ④",
        "② ③ ② ③ ④ ① ② ① ②",
        "④ ④ ① ③ ② ② ① ④ ②",
        "④ ④ ③ ① ③ ① ③ ③ ①"
      ],
      "answer": null,
      "explanation": ""
    }
  ]
}