{
  "title": "건설안전기사20170305(학생용) (1).pdf",
  "questions": [
    {
      "no": 1,
      "question": "산업안전보건법령상 안전ㆍ보건표지 중 색채와 색도기준의\n④\n연결이 옳은 것은?",
      "options": [
        "연결이 옳은 것은?",
        "흰색 : NO.5 ② 녹색 : 5G 5.5/6",
        "빨간색 : 5R 4/12 ④ 파란색 : 2.5PB 4/10 8. 연 평균 근로자수가 500명인 사업장에 1년간 3명의 사상자가"
      ],
      "answer": null,
      "explanation": ""
    },
    {
      "no": 2,
      "question": "위험예지훈련 4R 방식 중 위험 포인트를 결정하여 지적 확인",
      "options": [
        "4 ② 5",
        "6 ④ 7",
        "1단계 (현상파악) ② 2단계 (본질추구)",
        "3단계 (대책수립) ④ 4단계 (목표설정) 9. 산업안전보건법령상 해당 사업장의 연간 재해율이 같은 업종"
      ],
      "answer": null,
      "explanation": ""
    },
    {
      "no": 3,
      "question": "버드(Frank Bird)의 새로운 도미노 이론으로 연결이 옳은 것\n는 자는?\n은?",
      "options": [
        "시, 도지사 ② 고용노동부장관",
        "제어의 부족 → 기본원인 → 직접원인 → 사고 → 상해",
        "국토교통부장관 ④ 지방고용노동관서의 장",
        "관리구조 → 작전적에러 → 전술적에러 → 사고 → 상해",
        "유전과환경 → 인간의결함 → 불안전한 행동 및 상태 →"
      ],
      "answer": null,
      "explanation": ""
    },
    {
      "no": 10,
      "question": "중대재해 발생사실을 알게 된 경우 지체없이 관할 지방고용\n재해 → 상해\n노동관서의 장에게 보고해야하는 사항이 아닌 것은? (단,\n④ 유전적 요인 및 사회적 환경 → 개인적 결함 → 불안전한 천재지변 등 부득이한 사유가 발생한 경우는 제외한다.)\n행동 및 상태 → 사고 → 상해",
      "options": [
        "유전적 요인 및 사회적 환경 → 개인적 결함 → 불안전한 천재지변 등 부득이한 사유가 발생한 경우는 제외한다.)",
        "발생개요 ② 피해상황",
        "조치 및 전망 ④ 재해손실비용"
      ],
      "answer": null,
      "explanation": ""
    },
    {
      "no": 4,
      "question": "산업안전보건기준에 관한 규칙에 따른 고소작업대를 사용하\n여 작업을 할 때 작업시작 전 점검사항에 해당하지 않는 것\n은? 11. 사고예방대책의 기본원리 5단계 중 제2단계는?",
      "options": [
        "작업면의 기울기 또는 요철 유무 ① 안전조직 ② 사실의 발견",
        "아웃트리거 또는 바퀴의 이상 유무 ③ 분석 평가 ④ 시정책 적용",
        "충전장치를 포함한 홀더 등의 결합상태의 이상 유무"
      ],
      "answer": null,
      "explanation": ""
    },
    {
      "no": 12,
      "question": "산업안전보건법령상 안전인증대상 기계ㆍ기구 등에 해당하\n④ 비상정지장치 및 비상하강 방지장치 기능의 이상 유무\n지 않는 것은?",
      "options": [
        "비상정지장치 및 비상하강 방지장치 기능의 이상 유무",
        "크레인 ② 곤돌라"
      ],
      "answer": null,
      "explanation": ""
    },
    {
      "no": 5,
      "question": "산업재해의 발생빈도를 나타내는 것으로 연간 총 근로시간\n합계 100만 시간당 재해발생 건수에 해당하는 것은? ③ 컨베이어 ④ 사출성형기",
      "options": [
        "컨베이어 ④ 사출성형기",
        "도수율 ② 강도율"
      ],
      "answer": null,
      "explanation": ""
    },
    {
      "no": 13,
      "question": "매슬로우의 욕구 5단계 이론 중 2단계에 해당하는 것은?\n③ 연천인율 ④ 종합재해지수",
      "options": [
        "연천인율 ④ 종합재해지수",
        "생리적 욕구 ② 사회적(애정적) 욕구"
      ],
      "answer": null,
      "explanation": ""
    },
    {
      "no": 6,
      "question": "산업안전보건법령상 안전보건관리규정을 작성해야 하는 사업 ③ 안전에 대한 욕구 ④ 존경과 긍지에 대한 욕구\n의 사업주는 안전보건관리규정을 작성해야 할 사유가 발생한\n날부터 며칠 이내에 작성해야 하는가? 14. 무재해 운동 기본이념의 3원칙이 아닌 것은?",
      "options": [
        "안전에 대한 욕구 ④ 존경과 긍지에 대한 욕구",
        "15일 ② 30일 ① 무의 원칙 ② 상황의 원칙",
        "60일 ④ 90일 ③ 참가의 원칙 ④ 선취의 원칙"
      ],
      "answer": null,
      "explanation": ""
    },
    {
      "no": 7,
      "question": "산업재해의 발생형태에 따른 분류 중 단순연쇄형에 해당하는 15. 산업안전보건기준에 관한 규칙에 따른 근로자가 상시 작업\n것은? (단, o는 재해발생의 각종요소를 나타낸다) 하는 장소의 작업면의 최소 조도기준으로 옳은 것은? (단,\n갱내 작업장과 감광재료를 취급하는 작업장은 제외한다.)",
      "options": [
        "초정밀작업 : 1000럭스 이상",
        "정밀작업 : 500럭스이상",
        "보통작업 : 150럭스이상",
        "④ 그 밖의 작업 : 50럭스 이상"
      ],
      "answer": null,
      "explanation": ""
    },
    {
      "no": 16,
      "question": "안전관리조직의 형태 중 라인ㆍ스탭형에 대한 설명으로 옳\n②\n은 것은?",
      "options": [
        "은 것은?",
        "1000명 이상의 대규모 사업장에 적합하다.",
        "명령과 보고가 상하관계로 간단명료하다.",
        "안전에 대한 전문적인 지식이나 정보가 불충분하다.",
        "④ 생산부분은 안전에 대한 책임과 권한이 없다."
      ],
      "answer": null,
      "explanation": ""
    },
    {
      "no": 17,
      "question": "재해손실비 중 직접비가 아닌 것은?\n최강 자격증 기출문제 전자문제집 CBT : www.comcbt.com\n건설안전기사 ◐ 2017년 03월 05일 필기 기출문제 ◑ 전자문제집 CBT : www.comcbt.com",
      "options": [
        "휴업 보상비 ② 요양 보상비 나열된 것은?",
        "장의비 ④ 영업손실비 ① 구인 타당도, 공인 타당도",
        "구인 타당도, 내용 타당도"
      ],
      "answer": null,
      "explanation": ""
    },
    {
      "no": 18,
      "question": "방독마스크 정화통의 종류와 외부 측면 색상의 연결이 옳은\n③ 예언적 타당도, 공인 타당도\n것은?\n④ 예언적 타당도, 안면 타당도",
      "options": [
        "예언적 타당도, 공인 타당도",
        "예언적 타당도, 안면 타당도",
        "유기화합물 - 노랑색 ② 할로겐용 - 회색",
        "아황산용 - 녹색 ④ 암모니아용 – 갈색"
      ],
      "answer": null,
      "explanation": ""
    },
    {
      "no": 27,
      "question": "성공적인 리더가 가지는 중요한 관리기술이 아닌 것은?",
      "options": [
        "매 순간 신속하게 의사결정을 한다."
      ],
      "answer": null,
      "explanation": ""
    },
    {
      "no": 19,
      "question": "재해발생의 주요 원인 중 불안전한 행동에 해당하지 않는\n것은? ② 집단의 목표를 구성원과 함께 정한다.",
      "options": [
        "집단의 목표를 구성원과 함께 정한다.",
        "불안전한 속도 조작 ② 안전장치 기능 제거 ③ 구성원이 집단과 어울리도록 협조한다.",
        "보호구 미착용 후 작업 ④ 결함 있는 기계설비 및 장비 ④ 자신이 아니라 집단에 대해 많은 관심을 가진다."
      ],
      "answer": null,
      "explanation": ""
    },
    {
      "no": 20,
      "question": "산업안전보건법령상 시스템 통합 및 관리업의 경우 안전보 28. 인간은 지각 과정에서 자극의 정보를 조직화하는 과정을 거\n건관리규정을 작성해야 할 사업의 규모로 옳은 것은? 치게 된다. 시각 정보의 조직화를 의미하는 용어는?",
      "options": [
        "상시 근로자 10명 이상을 사용하는 사업장 ① 유추 (analogy) ② 게스탈트 (gestalt)",
        "상시 근로자 50명 이상을 사용하는 사업장 ③ 인지 (cognition) ④ 근접성 (proximity)",
        "상시 근로자 100명 이상을 사용하는 사업장"
      ],
      "answer": null,
      "explanation": ""
    },
    {
      "no": 29,
      "question": "부주의 발생의 외적 조건에 해당되지 않는 것은?\n④ 상시 근로자 300명 이상을 사용하는 사업장",
      "options": [
        "상시 근로자 300명 이상을 사용하는 사업장",
        "의식의 우회 ② 높은 작업강도",
        "작업순서의 부적당 ④ 주위 환경조건의 불량"
      ],
      "answer": null,
      "explanation": ""
    },
    {
      "no": 30,
      "question": "안전교육 지도방법 중 O.J.T(On the Job Training)의 장점",
      "options": [],
      "answer": null,
      "explanation": ""
    },
    {
      "no": 21,
      "question": "집중발상법(brainstorming)의 기본 규칙들 중 틀린 것은?\n이 아닌 것은?",
      "options": [
        "아이디어는 많을수록 좋다.",
        "동기부여가 쉽다.",
        "떠오르는 아이디어는 어떤 것이든 관계없이 표현토록 한",
        "교육효과가 업무에 신속히 반영된다.",
        "다수의 대상자를 일괄적이고 조직적으로 교육할 수 있",
        "아이디어 산출과정에서 모든 아이디어는 어떤 방식으로",
        "직장의 실태에 맞춘 구체적이고 실제적인 교육이 가능하",
        "구성원들은 가능한 한 다른 사람의 아이디어를 수정하고"
      ],
      "answer": null,
      "explanation": ""
    },
    {
      "no": 31,
      "question": "인간의 행동에 대하여 심리학자 레윈(K.lewin)은 다음과 같",
      "options": [],
      "answer": null,
      "explanation": ""
    },
    {
      "no": 22,
      "question": "판단과정에서의 착오 원인이 아닌 것은?\n은 식으로 표현했다. 이때 각 요소에 대한 내용으로 틀린",
      "options": [
        "능력부족 ② 정보부족 것은?",
        "감각차단 ④ 자기합리화"
      ],
      "answer": null,
      "explanation": ""
    },
    {
      "no": 23,
      "question": "피로 단계 중 이상발한, 구갈, 두통, 탈력감이 있고, 특히",
      "options": [
        "B : Behavior (행동) ② f : Function (함수관계)",
        "P : Person (개체) ④ E : Engineering (기술)",
        "잠재기 ② 현재기"
      ],
      "answer": null,
      "explanation": ""
    },
    {
      "no": 32,
      "question": "동기유발(motivation)방법이 아닌 것은?\n③ 진행기 ④ 축적피로기",
      "options": [
        "진행기 ④ 축적피로기",
        "결과의 지식을 알려준다."
      ],
      "answer": null,
      "explanation": ""
    },
    {
      "no": 24,
      "question": "산업안전보건법령상 일용직 근로자를 제외한 근로자 신규 ② 안전의 참 가치를 인식시킨다.\n채용 시 실시해야 하는 안전ㆍ보건교육 시간으로 맞는 것 ③ 상벌제도를 효과적으로 활용한다.\n은?\n④ 동기유발의 수준을 최대로 높인다.",
      "options": [
        "안전의 참 가치를 인식시킨다.",
        "상벌제도를 효과적으로 활용한다.",
        "동기유발의 수준을 최대로 높인다.",
        "8시간 이상 ② 매분기 3시간",
        "16시간 이상 ④ 매분기 6시간 33. 프로그램 학습법(Programmed self-instruction method)의"
      ],
      "answer": null,
      "explanation": ""
    },
    {
      "no": 25,
      "question": "생체리듬에 관한 설명으로 틀린 것은?",
      "options": [
        "학습자의 사회성을 높이는데 유리하다.",
        "각각의 리듬이 (-)로 최대인 점이 위험일이다. ② 한 강사가 많은 수의 학습자를 지도할 수 있다.",
        "육체적 리듬은 “P”로 나타내며, 23일을 주기로 반복된 ③ 지능, 학습적성, 학습속도 등 개인차를 충분히 고려할 수",
        "감성적 리듬은 “S”로 나타내며, 28일을 주기로 반복된 ④ 매 반응마다 피드백이 주어지기 때문에 학습자가 흥미를",
        "지성적 리듬은 “I”로 나타내며, 33일을 주기로 반복된다."
      ],
      "answer": null,
      "explanation": ""
    },
    {
      "no": 34,
      "question": "시행착오설에 의한 학습법칙에 해당하는 것은?",
      "options": [],
      "answer": null,
      "explanation": ""
    },
    {
      "no": 26,
      "question": "직무에 적합한 근로자를 위한 심리검사는 합리적 타당성을",
      "options": [
        "시간의 법칙 ② 계속성의 법칙",
        "일관성의 법칙 ④ 준비성의 법칙"
      ],
      "answer": null,
      "explanation": ""
    },
    {
      "no": 35,
      "question": "산업안전보건법령상 사업 내 안전보건교육에 있어 건설 일\n용근로자의 건설업 기초안전보건교육의 교육시간으로 맞는\n것은?",
      "options": [
        "1시간 ② 2시간",
        "4시간 ④ 8시간"
      ],
      "answer": null,
      "explanation": ""
    },
    {
      "no": 36,
      "question": "스트레스의 개인적 원인 중 한 직무의 역할 수행이 다른 역\n할과 모순되는 현상을 무엇이라고 하는가?",
      "options": [
        "(X1, X2) ② (X1, X3)",
        "역할연기 ② 역할기대",
        "(X2, X3) ④ (X1, X2, X3)",
        "역할조성 ④ 역할갈등"
      ],
      "answer": null,
      "explanation": ""
    },
    {
      "no": 46,
      "question": "시스템이 저장되어 이동되고 실행됨에 따라 발생하는 작동",
      "options": [],
      "answer": null,
      "explanation": ""
    },
    {
      "no": 37,
      "question": "강의법에 관한 설명으로 맞는 것은?\n시스템이 기능이나 과업, 활동으로부터 발생되는 위험에 초",
      "options": [
        "학생들의 참여가 제약된다. 점을 맞춘 위험분석 차트는?",
        "일부의 교과에만 적용이 가능하다. ① 결함수분석 (FTA : Fault Tree Analysis)",
        "학급 인원수의 크기에 제약을 받는다. ② 사상수분석 (ETA : Event Tree Analysis)",
        "수업의 중간이나 마지막 단계에 적용한다. ③ 결함위험분석 (FHA : Fault Hazard Analysis)",
        "운용위험분석 (OHA : Operating Hazard Analysis)"
      ],
      "answer": null,
      "explanation": ""
    },
    {
      "no": 38,
      "question": "이상적인 상황 하에서 방어적인 행동 특징을 보이는 집단행\n동은?",
      "options": [],
      "answer": null,
      "explanation": ""
    },
    {
      "no": 47,
      "question": "자동화시스템에서 인간의 기능으로 적절하지 않은 것은?",
      "options": [
        "군중 ② 패닉",
        "설비보전 ② 작업계획 수립",
        "모브 ④ 심리적 전염",
        "조정 장치로 기계를 통제 ④ 모니터로 작업 상황 감시"
      ],
      "answer": null,
      "explanation": ""
    },
    {
      "no": 39,
      "question": "교육의 본질적 면에서 본 교육의 기능과 관련이 없는 것은?",
      "options": [],
      "answer": null,
      "explanation": ""
    },
    {
      "no": 48,
      "question": "조종 장치의 우발작동을 방지하는 방법 중 틀린 것은?",
      "options": [
        "사회적 기능 ② 보수적 기능",
        "오목한 곳에 둔다.",
        "개인 완성으로서의 기능 ④ 문화전달과 창조적 기능",
        "조종 장치를 덮거나 방호해서는 안 된다.",
        "작동을 위해서 힘이 요구되는 조종 장치에는 저항을 제"
      ],
      "answer": null,
      "explanation": ""
    },
    {
      "no": 40,
      "question": "교육에 있어서 학습평가의 기본 기준에 해당되지 않는 것\n공한다.\n은?\n④ 순서적 작동이 요구되는 작업일 때 순서를 지나치지 않",
      "options": [
        "순서적 작동이 요구되는 작업일 때 순서를 지나치지 않",
        "타당도 ② 신뢰도",
        "주관도 ④ 실용도"
      ],
      "answer": null,
      "explanation": ""
    },
    {
      "no": 49,
      "question": "시스템 분석 및 설계에 있어서 인간공학의 가치와 가장 거\n리가 먼 것은?\n3과목 : 인간공학 및 시스템안전공학",
      "options": [
        "훈련비용의 절감"
      ],
      "answer": null,
      "explanation": ""
    },
    {
      "no": 41,
      "question": "반사형 없이 모든 방향으로 빛을 발하는 점광원에서 5m 떨 ② 인력 이용률의 향상\n어진 곳의 조도가 120lux라면 2m 떨어진 곳의 조도는?\n③ 생산 및 보전의 경제성 감소",
      "options": [
        "인력 이용률의 향상",
        "생산 및 보전의 경제성 감소",
        "150lux ② 192.2lux",
        "사고 및 오용으로부터의 손실 감소",
        "750lux ④ 3000lux"
      ],
      "answer": null,
      "explanation": ""
    },
    {
      "no": 50,
      "question": "FT도에 사용되는 다음 기호의 명칭으로 옳은 것은?",
      "options": [],
      "answer": null,
      "explanation": ""
    },
    {
      "no": 42,
      "question": "설비보전에서 평균수리시간의 의미로 맞는 것은?",
      "options": [
        "MTTR ② MTBF",
        "MTTF ④ MTBP"
      ],
      "answer": null,
      "explanation": ""
    },
    {
      "no": 43,
      "question": "화학설비의 안전성 평가의 5 단계 중 제 2단계에 속하는 것\n은?",
      "options": [
        "작성준비 ② 정량적평가",
        "억제게이트 ② 조합AND게이트",
        "안전대책 ④ 정성적평가",
        "부정게이트 ④ 배타적OR게이트"
      ],
      "answer": null,
      "explanation": ""
    },
    {
      "no": 44,
      "question": "산업안전보건법령상 유해ㆍ위험방지계획서 제출 대상 사업\n은 기계 및 기구를 제외한 금속가공제품 제조업으로서 전기 51. 의자 설계에 대한 조건 중 틀린 것은?\n계약용량이 얼마 이상인 사업을 말하는가?",
      "options": [
        "좌판의 깊이는 작업자의 등이 등받이에 닿을 수 있도록",
        "50kW ② 100kW 설계한다.",
        "200kW ④ 300kW ② 좌판은 엉덩이가 앞으로 미끄러지지 않는 재질과 구조로"
      ],
      "answer": null,
      "explanation": ""
    },
    {
      "no": 45,
      "question": "다음 FT도에서 최소 컷셋을 올바르게 구한 것은? ③ 좌판의 넓이는 작은 사람에게 적합하도록 깊이는 큰 사\n최강 자격증 기출문제 전자문제집 CBT : www.comcbt.com\n건설안전기사 ◐ 2017년 03월 05일 필기 기출문제 ◑ 전자문제집 CBT : www.comcbt.com\n람에게 적합하도록 설계한다.\n④ 등받이는 충분한 넓이를 가지고 요추 부위부터 어깨부위\n까지 편안하게 지지하도록 설계한다.",
      "options": [
        "좌판의 넓이는 작은 사람에게 적합하도록 깊이는 큰 사",
        "등받이는 충분한 넓이를 가지고 요추 부위부터 어깨부위"
      ],
      "answer": null,
      "explanation": ""
    },
    {
      "no": 52,
      "question": "일반적으로 위험(Risk)은 3가지 기본요소로 표현되며 3요소\n(Triplets)로 정의된다. 3요소에 해당되지 않는 것은?",
      "options": [
        "사고 시나리오 (S) ② 사고 발생 확률 (P)",
        "시스템 불이용도 (Q) ④ 파급효과 또는 손실 (X)"
      ],
      "answer": null,
      "explanation": ""
    },
    {
      "no": 53,
      "question": "건구온도 30℃, 습구온도 35℃ 일 때의 옥스퍼드(Oxford)\n지수는 얼마인가?",
      "options": [
        "20.75℃ ② 24.58℃ ① 부품 X 2 ② 부품 X 3",
        "32.78℃ ④ 34.25℃ ③ 부품 X 4 ④ 부품 X 5"
      ],
      "answer": null,
      "explanation": ""
    },
    {
      "no": 54,
      "question": "통화이해도를 측정하는 지표로서, 각 옥타브(octave)대의 음 60. 육체작업의 생리학적 부하측정 척도가 아닌 것은?\n성과 잡음의 데시벨(dB) 값에 가중치를 곱하여 합계를 구하",
      "options": [
        "맥박수 ② 산소소비량",
        "근전도 ④ 점멸융합주파수",
        "명료도 지수 ② 통화 간섭 수준",
        "이해도 지수 ④ 소음 기준 곡선"
      ],
      "answer": null,
      "explanation": ""
    },
    {
      "no": 55,
      "question": "일반적으로 보통 작업자의 정상적인 시선으로 가장 적합한",
      "options": [],
      "answer": null,
      "explanation": ""
    },
    {
      "no": 61,
      "question": "ALC 블록공사에 관한 내용으로 옳지 않은 것은?\n것은?",
      "options": [
        "쌓기 모르타르는 교반기를 사용하여 배합하며, 1시간 이",
        "수평선을 기준으로 위쪽 5° 정도",
        "수평선을 기준으로 위쪽 15° 정도",
        "줄눈의 두께는 3~5mm 정도로 한다.",
        "수평선을 기준으로 아래쪽 5° 정도",
        "하루 쌓기 높이는 1.8m를 표준으로 하며, 최대 2.4m 이",
        "수평선을 기준으로 아래쪽 15° 정도 내로 한다.",
        "연속되는 벽면의 일부를 트이게 하여 나중쌓기로 할 경"
      ],
      "answer": null,
      "explanation": ""
    },
    {
      "no": 56,
      "question": "프레스에 설치된 안전장치의 수명은 지수분포를 따르며 평\n우 그 부분을 층단 떼어쌓기로 한다.\n균수명은 100시간이다. 새로 구입한 안전장치가 50시간 동\n안 고장없이 작동할 확률(A)과 이미 100시간을 사용한 안",
      "options": [],
      "answer": null,
      "explanation": ""
    },
    {
      "no": 62,
      "question": "네트워크공정표에서 후속작업의 가장 빠른 개시시간(EST)에\n전장치가 앞으로 100시간 이상 견딜 확률(B)은 약 얼마인\n영향을 주지 않는 범위 내에서 한 작업이 가질 수 있는 여\n가?\n유시간을 의미하는 것은?",
      "options": [
        "A : 0.368, B : 0.368 ② A : 0.607, B : 0.368",
        "전체여유(TF) ② 자유여유(FF)",
        "A : 0.368, B : 0.607 ④ A : 0.607, B : 0.607",
        "간섭여유(IF) ④ 종속여유(DF)"
      ],
      "answer": null,
      "explanation": ""
    },
    {
      "no": 57,
      "question": "작업자가 용이하게 기계ㆍ기구를 식별하도록 암호화",
      "options": [],
      "answer": null,
      "explanation": ""
    },
    {
      "no": 63,
      "question": "철근을 피복하는 이유와 가장 거리가 먼 것은?\n(Coding)를 한다. 암호화 방법이 아닌 것은?",
      "options": [
        "철근의 순간격 유지",
        "강도 ② 형상",
        "철근의 좌굴방지",
        "크기 ④ 색채",
        "철근과 콘크리트의 부착응력 확보"
      ],
      "answer": null,
      "explanation": ""
    },
    {
      "no": 58,
      "question": "손이나 특정 신체부위에 발생하는 누적손상장애(CTDs)의 발 ④ 화재, 중성화 등으로부터 철근 보호\n생인자와 가장 거리가 먼 것은?",
      "options": [
        "화재, 중성화 등으로부터 철근 보호",
        "무리한 힘 ② 다습한 환경 64. 일반적인 공사의 시공속도에 관한 설명으로 옳지 않은 것",
        "장시간의 진동 ④ 반복도가 높은 작업",
        "시공속도를 느리게 할수록 직접비는 증가된다."
      ],
      "answer": null,
      "explanation": ""
    },
    {
      "no": 59,
      "question": "그림과 같이 FTA 로 분석된 시스템에서 현재 모든 기본사 ② 급속공사를 강행할수록 품질은 나빠진다.\n상에 대한 부품이 고장난 상태이다. 부품 X 부터 부품 X 까\n1 5 ③ 시공속도는 간접비와 직접비의 합이 최소가 되도록 함이\n지 순서대로 복구한다면 어느 부품을 수리 완료하는 순간부\n가장 적절하다.\n터 시스템은 정상가동이 되겠는가?\n④ 시공속도를 빠르게 할수록 간접비는 감소된다.",
      "options": [
        "급속공사를 강행할수록 품질은 나빠진다.",
        "시공속도는 간접비와 직접비의 합이 최소가 되도록 함이",
        "시공속도를 빠르게 할수록 간접비는 감소된다."
      ],
      "answer": null,
      "explanation": ""
    },
    {
      "no": 65,
      "question": "석재 사용상 주의사항으로 옳지 않은 것은?",
      "options": [
        "압축 및 인장응력을 크게 받는 곳에 사용한다.",
        "석재는 중량이 크고 운반에 제한이 따르므로 최대치를",
        "되도록 흡수율이 낮은 석재를 사용한다.",
        "가공 시 예각은 피한다."
      ],
      "answer": null,
      "explanation": ""
    },
    {
      "no": 66,
      "question": "철골부재 절단 방법 중 가장 정밀한 절단방법으로 앵글커터 74. 직영공사에 관한 설명으로 옳은 것은?\n(angle cutter) 등으로 작업하는 것은?",
      "options": [
        "직영으로 운영하므로 공사비가 감소된다.",
        "가스절단 ② 전단절단",
        "의사소통이 원활하므로 공사기간이 단축된다.",
        "톱절단 ④ 전기절단",
        "특수한 상황에 비교적 신속하게 대처할 수 있다.",
        "입찰이나 계약 등 복잡한 수속이 필요하다."
      ],
      "answer": null,
      "explanation": ""
    },
    {
      "no": 67,
      "question": "철근콘크리트 공사에 있어서 철근이 D19, 굵은 골재의 최대\n치수는 25mm일 때 철근과 철근의 순간격으로 옳은 것은?",
      "options": [],
      "answer": null,
      "explanation": ""
    },
    {
      "no": 75,
      "question": "철골공사에서 베이스 플레이트 설치 기준에 관한 설명으로",
      "options": [
        "37.5mm 이상 ② 33.3mm 이상",
        "29.5mm 이상 ④ 27.8mm 이상",
        "이동식 공법에 사용하는 모르타르는 무수축 모르타르로"
      ],
      "answer": null,
      "explanation": ""
    },
    {
      "no": 68,
      "question": "지정공사 시 사용되는 모래의 장기허용 압축강도의 범위로\n② 앵커볼트 설치 시 베이스플레이트 위치의 콘크리트는 설\n옳은 것은?\n계도면 레벨보다 30mm ~ 50mm 낮게 타설한다.",
      "options": [
        "앵커볼트 설치 시 베이스플레이트 위치의 콘크리트는 설",
        "장기 허용압축강도 10 ~ 20t/m2",
        "베이스플레이트 설치 후 그라우팅 처리한다.",
        "장기 허용압축강도 20 ~ 40t/m2",
        "베이스 모르타르의 양생은 철골 설치 전 1일 정도면 충",
        "장기 허용압축강도 40 ~ 60t/m2 분하다.",
        "장기 허용압축강도 60 ~ 80t/m2"
      ],
      "answer": null,
      "explanation": ""
    },
    {
      "no": 76,
      "question": "콘크리트공사용 재료의 취급 및 저장에 관한 설명으로 옳지\n않은 것은?",
      "options": [],
      "answer": null,
      "explanation": ""
    },
    {
      "no": 69,
      "question": "조적공사 시 점토벽돌 외부에 발생하는 백화현상을 방지하\n기 위한 대책이 아닌 것은?",
      "options": [
        "시멘트는 종류별로 구분하여 풍화되지 않도록 저장한다.",
        "10% 이하의 흡수율을 가진 양질의 벽돌을 사용한다. ② 골재는 잔골재, 굵은골재 및 각 종류별로 저장하고, 먼",
        "벽돌면 상부에 빗물막이를 설치한다.",
        "골재는 잔ㆍ굵은 입자가 잘 분리되도록 취급하고, 물빠",
        "쌓기 후 전용발수제를 발라 벽면에 수분흡수를 방지한",
        "혼화재료는 품질의 변화가 일어나지 않도록 저장하고 또",
        "염분을 함유한 모래나 석회질이 섞인 모래를 사용한다."
      ],
      "answer": null,
      "explanation": ""
    },
    {
      "no": 70,
      "question": "특수 거푸집 가운데 무량판구조 또는 평판구조와 가장 관계",
      "options": [],
      "answer": null,
      "explanation": ""
    },
    {
      "no": 77,
      "question": "다음 조건에 따른 백호의 단위시간당 추정 굴삭량으로 옳은\n가 깊은 거푸집은?\n것은?",
      "options": [
        "워플폼 ② 슬라이딩폼",
        "메탈폼 ④ 갱폼"
      ],
      "answer": null,
      "explanation": ""
    },
    {
      "no": 71,
      "question": "지하 흙막이벽을 시공할 때 말뚝구멍을 하나 걸러 뚫고 콘\n크리트를 부어넣은 후 다시 그 사이를 뚫어 콘크리트를 부\n어넣어 말뚝을 만드는 공법은?",
      "options": [
        "94.5m3 ② 80.5m3",
        "베노트 공법 ② 어스드릴 공법 ③ 76.3m3 ④ 70.9m3",
        "칼웰드 공법 ④ 이코스파일 공법"
      ],
      "answer": null,
      "explanation": ""
    },
    {
      "no": 78,
      "question": "탑다운공법(top-down)에 관한 설명으로 옳지 않은 것은?",
      "options": [],
      "answer": null,
      "explanation": ""
    },
    {
      "no": 72,
      "question": "다음 모살용접(Fillet Welding)의 단면상 이론 목두께에 해당",
      "options": [
        "역타공법이라고도 한다.",
        "굴토작업이 슬래브 하부에서 진행되므로 작업능률 및 작",
        "건물의 지하구조체에 시공이음이 많아 건물방수에 대한",
        "지상과 지하를 동시에 시공할 수 있으므로 공기를 절감"
      ],
      "answer": null,
      "explanation": ""
    },
    {
      "no": 79,
      "question": "기초의 종류에 관한 설명으로 옳은 것은?",
      "options": [
        "온통기초 – 기둥하나에 기초판이 하나인 기초",
        "복합기초 – 2개 이상의 기둥을 1개의 기초판으로 받치게",
        "A ② B ③ 독립기초 – 조적조의 벽기초, 철근콘크리트의 연결기초",
        "C ④ D ④ 연속기초 – 건물 하부 전체 또는 지하실 전체를 기초판"
      ],
      "answer": null,
      "explanation": ""
    },
    {
      "no": 73,
      "question": "건설공사 현장의 철근재료 실험항목에 속하지 않는 것은?",
      "options": [],
      "answer": null,
      "explanation": ""
    },
    {
      "no": 80,
      "question": "지하 합벽거푸집에서 측압에 대비하여 버팀대를 삼각형으로",
      "options": [
        "압축강도시험 ② 인장강도시험",
        "휨시험 ④ 연신율시험",
        "1회용 리브라스 거푸집",
        "와플 거푸집( waffle form)",
        "무폼타이 거푸집 (tie-less formwork)"
      ],
      "answer": null,
      "explanation": ""
    },
    {
      "no": 87,
      "question": "포틀랜드시멘트 클링커에 철용광로에서 나온 슬래그를 급랭\n④ 단열 거푸집\n하여 혼합하고 이에 응결시간 조절용 석고를 첨가하여 분쇄\n한 것으로, 수화열량이 적어 매스콘크리트용으로도 사용할\n수 있는 시멘트는?\n5과목 : 건설재료학",
      "options": [
        "단열 거푸집",
        "알루미나시멘트 ② 보통포틀랜드시멘트"
      ],
      "answer": null,
      "explanation": ""
    },
    {
      "no": 81,
      "question": "각종 혼화 재료에 관한 설명으로 옳지 않은 것은? ③ 조강시멘트 ④ 고로시멘트",
      "options": [
        "조강시멘트 ④ 고로시멘트",
        "플라이애시는 콘크리트의 장기강도를 증진하는 효과는",
        "감수제를 이용하여 시멘트의 분산작용의 효과를 얻을 수 ① 시멘트는 고온의 것을 사용하지 않아야 하고 골재 및 물",
        "염화칼슘은 경화촉진을 목적으로 이용되는 혼화제이다. ② 표면활성제는 공사시방서에 정한 바가 없을 때에는 AE감",
        "발포제는 시멘트의 혼입시켜 화학반응에 의해 발생하는 수제 지연형 등을 사용한다.",
        "콘크리트를 부어 넣은 후 수분의 급격한 증발이나 직사"
      ],
      "answer": null,
      "explanation": ""
    },
    {
      "no": 82,
      "question": "석재의 일반적인 성질에 관한 설명으로 옳지 않은 것은? 양생한다.",
      "options": [
        "화강암의 내구연한은 75 ~ 200년 정도로서 다른 석재에 ④ 거푸집 해체시기 검토를 위하여 적산온도를 활용한다.",
        "흡수율은 동결과 융해에 대한 내구성의 지표가 된다. 89. 주제와 경화제로 이루어진 2성분형이 대부분으로 금속, 플",
        "인장강도는 압축강도의 1/10 ~ 1/30 정도이다.",
        "비중이 클수록 강도가 크며, 공극률이 클수록 내화성이 은?",
        "에폭시수지 접착제 ② 페놀수지 접착제",
        "아크릴수지 접착제 ④ 폴리에스테르수지 접착제"
      ],
      "answer": null,
      "explanation": ""
    },
    {
      "no": 83,
      "question": "어떤 재료의 초기 탄성변형량이 2.0cm이고 크리프(creep)\n변형량이 4.0cm 라면 이 재료의 크라프 계수는 얼마인가?",
      "options": [],
      "answer": null,
      "explanation": ""
    },
    {
      "no": 90,
      "question": "목재의 역학적 성질에서 가력방향이 섬유와 평행할 경우,",
      "options": [
        "0.5 ② 1.0",
        "2.0 ④ 4.0",
        "압축강도 ② 휨강도",
        "인장강도 ④ 전단강도"
      ],
      "answer": null,
      "explanation": ""
    },
    {
      "no": 84,
      "question": "한중콘크리트에 관한 설명으로 옳지 않은 것은?(단, 콘크리\n트표준시방서 기준)",
      "options": [],
      "answer": null,
      "explanation": ""
    },
    {
      "no": 91,
      "question": "미장공사의 바탕조건으로 옳지 않은 것은?",
      "options": [
        "한중콘크리트에는 공기연행 콘크리트를 사용하는 것을",
        "미장층보다 강도는 크지만 강성은 작을 것",
        "단위수량은 초기동해를 적게 하기 위하여 소요의 워커빌 ② 미장층과 유해한 화학반응을 하지 않을 것",
        "미장층의 경화, 건조에 지장을 주지 않을 것",
        "미장층의 시공에 적합한 흡수성을 가질 것",
        "물-결합재비는 원칙적으로 50% 이하로 하여야 한다.",
        "배합강도 및 물-결합재비는 적산온도 방식에 의해 결정 92. 비철금속의 성질 또는 용도에 관한 설명 중 옳지 않은 것",
        "동은 전연성이 풍부하므로 가공하기 쉽다."
      ],
      "answer": null,
      "explanation": ""
    },
    {
      "no": 85,
      "question": "목재의 성질에 관한 설명으로 옳지 않은 것은?\n② 납은 산이나 알칼리에 강하므로 콘크리트에 침식되지 않",
      "options": [
        "납은 산이나 알칼리에 강하므로 콘크리트에 침식되지 않",
        "물속에 담가 둔 목재, 땅속 깊이 묻은 목재 등은 산소부 는다.",
        "아연은 이온화 경향이 크고 철에 의해 침식된다.",
        "목재의 함유수분 중 자유수는 목재의 물리적 또는 기계",
        "대부분의 구조용 특수강은 니켈을 함유한다.",
        "목재는 열전도도가 아주 낮아 여러 가지 보온재료로 사"
      ],
      "answer": null,
      "explanation": ""
    },
    {
      "no": 93,
      "question": "건축용 뿜칠마감재의 조성에 관한 설명 중 옳지 않은 것은?\n용된다.",
      "options": [
        "안료 : 내알칼리성, 내후성, 착색력, 색조의 안정",
        "목재는 섬유포화점 이상의 함수상태에서는 함수율의 증",
        "유동화제 : 재료를 유동화시키는 재료 (물이나 유기용제"
      ],
      "answer": null,
      "explanation": ""
    },
    {
      "no": 86,
      "question": "점토의 공학적 특성에 관한 설명으로 옳지 않은 것은? ③ 골재 : 치수안정성을 향상시키고 흡음성, 단열성 등의 성\n능개선( 모래, 석분, 펄프입자, 질석 등)",
      "options": [
        "골재 : 치수안정성을 향상시키고 흡음성, 단열성 등의 성",
        "인장강도는 점토의 조직에 관계하며 입자의 크기가 큰",
        "결합재 : 바탕재의 강도를 유지하기 위한 재료 (골재, 시",
        "점토제품의 색상은 철산화물 또는 석회질물질에 의해 나"
      ],
      "answer": null,
      "explanation": ""
    },
    {
      "no": 94,
      "question": "합성수지계 접착제 중 내수성이 가장 좋지 않은 접착제는?\n③ 점토를 가공 소성하여 냉각하면 금속성의 강성을 나타낸\n다.",
      "options": [
        "점토를 가공 소성하여 냉각하면 금속성의 강성을 나타낸",
        "에폭시수지 접착제 ② 초산비닐수지 접착제",
        "사질점토는 적갈색으로 내화성이 높은 특성이 있다. ③ 멜라민수지 접착제 ④ 요소수지 접착제"
      ],
      "answer": null,
      "explanation": ""
    },
    {
      "no": 95,
      "question": "발포제로서 보드상으로 성형하여 단열재로 널리 사용되며 104. 산소결핍이라 함은 공기 중 산소농도가 몇 퍼센트(%) 미만\n건축물의 천장재, 블라인드 등에 널리 쓰이는 열가소성 수 일 때를 의미하는가?\n지는?",
      "options": [
        "20% ② 18%",
        "알키드 수지 ② 요소 수지",
        "15% ④ 10%",
        "폴리스티렌 수지 ④ 실리콘 수지"
      ],
      "answer": null,
      "explanation": ""
    },
    {
      "no": 105,
      "question": "흙막이 지보공을 설치하였을 때 정기적으로 점검하여 이상",
      "options": [],
      "answer": null,
      "explanation": ""
    },
    {
      "no": 96,
      "question": "재료의 기계적 성질 중 작은 변형에도 파괴되는 성질을 무 발견 시 즉시 보수하여야 할 사항이 아닌 것은?\n엇이라 하는가?",
      "options": [
        "굴착 깊이의 정도",
        "강성 ② 소성",
        "버팀대의 긴압의 정도",
        "탄성 ④ 취성",
        "부재의 접속부ㆍ부착부 및 교차부의 상태",
        "부재의 손상ㆍ변형ㆍ부식ㆍ변위 및 탈락의 유무와 상태"
      ],
      "answer": null,
      "explanation": ""
    },
    {
      "no": 97,
      "question": "은백색의 굳은 금속원소로서 불순물이 포함되면 강해지는\n경향이 있으며, 스테인리스강보다 우수한 내식성을 갖는 합\n금은? 106. 그물코의 크기가 10cm인 매듭없는 방망사신품의 인장강도\n는 최소 얼마 이상이어야 하는가?",
      "options": [
        "티타늄과 그 합금 ② 연가 그 합금",
        "240kg ② 320kg",
        "주석과 그 합금 ④ 니켈과 그 합금",
        "400kg ④ 500kg"
      ],
      "answer": null,
      "explanation": ""
    },
    {
      "no": 98,
      "question": "다음 미장재료 중 여물(hair)이 필요 없는 것은?",
      "options": [],
      "answer": null,
      "explanation": ""
    },
    {
      "no": 107,
      "question": "콘크리트 타설 시 거푸집의 측압에 영향을 미치는 인자들",
      "options": [
        "돌로마이트 플라스터 ② 경석고 플라스터",
        "회반죽 ④ 회사벽",
        "슬럼프가 클수록 작다.",
        "타설속도가 빠를수록 크다."
      ],
      "answer": null,
      "explanation": ""
    },
    {
      "no": 99,
      "question": "시멘트의 성질에 관한 설명 중 옳지 않은 것은?\n③ 거푸집 속의 콘크리트 온도가 낮을수록 크다.",
      "options": [
        "거푸집 속의 콘크리트 온도가 낮을수록 크다.",
        "포틀랜드시멘트의 3가지 주요 성분은 실리카(SiO2), 알",
        "콘크리트의 타설높이가 높을수록 크다.",
        "시멘트는 응결경화 시 수축성 균열이 생겨 변형이 일어",
        "슬래그의 함유량이 많은 고로시멘트는 수화열의 발생량",
        "공사개요서 ② 산업안전보건관리비 작성요령",
        "시멘트의 응결 및 강도 증진은 분말도가 클수록 빨라진 ③ 전체공정표 ④ 재해 발생 위험 시 연락 및 대피방법"
      ],
      "answer": null,
      "explanation": ""
    },
    {
      "no": 109,
      "question": "흙막이 공법을 흙막이 지지방식에 의한 분류와 구조방식에",
      "options": [],
      "answer": null,
      "explanation": ""
    },
    {
      "no": 100,
      "question": "유성 목재방부제로서 악취가 나고, 흑갈색으로 외관이 미 의한 분류로 나눌 때 다음 중 지지방식에 의한 분류에 해\n려하지 않아 토대, 기둥 등에 이용되는 것은? 당하는 것은?",
      "options": [
        "크레오소트 오일 ② 황산동 1% 용액 ① 수평 버팀대식 흙막이 공법",
        "염화아연 4% 용액 ④ 불화소다 2% 용액 ② H-Pile 공법",
        "지하연속벽 공법",
        "Top down method 공법"
      ],
      "answer": null,
      "explanation": ""
    },
    {
      "no": 101,
      "question": "건설공사 시공단계에 있어서 안전관리의 문제점에 해당되 110. 항타기 및 항발기에 관한 설명으로 옳지 않은 것은?\n는 것은?",
      "options": [
        "도괴방지를 위해 시설 또는 가설물 등에 설치하는 때에",
        "발주자의 조사, 설계 발주능력 미흡 는 그 내력을 확인하고 내력이 부족하면 그 내력을 보",
        "용역자의 조사, 설계능력 부실",
        "와이어로프의 한 꼬임에서 끊어진 소선(필러선을 제외한",
        "발주자의 감독, 소홀",
        "사용자의 시설 운영관리 능력 부족 을 금한다.",
        "지름 감소가 공청지름의 7%를 초과하는 것은 권상용 와"
      ],
      "answer": null,
      "explanation": ""
    },
    {
      "no": 102,
      "question": "크레인을 사용하여 작업을 할 때 작업시작 전에 점검하여 이어로프로 사용을 금한다.\n야 하는 사항에 해당하지 않는 것은?\n④ 권상용 와이어로프의 안전계수가 4이상이 아니면 이를",
      "options": [
        "권상용 와이어로프의 안전계수가 4이상이 아니면 이를",
        "권과방지장치ㆍ브레이크ㆍ클러치 및 운전장치의 기능 사용하여서는 아니 된다.",
        "주행로의 상측 및 트롤 리가 횡행하는 레일의 상태"
      ],
      "answer": null,
      "explanation": ""
    },
    {
      "no": 111,
      "question": "크레인의 운전실 또는 운전대를 통하는 통로의 끝과 건설\n③ 와이어로프가 통하고 있는 곳의 상태\n물 등의 벽체의 간격은 최대 얼마 이하로 하여야 하는가?\n④ 압력방출장치의 기능",
      "options": [
        "와이어로프가 통하고 있는 곳의 상태",
        "압력방출장치의 기능",
        "0.2m ② 0.3m",
        "0.4m ④ 0.5m"
      ],
      "answer": null,
      "explanation": ""
    },
    {
      "no": 103,
      "question": "다음 중 차량계 건설기계 속하지 않는 것은?",
      "options": [
        "불도저 ② 스크레이퍼"
      ],
      "answer": null,
      "explanation": ""
    },
    {
      "no": 112,
      "question": "산업안전보건관리비 계상 및 사용기준에 따른 공사 종류별\n③ 타워크레인 ④ 항타기 계상기준으로 옳은 것은?(단, 철도ㆍ궤도신설공사이고, 대\n최강 자격증 기출문제 전자문제집 CBT : www.comcbt.com\n건설안전기사 ◐ 2017년 03월 05일 필기 기출문제 ◑ 전자문제집 CBT : www.comcbt.com\n상액이 5억원 미만인 경우)",
      "options": [
        "타워크레인 ④ 항타기 계상기준으로 옳은 것은?(단, 철도ㆍ궤도신설공사이고, 대",
        "1.85% ② 2.45%",
        "3.09% ④ 3.43%"
      ],
      "answer": null,
      "explanation": ""
    },
    {
      "no": 113,
      "question": "흙의 투수계수에 영향을 주는 인자에 관한 설명으로 옳지\n않은 것은?",
      "options": [
        "공극비 : 공극비가 클수록 투수계수는 작다.",
        "포화도 : 포화도가 클수록 투수계수는 크다.",
        "유체의 점성계수 : 점성계수가 클수록 투수계수는 작다.",
        "유체의 밀도 : 유체의 밀도가 클수록 투수계수는 크다."
      ],
      "answer": null,
      "explanation": ""
    },
    {
      "no": 114,
      "question": "풍화암의 굴착면 붕괴에 따른 재해를 예방하기 위한 굴착\n면의 적정한 기울기 기준은?(2021년 11월 19일 개정된\n규정 적용됨)",
      "options": [
        "1:1~1:1.5 ② 1 : 1.0",
        "1 : 0.8 ④ 1 : 0.5"
      ],
      "answer": null,
      "explanation": ""
    },
    {
      "no": 115,
      "question": "크레인 등 건설장비의 가공전선로 접근 시 안전대책으로\n거리가 먼 것은?",
      "options": [
        "안전 이격거리를 유지하고 작업한다. 전자문제집 CBT 홈페이지 : www.comcbt.com",
        "장비의 조립, 준비시부터 가공전선로에 대한 감전 방지",
        "장비 사용 현장의 장애물, 위험물 등을 점검 후 작업계",
        "장비를 가공전선로로 밑에 보관한다. 모의고사, 오답 노트, 해설까지 제공하는 무료 기출문제 학습 프"
      ],
      "answer": null,
      "explanation": ""
    },
    {
      "no": 116,
      "question": "다음은 강관을 사용하여 비계를 구성하는 경우에 대한 내 니다.\n용이다. 다음 ( ) 안에 들어갈 내용으로 옳은 것은? PC 버전 및 모바일 버전 완벽 연동\n교사용/학생용 관리기능도 제공합니다.\n오답 및 오탈자가 수정된 최신 자료와 해설은 전자문제집 CBT\n에서 확인하세요.",
      "options": [
        "1.2m 이상 1.5 이하 ② 1.2m 이상 2.0 이하",
        "1.5m 이상 1.8 이하 ④ 1.5m 이상 2.0 이하",
        "② ① ③ ① ② ② ③ ④ ④"
      ],
      "answer": null,
      "explanation": ""
    },
    {
      "no": 117,
      "question": "달비계를 설치할 때 작업발판의 폭은 최소 얼마 이상으로\n② ③ ③ ② ③",
      "options": [
        "③ ③ ② ③ ① ④ ② ④ ④",
        "30cm ② 40cm",
        "③ ② ① ① ② ① ② ① ③",
        "50cm ④ 60cm",
        "④ ① ④ ③ ④ ① ② ② ③"
      ],
      "answer": null,
      "explanation": ""
    },
    {
      "no": 118,
      "question": "굴착과 싣기를 동시에 할 수 있는 토공기계가 아닌 것은?\n41 42 43 44 45 46 47 48 49 50",
      "options": [
        "Power shovel ② Tractor shovel",
        "① ④ ④ ① ④ ③ ② ③ ②",
        "Back hoe ④ Motor grader 51 52 53 54 55 56 57 58 59 60",
        "③ ④ ① ④ ② ① ② ② ④"
      ],
      "answer": null,
      "explanation": ""
    },
    {
      "no": 119,
      "question": "지반조사의 목적에 해당되지 않는 것은?\n61 62 63 64 65 66 67 68 69 70",
      "options": [
        "토질의 성질 파악 ② ② ① ① ① ③ ② ② ④ ①",
        "지층의 분포 파악 71 72 73 74 75 76 77 78 79 80",
        "지하수위 및 피압수 파악 ④ ④ ① ③ ④ ③ ④ ② ② ③",
        "구조물의 편심에 의한 적절한 침하 유도",
        "④ ③ ③ ② ④ ④ ④ ① ④"
      ],
      "answer": null,
      "explanation": ""
    },
    {
      "no": 120,
      "question": "작업발판 및 통로의 끝이나 개구부로서 근로자가 추락할\n위험이 있는 장소에서 난간등의 설치가 매우 곤란하거나",
      "options": [
        "② ④ ② ③ ④ ① ② ③ ①",
        "④ ③ ② ① ① ① ② ① ④",
        "구명구 ② 수직보호망 111 112 113 114 115 116 117 118 119 120",
        "추락방호망 ④ 석면포 ② ② ① ② ④ ③ ② ④ ④ ③"
      ],
      "answer": null,
      "explanation": ""
    }
  ]
}