{
  "title": "건설안전기사20210912(해설집) (1).pdf",
  "questions": [
    {
      "no": 4,
      "question": "산업안전보건법령상 타워크레인 지지에 관한 사항으로 ( )에\n알맞은 내용은?",
      "options": [],
      "answer": null,
      "explanation": ""
    },
    {
      "no": 1,
      "question": "하인리히의 도미노 이론에서 재해의 직접원인에 해당하는 것\n은?",
      "options": [
        "사회적 환경",
        "유전적 요소",
        "개인적인 결함",
        "불안전한 행동 및 불안전한 상태",
        "ㄱ: 45, ㄴ: 3 ② ㄱ: 45, ㄴ: 4",
        "ㄱ: 60, ㄴ: 3 ④ ㄱ: 60, ㄴ: 4",
        "1단계 사회적 환경 및 유전적요소",
        "2단계 개인적 결함",
        "3단계 불안전한 행동 및 불안전한 상태 물리적 기계적 위험",
        "4단계 사고",
        "5단계 재해"
      ],
      "answer": null,
      "explanation": ""
    },
    {
      "no": 2,
      "question": "안전관리조직의 형태 중 직계식 조직의 특징이 아닌 것은?\n- 와이어로프가 가공전선에 근접하지 않도록 할 것",
      "options": [
        "소규모 사업장에 적합하다.",
        "안전에 관한 명령지시가 빠르다.",
        "안전에 대한 정보가 불충분하다."
      ],
      "answer": null,
      "explanation": ""
    },
    {
      "no": 5,
      "question": "사고예방대책의 기본원리 5단계 중 3단계의 분석평가에 관한\n④ 별도의 안전관리 전담요원이 직접 통제한다.\n내용으로 옳은 것은?\n<문제 해설>",
      "options": [
        "별도의 안전관리 전담요원이 직접 통제한다.",
        "현장 조사",
        "교육 및 훈련의 개선",
        "기술의 개선 및 인사조정",
        "사고 및 안전활동 기록 검토"
      ],
      "answer": null,
      "explanation": ""
    },
    {
      "no": 4,
      "question": "라인스테프\n<문제 해설>\n[해설작성자 : comcbt.com 이용자]\n사고예방대책 기본원리 5단계\n1단계 : 조직",
      "options": [],
      "answer": null,
      "explanation": ""
    },
    {
      "no": 3,
      "question": "건설기술진흥법령상 안전점검의 시기·방법에 관한 사항으로 (",
      "options": [
        "경영층의 참여 ②안전관리자 임명 ③안전의 라인 및 참모조",
        "안전활동 방침 및 계획 수립 ⑤조직을 통한 안전활동",
        "사고 및 안전활동 기록 검토 ②작업분석 ③안전점검 및 안",
        "사고조사 ⑤안전회의 및 토의 ⑥근로자의 제안 및 여",
        "긴급점검 ② 정기점검",
        "특별점검 ④ 정밀안전점검",
        "사고보고서 및 현장조사 ②사고기록 및 인적 물적 조건의",
        "작업공정 분석 ④교육 훈련 분석 등을 통하여 사고의 직",
        "기술적 개선 ②인사조정(배치조정) ③교육 훈련의 개선 ④안",
        "규정 및 수칙 작업표준 제도의 개선 ⑥확인 및",
        "기술적(engineering) ②교육적(education) ③단속적"
      ],
      "answer": null,
      "explanation": ""
    },
    {
      "no": 6,
      "question": "산업안전보건법령상 노사협의체에 관한 사항으로 틀린 것은?\n[해설작성자 : Woo]",
      "options": [
        "노사협의체 정기회의는 1개월마다 노사협의체의 위원장이",
        "공사금액이 20억원 이상인 공사의 관계수급인의 각 대표 상해,무사고)",
        "도급 또는 하도급 사업을 포함한 전체 사업의 근로자대표"
      ],
      "answer": null,
      "explanation": ""
    },
    {
      "no": 11,
      "question": "산업재해 발생 시 조치 순서에 있어 긴급처리의 내용으로\n는 근로자 위원에 해당된다.\n볼 수 없는 것은?\n④ 노사협의체의 근로자위원과 사용자위원은 합의하여 노사",
      "options": [
        "노사협의체의 근로자위원과 사용자위원은 합의하여 노사",
        "현장 보존 ② 잠재위험요인 적출",
        "관련 기계의 정지 ④ 재해자의 응급조치"
      ],
      "answer": null,
      "explanation": ""
    },
    {
      "no": 7,
      "question": "버드(Bird)의 도미노 이론에서 재해발생과정 중 직접원인은 -현장보존\n몇 단계인가? [해설작성자 : 호이야밥줘]",
      "options": [
        "1 단계 ② 2 단계",
        "3 단계 ④ 4 단계 0 적출 :감추어져 있던 것을 들추어냄"
      ],
      "answer": null,
      "explanation": ""
    },
    {
      "no": 12,
      "question": "산업안전보건법령상 안전보건진단을 받아 안전보건개선계획\n제어부족(관리부재)→기본원인(기원)→직접원인(징후)→사고(접\n을 수립하여야 하는 대상을 모두 고른 것은?\n촉)→상해(손실)\n[해설작성자 : 찌니리]",
      "options": [],
      "answer": null,
      "explanation": ""
    },
    {
      "no": 8,
      "question": "산업안전보건법령상 상시근로자 20명 이상 50명 미만인 사업\n장 중 안전보건관리담당자를 선임하여야 할 업종이 아닌 것\n은?",
      "options": [
        "임업 ② 제조업",
        "건설업 ④ 하수, 폐수 및 분뇨 처리업",
        "ㄱ, ㄴ ② ㄱ, ㄷ",
        "ㄴ, ㄷ ④ ㄱ, ㄴ, ㄷ"
      ],
      "answer": null,
      "explanation": ""
    },
    {
      "no": 9,
      "question": "산업안전보건법령상 안전보건표지의 용도 및 색도기준이 바 -직업성 질병자가 연간 2명 이상(상시근로자가 1천명 이상 사업\n르게 연결된 것은? 장의 경우 3명 이상)발생한 사업장",
      "options": [
        "지시표지 : 5N 9.5 ② 금지표지 : 2.5G 4/10 -그 밖에 작업환경 불량,화재,폭발 또는 누출 사고 등으로 사업",
        "경고표지 : 5Y 8.5/12 ④ 안내표지 : 7.5R 4/14 장 주변까지 피해가 확산된 사업장으로서 고용노동부령으로 정"
      ],
      "answer": null,
      "explanation": ""
    },
    {
      "no": 2,
      "question": "사업주가 필요한 안전,보건 조치를 이행하지 않아 중대재해",
      "options": [],
      "answer": null,
      "explanation": ""
    },
    {
      "no": 10,
      "question": "A 사업장에서 중상이 10명 발생하였다면 버드(Bird)의 재해\n발생\n구성비율에 의한 경상해자는 몇 명인가?",
      "options": [],
      "answer": null,
      "explanation": ""
    },
    {
      "no": 3,
      "question": "직업성 질병자 2명 이상 발생",
      "options": [
        "50명 ② 100명"
      ],
      "answer": null,
      "explanation": ""
    },
    {
      "no": 4,
      "question": "유해인자 노출기준을 초과\n③ 145명 ④ 300명\n<문제 해설>\n안전보건진단을 받아 안전보건개선계획 수립 대상\n버드 1:10:30:600\n기출문제 해설은 최강 자격증 기출문제 전자문제집 CBT : www.comcbt.com 통해서 실시간으로 변경됩니다.\n본 해설집은 최강 자격증 기출문제 전자문제집 CBT 해설달기 프로젝트에 의해서 만들어진 자료입니다. 해설을 제공해 주신 모든 분들께 감사 드립니다.\n건설안전기사 ◐ 2021년 09월 12일 필기 기출문제 및 해설집◑ 전자문제집 CBT :www.comcbt.com",
      "options": [
        "145명 ④ 300명"
      ],
      "answer": null,
      "explanation": ""
    },
    {
      "no": 1,
      "question": "산업재해율이 같은 업종 평균 산업재해율의 2배 이상",
      "options": [],
      "answer": null,
      "explanation": ""
    },
    {
      "no": 15,
      "question": "보호구 안전인증 고시상 저음부터 고음까지 차음하는 방음",
      "options": [],
      "answer": null,
      "explanation": ""
    },
    {
      "no": 2,
      "question": "사업주가 필요한 안전,보건 조치를 이행하지 않아 중대재해\n용 귀마개의 기호는?\n발생",
      "options": [
        "EM ② EP-1"
      ],
      "answer": null,
      "explanation": ""
    },
    {
      "no": 3,
      "question": "직업성 질병자가 연간 2명 이상(상시 근로자가 1천명 이상\n③ EP-2 ④ EP-3\n시 3명 이상)\n<문제 해설>",
      "options": [
        "EP-2 ④ EP-3"
      ],
      "answer": null,
      "explanation": ""
    },
    {
      "no": 4,
      "question": "작업환경 불량,화재,폭발 등으로 인해 사업장 주변까지 피해\nEM : 귀덮개\n가 확장\nEP-1 : 저음부터 고음까지 차음하는 것\nEP-2 : 주로 고음을 차음하여 회화음 영역인 저음은 차음하지\n1천명이 넘어가니까 3명이 되겠죠?? 그러니 답은 1번 ㄱ,ㄴ입니\n않는 것\n다.\n[해설작성자 : bom]\n[해설작성자 : 합격할끄니까~]",
      "options": [],
      "answer": null,
      "explanation": ""
    },
    {
      "no": 16,
      "question": "산업재해보상보험법령상 명시된 보험급여의 종류가 아닌 것",
      "options": [],
      "answer": null,
      "explanation": ""
    },
    {
      "no": 13,
      "question": "산업안전보건법령상 중대재해에 해당하지 않는 것은?\n은?",
      "options": [
        "사망자 1명이 발생한 재해",
        "장례비 ② 요양급여",
        "12명의 부상자가 동시에 발생한 재해",
        "휴업급여 ④ 생산손실급여",
        "2명의 직업성 질병자가 동시에 발생한 재해",
        "5개월의 요양이 필요한 부상자가 동시에 3명 발생한 재"
      ],
      "answer": null,
      "explanation": ""
    },
    {
      "no": 1,
      "question": "사망자가 1명 이상 발생한 재해\n제36조(보험급여의 종류와 산정 기준 등)",
      "options": [
        "보험급여의 종류는"
      ],
      "answer": null,
      "explanation": ""
    },
    {
      "no": 2,
      "question": "3개월 이상의 요양이 필요한 부상자가 동시에 2명 이상 발생\n다음 각 호와 같다..다만, 진폐에 따른 보험급여의 종류는 제1호\n한 재해\n의 요양급여, 제4호의 간병급여, 제7호의 장례비, 제8호의 직업",
      "options": [],
      "answer": null,
      "explanation": ""
    },
    {
      "no": 3,
      "question": "부상자 또는 직업성 질병자가 동시에 10명 이상 발생한 재해\n재활급여, 제91조의3에 따른 진폐보상연금 및 제91조의4에 따른\n[해설작성자 : 찌니리]\n진폐유족연금으로 한다..<개정 2010. 5. 20., 2021. 1. 26.>\n제3조(중대재해의 범위) 법 제2조제2호에서 “고용노동부령으로",
      "options": [],
      "answer": null,
      "explanation": ""
    },
    {
      "no": 1,
      "question": "요양급여\n정하는 재해”란 다음 각 호의 어느 하나에 해당하는 재해를 말",
      "options": [],
      "answer": null,
      "explanation": ""
    },
    {
      "no": 2,
      "question": "휴업급여\n한다.",
      "options": [],
      "answer": null,
      "explanation": ""
    },
    {
      "no": 3,
      "question": "장해급여",
      "options": [],
      "answer": null,
      "explanation": ""
    },
    {
      "no": 1,
      "question": "사망자가 1명 이상 발생한 재해",
      "options": [],
      "answer": null,
      "explanation": ""
    },
    {
      "no": 4,
      "question": "간병급여",
      "options": [],
      "answer": null,
      "explanation": ""
    },
    {
      "no": 2,
      "question": "3개월 이상의 요양이 필요한 부상자가 동시에 2명 이상 발생",
      "options": [],
      "answer": null,
      "explanation": ""
    },
    {
      "no": 5,
      "question": "유족급여\n한 재해",
      "options": [],
      "answer": null,
      "explanation": ""
    },
    {
      "no": 6,
      "question": "상병(傷病)보상연금",
      "options": [],
      "answer": null,
      "explanation": ""
    },
    {
      "no": 3,
      "question": "부상자 또는 직업성 질병자가 동시에 10명 이상 발생한 재해",
      "options": [],
      "answer": null,
      "explanation": ""
    },
    {
      "no": 7,
      "question": "장례비",
      "options": [],
      "answer": null,
      "explanation": ""
    },
    {
      "no": 14,
      "question": "T.B.M 활동의 5단계 추진법의 진행순서로 옳은 것은? 8. 직업재활급여",
      "options": [
        "도입 → 확인 → 위험예지훈련 → 작업지시 → 정비점검 [해설작성자 : kdds]",
        "도입 → 정비점검 → 작업지시 → 위험예지훈련 → 확인"
      ],
      "answer": null,
      "explanation": ""
    },
    {
      "no": 17,
      "question": "맥그리거의 X,Y이론 중 X이론의 관리처방에 해당하는 것은?\n③ 도입 → 작업지시 → 위험예지훈련 → 정비점검 → 확인",
      "options": [
        "도입 → 작업지시 → 위험예지훈련 → 정비점검 → 확인",
        "조직구조의 평면화",
        "도입 → 위험예지훈련 → 작업지시 → 정비점검 → 확인",
        "분권화와 권한의 위임",
        "자체평가제도의 활성화",
        "권위주의적 리더십의 확립"
      ],
      "answer": null,
      "explanation": ""
    },
    {
      "no": 1,
      "question": "경제적 보상체제의 강화\n3단계 - 작업지시 (전달연락 사항, 금일의 작업지시 5W1H +",
      "options": [],
      "answer": null,
      "explanation": ""
    },
    {
      "no": 2,
      "question": "권위주의적 리더쉽 확립\n위험예지, 지적확인(중점실시사항 2point, 복창)",
      "options": [],
      "answer": null,
      "explanation": ""
    },
    {
      "no": 3,
      "question": "면밀한 감독과 엄격한 통제\n4단계 - 위험예지훈련 (설정해놓은 도해로 one point 위험예지",
      "options": [],
      "answer": null,
      "explanation": ""
    },
    {
      "no": 4,
      "question": "상부책임제도의 강화\n훈련 실시)",
      "options": [],
      "answer": null,
      "explanation": ""
    },
    {
      "no": 5,
      "question": "조직구조의 고층성\n5단계 - 확인 (one point 지적 확인 연습, touch&call, 끝맺음)\n[해설작성자 : 강릉쌍기사 목표]\n기출문제 해설은 최강 자격증 기출문제 전자문제집 CBT : www.comcbt.com 통해서 실시간으로 변경됩니다.\n본 해설집은 최강 자격증 기출문제 전자문제집 CBT 해설달기 프로젝트에 의해서 만들어진 자료입니다. 해설을 제공해 주신 모든 분들께 감사 드립니다.\n건설안전기사 ◐ 2021년 09월 12일 필기 기출문제 및 해설집◑ 전자문제집 CBT :www.comcbt.com\nY 이론 8. 원심기(산업용만 해당한다)",
      "options": [],
      "answer": null,
      "explanation": ""
    },
    {
      "no": 1,
      "question": "민주적 리더쉽의 확립 9. 롤러기(밀폐형 구조는 제외한다)",
      "options": [],
      "answer": null,
      "explanation": ""
    },
    {
      "no": 2,
      "question": "분권화와 권한의 위임 10. 사출성형기[형 체결력(型 締結力) 294킬로뉴턴(KN) 미만은",
      "options": [],
      "answer": null,
      "explanation": ""
    },
    {
      "no": 3,
      "question": "목표에 의한 관리 제외한다]",
      "options": [],
      "answer": null,
      "explanation": ""
    },
    {
      "no": 4,
      "question": "직무확장 11. 고소작업대(「자동차관리법」 제3조제3호 또는 제4호에 따",
      "options": [],
      "answer": null,
      "explanation": ""
    },
    {
      "no": 5,
      "question": "비공식적 조직의 활용 른 화물자동차 또는 특수자동차에 탑재한 고소작업대로 한정한",
      "options": [],
      "answer": null,
      "explanation": ""
    },
    {
      "no": 6,
      "question": "자체평가제도의 활성화 다)",
      "options": [],
      "answer": null,
      "explanation": ""
    },
    {
      "no": 7,
      "question": "조직구조의 평면화 12. 컨베이어\n[해설작성자 : HO!] 13. 산업용 로봇\n② 법 제93조제1항에 따른 안전검사대상기계등의 세부적인 종",
      "options": [
        "법 제93조제1항에 따른 안전검사대상기계등의 세부적인 종"
      ],
      "answer": null,
      "explanation": ""
    },
    {
      "no": 18,
      "question": "산업안전보건법령상 안전보건관리책임자의 업무에 해당하지\n류, 규격 및 형식은 고용노동부장관이 정하여 고시한다.\n않는 것은? (단, 그 밖의 고용노동부령으로 정하는 사항은\n[해설작성자 : kdds]\n제외한다.)",
      "options": [
        "근로자의 적정배치에 관한 사항 20. 재해사례연구의 진행단계로 옳은 것은?",
        "작업환경의 점검 및 개선에 관한 사항",
        "안전보건관리규정의 작성 및 변경에 관한 사항",
        "안전장치 및 보호구 구입 시 적격품 여부 확인에 관한"
      ],
      "answer": null,
      "explanation": ""
    },
    {
      "no": 1,
      "question": "산업재해예방계획의 수립에 관한사항",
      "options": [
        "ㄷ → ㄹ → ㄴ → ㅁ → ㄱ"
      ],
      "answer": null,
      "explanation": ""
    },
    {
      "no": 2,
      "question": "안전보건관리규정의 작성 및 변경에 관한 사항 ② ㄷ → ㄹ → ㅁ → ㄴ → ㄱ",
      "options": [
        "ㄷ → ㄹ → ㅁ → ㄴ → ㄱ"
      ],
      "answer": null,
      "explanation": ""
    },
    {
      "no": 3,
      "question": "근로자의 안전,보건교육에 관한 사항 ③ ㄹ → ㄴ → ㄷ → ㅁ → ㄱ",
      "options": [
        "ㄹ → ㄴ → ㄷ → ㅁ → ㄱ"
      ],
      "answer": null,
      "explanation": ""
    },
    {
      "no": 4,
      "question": "작업환경측정 등 작업환경의 점검 및 개선에 관한 사항 ④ ㄹ → ㄷ → ㅁ → ㄴ → ㄱ",
      "options": [
        "ㄹ → ㄷ → ㅁ → ㄴ → ㄱ"
      ],
      "answer": null,
      "explanation": ""
    },
    {
      "no": 5,
      "question": "근로자의 건강진단 등 건강관리에 관한 사항 <문제 해설>",
      "options": [],
      "answer": null,
      "explanation": ""
    },
    {
      "no": 6,
      "question": "산업재해의 원인조사 및 재발방지대책 수립에 관한 사항 재해사례 연구의 진행단계",
      "options": [],
      "answer": null,
      "explanation": ""
    },
    {
      "no": 7,
      "question": "산업재에 관한 통계의 기록 및 유지에 관한 사항 (1) 전제조건 : 재해상황의 파악",
      "options": [],
      "answer": null,
      "explanation": ""
    },
    {
      "no": 8,
      "question": "안전,보건과 관련된 안전장치 및 보호구 구입시 적격품 여부 (2) 제1단계 : 사실의 확인\n확인에 관한 사항 (3) 제2단계 : 문제점의 발견",
      "options": [],
      "answer": null,
      "explanation": ""
    },
    {
      "no": 9,
      "question": "근로자의 유해,위험 예방조치에 관한 사항 (4) 제3단계 : 근본적 문제점 결정\n[해설작성자 : Pepsi] (5) 제4단계 : 대책의 수립\n[해설작성자 : comcbt.com 이용자]",
      "options": [],
      "answer": null,
      "explanation": ""
    },
    {
      "no": 19,
      "question": "산업안전보건법령상 명시된 안전검사대상 유해하거나 위험\n한 기계·기구·설비에 해당하지 않는 것은?\n2과목 : 산업심리 및 교육",
      "options": [
        "리프트 ② 곤돌라",
        "산업용 원심기 ④ 밀폐형 롤러기 21. 인간 착오의 메커니즘으로 틀린 것은?",
        "위치의 착오 ② 패턴의 착오",
        "느낌의 착오 ④ 형(形)의 착오",
        "법 제93조제1항 전단에서 “대 착오"
      ],
      "answer": null,
      "explanation": ""
    },
    {
      "no": 22,
      "question": "산업안전보건법령상 명시된 건설용 리프트·곤돌라를 이용한\n작업의 특별교육 내용으로 틀린 것은? (단, 그 밖에 안전·보",
      "options": [],
      "answer": null,
      "explanation": ""
    },
    {
      "no": 1,
      "question": "프레스\n건관리에 필요한 사항은 제외한다.)",
      "options": [],
      "answer": null,
      "explanation": ""
    },
    {
      "no": 2,
      "question": "전단기",
      "options": [
        "신호방법 및 공동작업에 관한 사항"
      ],
      "answer": null,
      "explanation": ""
    },
    {
      "no": 3,
      "question": "크레인(정격 하중이 2톤 미만인 것은 제외한다)\n② 화물의 취급 및 작업 방법에 관한 사항",
      "options": [
        "화물의 취급 및 작업 방법에 관한 사항"
      ],
      "answer": null,
      "explanation": ""
    },
    {
      "no": 4,
      "question": "리프트\n③ 방호 장치의 기능 및 사용에 관한 사항",
      "options": [
        "방호 장치의 기능 및 사용에 관한 사항"
      ],
      "answer": null,
      "explanation": ""
    },
    {
      "no": 5,
      "question": "압력용기\n④ 기계·기구에 특성 및 동작원리에 관한 사항",
      "options": [
        "기계·기구에 특성 및 동작원리에 관한 사항"
      ],
      "answer": null,
      "explanation": ""
    },
    {
      "no": 6,
      "question": "곤돌라\n<문제 해설>",
      "options": [],
      "answer": null,
      "explanation": ""
    },
    {
      "no": 7,
      "question": "국소 배기장치(이동식은 제외한다)\n기출문제 해설은 최강 자격증 기출문제 전자문제집 CBT : www.comcbt.com 통해서 실시간으로 변경됩니다.\n본 해설집은 최강 자격증 기출문제 전자문제집 CBT 해설달기 프로젝트에 의해서 만들어진 자료입니다. 해설을 제공해 주신 모든 분들께 감사 드립니다.\n건설안전기사 ◐ 2021년 09월 12일 필기 기출문제 및 해설집◑ 전자문제집 CBT :www.comcbt.com\n건설용 리프트/곤돌라를 이용한 작업의 특별교육 내용 문에 재해가 자주 발생되는 사람\n[해설작성자 : 오늘합격각]\n방호장치의 기능 및 사용에 관한 사항",
      "options": [],
      "answer": null,
      "explanation": ""
    },
    {
      "no": 26,
      "question": "안전사고가 발생하는 요인 중 심리적인 요인에 해당하는 것\n기계, 기구, 달기체인 및 와이어 등의 점검에 관한 사항\n은?\n화물의 권상/권하 작업방법 및 안전작업 지도에 관한 사항",
      "options": [
        "감정의 불안정 ② 극도의 피로감",
        "신경계통의 이상 ④ 육체적 능력의 초과"
      ],
      "answer": null,
      "explanation": ""
    },
    {
      "no": 23,
      "question": "타일러(Taylor)의 과학적 관리와 거리가 가장 먼 것은?",
      "options": [],
      "answer": null,
      "explanation": ""
    },
    {
      "no": 27,
      "question": "허츠버그(Herzberg)의 2 요인 이론 중 동기요인(motivator)",
      "options": [
        "시간-동작 연구를 적용하였다.",
        "생산의 효율성을 상당히 향상시켰다.",
        "성취 ② 작업 조건",
        "인간중심의 관점으로 일을 재설계한다.",
        "인정 ④ 작업 자체",
        "인센티브를 도입함으로써 작업자들을 동기화시킬 수 있"
      ],
      "answer": null,
      "explanation": ""
    },
    {
      "no": 28,
      "question": "작업의 강도를 객관적으로 측정하기 위한 지표로 옳은 것\n기계적 존재로 파악\n은?\n[해설작성자 : 한번에 가자]",
      "options": [
        "강도율 ② 작업시간",
        "작업속도 ④ 에너지 대사율(RMR)"
      ],
      "answer": null,
      "explanation": ""
    },
    {
      "no": 24,
      "question": "프로그램 학습법(programmed self-instruction method)의\n<문제 해설>\n단점은?\n○에너지 대사율의 정의",
      "options": [
        "보충학습이 어렵다.",
        "수강생의 시간적 활용이 어렵다.",
        "수강생의 사회성이 결여되기 쉽다.",
        "수강생의 개인적인 차이를 조절할 수 없다."
      ],
      "answer": null,
      "explanation": ""
    },
    {
      "no": 25,
      "question": "작업의 어려움, 기계설비의 결함 및 환경에 대한 주의력의 - 휴식시 소비에너지) ÷ 기초대사량\n집중혼란, 심신의 근심 등으로 인하여 재해를 많이 일으키\n는 사람을 지칭하는 것은? ○ 에너지 대사율 범위",
      "options": [
        "미숙성 누발자 ② 상황성 누발자 0~1 : 초경작업 (주로 손가락이용:타자, 바느질)",
        "습관성 누발자 ④ 소질성 누발자 1~2 : 경작업 (앉아서 하는 업무 : 기기운전, 선반작업)"
      ],
      "answer": null,
      "explanation": ""
    },
    {
      "no": 29,
      "question": "지도자가 부하의 능력에 따라 차별적으로 성과급을 지급하\n되어 재해를 누발하는 자와 일종의 슬럼프상태에 빠져서 재하를\n고자 하는 리더십의 권한은?\n누발하는 자",
      "options": [
        "전문성 권한 ② 보상적 권한",
        "합법적 권한 ④ 위임된 권한",
        "ATT(American Telephone & Telegram Co.)"
      ],
      "answer": null,
      "explanation": ""
    },
    {
      "no": 30,
      "question": "인간의 욕구에 대한 적응기제(Adjustment Mechanism)를 공\n된 질의응답을 통하여 교육하는 기법\n격적 기제, 방어적 기제, 도피적 기제로 구분할 때 다음 중\n[해설작성자 : 오늘합격각]\n도피적 기제에 해당하는 것은?",
      "options": [
        "보상 ② 고립 34. 안전교육방법 중 새로운 자료나 교재를 제시하고, 거기에서",
        "승화 ④ 합리화 의 문제점을 피교육자로하여금 제기하게 하거나, 의견을 여",
        "포럼(Forum)",
        "심포지엄(Symposium)",
        "버즈세션(Buzz Session)",
        "패널 디스커션(Panel Discussion)"
      ],
      "answer": null,
      "explanation": ""
    },
    {
      "no": 31,
      "question": "알더퍼(Alderfer)의 ERG 이론에서 인간의 기본적인 3가지\n<문제 해설>\n욕구가 아닌 것은?\n-패널 디스커션 : 참가자 앞에서 소수의 전문가들이 과제에 관",
      "options": [
        "관계욕구 ② 성장욕구",
        "생리욕구 ④ 존재욕구"
      ],
      "answer": null,
      "explanation": ""
    },
    {
      "no": 1,
      "question": "존재의 욕구(existence needs)\n발표하게하고 다시 깊이 파고들어 토의를 행하는 방법",
      "options": [],
      "answer": null,
      "explanation": ""
    },
    {
      "no": 2,
      "question": "관계의 욕구(relatedness needs)\n-심포지엄 : 몇사람의 전문가에 의하여 과제에 관한 견해를 발",
      "options": [],
      "answer": null,
      "explanation": ""
    },
    {
      "no": 3,
      "question": "성장의 욕구(growth needs)\n표한 뒤에 참가자로 하여금 의견이나 질문을 하게 하여 토의하\n[해설작성자 : 다시보기]\n는 방법\n[해설작성자 : 오늘합격각]",
      "options": [],
      "answer": null,
      "explanation": ""
    },
    {
      "no": 32,
      "question": "주의력의 특성과 그에 대한 설명으로 옳은 것은?",
      "options": [
        "지속성: 인간의 주의력은 2시간 이상 지속된다.",
        "변동성: 인간은 주의 집중은 내향과 외향의 변동이 반복",
        "방향성: 인간이 주의력을 집중하는 방향은 상하 좌우에",
        "선택성: 인간의 주의력은 한계가 있어 여러 작업에 대해"
      ],
      "answer": null,
      "explanation": ""
    },
    {
      "no": 35,
      "question": "산업안전보건법령상 근로자 안전보건교육의 교육과정 중 건\n선택적으로 배분된다.\n설 일용근로자의 건설업 기초 안전·보건교육 교육시간 기준\n<문제 해설>\n으로 옳은 것은?\n□주의의 특성",
      "options": [
        "1시간 이상 ② 2시간 이상",
        "3시간 이상 ④ 4시간 이상",
        "시청각 교육 – 현장실습 교육 – 안전작업 동작지도"
      ],
      "answer": null,
      "explanation": ""
    },
    {
      "no": 33,
      "question": "파악하고자 하는 연구과제에 대해 언어를 매개로 구조화된\n② 시청각 교육 – 안전작업 동작지도 – 현장실습 교육\n질의응답을 통하여 교육하는 기법은?\n③ 현장실습 교육 – 안전작업 동작지도 – 시청각 교육",
      "options": [
        "시청각 교육 – 안전작업 동작지도 – 현장실습 교육",
        "현장실습 교육 – 안전작업 동작지도 – 시청각 교육",
        "면접(interview)",
        "안전작업 동작지도 – 시청각 교육 – 현장실습 교육",
        "카운슬링(counseling)",
        "CCS(Civil Communication Section)"
      ],
      "answer": null,
      "explanation": ""
    },
    {
      "no": 37,
      "question": "O.J.T(On the Job Training)의 장점이 아닌 것은?",
      "options": [
        "직장의 실정에 맞게 실제적 훈련이 가능하다. 40. 작업자들에게 적성검사를 실시하는 가장 큰 목적은?",
        "교육을 통한 훈련효과에 의해 상호 신뢰이해도가 높아진 ① 작업자의 협조를 얻기 위함",
        "작업자의 인간관계 개선을 위함",
        "대상자의 개인별 능력에 따라 훈련의 진도를 조정하기가 ③ 작업자의 생산능률을 높이기 위함",
        "작업자의 업무량을 최대로 할당하기 위함",
        "교육훈련 대상자가 교육훈련에만 몰두할 수 있어 학습효 <문제 해설>"
      ],
      "answer": null,
      "explanation": ""
    },
    {
      "no": 41,
      "question": "인간공학적 수공구 설계원칙이 아닌 것은?\n-즉시 업무에 연결되는 관계로 신체와 관련이 있다",
      "options": [
        "손목을 곧게 유지할 것",
        "반복적인 손가락 동작을 피할 것",
        "손잡이 접촉 면적을 작게 설계할 것",
        "조직(tissue)에 가해지는 압력을 피할 것"
      ],
      "answer": null,
      "explanation": ""
    },
    {
      "no": 38,
      "question": "학습목적의 3요소가 아닌 것은? 3. 손잡이 접촉 면적을 크게 설계하여야 한다.",
      "options": [
        "목표(goal) [해설작성자 : 마감]",
        "주제(subject)"
      ],
      "answer": null,
      "explanation": ""
    },
    {
      "no": 42,
      "question": "NIOSH 지침에서 최대허용한계(MPL)는 활동한계(AL)의 몇\n③ 학습정도(level of learning)\n배인가?\n④ 학습방법(methed of learning)",
      "options": [
        "학습정도(level of learning)",
        "학습방법(methed of learning)",
        "1배 ② 3배",
        "5배 ④ 9배"
      ],
      "answer": null,
      "explanation": ""
    },
    {
      "no": 39,
      "question": "학습된 행동이 지속되는 것을 의미하는 용어는? - MPL을 초과한 경우 반드시 공학적 대책 실시",
      "options": [
        "회상(recall) ② 파지(retention) - AL ~ MPL의 경우 개선을 통해 작업 전 AL이하로 내려야 함",
        "재인(recognition) ④ 기명(memorizing) (행정적 경영학적 관리)"
      ],
      "answer": null,
      "explanation": ""
    },
    {
      "no": 43,
      "question": "FMEA의 특징에 대한 설명으로 틀린 것은?\n-파지 : 획득된 행동이나 내용이 지속되는것이며, 망각은 지속",
      "options": [
        "서브시스템 분석 시 FTA보다 효과적이다.",
        "양식이 비교적 간단하고 적은 노력으로 특별한 훈련 없",
        "시스템 해석기법은 정성적·귀납적 분석법 등에 사용된다.",
        "각 요소간 영향 해석이 어려워 2 가지 이상 동시 고장은"
      ],
      "answer": null,
      "explanation": ""
    },
    {
      "no": 44,
      "question": "인간공학에 대한 설명으로 틀린 것은?\n예) 자동차 운전, 전기드릴작업 등",
      "options": [
        "제품의 설계 시 사용자를 고려한다.",
        "환경과 사람이 격리된 존재가 아님을 인식한다.",
        "인간공학의 목표는 기능적 효과, 효율 및 인간 가치를",
        "인간의 능력 및 한계에는 개인차가 없다고 인지한다.",
        "고온 스트레스",
        "한랭한 작업장"
      ],
      "answer": null,
      "explanation": ""
    },
    {
      "no": 45,
      "question": "인간-기계시스템에서의 여러 가지 인간에러와 그것으로 인\n③ 중량물의 취급\n해 생길 수 있는 위험성의 예측과 개선을 위한 기법은?\n④ 분진의 다량발생",
      "options": [
        "중량물의 취급",
        "분진의 다량발생",
        "PHA ② FHA",
        "OHA ④ THERP"
      ],
      "answer": null,
      "explanation": ""
    },
    {
      "no": 46,
      "question": "개선의 ECRS의 원칙에 해당하지 않는 것은?",
      "options": [
        "제거(Eliminate) ② 결합(Combine)",
        "㉡→㉣→㉢→㉤→㉠",
        "재조정(Rearrange) ④ 안전(Safety)",
        "㉢→㉣→㉠→㉤→㉡",
        "㉣→㉤→㉢→㉠→㉡",
        "㉤→㉢→㉡→㉠→㉣"
      ],
      "answer": null,
      "explanation": ""
    },
    {
      "no": 47,
      "question": "표시장치로부터 정보를 얻어 조종장치를 통해 기계를 통제\n제5단계 : 개선안 실시계획\n하는 시스템은?\n[해설작성자 : 커피ㅎ]",
      "options": [
        "수동 시스템 ② 무인 시스템",
        "반자동 시스템 ④ 자동 시스템"
      ],
      "answer": null,
      "explanation": ""
    },
    {
      "no": 50,
      "question": "물체의 표면에 도달하는 빛의 밀도를 뜻하는 용어는?\n<문제 해설>",
      "options": [
        "광도 ② 광량",
        "대비 ④ 조도"
      ],
      "answer": null,
      "explanation": ""
    },
    {
      "no": 54,
      "question": "일정한 고장률을 가진 어떤 기계의 고장률이 시간당 0.008\n조도 (lux) = 광도 (cd) / (거리 D)^2\n일 때 5시간 이내에 고장을 일으킬 확률은?\n[해설작성자 : 오늘합격각]",
      "options": [
        "1 + e0.04 ② 1 – e-0.004"
      ],
      "answer": null,
      "explanation": ""
    },
    {
      "no": 51,
      "question": "시각적 표시장치와 청각적 표시장치 중 시각적 표시장치를 ③ 1 – e0.04 ④ 1 – e-0.04\n선택해야 하는 경우는? <문제 해설>",
      "options": [
        "1 – e0.04 ④ 1 – e-0.04",
        "메시지가 긴 경우 신뢰도 R=e^-t/t0",
        "메시지가 후에 재참조되지 않는 경우 R=e^-a*t",
        "직무상 수신자가 자주 움직이는 경우 불신뢰도 F=1-e^-a*t",
        "메시지가 시간적 사상(event)을 다룬 경우 (t:작동시간,t0:평균수명,a:고장률)"
      ],
      "answer": null,
      "explanation": ""
    },
    {
      "no": 55,
      "question": "HAZOP기법에서 사용하는 가이드워드와 그 의미가 틀린 것\n- 메세지 짧을때\n은?\n- 재참조되지 않을때",
      "options": [
        "Other than : 기타 환경적인 요인",
        "No/Not : 디자인 의도의 완전한 부정",
        "Reverse : 디자인 의도의 논리적 반대",
        "More/Less : 정량적인 증가 또는 감소"
      ],
      "answer": null,
      "explanation": ""
    },
    {
      "no": 52,
      "question": "조작과 반응과의 관계, 사용자의 의도와 실제 반응과의 관 1. 개념\n계, 조종장치와 작동결과에 관한 관계 등 사람들이 기대하 - 공장 설비 프로세스에 존재하는 해저드 및 운용 상의 문제\n는 바와 일치하는 관계가 뜻하는 것은? 점을 찾아내는 정성적 분석 기법",
      "options": [
        "중복성 ② 조직화 - 시스템의 원래 의도한 설계와 차이가 있는 변이를 일련의",
        "양립성 ④ 표준화 가이드 워드를 활용하여 체계적으로 식별"
      ],
      "answer": null,
      "explanation": ""
    },
    {
      "no": 53,
      "question": "FT도에 사용되는 다음 기호의 명칭은?",
      "options": [],
      "answer": null,
      "explanation": ""
    },
    {
      "no": 3,
      "question": "안내단어\n- No : 설계의도에 부적합\n- Less : 정량적 감소\n- More : 정량적 증가\n- Part of : 정성적 감소\n- As well as : 정성적 증가\n- Reverse : 설계의도와 반대 현상\n- Other than : 완전한 대체의 필요",
      "options": [
        "억제게이트 ② 조합AND게이트",
        "부정게이트 ④ 베타적OR게이트",
        "50phon ② 60phon",
        "90phon ④ 100phon",
        "96.02% ② 97.02%",
        "98.02% ④ 99.02%"
      ],
      "answer": null,
      "explanation": ""
    },
    {
      "no": 57,
      "question": "인간의 오류모형에서 상황해석을 잘못하거나 목표를 잘못\n신뢰도=1-불신뢰도=1-0.0298=0.9702x100=97.02%\n이해하고 착각하여 행하는 경우를 뜻하는 용어는?\n[해설작성자 : 개나리]",
      "options": [
        "실수(Slip) ② 착오(Mistake)",
        "건망증(Lapse) ④ 위반(Violation)",
        "덧셈법 ② 곱셈법",
        "뺄셈법 ④ 행렬법"
      ],
      "answer": null,
      "explanation": ""
    },
    {
      "no": 58,
      "question": "프레스기어의 안전장치 수명은 지수분포를 따르며 평균 수\n추정하고\n명이 1000시간일 때 ㉠, ㉡에 알맞은 값은 약 얼마인가?\n다음 각 호의 어느 하나의 방법으로 위험성을 추정하여야 한다..\n- 가능성과 중대성을 행렬을 이용하여 조합하는 방법\n- 가능성과 중대성을 곱하는 방법\n- 가능성과 중대성을 더하는 방법\n- 그 박에 사업장의 특성에 적합한 방법\n[해설작성자 : 오늘합격각]",
      "options": [
        "㉠: 0.606, ㉡: 0.606",
        "㉠: 0.606, ㉡: 0.808",
        "㉠: 0.808, ㉡: 0.606",
        "㉠: 0.808, ㉡: 0.808 61. 기존에 구축된 건축물 가까이에서 건축공사를 실시할 경우",
        "리버스 서큘레이션 공법",
        "언더피닝 공법",
        "슬러리 윌 공법",
        "탑다운 공법"
      ],
      "answer": null,
      "explanation": ""
    },
    {
      "no": 59,
      "question": "FT도에서 신뢰도는? (단, A발생확률은 0.01, B발생확률은\n기존 건무의 기초를 보강하는 공법이다.",
      "options": [],
      "answer": null,
      "explanation": ""
    },
    {
      "no": 0,
      "question": "02이다.)\n[해설작성자 : 아모르파티]",
      "options": [],
      "answer": null,
      "explanation": ""
    },
    {
      "no": 62,
      "question": "다음은 기성말뚝 세우기에 관한 표준시방서 규정이다. ( )안\n에 순서대로 들어갈 내용으로 옳게 짝지어진 것은? (단, 보\n기항의 D는 말뚝의 바깥지름 임)\n기출문제 해설은 최강 자격증 기출문제 전자문제집 CBT : www.comcbt.com 통해서 실시간으로 변경됩니다.\n본 해설집은 최강 자격증 기출문제 전자문제집 CBT 해설달기 프로젝트에 의해서 만들어진 자료입니다. 해설을 제공해 주신 모든 분들께 감사 드립니다.\n건설안전기사 ◐ 2021년 09월 12일 필기 기출문제 및 해설집◑ 전자문제집 CBT :www.comcbt.com",
      "options": [
        "1/100, D/4 ② 1/100, D/3 세화에서 출판된 2024년 문제집은 1/100 D/4라 되어있습니다.",
        "1/150, D/4 ④ 1/150, D/3 [해설작성자 : 표야]"
      ],
      "answer": null,
      "explanation": ""
    },
    {
      "no": 63,
      "question": "철골공사에서 발생하는 용접 결함이 아닌 것은?",
      "options": [
        "피트(Pit) ② 블로우 홀(Blow hole)",
        "오버 랩(Over lap) ④ 가우징(Gouging)"
      ],
      "answer": null,
      "explanation": ""
    },
    {
      "no": 3,
      "question": "2.4 말뚝 세우기\n하며, 이 전극과 모재 사이에 발생하는 아크의 고온열로 모재를\n③ 말뚝의 연직도나 경사도는 1/50 이내로 하고, 말뚝박기 후\n순간적으로 녹이고 동시에 압축공기의 강한 바람으로 용해된 금\n평면상의 위치가 설계도면의 위치로부터 D/4(D는 말뚝의 바깥\n속을 불어내는 방법\n지름)와 100 mm 중 큰 값 이상으로 벗어나지 않아야 한다.\n[해설작성자 : 아모르파티]\n[해설작성자 : 뀨우C]",
      "options": [
        "말뚝의 연직도나 경사도는 1/50 이내로 하고, 말뚝박기 후"
      ],
      "answer": null,
      "explanation": ""
    },
    {
      "no": 64,
      "question": "원심력 고강도 프리스트레스트 콘크리트말뚝의 이음방법 중\n[추가 오류 신고]\n가장 강성이 우수하고 안전하여 많이 사용하는 이음방법은?",
      "options": [],
      "answer": null,
      "explanation": ""
    },
    {
      "no": 3,
      "question": "4 보기 150 대신 50",
      "options": [
        "충전식이음 ② 볼트식이음",
        "용접식이음 ④ 강관말뚝이음",
        "깊은 심도까지 굴착이 가능하다.",
        "시공속도가 빠른 장점이 있다.",
        "겹침이음 ② 가스압접 이음 ④ 수상(해상)작업이 불가하다.",
        "기계적 이음 ④ 용접이음 <문제 해설>"
      ],
      "answer": 0,
      "explanation": ""
    },
    {
      "no": 1,
      "question": "철근이음 종류 - 저소음, 저진동 공법이다.\n1)겹침이음: 철근이음할 1개소에 두 군데 이상 결속선(#18~20) - 잔교(棧橋)등에 의한 수상시공이 가능하다.\n으로 결속하는 이음 - 드릴파이프 직경보다 큰 호박돌이 있는 경우 굴착이 불가능하\n2)용접이음: 금속이 고열에 의해 융합하는 성질을 이용한 이음 다.\n3)가스압접이음: 철근의 접합면을 맞대고 압력을 가하면서 산소 - 시공속도가 빠르다.\n아세틸렌가스의 증성염으로 가열하면 접합부가 부풀어 오르면서 [해설작성자 : 나는 할수 있다.]\n접합",
      "options": [],
      "answer": null,
      "explanation": ""
    },
    {
      "no": 67,
      "question": "보강블록공사 시 벽의 철근 배치에 관한 설명으로 옳지 않\n4)기계적 이음\n은 것은?\n- 나사이음: 철근에 숫나사를 만들고 커플러 양단을 너트로",
      "options": [
        "가로근을 배근 상세도에 따라 가공하되, 그 단부는 180〬",
        "블록의 공동에 보강근을 배치하고 콘크리트를 다져 넣기",
        "세로근은 기초 및 테두리보에서 위층의 테두리보까지 잇"
      ],
      "answer": null,
      "explanation": ""
    },
    {
      "no": 2,
      "question": "철근이음시 고려사항\n으로 한다.\n1)철근상세도에 표시되어 있지 않은 곳에 철근의 이음을 둘 경\n④ 벽의 세로근은 구부리지 않고 항상 진동 없이 설치한다.\n우에는 그 이음의 위치와 방법은 KDS 14 20 00의 하드 코드에\n<문제 해설>\n따라 정하여야 한다.\n보강블록 공사 시\n2)D35를 초과하는 철근은 겹침이음을 할 수 없다(단, 서로 다른\n- 가로근 배근 상세도에 따라 가공하되, 그 단부는 180도의 갈\n크기의 철근을 압축부에서 겹침이음하는 경우 D35 이하의 철근\n고리로 구부려 배근\n과 D35를 초과하는 철근은 겹침이음을 할 수 있다.\n- 블록의 공동에 보강근을 배치하고 콘크리트를 다져 넣기 때문\n3)서로 다른 크기의 철근(지름이 다른 철근)을 겹침이음하는 경\n에 세로줄눈은 통줄눈으로 하는 것이 좋음\n우, 이음길이는 크기가 큰 철근의 정착길이와 크기가 작은 철근\n- 세로근은 기초 및 테두리보에서 위층의 테두리보 까지 이음없\n의 겸침이음길이 중 큰 값 이싱이어야 한다.\n이 배근하여 그 정착길이가 철근 직경의 40배 이상\n4)철근의 이음길이는 건축구조기준 및 철근상세도에 따르며, 갈\n- 철근은 굵은 것 보다 가는 철근을 많이 넣는 것이 좋음\n고리의 길이는 이음길이에 포함시키지 않는다.\n- 보강 블록 쌓을때 세로줄눈은 통줄눈으로 하는 것이 원칙\n5)이음길이는 건축구조설계기준 및 철근상세도에 제시된 길이보\n- 블록을 쌓을때 지나치제 물축이기를 하면 팽창 수축으로 벽체\n다 짧을 수 없으며, 건축구조설계기준 및 철근배근도의 길이를\n에 균열이 생기기 쉬우므로 접착면에 적당히 물 축여 모르타르\n초과할 경우의 허용차는 소정길이의 10% 이내로 한다.\n경화 강도에 지장이 없도록 한다.\n6)철근의 가스용접이음은 철근배근도 및 시공계획서에 위치를\n- 벽체 일체화를 위한 철근콘크리트조의 테두리보의 춤은 내력\n표기하여 담당원의 승인을 받아야 한다..압점단면의 처리는 재축\n벽 두께의 1.5배 이상으로 한다..\n에 직각되게 정확하게 절단하고 압접 작업 당일에 유해한 부\n[해설작성자 : 오늘합격각]\n착물을 연마하여 완전히 제거하여야 한다.\n7)철근을 용접이음하는 경우, 용접부의 강도는 철근 설계기준 항",
      "options": [
        "벽의 세로근은 구부리지 않고 항상 진동 없이 설치한다."
      ],
      "answer": null,
      "explanation": ""
    },
    {
      "no": 68,
      "question": "철근공사 시 철근의 조립과 관련된 설명으로 옳지 않은 것\n복강도의 125% 성능을 발휘할 수 있어야 한다.\n은?\n8)용접이음은 철근에 묻은 기름, 먼지 및 이 물질을 청소하고 화",
      "options": [
        "철근이 바른 위치를 확보할 수 있도록 결속선으로 결속",
        "철근을 조립한 다음 장기간 경과한 경우에는 콘크리트의",
        "경미한 황갈색의 녹이 발생한 철근은 콘크리트와의 부착",
        "철근의 피복두께를 정확하게 확보하기 위해 적절한 간격"
      ],
      "answer": null,
      "explanation": ""
    },
    {
      "no": 66,
      "question": "R.C.D(리버스 서큘레이션 드릴)공법의 특징으로 옳지 않은\n<문제 해설>\n것은?\n녹이 조금 있을 경우 부착면이 커져 부착력이 좋아집니다.",
      "options": [
        "드릴파이프 직경보다 큰 호박돌이 있는 경우 굴착이 불",
        "주변 공사장에 설치된 모든 계측기 확인",
        "기존 건축물의 설계도, 시공기록 확인",
        "가스, 수도, 전기 등 공공매설물 확인",
        "시험굴착, 탐사 확인"
      ],
      "answer": null,
      "explanation": ""
    },
    {
      "no": 72,
      "question": "벽돌쌓기 시 사전준비에 관한 설명으로 옳지 않은 것은?",
      "options": [],
      "answer": null,
      "explanation": ""
    },
    {
      "no": 3,
      "question": "1.2 철근의 조립",
      "options": [
        "줄기초, 연결보 및 바닥 콘크리트의 쌓기면은 작업 전에",
        "벽돌에 부착된 흙이나 먼지는 깨끗이 제거한다.",
        "모르타르는 지정한 배합으로 하되 시멘트와 모래는 건비"
      ],
      "answer": null,
      "explanation": ""
    },
    {
      "no": 69,
      "question": "공사계약방식에서 공사실시 방식에 의한 계약제도가 아닌 이 확보되도록 물을 가하고 충분히 반죽하여 사용한다.\n것은? ④ 콘크리트 벽돌은 쌓기 직전에 충분한 물축이기를 한다.",
      "options": [
        "콘크리트 벽돌은 쌓기 직전에 충분한 물축이기를 한다.",
        "일식도급 <문제 해설>",
        "분할도급 붉은벽돌 : 벽돌쌓기전 충분한물축임",
        "실비정산보수가산도급 시멘트벽돌 : 쌓으면서 뿌리거나 쌓는벽 옆에서 뿌린다",
        "공동도급 [해설작성자 : cjyland]"
      ],
      "answer": null,
      "explanation": ""
    },
    {
      "no": 70,
      "question": "알루미늄 거푸집에 관한 설명으로 옳지 않은 것은? 73. 콘크리트는 신속하게 운반하여 즉시 타설하고, 충분히 다져",
      "options": [
        "경량으로 설치시간이 단축된다. 야 하는데 비비기로부터 타설이 끝날 때까지의 시간은 원칙",
        "이음매(Joint)감소로 견출작업이 감소된다. 적으로 얼마를 넘어서면 안 되는가? (단, 외기온도가 25℃",
        "주요 시공 부위는 내부벽체, 슬래브, 계단실 벽체이며, 이상일 경우)",
        "1.5시간 ② 2시간",
        "녹이 슬지 않는 장점이 있으나 전용횟수가 매우 적다. ③ 2.5시간 ④ 3시간"
      ],
      "answer": null,
      "explanation": ""
    },
    {
      "no": 71,
      "question": "철거작업 시 지중장애물 사전조사항목으로 가장 거리가 먼\nKCS 14 20 10 : 2022 일반콘크리트\n것은?",
      "options": [],
      "answer": null,
      "explanation": ""
    },
    {
      "no": 3,
      "question": "시공 3.2 운반 (3)항 참고\n기출문제 해설은 최강 자격증 기출문제 전자문제집 CBT : www.comcbt.com 통해서 실시간으로 변경됩니다.\n본 해설집은 최강 자격증 기출문제 전자문제집 CBT 해설달기 프로젝트에 의해서 만들어진 자료입니다. 해설을 제공해 주신 모든 분들께 감사 드립니다.\n건설안전기사 ◐ 2021년 09월 12일 필기 기출문제 및 해설집◑ 전자문제집 CBT :www.comcbt.com\n[해설작성자 : paintier] [해설작성자 : 건설마법사]",
      "options": [],
      "answer": null,
      "explanation": ""
    },
    {
      "no": 74,
      "question": "피어기초공사에 관한 설명으로 옳지 않은 것은? 76. 강구조물 부재 제작 시 마킹(금긋기)에 관한 설명으로 옳지",
      "options": [
        "중량구조물을 설치하는데 있어서 지반이 연약하거나 말 않은 것은?",
        "주요부재의 강판에 마킹할 때에는 펀치(punch) 등을 사",
        "강판 위에 주요부재를 마킹할 때에는 주된 응력의 방향",
        "굴착된 흙을 직접 탐사할 수 있고 지지층의 상태를 확인 과 압연 방향을 일치시켜야 한다.",
        "마킹 할 때에는 구조물이 완성된 후에 구조물의 부재로",
        "진동과 소음이 발생하는 공법이긴 하나 여타 기초형식에 서 남을 곳에는 원칙적으로 강판에 상처를 내어서는 안",
        "피어기초를 채용한 국내의 초고층 건축물에는 63빌딩이 ④ 마킹 시 용접열에 의한 수축 여유를 고려하여 최종 교"
      ],
      "answer": null,
      "explanation": ""
    },
    {
      "no": 75,
      "question": "다음 각 거푸집에 관한 설명으로 옳은 것은?\n남을 곳에는 원칙적으로 강판에 상처를 내어서는 안 된다..특히,",
      "options": [
        "트래블링 폼(Travelling Form) : 무량판 시공시 2방향으",
        "슬라이딩 폼(Sliding Form) : 수평활동 거푸집이며 거푸",
        "터널폼(Tunnel Form) : 한 구획 전체의 벽판과 바닥판을 않은 것은?",
        "전문공종별 분할도급은 설비업자의 자본, 기술이 강화되",
        "워플폼(Waffle Form) : 거푸집 높이는 약 1m이고 하부 ② 공정별 분할도급은 후속공사를 다른 업자로 바꾸거나 후",
        "공구별 분할도급은 중소업자에 균등기회를 주고, 업자",
        "직종별, 공종별 분할도급은 전문직종으로 분할하여 도급"
      ],
      "answer": null,
      "explanation": ""
    },
    {
      "no": 78,
      "question": "두께 110mm의 일반구조용 압연강재 SS275의 항복강도(f)\n푸집 y\n기준값은?\n[해설작성자 : 오늘합격각]",
      "options": [
        "275MPa 이상 ② 265MPa 이상",
        "245MPa 이상 ④ 235MPa 이상"
      ],
      "answer": null,
      "explanation": ""
    },
    {
      "no": 79,
      "question": "건설사업이 대규모화, 고도화, 다양화, 전문화 되어감에 따\n역학적 성질- *탄성 소성 강성 연성 취성 등\n라 종래의 단순 기술에 의한 시공만이 아닌 고부가가치를\n[해설작성자 : 내일도 합격]\n추구하기 위하여 업무영역의 확대를 의미하는 것은?",
      "options": [
        "BTL ② EC 82. 강재(鋼材)의 일반적인 성질에 관한 설명으로 옳지 않은 것",
        "BOT ④ SOC 은?",
        "열과 전기의 양도체이다.",
        "광택을 가지고 있으며, 빛에 불투명하다.",
        "경도가 높고 내마멸성이 크다.",
        "전성이 일부 있으나 소성변형능력은 없다."
      ],
      "answer": null,
      "explanation": ""
    },
    {
      "no": 83,
      "question": "콘크리트 혼화재 중 하나인 플라이애시가 콘크리트에 미치\n[해설작성자 : comcbt.com 이용자]\n는 작용에 관한 설명으로 옳지 않은 것은?",
      "options": [],
      "answer": null,
      "explanation": ""
    },
    {
      "no": 80,
      "question": "콘크리트 공사 시 시공이음에 관한 설명으로 옳지 않은 것",
      "options": [
        "내황산염에 대한 저항성을 증가시키기 위하여 사용한다.",
        "콘크리트 수화초기시의 발열량을 감소시키고 장기적으로",
        "시공이음은 될 수 있는 대로 전단력이 작은 위치에 설치 시멘트의 석회와 결합하여 장기강도를 증진시키는 효과",
        "입자가 구형이므로 유동성이 증가되어 단위수량을 감소",
        "외부의 염분에 의한 피해를 받을 우려가 있는 해양 및 시키므로 콘크리트의 워커빌리티의 개선, 압송성을 향상",
        "알칼리골재반응에 의한 팽창을 증가시키고 콘크리트의",
        "이음부의 시공에 있어서는 설계에 정해져 있는 이음의 수밀성을 약화시킨다.",
        "수밀을 요하는 콘크리트에 있어서는 소요의 수밀성이 얻 알칼리골재반응에 의한 팽창을 증가시키고 콘크리트의 수밀성을"
      ],
      "answer": null,
      "explanation": ""
    },
    {
      "no": 84,
      "question": "대리석의 일종으로 다공질이며 황갈색의 반문이 있고 갈면\n5과목 : 건설재료학\n광택이 나서 우아한 실내장식에 사용되는 것은?",
      "options": [],
      "answer": null,
      "explanation": ""
    },
    {
      "no": 81,
      "question": "건축재료의 성질을 물리적 성질과 역학적 성질로 구분할 때",
      "options": [
        "테라죠 ② 트래버틴",
        "석면 ④ 점판암",
        "비중 ② 탄성 트래버틴 : 실내장식재(외부사용 불가), 석질 불균일하고 다공질,",
        "강성 ④ 소성 황갈색 반문, 물갈기 하면 광택",
        "O.S.B ② M.D.F",
        "플로어링블록 ④ 시멘트 사이딩"
      ],
      "answer": null,
      "explanation": ""
    },
    {
      "no": 85,
      "question": "비스페놀과 에피클로로히드린의 반응으로 얻어지며 주제와\n보드, 잘게 부순 나무를 접착,압착하여 제작되는 목재 패널\n경화제로 이루어진 2성분계의 접착제로서 금속, 플라스틱,\nM.D.F : Medium-density fiberboard - 고운나무입자를 접착제\n도자기, 유리 및 콘크리트 등의 접합에 널리 사용되는 접착\n와 섞어 압축, 가공한 목재합판. 밀도가 균등하고 표면과 단면이\n제는?\n깔끔한것이 특징",
      "options": [
        "실리콘수지 접착제 ② 에폭시 접착제",
        "비닐수지 접착제 ④ 아크릴수지 접착제",
        "폴리스티렌수지 ② 폴리에스테르수지",
        "멜라민수지 ④ 메타크릴수지",
        "폴리에스테르"
      ],
      "answer": null,
      "explanation": ""
    },
    {
      "no": 86,
      "question": "외부에 노출되는 마감용 벽돌로써 벽돌면의 색깔, 형태, 표\n면의 질감 등의 효과를 얻기 위한 것은?\n흔히 말하는 스티로폼은 상표이름이며 정식명칭은 폴리스티렌",
      "options": [
        "광재벽돌 ② 내화벽돌",
        "치장벽돌 ④ 포도벽돌",
        "아스팔트 펠트(Asphalt felt)",
        "아스팔트 루핑(Asphalt roofing)",
        "아스팔트 프라이머(Asphalt primer)",
        "아스팔트 컴파운드(Asphalt compound)"
      ],
      "answer": null,
      "explanation": ""
    },
    {
      "no": 87,
      "question": "콘크리트의 블리딩 현상에 의한 성능저하와 가장 거리가 먼\n<문제 해설>\n것은?\n* 아스팔트 펠트 : 유기천연섬유 또는 석면섬유를 결합한 원지",
      "options": [
        "골재와 페이스트의 부착력 저하",
        "철근와 페이스트의 부착력 저하",
        "콘크리트의 수밀성 저하",
        "콘크리트의 응결성 저하"
      ],
      "answer": null,
      "explanation": ""
    },
    {
      "no": 88,
      "question": "직사각형으로 자른 얇은 나뭇조각을 서로 직각으로 겹쳐지\n기출문제 해설은 최강 자격증 기출문제 전자문제집 CBT : www.comcbt.com 통해서 실시간으로 변경됩니다.\n본 해설집은 최강 자격증 기출문제 전자문제집 CBT 해설달기 프로젝트에 의해서 만들어진 자료입니다. 해설을 제공해 주신 모든 분들께 감사 드립니다.\n건설안전기사 ◐ 2021년 09월 12일 필기 기출문제 및 해설집◑ 전자문제집 CBT :www.comcbt.com\n개량하기 위해 동식물성 유지와 광물질분말을 혼합하여 유동성\n을 증대시킨 것 [출처] 아스팔트 침입도|작성자 써니\n* 아스팔트 프라이머 : 불로운 아스팔트를 용제에 녹인 것으로 [해설작성자 : HO!]\n액상을 하고 있으며 아스팔트 방수의 바탕처리재로 이용\n- 아스팔트 방수시공을 할 때 바탕재와의 밀착용으로 사용 아래와 같은 오류 신고가 있었습니다.\n[해설작성자 : 오늘합격각] 여러분들의 많은 의견 부탁 드립니다.\n추후 여러분들의 의견을 반영하여 정답을 수정하도록 하겠습니",
      "options": [],
      "answer": null,
      "explanation": ""
    },
    {
      "no": 91,
      "question": "목모시멘트판을 보다 향상시킨 것으로서 폐기목재의 삭편을\n다.\n화학처리하여 비교적 두꺼운 판 또는 공동블록 등으로 제작\n참고로 정답 변경은 오류 신고 5회 이상일 경우 수정합니다.\n하여 마루, 지붕, 천장, 벽 등의 구조체에 사용되는 것은?",
      "options": [
        "펄라이트시멘트판 ② 후형슬레이트",
        "석면슬레이트 ④ 듀리졸(durisol)"
      ],
      "answer": null,
      "explanation": ""
    },
    {
      "no": 1,
      "question": "내화,단열,흡음용재료\n수정) 1/10mm = 침입도 1",
      "options": [],
      "answer": null,
      "explanation": ""
    },
    {
      "no": 2,
      "question": "공동블록제작\n[해설작성자 : 새만금 수목원]",
      "options": [],
      "answer": null,
      "explanation": ""
    },
    {
      "no": 3,
      "question": "마루,지붕,천장,벽 등의 구조체\n[해설작성자 : 한달도 안남음] 93. 지름이 18mm인 강봉을 대상으로 인장시험을 행하여 항복\n하중 27kN, 최대하중 41kN을 얻었다. 이 강봉의 인장강도",
      "options": [],
      "answer": null,
      "explanation": ""
    },
    {
      "no": 92,
      "question": "역청재료의 침입도 시험에서 질량 100g의 표준침이 5초 동\n는?\n안에 10mm 관입했다면 이 재료의 침입도는 얼마인가?",
      "options": [
        "약 106.3MPa ② 약 133.9MPa",
        "1 ② 10",
        "약 161.1MPa ④ 약 182.3MPa",
        "100 ④ 1000",
        "염화비닐 수지 ② 페놀 수지",
        "멜라민 수지 ④ 에폭시 수지"
      ],
      "answer": null,
      "explanation": ""
    },
    {
      "no": 0,
      "question": "1mm = 침입도 1",
      "options": [],
      "answer": null,
      "explanation": ""
    },
    {
      "no": 95,
      "question": "자기질 점토제품에 관한 설명으로 옳지 않은 것은?\n10mm = 침입도 100\n기출문제 해설은 최강 자격증 기출문제 전자문제집 CBT : www.comcbt.com 통해서 실시간으로 변경됩니다.\n본 해설집은 최강 자격증 기출문제 전자문제집 CBT 해설달기 프로젝트에 의해서 만들어진 자료입니다. 해설을 제공해 주신 모든 분들께 감사 드립니다.\n건설안전기사 ◐ 2021년 09월 12일 필기 기출문제 및 해설집◑ 전자문제집 CBT :www.comcbt.com",
      "options": [
        "조직이 치밀하지만, 도기나 석기에 비하여 강도 및 경도 <문제 해설>",
        "1230~1460℃ 정도의 고온으로 소성한다. 정한 유리이며 단열효과가 증대되는 효과가 있따.",
        "흡수성이 매우 낮으며, 두드리면 금속성의 맑은 소리가 [해설작성자 : 정수정수남정수]"
      ],
      "answer": null,
      "explanation": ""
    },
    {
      "no": 100,
      "question": "미장재료의 구성재료에 관한 설명으로 옳지 않은 것은?\n④ 제품으로는 타일 및 위생도기 등이 있다.",
      "options": [
        "제품으로는 타일 및 위생도기 등이 있다.",
        "부착재료는 마감과 바탕재료를 붙이는 역할을 한다.",
        "무기혼화재료는 시공성 향상 등을 위해 첨가된다.",
        "풀재는 강도증진을 위해 첨가된다.",
        "여물재는 균열방지를 위해 첨가된다."
      ],
      "answer": null,
      "explanation": ""
    },
    {
      "no": 96,
      "question": "접착제를 동물질 접착제와 식물질 접착제로 분류할 때 동물 <문제 해설>\n질 접착제에 해당되지 않는 것은? 풀재는 \"접착력\" 증진을 위해 첨가된다.",
      "options": [
        "아교 ② 덱스트린 접착제 [해설작성자 : 오늘합격각]",
        "카세인 접착제 ④ 알부민 접착제"
      ],
      "answer": null,
      "explanation": ""
    },
    {
      "no": 101,
      "question": "10cm 그물코인 방망을 설치한 경우에 망 밑부분에 충돌위\n수화물, 호정 이라고도 함\n험이 있는 바닥면 또는 기계설비와의 수직거리는 얼마 이\n[해설작성자 : 오늘합격각]\n상이어야 하는가? (단, L(1개의 방망일 때 단변방향길",
      "options": [],
      "answer": null,
      "explanation": ""
    },
    {
      "no": 97,
      "question": "대규모 지하구조물, 댐 등 매스콘크리트의 수화열에 의한 이)=12m, A(장변방향 방망의 지지간격)=6m)\n균열발생을 억제하기 위해 벨라이트의 비율을 중용열포틀랜",
      "options": [
        "10.2m ② 12.2m",
        "14.2m ④ 16.2m",
        "저열포틀랜드시멘트 <문제 해설>",
        "보통포틀랜드시멘트 추락방호망은 수평으로 설치하고 망의 처짐은 짧은변 길이의",
        "조강포틀랜드시멘트 12% 이상이 되도록 할것",
        "내황산염포틀랜드시멘트 [해설작성자 : 한길]"
      ],
      "answer": null,
      "explanation": ""
    },
    {
      "no": 98,
      "question": "목재의 방부처리법과 가장 거리가 먼 것은?",
      "options": [],
      "answer": null,
      "explanation": ""
    },
    {
      "no": 6,
      "question": "방망의 설치기준",
      "options": [
        "약제도포법 ② 표면탄화법",
        "진공탈수법 ④ 침지법"
      ],
      "answer": null,
      "explanation": ""
    },
    {
      "no": 3,
      "question": "진공탈수법 : 건조법 102. 비계의 높이가 2m이상인 작업장소에 작업발판을 설치할\n[해설작성자 : 정지훈] 때 그 폭은 최소 얼마 이상이어야 하는가?",
      "options": [
        "30cm ② 40cm",
        "50cm ④ 60cm"
      ],
      "answer": null,
      "explanation": ""
    },
    {
      "no": 99,
      "question": "2장 이상의 판유리 등을 나란히 넣고, 그 틈새에 대기압에\n[해설작성자 : comcbt.com 이용자]\n가까운 압력의 건조한 공기를 채우고 그 주변을 밀봉·봉착\n한 것은?\n헷갈림 주의!",
      "options": [
        "열선흡수유리 ② 배강도 유리",
        "강화유리 ④ 복층유리"
      ],
      "answer": null,
      "explanation": ""
    },
    {
      "no": 106,
      "question": "강관을 사용하여 비계를 구성하는 경우의 준수사항으로 옳",
      "options": [],
      "answer": null,
      "explanation": ""
    },
    {
      "no": 103,
      "question": "크레인의 와이어로프가 감기면서 붐 상단까지 후크가 따라 지 않은 것은?\n올라올 때 더 이상 감기지 않도록 하여 크레인 작동을 자",
      "options": [
        "비계기동의 간격은 띠장 방향에서는 1.85미터 이하, 장",
        "권과방지장치 ② 띠장 간격은 2.0미터 이하로 할 것",
        "후크해지장치 ③ 비계기둥 간의 적재하중은 400킬로그램을 초과하지 않도",
        "과부하방지장치 록 할 것",
        "속도조절기 ④ 비계기둥의 제일 윗부분으로부터 31미터되는 지점 밑부"
      ],
      "answer": null,
      "explanation": ""
    },
    {
      "no": 107,
      "question": "유해·위험방지 계획서 제출 시 첨부서류에 해당하지 않는\n捲 돌돌 감아 말다 권 / 過 지날 과\n것은?\n과하게 돌돌 감기는 걸 방지하는 장치 = 권과방지장치",
      "options": [
        "안전관리 조직표",
        "전체 공정표"
      ],
      "answer": null,
      "explanation": ""
    },
    {
      "no": 104,
      "question": "터널공사 시 자동경보장치가 설치된 경우에 이 자동경보장 ③ 공사현장의 주변현황 및 주변과의 관계를 나타내는 도면\n치에 대하여 당일 작업시작 전 점검하고 이상을 발견하면 ④ 교통처리계획\n즉시 보수하여야 하는 사항이 아닌 것은? <문제 해설>",
      "options": [
        "공사현장의 주변현황 및 주변과의 관계를 나타내는 도면",
        "교통처리계획",
        "계기의 이상 유무 산업안전보건법 시행규칙 [별표 10] 유해위험방지계획서 첨부서",
        "검지부의 이상 유무 류(제42조제3항 관련)",
        "경보장치의 작동 상태 가. 공사 개요서(별지 제101호서식)",
        "환기 또는 조명시설의 이상 유무 나. 공사현장의 주변 현황 및 주변과의 관계를 나타내는 도면"
      ],
      "answer": null,
      "explanation": ""
    },
    {
      "no": 1,
      "question": "계기의 이상유무 라. 산업안전보건관리비 사용계획서(별지 제102호서식)",
      "options": [],
      "answer": null,
      "explanation": ""
    },
    {
      "no": 2,
      "question": "검지부의 이상유무 마. 안전관리 조직표",
      "options": [],
      "answer": null,
      "explanation": ""
    },
    {
      "no": 3,
      "question": "경보장치의 작동상태 바. 재해 발생 위험 시 연락 및 대피방법\n[해설작성자 : 세종대학교 건축공학과] [해설작성자 : paintier]",
      "options": [],
      "answer": null,
      "explanation": ""
    },
    {
      "no": 105,
      "question": "달비계의 구조에서 달비계 작업발판의 폭과 틈새기준으로 108. 흙막이 가시설 공사 시 사용되는 각 계측기 설치 목적으로\n옳은 것은? 옳지 않은 것은?",
      "options": [
        "작업발판의 폭 30cm 이상, 틈새 3cm 이하 ① 지표침하계 – 지표면 침하량 측정",
        "작업발판의 폭 40cm 이상, 틈새 3cm 이하 ② 수위계 – 지반 내 지하수위의 변화 측정",
        "작업발판의 폭 30cm 이상, 틈새 없도록 할 것 ③ 하중계 – 상부 적재하중 변화 측정",
        "작업발판의 폭 40cm 이상, 틈새 없도록 할 것 ④ 지중경사계 – 인접지반의 수평 변위량 측정"
      ],
      "answer": null,
      "explanation": ""
    },
    {
      "no": 109,
      "question": "일반건설공사(갑)으로서 대상액이 5억원 이상 50억원 미만\n폭 20cm이상 틈새없도록\n인 경우에 산업안전보건관리비의 비율(가) 및 기초액(나)으\n[해설작성자 : 꼭합격]\n로 옳은 것은?(관련 규정 개정전 문제로 여기서는 기존 정\n답인 1번을 누르면 정답 처리됩니다. 자세한 내용은 해설\n틀비계(이동식비계) 사용기준 : 폭 40cm 이상 틈 3cm 이하 이\n을 참고하세요.)\n것과 많이 헷갈릴거같네요",
      "options": [
        "(가)1.86%, (나)5,349,000원",
        "(가)1.99%, (나)5,499,000원",
        "(가)2.35%, (나)5,400,000원",
        "(가)1.57%, (나)4,411,000원"
      ],
      "answer": null,
      "explanation": ""
    },
    {
      "no": 111,
      "question": "다음은 산업안전보건법령에 따른 투하설비 설치에 관련된\n5억~50억미만 : 1.86% (5,349,000원)\n사항이다. ( )안에 들어갈 내용으로 옳은 것은?\n50억이상 : 1.97%\n○일반공사(을)\n5억미만 : 3.09%\n5억~50억미만 : 1.99% (5,499,000원)\n50억이상 : 2.10%",
      "options": [
        "1 ② 2",
        "3 ④ 4"
      ],
      "answer": null,
      "explanation": ""
    },
    {
      "no": 2,
      "question": ", 일부개정]\n[해설작성자 : 용바기염]\n[해설작성자 : comcbt.com 이용자]\n사업주는 높이가 3m 이상인 장소로부터 물체를 투하하는 경우\n24년 1월에 개정되어서 문제 푸실 때 일반건설공사(갑)을 건축\n적당한 투하설비를 설치하거나 감시인을 배치하는 등 위험을 방\n공사로 변경하시고 푸시면 됩니다\n지하기 위하여 필요한 조치를 하여야 한다..\n[해설작성자 : 이프로]\n[해설작성자 : 아모르파티]\n2025년 1월계정",
      "options": [],
      "answer": null,
      "explanation": ""
    },
    {
      "no": 112,
      "question": "작업중이던 미장공이 상부에서 떨어지는 공구에 의해 상해\n5억이상50억미만\n를 입었다면 어느 부분에 대한 결함이 있었겠는가?\n건축 2.28% 토목 2.53% 중건설3.05% 특수건설 1.59%",
      "options": [
        "작업대 설치 ② 작업방법",
        "낙하물 방지시설 설치 ④ 비계설치",
        "사업주는 작업장의 바닥, 도로 및 통로 등에서 낙하물이 근"
      ],
      "answer": null,
      "explanation": ""
    },
    {
      "no": 110,
      "question": "겨울철 공사중인 건축물의 벽체 콘크리트 타설 시 거푸집\n필요한 조치를 하여야 한다.\n이 터져서 콘크리트가 쏟아지는 사고가 발생하였다. 이 사\n② 사업주는 작업으로 인하여 물체가 떨어지거나 날아올 위험이\n고의 발생 원인으로 추정 가능한 사안 중 가장 타당한 것\n있는 경우 낙하물 방지망, 수직보호망 또는 방호선반의 설치, 출\n은?\n입금지구역의 설정, 보호구의 착용 등 위험을 방지하기 위하여",
      "options": [
        "사업주는 작업으로 인하여 물체가 떨어지거나 날아올 위험이",
        "진동기를 사용하지 않았다.",
        "철근 사용량이 많았다.",
        "콘크리트의 슬럼프가 작았다.",
        "콘크리트의 타설속도가 빨랐다.",
        "제2항에 따라 낙하물 방지망 또는 방호선반을 설치하는 경우"
      ],
      "answer": null,
      "explanation": ""
    },
    {
      "no": 1,
      "question": "높이 10미터 이내마다 설치하고, 내민 길이는 벽면으로부",
      "options": [],
      "answer": null,
      "explanation": ""
    },
    {
      "no": 4,
      "question": "콘크리트 타설속도가 빨랐다 --> 거푸집에 작용하는 측압이\n터 2미터 이상으로 할 것\n증가하였다.",
      "options": [],
      "answer": null,
      "explanation": ""
    },
    {
      "no": 2,
      "question": "수평면과의 각도는 20도 이상 30도 이하를 유지할 것\n[해설작성자 : 한방에 합격기원]\n[해설작성자 : paintier]\n추가로",
      "options": [],
      "answer": null,
      "explanation": ""
    },
    {
      "no": 113,
      "question": "건설현장에서 동력을 사용하는 항타기 또는 항발기에 대하",
      "options": [],
      "answer": null,
      "explanation": ""
    },
    {
      "no": 1,
      "question": "기온이 낮을수록\n여 무너짐을 방지하기 위하여 준수하여야 할 사항으로 옳",
      "options": [],
      "answer": null,
      "explanation": ""
    },
    {
      "no": 2,
      "question": "투수성이 작을수록\n지 않은 것은?",
      "options": [],
      "answer": null,
      "explanation": ""
    },
    {
      "no": 3,
      "question": "철골 및 철근량이 적을수록 측압은 커집니다.",
      "options": [
        "버팀줄만으로 상단 부분을 안정시키는 경우에는 버팀줄",
        "버팀대만으로 상단부분을 안전시키는 경우에는 버팀대는",
        "궤도 또는 차로 이동하는 항타기 또는 항발기에 대해서 는 경우에 필요한 조치로 가장 거리가 먼 것은?",
        "지반의 부동침하 방지",
        "안전통로 및 조도 확보",
        "연약한 지반에 설치하는 경우에는 각부나 가대의 침하를 ③ 유도하는 사람 배치",
        "갓길의 붕괴 방지 및 도로폭의 유지"
      ],
      "answer": null,
      "explanation": ""
    },
    {
      "no": 2,
      "question": "지반의 부동 침하방지\n산업안전보건기준에 관한 규칙(고용노동부령 제206호, 시행 3. 갓길 붕괴방지\n2018. 12. 29.) 4. 도로 폭의 유지\n제209조(도괴의방지) 6. 버팀줄만으로 상단 부분을 안정시키는 [해설작성자 : 바른길]\n경우에는 버팀줄을 3개 이상으로 하고 같은 간격으로 배치할 것",
      "options": [],
      "answer": null,
      "explanation": ""
    },
    {
      "no": 117,
      "question": "파쇄하고자 하는 구조물에 구멍을 천공하여 이 구멍에 가\n으로 규정되어 있으나\n력봉을 삽입하고 가력봉에 유압을 가압하여 천공한 구멍을\n산업안전보건기준에 관한 규칙(고용노동부령 제367호, 시행\n확대시킴으로써 구조물을 파쇄하는 공법은?\n2023.10.19.)에서 버팀줄 3개 이상 규정(6호) 삭제됨",
      "options": [
        "핸드 브레이커(Hand Breaker)공법",
        "강구(Steel Ball)공법"
      ],
      "answer": null,
      "explanation": ""
    },
    {
      "no": 114,
      "question": "토공사에서 성토용 토사의 일반조건으로 옳지 않은 것은? ③ 마이크로파 공법(Microwave)공법",
      "options": [
        "마이크로파 공법(Microwave)공법",
        "다져진 흙의 전단강도가 크고 압축성이 작을 것 ④ 록잭(Rock Jack)공법",
        "함수율이 높은 토사일 것 <문제 해설>",
        "시공장비의 주행성이 확보될 수 있을 것 ①. 핸드 브레이커(Hand Breaker)공법: 사람이 직접 손으로 잡",
        "필요한 다짐정도를 쉽게 얻을 수 있을 것 고 사용하는 브레이커를 이용하여 파쇄하는 공법",
        ". 강구(Steel Ball)공법: 크레인의 선단에 강구를 매달아 수직,",
        ". 마이크로파 공법(Microwave)공법: 전기에 의한 파쇄공법으"
      ],
      "answer": null,
      "explanation": ""
    },
    {
      "no": 118,
      "question": "이동식비계 조립 및 사용 시 준수사항으로 옳지 않은 것\n적당량의 함수율의 토사를 적용하는 경우는 식물을 다루는 조경\n은?\n(식재)공사에 해당합니다.",
      "options": [
        "비계의 최상부에서 작업을 하는 경우에는 안전난간을 설"
      ],
      "answer": null,
      "explanation": ""
    },
    {
      "no": 115,
      "question": "지반의 종류가 암반 중 풍화암일 경우 굴착면 기울기 기준 ② 승강용사다리는 견고하게 설치할 것\n으로 옳은 것은?(2023년 11월 14일 개정된 기준 적용됨) ③ 작업발판은 항상 수평을 유지하고 작업발판 위에서 작업",
      "options": [
        "승강용사다리는 견고하게 설치할 것",
        "작업발판은 항상 수평을 유지하고 작업발판 위에서 작업",
        "1:0.5 ② 1:0.8 을 위한 거리가 부족할 경우에는 받침대 또는 사다리를",
        "1:1.0 ④ 1:1.5 사용할 것",
        "작업발판의 최대적재하중은 250kg을 초과하지 않도록"
      ],
      "answer": null,
      "explanation": ""
    },
    {
      "no": 119,
      "question": "산업안전보건법령에 따른 중량물 취급작업 시 작업계획서\n연암 및 풍화암 : 1 : 1.0\n에 포함시켜야 할 사항이 아닌 것은?\n경암 : 1 : 0.5",
      "options": [
        "협착위험을 예방할 수 있는 안전대책",
        "감전위험을 예방할 수 있는 안전대책",
        "추락위험을 예방할 수 있는 안전대책",
        "전도위험을 예방할 수 있는 안전대책"
      ],
      "answer": null,
      "explanation": ""
    },
    {
      "no": 116,
      "question": "차량계 건설기계를 사용하는 작업을 할 때에 그 기계가 넘 중량물 취급작업 시 작업계획서에는 추락, 낙하, 전도, 협착, 붕\n기출문제 해설은 최강 자격증 기출문제 전자문제집 CBT : www.comcbt.com 통해서 실시간으로 변경됩니다.\n본 해설집은 최강 자격증 기출문제 전자문제집 CBT 해설달기 프로젝트에 의해서 만들어진 자료입니다. 해설을 제공해 주신 모든 분들께 감사 드립니다.\n건설안전기사 ◐ 2021년 09월 12일 필기 기출문제 및 해설집◑ 전자문제집 CBT :www.comcbt.com\n괴위험을 예방할 수 있는 안전대책을 기재해야 함.\n[해설작성자 : 입닫아말포이]",
      "options": [],
      "answer": null,
      "explanation": ""
    },
    {
      "no": 120,
      "question": "흙막이 지보공을 설치하였을 때에 정기적으로 점검하고 이\n상을 발견하면 즉시 보수하여야 하는 사항과 거리가 먼 것\n은?",
      "options": [
        "부재의 손상·변형·부식·변위 및 탈락의 유무와 상태",
        "부재의 접속부·부착부 및 교차부의 상태",
        "침하의 정도",
        "설계상 부재의 경제성 검토",
        "사업주는 흙막이 지보공을 설치하였을 때에는 정기적으로 다"
      ],
      "answer": null,
      "explanation": ""
    },
    {
      "no": 1,
      "question": "부재의 손상ㆍ변형ㆍ부식ㆍ변위 및 탈락의 유무와 상태\n전자문제집 CBT 앱(구글플레이) : [다운로드]",
      "options": [],
      "answer": null,
      "explanation": ""
    },
    {
      "no": 2,
      "question": "버팀대의 긴압(緊壓)의 정도",
      "options": [],
      "answer": null,
      "explanation": ""
    },
    {
      "no": 3,
      "question": "부재의 접속부ㆍ부착부 및 교차부의 상태\n전자문제집 CBT란?",
      "options": [],
      "answer": null,
      "explanation": ""
    },
    {
      "no": 4,
      "question": "침하의 정도\n인터넷으로 종이 없이 문제를 풀고 자동채점하는 프로그램으로\n② 사업주는 제1항의 점검 외에 설계도서에 따른 계측을 하고\n워드, 컴활, 기능사 등의 상설검정에서 사용하는 실제 프로그램\n계측 분석 결과 토압의 증가 등 이상한 점을 발견한 경우에는\n방식입니다.\n즉시 보강조치를 하여야 한다.\n해설을 제공하며 PC 버전 및 모바일 버전 완벽 연동\n[해설작성자 : paintier]\n교사용/학생용 관리기능도 제공합니다.\n오답 및 오탈자가 수정된 최신 자료와 해설은 전자문제집 CBT\n에서 확인하세요.\n1 2 3 4 5 6 7 8 9 10\n④ ④ ④ ④",
      "options": [
        "사업주는 제1항의 점검 외에 설계도서에 따른 계측을 하고",
        "④ ④ ④ ① ① ③ ③ ③ ②",
        "① ③ ② ② ④ ④ ① ④ ③",
        "② ③ ③ ② ① ② ④ ② ②",
        "④ ① ① ④ ① ④ ④ ② ③",
        "② ① ④ ④ ④ ③ ① ② ④",
        "③ ② ④ ① ② ② ① ② ③",
        "① ④ ③ ③ ④ ② ③ ③ ④",
        "④ ① ③ ③ ① ② ④ ② ②",
        "④ ④ ② ② ③ ④ ① ① ④",
        "③ ③ ① ① ② ① ③ ④ ③",
        "② ① ④ ④ ④ ④ ③ ① ④",
        "③ ① ② ③ ② ④ ③ ② ④"
      ],
      "answer": null,
      "explanation": ""
    }
  ]
}