{
  "title": "건설안전기사20220424(교사용) (1).pdf",
  "questions": [
    {
      "no": 8,
      "question": "시설물의 안전 및 유지관리에 관한 특별법령상 안전등급별\n정기안전점검 및 정밀안전진단 실시시기에 관한 사항으로 ()",
      "options": [],
      "answer": null,
      "explanation": ""
    },
    {
      "no": 1,
      "question": "산업안전보건법령상 안전보건관리규정 작성에 관한 사항으로 에 알맞은 기준은?\n()에 알맞은 기준은?",
      "options": [
        "ㄱ : 반기, ㄴ : 4년 ❷ ㄱ : 반기, ㄴ : 6년",
        "ㄱ : 1년, ㄴ : 4년 ④ ㄱ : 1년, ㄴ : 6년",
        "7 ② 14 9. 다음의 재해사례에서 기인물과 가해물은?",
        "60"
      ],
      "answer": null,
      "explanation": ""
    },
    {
      "no": 2,
      "question": "산업안전보건법령상 안전관리자를 2인 이상 선임하여야 하는\n사업이 아닌 것은? (단, 기타 법령에 관한 사항은 제외한다.)\n❶ 상시 근로자가 500명인 통신업\n❶ 기인물 : 자재, 가해물 : 바닥\n② 상시 근로자가 700명인 발전업\n② 기인물 : 자재, 가해물 ; 자재\n③ 상시 근로자가 600명인 식료품 제조업\n③ 기인물 : 바닥, 가해물 : 바닥\n④ 공사금액이 1000억이며 공사 진행률(공정률) 20%인 건설\n업 ④ 기인물 : 바닥, 가해물 : 자재",
      "options": [
        "상시 근로자가 700명인 발전업",
        "기인물 : 자재, 가해물 ; 자재",
        "상시 근로자가 600명인 식료품 제조업",
        "기인물 : 바닥, 가해물 : 바닥",
        "공사금액이 1000억이며 공사 진행률(공정률) 20%인 건설",
        "기인물 : 바닥, 가해물 : 자재"
      ],
      "answer": null,
      "explanation": ""
    },
    {
      "no": 3,
      "question": "산업재해보상시험법령상 보험급여의 종류를 모두 고른 것은? 10. 산업재해통계업무처리규정상 산업재해통계에 관한 설명으로\n틀린 것은?",
      "options": [
        "총요양근로손실일수는 재해자의 총 요양기간을 합산하여",
        "휴업재해자수는 근로복지공단의 휴업급여를 지급받은 재",
        "ㄱ, ㄴ. ㄹ ❷ ㄱ, ㄴ, ㄷ, ㅁ 제외된다.",
        "ㄱ, ㄷ, ㄹ, ㅁ ④ ㄴ, ㄷ, ㄹ, ㅁ ❸ 사망자수는 통상의 출퇴근에 의한 사망을 포함하여 근로"
      ],
      "answer": null,
      "explanation": ""
    },
    {
      "no": 4,
      "question": "안전관리조직의 형태에 관한 설명으로 옳은 것은? ④ 재해자수는 근로복지공단의 유족급여가 지급된 사망자\n및 근로복지공단에 최초요양신청서를 제출한 재해자 중",
      "options": [
        "재해자수는 근로복지공단의 유족급여가 지급된 사망자",
        "라인형 조직은 100명 이상의 중규모 사업장에 적합하다.",
        "스태프형 조직은 100명 이상의 중규모 사업장에 적합하"
      ],
      "answer": null,
      "explanation": ""
    },
    {
      "no": 11,
      "question": "건설업 산업안전보건관리비 계상 및 사용기준상 건설업 안\n❸ 라인형 조직은 안전에 대한 정보가 불충분하지만 안전지 전보건관리비로 사용할 수 있는 것을 모두 고른 것은?\n시나 조치에 대한 실시가 신속하다.\n④ 라인ㆍ스태프형 조직은 1000명 이상의 대규모 사업장에\n적합하나 조직원 전원의 자율적 참여가 불가능하다.",
      "options": [
        "라인ㆍ스태프형 조직은 1000명 이상의 대규모 사업장에"
      ],
      "answer": null,
      "explanation": ""
    },
    {
      "no": 5,
      "question": "재해 예방을 위한 대책선정에 관한 사항 중 기술적 대책\n(Engineering)에 해당되지 않는 것은?",
      "options": [
        "작업행정의 개선 ② 환경설비의 개선",
        "점검 보존의 확립 ❹ 안전 수칙의 준수",
        "ㄴ, ㄷ, ㄹ ❷ ㄱ, ㄴ, ㄹ, ㅁ"
      ],
      "answer": null,
      "explanation": ""
    },
    {
      "no": 6,
      "question": "산업안전보건법령상 산업안전보건위원회의 심의ㆍ의결을 거\n③ ㄱ, ㄷ, ㄹ, ㅁ ④ ㄱ, ㄴ, ㄷ, ㅁ\n쳐야 하는 사항이 아닌 것은? (단, 그 밖에 필요한 사항은 제\n외한다.)",
      "options": [
        "ㄱ, ㄷ, ㄹ, ㅁ ④ ㄱ, ㄴ, ㄷ, ㅁ"
      ],
      "answer": null,
      "explanation": ""
    },
    {
      "no": 12,
      "question": "다음에서 설명하는 위험예지훈련 단계는?",
      "options": [
        "작업환경측정 등 작업환경의 점검 및 개선에 관한 사항",
        "산업재해에 관한 통계의 기록 및 유지에 관한 사항",
        "사업장의 산업재해 예방계획의 수립에 관한 사항 ① 현상파악 ❷ 본질추구",
        "대책수립 ④ 목표설정"
      ],
      "answer": null,
      "explanation": ""
    },
    {
      "no": 7,
      "question": "산업안전보건법령상 안전보건표지의 색채를 파란색으로 사용\n하여야 하는 경우는? 13. 산업안전보건법령상 안전검사 대상 기계가 아닌 것은?",
      "options": [
        "주의표지 ② 정지신호 ① 리프트 ② 압력용기",
        "차량 통행표지 ❹ 특정 행위의 지시 ③ 컨베이어 ❹ 이동식 국소 배기장치",
        "실연법"
      ],
      "answer": null,
      "explanation": ""
    },
    {
      "no": 14,
      "question": "산업안전보건법령상 사업장에서 산업재해 발생 시 사업주가\n기록ㆍ보존하여야 하는 사항이 아닌 것은? (단, 산업재해조",
      "options": [],
      "answer": null,
      "explanation": ""
    },
    {
      "no": 23,
      "question": "조직이 리더(leader)에게 부여하는 권한으로 부하직원의 처\n사표와 요양신청서의 사본은 보존하지 않았다.\n벌, 임금 삭감을 할 수 있는 권한은?",
      "options": [
        "사업장의 개요 ② 근로자의 인적사항",
        "보상적 권한",
        "재해 재발방지 계획 ❹ 안전관리자 선임에 관한 사항",
        "합법적 권한 ④ 전문성의 권한"
      ],
      "answer": null,
      "explanation": ""
    },
    {
      "no": 15,
      "question": "A 사업장의 상시근로자수가 1200명이다. 이 사업장의 도수",
      "options": [],
      "answer": null,
      "explanation": ""
    },
    {
      "no": 24,
      "question": "운동에 대한 착각현상이 아닌 것은?\n율이 10.5이고 강도율이 7.5일 때 이 사업장의 총 요양근로\n손실일수(일)는? (단, 연근로시간수는 2400시간이다.)",
      "options": [
        "자동운동 ❷ 항상운동",
        "21.6 ② 216 ③ 유도운동 ④ 가현운동",
        "2160 ❹ 21600"
      ],
      "answer": null,
      "explanation": ""
    },
    {
      "no": 25,
      "question": "자동차 엑셀레이터와 브레이크 간 간격, 브레이크 폭, 소프\n트웨어 상에서 메뉴나 버튼의 크기 등을 결정하는데 사용할",
      "options": [],
      "answer": null,
      "explanation": ""
    },
    {
      "no": 16,
      "question": "산업재해의 기본원인으로 볼 수 있는 4M으로 옳은 것은?\n수 있는 인간공학 법칙은?",
      "options": [
        "Man, Machine, Maker, Media",
        "Hick의 법칙",
        "Weber의 법칙 ④ 양립성 법칙",
        "Man, Machine, Maker, Management",
        "Man, Management, Machine, Material 26. 개인적 카운슬링(Counseling)의 방법이 아닌 것은?",
        "설득적 방법 ② 설명적 방법"
      ],
      "answer": null,
      "explanation": ""
    },
    {
      "no": 17,
      "question": "보호구 안전인증 고시상 안전대 충격흡수장치의 동하중 시\n❸ 강요적 방법 ④ 직접적인 충고\n험성능기준에 관한 사항으로 ()에 알맞은 기준은?",
      "options": [
        "직접적인 충고"
      ],
      "answer": null,
      "explanation": ""
    },
    {
      "no": 27,
      "question": "산업안전보건법령상 근로자 안전보건교육 중 특별교육 대상\n작업에 해당하지 않는 것은?",
      "options": [
        "굴착면의 높이가 5m되는 지반 굴착작업",
        "ㄱ : 6.0, ㄴ : 2000 ② 콘크리트 파쇄기를 사용하여 5m의 구축물을 파쇄하는",
        "ㄱ : 8.0, ㄴ : 1000 ④ ㄱ : 8.0, ㄴ : 2000 작업",
        "흙막이 지보공의 보강 또는 동바리를 설치하거나 해체하"
      ],
      "answer": null,
      "explanation": ""
    },
    {
      "no": 18,
      "question": "산업안전보건기준에 관한 규칙상 공기압축기 가동 전 점검 는 작업\n사항을 모두 고른 것은? (단, 그 밖에 사항은 제외한다.) ❹ 휴대용 목재가공기계를 3대 보유한 사업장에서 해당 기\n계로 하는 작업",
      "options": [],
      "answer": null,
      "explanation": ""
    },
    {
      "no": 28,
      "question": "학습지도의 원리와 거리가 가장 먼 것은?\n❶ 감각의 원리 ② 통합의 원리\n③ 자발성의 원리 ④ 사회화의 원리",
      "options": [
        "통합의 원리",
        "자발성의 원리 ④ 사회화의 원리",
        "ㄷ, ㄹ ② ㄱ, ㄴ, ㄷ"
      ],
      "answer": null,
      "explanation": ""
    },
    {
      "no": 29,
      "question": "메슬로우(Maslow)의 욕구 5단계 중 안전욕구에 해당하는\n③ ㄱ, ㄴ, ㄹ ❹ ㄱ, ㄴ, ㄷ, ㄹ 단계는?",
      "options": [
        "ㄱ, ㄴ, ㄹ ❹ ㄱ, ㄴ, ㄷ, ㄹ 단계는?",
        "1단계 ❷ 2단계"
      ],
      "answer": null,
      "explanation": ""
    },
    {
      "no": 19,
      "question": "버드(Bird)의 재해구성비율 이론상 경상이 10건 일 때 중상\n③ 3단계 ④ 4단계\n에 해당하는 사고 건수는?\n❶ 1 ② 30",
      "options": [
        "3단계 ④ 4단계",
        "30"
      ],
      "answer": null,
      "explanation": ""
    },
    {
      "no": 30,
      "question": "생체리듬에 관한 설명 중 틀린 것은?\n③ 300 ④ 600\n❶ 감각의 리듬이 (-)로 최대가 되는 경우에만 위험일이라\n고 한다.",
      "options": [
        "300 ④ 600"
      ],
      "answer": null,
      "explanation": ""
    },
    {
      "no": 20,
      "question": "재해의 원인 중 불안전한 상태에 속하지 않는 것은?\n② 육체적 리듬은 \"P\"로 나타내며, 23일을 주기로 반복된다.\n❶ 위험장소 접근 ② 작업환경의 결함\n③ 감성적 리듬은 \"S\"로 나타내며, 28일을 주기로 반복된다.\n③ 방호장치의 결함 ④ 물적 자체의 결함\n④ 지성적 리듬은 \"I\"로 나타내며, 33일을 주기로 반복된다.\n2과목 : 산업심리 및 교육 31. 에너지대사율(RMR)의 따른 작업의 분류에 따라 중(보통)작\n업의 RMR 범위는?",
      "options": [
        "육체적 리듬은 \"P\"로 나타내며, 23일을 주기로 반복된다.",
        "작업환경의 결함",
        "감성적 리듬은 \"S\"로 나타내며, 28일을 주기로 반복된다.",
        "방호장치의 결함 ④ 물적 자체의 결함",
        "지성적 리듬은 \"I\"로 나타내며, 33일을 주기로 반복된다."
      ],
      "answer": null,
      "explanation": ""
    },
    {
      "no": 21,
      "question": "다음 적응기제 중 방어적 기제에 해당하는 것은?",
      "options": [
        "0~2 ❷ 2~4",
        "고립(isolation) ② 억압(repression) ③ 4~7 ④ 7~9",
        "백일몽(day-dreaming)"
      ],
      "answer": null,
      "explanation": ""
    },
    {
      "no": 32,
      "question": "조직 구성원의 태도는 조직성과와 밀접한 관계가 있는데 태",
      "options": [],
      "answer": null,
      "explanation": ""
    },
    {
      "no": 22,
      "question": "알고 있는 지식을 심화시키거나 어떠한 자료에 대해 보다 도(attitude)의 3가지 구성요소에 포함되지 않는 것은?\n명료한 생각을 갖도록 하는 경우 실시하는 교육방법으로 가",
      "options": [
        "인지적 요소 ② 정서적 요소",
        "행동경향 요소",
        "구안법 ② 강의법"
      ],
      "answer": null,
      "explanation": ""
    },
    {
      "no": 33,
      "question": "다음에서 설명하는 학습방법은? 41. A작업의 평균에너지소비량이 다음과 같을 때, 60분간의 총\n작업시간 내에 포함되어야 하는 휴식시간(분)은?",
      "options": [
        "롤 플레잉(Role Playing)",
        "10.3 ② 11.3",
        "12.3 ❹ 13.3",
        "버즈 세션(Buzz Session)",
        "케이스 메소드(Case Method)"
      ],
      "answer": null,
      "explanation": ""
    },
    {
      "no": 42,
      "question": "인간공학에 대한 설명으로 틀린 것은?",
      "options": [
        "인간-기계 시스템의 안전성, 편리성, 효율성을 높인다."
      ],
      "answer": null,
      "explanation": ""
    },
    {
      "no": 34,
      "question": "호손(Hawthorne) 실험의 결과 작업자의 작업능률에 영향을\n미치는 주요 원인으로 밝혀진 것은? ❷ 인간을 작업과 기계에 맞추는 설계 철학이 바탕이 된다.",
      "options": [
        "작업조건 ❷ 인간관계 ③ 인간이 사용하는 물건, 설비, 환경의 설계에 적용된다.",
        "생산기술 ④ 행동규범의 설정 ④ 인간의 생리적, 심리적인 면에서의 특성이나 한계점을"
      ],
      "answer": null,
      "explanation": ""
    },
    {
      "no": 35,
      "question": "심리학에서 사용하는 용어로 측정하고자 하는 것을 실제로\n적절히, 정확히 측정하는지의 여부를 판별하는 것은? 43. 근골격계질환 작업분석 및 평가 방법인 OWAS의 평가요소\n를 모두 고른 것은?",
      "options": [
        "표준화 ② 신뢰성",
        "객관성 ❹ 타당성"
      ],
      "answer": null,
      "explanation": ""
    },
    {
      "no": 36,
      "question": "Kirkpatrick의 교육훈련 평가 4단계를 바르게 나열한 것은?",
      "options": [
        "학습단계→반응단계→행동단계→결과단계 ① ㄱ, ㄴ ② ㄱ, ㄷ, ㄹ",
        "학습단계→행동단계→반응단계→결과단계 ③ ㄴ, ㄷ, ㄹ ❹ ㄱ, ㄴ, ㄷ, ㄹ",
        "반응단계→학습단계→결과단계→행동단계 44. 밝은 곳에서 어두운 곳으로 갈 때 망막에 시흥이 형성되는"
      ],
      "answer": null,
      "explanation": ""
    },
    {
      "no": 37,
      "question": "사고 경향성 이론에 관한 설명 중 틀린 것은?",
      "options": [
        "약 3~5분 ② 약 10~15분",
        "사고를 많이 내는 여러 명의 특성을 측정하여 사고를 예",
        "약 60~90분",
        "어떠한 사람이 다른 사람보다 사고를 더 잘 일으킨다는 ① 정성적 분석만 가능하다.",
        "사고경향성을 검증하기 위한 효과적인 방법은 다른 두 석에 이용되는 기법이다.",
        "FT에 동일한 사건이 중복되어 나타나는 경우 상향식"
      ],
      "answer": null,
      "explanation": ""
    },
    {
      "no": 38,
      "question": "Off JT(Off the Job Training)의 특징으로 옳은 것은? 있다.\n❶ 전문 강사를 초빙하는 것이 가능하다. ④ 기초사건과 생략사건의 확률 값이 주어지게 되더라도 정\n상 사건의 최종적인 발생확률을 계산할 수 없다.\n② 개개인에게 적절한 지도훈련이 가능하다.\n③ 직장의 실정에 맟게 실제적 훈련이 가능하다.",
      "options": [
        "기초사건과 생략사건의 확률 값이 주어지게 되더라도 정",
        "개개인에게 적절한 지도훈련이 가능하다.",
        "직장의 실정에 맟게 실제적 훈련이 가능하다."
      ],
      "answer": null,
      "explanation": ""
    },
    {
      "no": 46,
      "question": "불(Bool) 대수의 정리를 나타낸 관계식 중 틀린 것은?\n④ 훈련에 필요한 업무의 계속성이 끊어지지 않는다.",
      "options": [
        "훈련에 필요한 업무의 계속성이 끊어지지 않는다.",
        "Aㆍ0=0 ② A+1=1"
      ],
      "answer": null,
      "explanation": ""
    },
    {
      "no": 39,
      "question": "직무분석을 위한 정보를 얻는 방법과 거리가 가장 먼 것은?\n❸ ④ A(A+B)=A",
      "options": [
        "A(A+B)=A",
        "관찰법 ② 직무수행법",
        "설문지법 ❹ 서류함기법 47. FTA(Fault Tree Analysis)에서 사용되는 사상 기호 중 통상"
      ],
      "answer": null,
      "explanation": ""
    },
    {
      "no": 40,
      "question": "산업안전보건법령상 타워크레인 신호작업에 종사하는 일용 소가 있는 것은?\n근로자의 특별교육 교육시간 기준은?",
      "options": [
        "1시간 이상 ② 2시간 이상",
        "4시간 이상 ❹ 8시간 이상 ① ②",
        "❹ 하에서 제품을 생산한다."
      ],
      "answer": null,
      "explanation": ""
    },
    {
      "no": 55,
      "question": "n개의 요소를 가진 병렬 시스템에 있어 요소의 수명(MTTF)",
      "options": [],
      "answer": null,
      "explanation": ""
    },
    {
      "no": 48,
      "question": "HAZOP 기법에서 사용하는 가이드워드와 그 의미가 잘못\n이 지수 분포를 따를 경우, 이 시스템의 수명으로 옳은 것\n연결된 것은?\n은?",
      "options": [
        "Part of : 성질상의 감소",
        "MTTF×n",
        "As well as : 성질상의 증가",
        "④ More/Less : 정량적인 증가 또는 감소"
      ],
      "answer": null,
      "explanation": ""
    },
    {
      "no": 49,
      "question": "다음 중 좌식작업이 가장 적합한 작업은? ❸\n❶ 정밀 조립 작업\n② 4.5kg 이상의 중량물을 다루는 작업\n④\n③ 작업장이 서로 떨어져 있으며 작업장 간 이동이 작은 작\n업",
      "options": [
        "4.5kg 이상의 중량물을 다루는 작업",
        "③ 작업장이 서로 떨어져 있으며 작업장 간 이동이 작은 작"
      ],
      "answer": null,
      "explanation": ""
    },
    {
      "no": 56,
      "question": "다음에서 설명하는 용어는?\n④ 작업자의 정면에서 매우 높거나 낮은 곳으로 손을 자주\n뻗어야 하는 작업",
      "options": [
        "작업자의 정면에서 매우 높거나 낮은 곳으로 손을 자주"
      ],
      "answer": null,
      "explanation": ""
    },
    {
      "no": 50,
      "question": "양식 양립성의 예시로 가장 적절한 것은?",
      "options": [
        "자동차 설계 시 고도계 높낮이 표시",
        "방사능 사업장에 방사능 폐기물 표시",
        "위험성 결정 ❷ 위험성 평가",
        "자동차 설계 시 제어장치와 표시장치의 배열 ③ 위험반도 추정 ④ 유해ㆍ위험요인 파악"
      ],
      "answer": null,
      "explanation": ""
    },
    {
      "no": 51,
      "question": "시스템의 수명곡선(욕조곡선)에 있어서 디버깅(Debugging) 57. 상황해석을 잘못하거나 목표를 잘못 설정하여 발생하는 인\n에 관한 설명으로 옳은 것은? 간의 오류 유형은?\n❶ 초기 고장의 결함을 찾아 고장률을 안정시키는 과정이",
      "options": [
        "실수(Slip) ❷ 착오(Mistake)",
        "위반(Vioation) ④ 건망증(Lapse)",
        "우발 고장의 결함을 찾아 고장률을 안정시키는 과정이",
        "마모 고장의 결함을 찾아 고장률을 안정시키는 과정이 가장 빠른 것은?",
        "FHA",
        "기계결함을 발견하기 위해 동작시험을 하는 기간이다. ③ OHA ④ SHA"
      ],
      "answer": null,
      "explanation": ""
    },
    {
      "no": 52,
      "question": "I sone에 관한 설명으로 ()에 알맞은 수치는? 59. 태양광선이 내리쬐는 옥외장소의 자연습구 온도 20℃, 흑구\n온도 18℃, 건구온도 30℃일 때 습구흑구온도지수(WBGT)\n는?\n❶ 20.6℃ ② 22.5℃\n③ 25.0℃ ④ 28.5℃",
      "options": [
        "22.5℃",
        "25.0℃ ④ 28.5℃",
        "ㄱ : 1000, ㄴ : 1 ② ㄱ : 4000, ㄴ : 1",
        "ㄱ : 4000, ㄴ : 40"
      ],
      "answer": null,
      "explanation": ""
    },
    {
      "no": 60,
      "question": "그림과 같은 FT도에 대한 최소 컷셋(minmal cut sets)으로\n옳은 것은? (단, Fussell의 알고리즘을 따른다.)",
      "options": [],
      "answer": null,
      "explanation": ""
    },
    {
      "no": 53,
      "question": "경계 및 경보신호의 설계지침으로 틀린 것은?",
      "options": [
        "주의를 환기시키기 위하여 변조된 신호를 사용한다.",
        "배경소음의 진동수와 다른 진동수의 신호를 사용한다.",
        "귀는 중음역에 민감하므로 500~3000Hz의 진동수를 사"
      ],
      "answer": null,
      "explanation": ""
    },
    {
      "no": 54,
      "question": "인간-기계 시스템에 관한 설명으로 틀린 것은?",
      "options": [
        "{1, 2} ❷ {1, 3}",
        "자동 시스템에서는 인간요소를 고려하여야 한다.",
        "{2, 3} ④ {1, 2, 3}",
        "자동차 운전이나 전기 드릴 작업은 반자동 시스템의 예",
        "자동 시스템에서 인간은 감시, 정비유지, 프로그램 등의 4과목 : 건설시공학"
      ],
      "answer": null,
      "explanation": ""
    },
    {
      "no": 61,
      "question": "통상적으로 스팬이 큰 보 및 바닥판의 거푸집을 걸때에 스\n③ 형태가 심하게 불량하거나 또는 압접부에 유해하다고 인\n팬의 캠버(camber)값으로 옳은 것은?\n정되는 결함이 생긴 경우는 압접부를 잘라내고 재압접한\n❶ 1/300~1/500 ② 1/200~1/350 다.\n③ 1/150~1/250 ④ 1/100~1/300 ④ 철근중심축의 편심량이 규정값을 초과했을 때는 압접부\n를 떼어내고 재압접한다.",
      "options": [
        "형태가 심하게 불량하거나 또는 압접부에 유해하다고 인",
        "1/200~1/350 다.",
        "1/150~1/250 ④ 1/100~1/300 ④ 철근중심축의 편심량이 규정값을 초과했을 때는 압접부"
      ],
      "answer": null,
      "explanation": ""
    },
    {
      "no": 62,
      "question": "지반개량 공법 중 동다짐(dynamic compaction)공법의 특징\n으로 옳지 않은 것은? 69. 철골부재조립 시 구멍의 위치가 다소 다를 때 구멍을 맞추\n기 위한 작업은?",
      "options": [
        "시공 시 지반진동에 의한 공해문제가 발생하기도 한다.",
        "송곳뚫기(driling) ❷ 리이밍(reaming)",
        "펀칭(punching) ④ 리벳치기(riveting)",
        "특별한 약품이나 자재를 필요로 하지 않는다."
      ],
      "answer": null,
      "explanation": ""
    },
    {
      "no": 70,
      "question": "철골작업용 장비 중 절단용 장비로 옳은 것은?\n④ 깊은 심도의 지반개량에 대해서는 초대형 장비가 필요하\n다.",
      "options": [
        "깊은 심도의 지반개량에 대해서는 초대형 장비가 필요하",
        "프릭션 프레스(frixtion press)",
        "플레이트 스트레이닝 롤(plate straining roll)"
      ],
      "answer": null,
      "explanation": ""
    },
    {
      "no": 63,
      "question": "기성콘크리트 말뚝에 표기된 PHC-Aㆍ450-12의 각 기호에\n③ 파워 프레스(power press)\n대한 설명으로 옳지 않은 것은?\n❹ 핵 소우(hack saw)",
      "options": [
        "파워 프레스(power press)",
        "PHC-원심력 고강도 프리스트레스트 콘크리트말뚝",
        "A-A종"
      ],
      "answer": null,
      "explanation": ""
    },
    {
      "no": 71,
      "question": "시방서 및 설계도면 등이 서로 상이할 때의 우선순위에 대\n③ 450-말뚝바깥지름 한 설명으로 옳지 않은 것은?\n❹ 12-말뚝삽입 간격 ❶ 설계도면과 공사시방서가 상이할 때는 설계도면을 우선\n한다.",
      "options": [
        "450-말뚝바깥지름 한 설명으로 옳지 않은 것은?"
      ],
      "answer": null,
      "explanation": ""
    },
    {
      "no": 64,
      "question": "흙막이 공법과 관련된 내용의 연결이 옳지 않은 것은? ② 설계도면과 내역서가 상이할 때는 설계도면을 우선한다.",
      "options": [
        "설계도면과 내역서가 상이할 때는 설계도면을 우선한다.",
        "버팀대공법-띠장, 지지말뚝 ③ 표준시방서와 전문시방서가 상이할 때는 전문시방서를",
        "지하연속벽-안정액, 트레미관",
        "설계도면과 상세도면이 상이할 때는 상세도면을 우선한",
        "어스앵커공법-인장재, 그라우팅"
      ],
      "answer": null,
      "explanation": ""
    },
    {
      "no": 72,
      "question": "예정가격범위 내에서 최저가격으로 입찰한 자를 낙찰자로",
      "options": [],
      "answer": null,
      "explanation": ""
    },
    {
      "no": 65,
      "question": "흙막이 공법 중 지하연속벽(slurry wall)공법에 대한 설명으\n선정하는 낙찰자 선정 방식은?\n로 옳지 않은 것은?",
      "options": [
        "최적격 낙찰제 ② 제한적 최저가 낙찰제",
        "흙막이벽 자체의 강도, 강성이 우수하기 때문에 연약지",
        "적격 심사 낙찰제",
        "차수성이 좋아 지하수가 많은 지반에도 사용할 수 있다."
      ],
      "answer": null,
      "explanation": ""
    },
    {
      "no": 73,
      "question": "설계도와 시방서가 명확하지 않거나 설계는 명확하지만 공\n③ 시공 시 소음, 진동이 작다. 사비 총액을 산출하기 곤란하고 발주자가 양질의 공사를 기\n❹ 다른 흙막이벽에 비해 공사비가 적게 든다. 대할 때 채택될 수 있는 가장 타당한 도급방식은?\n❶ 실비정산 보수가산식 도급 ② 단가 도급",
      "options": [
        "시공 시 소음, 진동이 작다. 사비 총액을 산출하기 곤란하고 발주자가 양질의 공사를 기",
        "단가 도급"
      ],
      "answer": null,
      "explanation": ""
    },
    {
      "no": 66,
      "question": "건축물의 지하공사에서 계측관리에 관한 설명으로 틀린 것\n③ 정액 도급 ④ 턴키 도급\n은?",
      "options": [
        "정액 도급 ④ 턴키 도급",
        "계측관리의 목적은 위험의 징후를 발견하는 것이다. 74. 철근공사에 대하여 옳지 않은 것은?",
        "계측관리의 중점관리사항으로는 흙막이 변위에 따른 배 ❶ 조립용 철근은 철근을 구부리기할 때 철근의 위치를 확",
        "철근의 용접부에 순간최대풍속 2.7m/s 이상의 바람이",
        "일일점검항목으로는 흙막이벽체, 주변지반, 지하수위 및 로 저감시킬 수 있는 방풍시설을 설치하는 경우에만 용",
        "가스압점이음은 철근의 단면을 산소-아세틸렌 불꽃 등을"
      ],
      "answer": null,
      "explanation": ""
    },
    {
      "no": 67,
      "question": "벽길이 10m, 벽높이 3.6m인 블록벽체를 기본블록 사용하여 가열하고 기계적 압력을 가하여 용접한 맞대이\n(390mm×190mm×150mm)으로 쌓을 때 소요되는 블록의 음을 말한다.\n수량은? (단, 블록은 온장으로 고려하고, 줄눈 나비는 가로,\n④ D35를 초과하는 철근은 겹침이음을 할 수 없다. 다만,\n세로 10mm, 할증은 고려하지 않음)\n서로 다른 크기의 철근을 압축부에서 겹침이음하는 경우",
      "options": [
        "D35를 초과하는 철근은 겹침이음을 할 수 없다. 다만,",
        "412매 ❷ 468매 D35 이하의 철근과 D35를 초과하는 철근은 겹침이음을",
        "562매 ④ 598매"
      ],
      "answer": null,
      "explanation": ""
    },
    {
      "no": 75,
      "question": "철골공사의 용접접합에서 플럭스(flux)를 옳게 설명한 것은?",
      "options": [],
      "answer": null,
      "explanation": ""
    },
    {
      "no": 68,
      "question": "외관 검사 결과 불합격된 철근 가스압접 이음부의 조치 내\n용으로 옳지 않은 것은? ❶ 용접 시 용접봉의 피복제 역할을 하는 분말상의 재료",
      "options": [
        "심하게 구부러졌을 때는 재가열하여 수정한다. ② 압연강판의 층 사이에 균열이 생기는 현상",
        "용접작업의 종단부에 임시로 붙이는 보조판",
        "용접부에 생기는 미세한 구멍 를 하는 것은?",
        "알키드수지 도료 ② 애폭시수지 도료"
      ],
      "answer": null,
      "explanation": ""
    },
    {
      "no": 76,
      "question": "착공단계에서의 공사계획을 수립할 때 우선 고려하지 않아\n③ 불소수지 도료 ❹ 합성수지 에멀션 페인트\n도 되는 것은?",
      "options": [
        "불소수지 도료 ❹ 합성수지 에멀션 페인트",
        "현장 직원의 조직편성 ② 예정 공정표의 작성"
      ],
      "answer": null,
      "explanation": ""
    },
    {
      "no": 85,
      "question": "목재의 역학적 성질에 대한 설명으로 옳지 않은 것은?\n❸ 유지관리지침서의 변경 ④ 실행예산편성",
      "options": [
        "실행예산편성",
        "목재 섬유 평행방향에 대한 인장강도가 다른 여러 강도"
      ],
      "answer": null,
      "explanation": ""
    },
    {
      "no": 77,
      "question": "AE콘크리트에 관한 설명으로 옳은 것은?\n❷ 목재의 압축강도는 옹이가 있으면 증가한다.",
      "options": [
        "공기량은 기계비빔이 손비빔의 경우보다 적다.",
        "목재를 흼부재로 사용하여 외력에 저항할 때는 압축, 인",
        "공기량은 비벼놓은 시간이 길수록 증가한다. 장, 전단력이 동시에 일어난다.",
        "공기량은 AE제의 양이 증가할수록 감소하나 콘크리트의 ④ 목재의 전단강도는 섬유간의 부착력, 섬유의 곧음, 수선"
      ],
      "answer": null,
      "explanation": ""
    },
    {
      "no": 86,
      "question": "합판에 대한 설명으로 옳지 않은 것은?",
      "options": [],
      "answer": null,
      "explanation": ""
    },
    {
      "no": 78,
      "question": "콘크리트의 고강도화와 관계가 적은 것은? ❶ 단판을 섬유방향이 서로 평행하도록 홀수로 적층 하면서\n접착시켜 합친 판을 말한다.",
      "options": [
        "물시멘트비를 작게 한다.",
        "함수율 변화에 따라 팽창ㆍ수축의 방향성이 없다.",
        "시멘트의 강도를 크게 한다.",
        "뒤틀림이나 변형이 적은 비교적 큰 면적의 평면 재료를",
        "폴리머(polymer)를 함침(含浸)한다.",
        "균일한 강도의 재료를 얻을 수 있다."
      ],
      "answer": null,
      "explanation": ""
    },
    {
      "no": 79,
      "question": "벽돌쌓기법 중에서 마구리를 세워 쌓는 방식으로 옳은 것",
      "options": [],
      "answer": null,
      "explanation": ""
    },
    {
      "no": 87,
      "question": "미장바탕의 일반적인 성능조건과 가장 거리가 먼 것은?\n은?",
      "options": [
        "미장층보다 강도가 클 것",
        "허튼 쌓기",
        "미장층과 유효한 접착강도를 얻을 수 있을 것",
        "영롱 쌓기 ④ 길이 쌓기"
      ],
      "answer": null,
      "explanation": ""
    },
    {
      "no": 80,
      "question": "바닥판 거푸집의 구조계산 시 고려해야하는 연직하중에 해 ④ 미장층의 경화, 건조에 지장을 주지 않을 것\n당하지 않는 것은?",
      "options": [
        "미장층의 경화, 건조에 지장을 주지 않을 것",
        "작업하중 ② 충격하중 88. 절대건조밀도가 2.6g/cm3이고, 단위용적질량이 1750kg/m3",
        "고정하중 ❹ 굳지 않은 콘크리트의 측압",
        "30.5% ❷ 32.7%",
        "34.7% ④ 36.2%"
      ],
      "answer": null,
      "explanation": ""
    },
    {
      "no": 89,
      "question": "목재의 내연성 및 방화에 대한 설명으로 옳지 않은 것은?",
      "options": [],
      "answer": null,
      "explanation": ""
    },
    {
      "no": 81,
      "question": "플라이애시시멘트에 대한 설명으로 옳은 것은?",
      "options": [
        "목재의 방화는 목재 표면에 불연소성 피막을 도포 또는",
        "수화할 때 불용성 규산칼슘 수화물을 생성한다.",
        "방화재로는 방화페인트, 규산나트륨 등이 있다.",
        "목재가 열에 닿으면 먼저 수분이 증발하고 160℃ 이상이",
        "재령 1~2시간 안에 콘크리트 압축강도가 20MPa에 도달",
        "용광로의 선철제작 부산물을 급랭시키고 파쇄하여 시멘"
      ],
      "answer": null,
      "explanation": ""
    },
    {
      "no": 90,
      "question": "금속의 부식방지를 위한 관리대책으로 옳지 않은 것은?",
      "options": [],
      "answer": null,
      "explanation": ""
    },
    {
      "no": 82,
      "question": "건축용 접착제로서 요구되는 성능에 해당되지 않는 것은?",
      "options": [
        "부분적으로 녹이 발생하면 즉시 제거할 것",
        "진동, 충격의 반복에 잘 견딜 것",
        "큰 변형을 준 것은 가능한 한 풀림하여 사용할 것",
        "취급이 용이하고 독성이 없을 것",
        "표면을 평활하고 깨끗이 하며, 가능한 한 건조상태로 유",
        "고화 시 체적수축 등에 의한 내부변형을 일으키지 않을"
      ],
      "answer": null,
      "explanation": ""
    },
    {
      "no": 91,
      "question": "다음의 미장재료 중 균열저항성이 가장 큰 것은?",
      "options": [],
      "answer": null,
      "explanation": ""
    },
    {
      "no": 83,
      "question": "골재의 함수상태에서 유효흡수량의 정의로 옳은 것은?",
      "options": [
        "회반죽 바름 ② 소석고 플라스터",
        "습윤상태와 절대건조상태의 수량의 차이",
        "돌로마이트 플라스터",
        "기건상태와 절대건조상태의 수량의 차이"
      ],
      "answer": null,
      "explanation": ""
    },
    {
      "no": 92,
      "question": "점토의 물리적 성질에 관한 설명으로 옳지 않은 것은?\n④ 습윤상태와 표면건조포화상태의 수량의 차이\n❶ 점토의 인장강도는 압축강도의 약 5배 정도이다.\n② 입자의 크기는 보통 2μm 이하의 미립자지만 모래알 정",
      "options": [
        "습윤상태와 표면건조포화상태의 수량의 차이",
        "입자의 크기는 보통 2μm 이하의 미립자지만 모래알 정"
      ],
      "answer": null,
      "explanation": ""
    },
    {
      "no": 84,
      "question": "도장재료 중 물이 증발하여 수지입자가 굳는 융착건조경화\n도의 것도 약간 포함되어 있다.\n최강 자격증 기출문제 전자문제집 CBT : www.comcbt.com\n건설안전기사 ◐ 2022년 04월 24일 필기 기출문제 ◑ 전자문제집 CBT : www.comcbt.com\n③ 공극률은 점토의 입자 간에 존재하는 모공용적으로 입자\n6과목 : 건설안전기술\n의 형상, 크기에 관계한다.\n④ 점토입자가 미세하고, 양지의 점토일수록 가소성이 좋으 101. 건설업의 공사금액이 850억 원일 경우 산업안전보건법령에\n나, 가소성이 너무 클 때는 모래 또는 샤모트를 섞어서 따른 안전관리자의 수로 옳은 것은? (단, 전체 공사기간을\n조절한다. 100으로 할 때 공사 전ㆍ후 15에 해당하는 경우는 고려하\n지 않는다.)",
      "options": [
        "공극률은 점토의 입자 간에 존재하는 모공용적으로 입자",
        "점토입자가 미세하고, 양지의 점토일수록 가소성이 좋으 101. 건설업의 공사금액이 850억 원일 경우 산업안전보건법령에"
      ],
      "answer": null,
      "explanation": ""
    },
    {
      "no": 93,
      "question": "일반 콘크리트 대비 ALC의 우수한 물리적 성질로서 옳지",
      "options": [
        "1명 이상 ❷ 2명 이상",
        "3명 이상 ④ 4명 이상",
        "경량성 ② 단열성",
        "흡음ㆍ차음성 ❹ 수밀성, 방수성 102. 건설현장에 거푸집동바리 설치 시 준수사항으로 옳지 않은"
      ],
      "answer": null,
      "explanation": ""
    },
    {
      "no": 94,
      "question": "콘크리트 바탕에 이음새 없는 방수 피막을 형성하는 공법으 ❶ 파이프서포트 높이가 4.5m를 초과하는 경우에는 높이\n로, 도료상태의 방수재를 여러번 칠하여 방수막을 형성하는 2m 이내마다 2개 방향으로 수평 연결재를 설치한다.\n방수공법은?\n② 동바리의 침하 방지를 위해 깔목의 사용, 콘크리트 타설,",
      "options": [
        "동바리의 침하 방지를 위해 깔목의 사용, 콘크리트 타설,",
        "아스팔트 루핑 방수 ❷ 합성고분자 도막 방수 말뚝박기 등을 실시한다.",
        "시멘트 모르타르 방수 ④ 규산질 침투성 도포 방수 ③ 강재와 강재의 접속부는 볼트 또는 클램프 등 전용철물"
      ],
      "answer": null,
      "explanation": ""
    },
    {
      "no": 95,
      "question": "열경화성수지가 아닌 것은? ④ 강관틀 동바리는 강관틀과 강관틀 사이에 교차가새를 설\n치한다.",
      "options": [
        "강관틀 동바리는 강관틀과 강관틀 사이에 교차가새를 설",
        "페놀수지 ② 요소수지",
        "멜라민수지"
      ],
      "answer": null,
      "explanation": ""
    },
    {
      "no": 103,
      "question": "가설통로를 설치하는 경우 준수해야할 기준으로 옳지 않은\n것은?",
      "options": [],
      "answer": null,
      "explanation": ""
    },
    {
      "no": 96,
      "question": "블로운 아스팔트(blown asphalt)를 휘발성 용제에 녹이고",
      "options": [
        "경사는 30°이하로 할 것",
        "건설공사에 사용하는 높이 8m 이상인 비계다리에는 7m",
        "아스팔트 그라우트(asphalt grout)",
        "아스팔트 시멘트(asphalt cement)",
        "수직갱에 가설된 통로의 길이가 15m 이상인 때에는",
        "아스팔트 콘크리트(asphalt concrete)"
      ],
      "answer": null,
      "explanation": ""
    },
    {
      "no": 97,
      "question": "연강판에 일정한 간격으로 그물눈을 내고 늘여 철망모양으",
      "options": [],
      "answer": null,
      "explanation": ""
    },
    {
      "no": 104,
      "question": "항타기 또는 항발기의 사용 시 준수사항으로 옳지 않은 것\n로 만든 것으로 옳은 것은?\n은?\n❶ 메탈라스(metal lath) ② 와이어메시(wire mesh)\n❶ 증기나 공기를 차단하는 장치를 작업관리자가 쉽게 조작\n③ 인서트(insert) ④ 코너비드(comer bead) 할 수 있는 위치에 설치한다.\n② 해머의 운동에 의하여 증기호스 또는 공기호스와 해머의",
      "options": [
        "와이어메시(wire mesh)",
        "인서트(insert) ④ 코너비드(comer bead) 할 수 있는 위치에 설치한다.",
        "해머의 운동에 의하여 증기호스 또는 공기호스와 해머의"
      ],
      "answer": null,
      "explanation": ""
    },
    {
      "no": 98,
      "question": "고로슬래그 쇄석에 대한 설명으로 옳지 않은 것은? 접속부가 파손되거나 벗겨지는 것을 방지하기 위하여 그\n접속부가 아닌 부위를 선정하여 증기호스 또는 공기호스",
      "options": [
        "철을 생산하는 과정에서 용광로에서 생기는 광재를 공기",
        "항타기나 항발기의 권상장치의 드럼에 권상용 와이어로",
        "고로슬래그 쇄석을 활용한 콘크리트는 다른 암석을 사용",
        "항타기나 항발기의 권상장치에 하중을 건 상태로 정지하",
        "다공질이기 때문에 흡수율이 크므로 충분히 살수하여 사"
      ],
      "answer": null,
      "explanation": ""
    },
    {
      "no": 99,
      "question": "점토제품 중 소성온도가 가장 고온이고 흡수성이 매우 작으",
      "options": [],
      "answer": null,
      "explanation": ""
    },
    {
      "no": 105,
      "question": "가설공사 표준안전 작업지침에 따른 통로발판을 설치하여\n며 모자이크 타일, 위생도기 등에 주로 쓰이는 것은?\n사용함에 있어 준수사항으로 옳지 않은 것은?",
      "options": [
        "토기 ② 도기",
        "추락의 위험이 있는 곳에는 안전난간이나 철책을 설치하",
        "석기 ❹ 자기 여야 한다.",
        "작업발판의 최대폭은 1.6m 이내이어야 한다."
      ],
      "answer": null,
      "explanation": ""
    },
    {
      "no": 100,
      "question": "목재에 사용되는 크레오소트 오일에 대한 설명으로 옳지\n③ 비계발판의 구조에 따라 최대 적재하중을 정하고 이를\n않은 것은?\n초과하지 않도록 하여야 한다.\n❶ 냄새가 좋아서 실내에서도 사용이 가능하다.\n❹ 발판을 겹쳐 이음하는 경우 장선 위에서 이음을 하고 겹\n② 방부력이 우수하고 가격이 저렴하다. 침길이는 10cm 이상으로 하여야 한다.\n③ 독성이 적다.",
      "options": [
        "비계발판의 구조에 따라 최대 적재하중을 정하고 이를",
        "방부력이 우수하고 가격이 저렴하다. 침길이는 10cm 이상으로 하여야 한다.",
        "독성이 적다."
      ],
      "answer": null,
      "explanation": ""
    },
    {
      "no": 106,
      "question": "토사붕괴에 따른 재해를 방지하기 위한 흙막이 지보공 부\n④ 침투성이 좋아 목재에 깊게 주입된다.\n재로 옳지 않은 것은?",
      "options": [
        "침투성이 좋아 목재에 깊게 주입된다.",
        "흙막이판 ② 말뚝",
        "띠장 ④ 당해공사 착공 15일 후까지"
      ],
      "answer": null,
      "explanation": ""
    },
    {
      "no": 107,
      "question": "토사붕괴원인으로 옳지 않은 것은? 116. 건설업 중 유해위험방지계획서 제출 대상 사업장으로 옳지\n않은 것은?",
      "options": [
        "경사 및 기울기 증가 ② 성토높이의 증가",
        "지상높이가 31m 이상인 건축물 또는 인공구조물, 연면",
        "건설기계 등 하중작용 ❹ 토사중량의 감소"
      ],
      "answer": null,
      "explanation": ""
    },
    {
      "no": 108,
      "question": "이동식 비계를 조립하여 작업을 하는 경우의 준수기준으로\n❷ 연면적 3000m2 이상의 냉동ㆍ냉장 창고시설의 설비공사\n옳지 않은 것은?\n및 단열공사",
      "options": [
        "비계의 최상부에서 작업을 할 때에는 안전난간을 설치하",
        "깊이 10m 이상인 굴착공사",
        "최대 지간길이가 50m 이상인 다리의 건설공사"
      ],
      "answer": null,
      "explanation": ""
    },
    {
      "no": 117,
      "question": "사다리식 통로 등의 구조에 대한 설치기준으로 옳지 않은\n③ 승강용 사다리는 견고하게 설치하여야 한다.\n것은?\n④ 작업발판은 항상 수평을 유지하고 작업발판위에서 안전",
      "options": [
        "승강용 사다리는 견고하게 설치하여야 한다.",
        "작업발판은 항상 수평을 유지하고 작업발판위에서 안전",
        "발판의 간격은 일정하게 할 것",
        "발판과 벽과의 사이는 15cm 이상의 간격을 유지할 것"
      ],
      "answer": null,
      "explanation": ""
    },
    {
      "no": 109,
      "question": "건설용 리프트의 붕괴 등을 방지하기 위해 받침의 수를 증 다 계단참을 설치할 껏\n가 시키는 등 안전조치를 하여야 하는 순간풍속 기준은?\n④ 사다리의 상단은 걸쳐놓은 지점으로부터 60cm 이상 올",
      "options": [
        "사다리의 상단은 걸쳐놓은 지점으로부터 60cm 이상 올",
        "초당 15미터 초과 ② 초당 25미터 초과 라가도록 할 것",
        "초당 45미터 초과"
      ],
      "answer": null,
      "explanation": ""
    },
    {
      "no": 118,
      "question": "철골건립준비를 할 때 준수하여야 할 사항으로 옳지 않은\n것은?",
      "options": [],
      "answer": null,
      "explanation": ""
    },
    {
      "no": 110,
      "question": "건설작업용 타워크레인의 안전장치로 옳지 않은 것은?",
      "options": [
        "지상 작업장에서 건립준비 및 기계기구를 배치할 경우에",
        "권과 방지장치 ② 과부하 방지장치",
        "비상정지 장치 ❹ 호이스트 스위치"
      ],
      "answer": null,
      "explanation": ""
    },
    {
      "no": 111,
      "question": "달비계에 사용하는 와이어로프의 사용금지 기준으로 옳지\n나 이설하여서는 안된다.\n않은 것은?\n③ 사용전에 기계기구에 대한 정비 및 보수를 철저히 실시",
      "options": [
        "사용전에 기계기구에 대한 정비 및 보수를 철저히 실시",
        "이음매가 있는 것",
        "열과 전기 충격에 의해 손상된 것",
        "기계에 부착된 앵카 등 고정장치와 기초구조 등을 확인",
        "지름의 감소가 공칭지름의 7%를 초과하는 것 하여야 한다."
      ],
      "answer": null,
      "explanation": ""
    },
    {
      "no": 112,
      "question": "건설업 산업안전보건관리비 계상 및 사용기준은 산업재해 ❶ 와이어로프 또는 체인의 안전율은 3 이상일 것\n보상 보험법의 적용을 받는 공사 중 총 공사금액이 얼마\n② 붐의 최대 지면경사각을 초과 운전하여 전도되지 않도록\n이상인 공사에 적용하는가? (단, 전기공사업법, 정보통신공\n할 것\n사업법에 의한 공사는 제외)\n③ 고소작업대를 이동하는 경우 작업대를 가장 낮게 내릴",
      "options": [
        "붐의 최대 지면경사각을 초과 운전하여 전도되지 않도록",
        "고소작업대를 이동하는 경우 작업대를 가장 낮게 내릴",
        "4천만원 ② 3천만원",
        "1천만원",
        "작업대에 끼임ㆍ충돌 등 재해를 예방하기 위한 가드 또"
      ],
      "answer": null,
      "explanation": ""
    },
    {
      "no": 113,
      "question": "가설구조물의 특징으로 옳지 않은 것은?",
      "options": [
        "연결재가 적은 구조로 되기 쉽다. 120. 터널공사에서 발파작업 시 안전대책으로 옳지 않은 것은?",
        "부재 결합이 간략하여 불안전 결합이다. ① 발파전 도화선 연결상태, 저항치 조사 등의 목적으로 도",
        "사용부재는 과소단면이거나 결함재가 되기 쉽다.",
        "모든 동력선은 발원점으로부터 최소한 15m 이상 후방으"
      ],
      "answer": null,
      "explanation": ""
    },
    {
      "no": 114,
      "question": "거푸집 동바리의 침하를 방지하기 위한 직접적인 조치로\n옳지 않은 것은? ③ 지질, 암의 절리 등에 따라 화약량에 대한 검토 및 시방\n기준과 대비하여 안전조치 실시\n❶ 수평연결재 사용 ② 깔목의 사용\n❹ 발파용 점화회선은 타동력선 및 조명회선과 한곳으로 통\n③ 콘크리트의 타설 ④ 말뚝박기\n합하여 관리",
      "options": [
        "지질, 암의 절리 등에 따라 화약량에 대한 검토 및 시방",
        "깔목의 사용",
        "콘크리트의 타설 ④ 말뚝박기"
      ],
      "answer": null,
      "explanation": ""
    },
    {
      "no": 115,
      "question": "건설공사의 유해위험방지계획서 제출 기준일로 옳은 것은?",
      "options": [
        "당해공사 착공 1개월 전까지",
        "당해공사 착공 15일 전까지",
        "① ② ③ ④ ③ ④ ② ① ③",
        "② ④ ④ ④ ② ① ④ ① ①",
        "③ ① ② ① ③ ④ ① ② ①",
        "③ ② ② ④ ③ ② ① ④ ④",
        "② ④ ③ ② ③ ④ ③ ① ③",
        "③ ④ ④ ③ ② ② ① ① ②",
        "② ④ ③ ④ ③ ② ② ② ④",
        "③ ① ① ① ③ ④ ④ ① ④",
        "③ ② ④ ② ① ③ ② ④ ③",
        "① ④ ② ③ ① ① ② ④ ①",
        "① ② ① ④ ③ ④ ② ③ ④",
        "③ ③ ① ③ ② ③ ② ① ④"
      ],
      "answer": null,
      "explanation": ""
    }
  ]
}