{
  "title": "건설안전기사20210515(해설집) (2).pdf",
  "questions": [
    {
      "no": 1,
      "question": "산업안전보건법령상 자율안전확인 안전모의 시험성능기준 항\n인증대상에서 제외\n목으로 명시되지 않은 것은?\n전단기 곤돌라는 규격기계가 될수있다",
      "options": [
        "난연성 ② 내관통성",
        "내전압성 ④ 턱끈풀림"
      ],
      "answer": null,
      "explanation": ""
    },
    {
      "no": 4,
      "question": "하인리히의 1:29:300 법칙에서 “29”가 의미하는 것은?\n보호구 자율안전확인고시 : 추락 및 감전 위험방지용 제외",
      "options": [
        "재해 ② 중상해",
        "경상해 ④ 무상해사고"
      ],
      "answer": null,
      "explanation": ""
    },
    {
      "no": 2,
      "question": "산업재해의 발생형태에 따른 분류 중 단순 연쇄형에 속하는\n<하인리히의 1:29:300 법칙>\n것은? (단, O는 재해발생의 각종 요소를 나타냄)\n1) 1건 : 중상해(중상 또는 사망)\n2) 29건 : 경상해\n3) 300건 : 무상해\n[해설작성자 : 금호수]",
      "options": [],
      "answer": null,
      "explanation": ""
    },
    {
      "no": 5,
      "question": "A 사업장에서는 산업재해로 인한 인적ㆍ물적 손실을 줄이기",
      "options": [
        "위하여 안전행동 실천운동(5C운동)을 실시하고자 한다. 5C",
        "Control ② Correctness",
        "Cleaning ④ Checking",
        "<문제 해설>",
        "점검확인(Checking)"
      ],
      "answer": null,
      "explanation": ""
    },
    {
      "no": 6,
      "question": "기계, 기구, 설비의 신설, 변경 내지 고장 수리 시 실시하는\n안전점검의 종류로 옳은 것은?\n④",
      "options": [
        "① 특별점검 ② 수시점검",
        "정기점검 ④ 임시점검"
      ],
      "answer": null,
      "explanation": ""
    },
    {
      "no": 1,
      "question": "단순 자극형",
      "options": [],
      "answer": null,
      "explanation": ""
    },
    {
      "no": 1,
      "question": "특별점검 - 기계, 기구, 설비의 신설시, 변경내지 고장 수리",
      "options": [],
      "answer": null,
      "explanation": ""
    },
    {
      "no": 2,
      "question": "단순 연쇄형\n시 실시",
      "options": [],
      "answer": null,
      "explanation": ""
    },
    {
      "no": 3,
      "question": "복합 연쇄형\n- 천재지변 발생 후 실시",
      "options": [],
      "answer": null,
      "explanation": ""
    },
    {
      "no": 4,
      "question": "복합형\n- 안전강조 기간 내에 실시\n[해설작성자 : comcbt.com 이용자]",
      "options": [],
      "answer": null,
      "explanation": ""
    },
    {
      "no": 2,
      "question": "수시점검 - 작업 전, 중, 후에 실시하는 점검",
      "options": [],
      "answer": null,
      "explanation": ""
    },
    {
      "no": 3,
      "question": "정기점검 - 일정기간마다 정기적으로 실시하는 점검",
      "options": [],
      "answer": null,
      "explanation": ""
    },
    {
      "no": 3,
      "question": "산업안전보건법령상 안전인증대상기계에 해당하지 않는 것",
      "options": [],
      "answer": null,
      "explanation": ""
    },
    {
      "no": 4,
      "question": "임시점검 - 이상 발견시 임시로 실시하는 점검\n은?\n- 정기점검과 정기점검 사이에 실시하는 점검",
      "options": [
        "크레인 ② 곤돌라",
        "컨베이어 ④ 사출성형기"
      ],
      "answer": null,
      "explanation": ""
    },
    {
      "no": 7,
      "question": "건설기술 진흥법령상 건설사고조사 위원회의 구성 기준 중\n안전인증대상기계기구\n다음 ( )에 알맞은 것은?\n프레스, 전단기, 크레인, 리프트, 압력용기, 롤러기, 사출성형기,\n고소작업대, 곤돌라\n기출문제 해설은 최강 자격증 기출문제 전자문제집 CBT : www.comcbt.com 통해서 실시간으로 변경됩니다.\n본 해설집은 최강 자격증 기출문제 전자문제집 CBT 해설달기 프로젝트에 의해서 만들어진 자료입니다. 해설을 제공해 주신 모든 분들께 감사 드립니다.\n건설안전기사 ◐ 2021년 05월 15일 필기 기출문제 및 해설집◑ 전자문제집 CBT :www.comcbt.com\n2단계: 사실의 발견\n3단계: 분석\n4단계: 시정방법 선정",
      "options": [
        "9 ② 10 5단계: 시정책 적용",
        "11 ④ 12 [해설작성자 : 타기]"
      ],
      "answer": null,
      "explanation": ""
    },
    {
      "no": 11,
      "question": "산업안전보건법령상 산업안전보건위원회의 심의ㆍ의결사항\n위원장 1명을 포함한 12명 이내의 위원으로 구성한다\n으로 틀린 것은? (단, 그 밖에 해당 사업장 근로자의 안전\n[해설작성자 : 호이야밥줘]\n및 보건을 유지ㆍ증진시키기 위하여 필요한 사항은 제외한",
      "options": [],
      "answer": null,
      "explanation": ""
    },
    {
      "no": 8,
      "question": "작업자가 불안전한 작업대에서 작업 중 추락하여 지면에 머 다.)\n리가 부딪혀 다친 경우의 기인물과 가해물로 옳은 것은?",
      "options": [
        "사업장 경영체계 구성 및 운영에 관한 사항",
        "기인물-지면, 가해물-지면 ② 작업환경측정 등 작업환경의 점검 및 개선에 관한 사항",
        "기인물-작업대, 가해물-지면 ③ 안전보건관리규정의 작성 및 변경에 관한 사항",
        "기인물-지면, 가해물-작업대 ④ 유해하거나 위험한 기계ㆍ기구ㆍ설비를 도입한 경우 안",
        "기인물-작업대, 가해물-작업대 전 및 보건 관련 조치에 관한 사항"
      ],
      "answer": null,
      "explanation": ""
    },
    {
      "no": 9,
      "question": "무재해운동의 이념 3원칙 중 잠재적인 위험 요인을 발견ㆍ해\n-근로자의 건강진단 등 건강관리에 관한 사항\n결하기 위하여 전원이 협력하여 각자의 위치에서 의욕적으로\n-산업재해에 관한 통계의 기록 및 유지에 관한 사항\n문제해결을 실천하는 원칙은?\n-중대재해 원인조사 및 재발방지대책의 수립에 관한 사항",
      "options": [
        "무의 원칙 ② 선취의 원칙",
        "관리의 원칙 ④ 참가의 원칙",
        "15 ② 30",
        "60 ④ 90"
      ],
      "answer": null,
      "explanation": ""
    },
    {
      "no": 10,
      "question": "하인리히의 사고예방대책 기본원리 5단계에 있어 “시정방법\n안전보건관리규정 : 30일\n의 선정”바로 이전 단계에서 행하여지는 사항으로 옳은 것\n[해설작성자 : armi415]\n은?",
      "options": [
        "분석 ② 사실의 발견 13. 산업안전보건법령상 명예산업안전감독관의 업무에 속하지",
        "안전조직 편성 ④ 시정책의 적용 않는 것은? (단, 산업안전보건위원회 구성 대상 사업의 근로",
        "사업장에서 하는 자체점검 참여",
        "보호구의 구입 시 적격품의 선정",
        "근로자에 대한 안전수칙 준수 지도",
        "사업장 산업재해 예방계획 수립 참여 기 때문임."
      ],
      "answer": null,
      "explanation": ""
    },
    {
      "no": 14,
      "question": "산업안전보건법령상 다음 ( )에 알맞은 내용은? 17. 하인리히의 재해 손실비 평가방식에서 간접비에 속하지 않\n는 것은?",
      "options": [
        "요양급여 ② 시설복구비",
        "교육훈련비 ④ 생산손실비",
        "10일 ② 15일 [해설작성자 : 사람사는세상]",
        "20일 ④ 30일",
        "제 1항에 따른 사업의 사업주는 안전보건 관리규정을 작성해",
        "역할연기(Role Playing)",
        "TBM(Tool Box Meeting)"
      ],
      "answer": null,
      "explanation": ""
    },
    {
      "no": 15,
      "question": "산업안전보건법령상 안전보건표지의 용도가 금지일 경우 사 ③ 터치 앤 콜(Touch and Call)\n용되는 색채로 옳은 것은? ④ 브레인스토밍(Brain Storming)",
      "options": [
        "터치 앤 콜(Touch and Call)",
        "브레인스토밍(Brain Storming)",
        "흰색 ② 녹색 <문제 해설>",
        "빨간색 ④ 노란색 Touch and Call의 필요성. 방법. 효과:"
      ],
      "answer": null,
      "explanation": ""
    },
    {
      "no": 16,
      "question": "연평균근로자수가 400명인 사업장에서 연간 2건의 재해로",
      "options": [],
      "answer": null,
      "explanation": ""
    },
    {
      "no": 2,
      "question": "방법- 현장의 연건과 참여 작업자 수에 따라 여러가지 형태가\n인하여 4명의 사상자가 발생하였다. 근로자가 1일 8시간씩\n있을 수 있지만 가장 일반적인 형으로 소개 하면 다음과 같다\n연간 300일을 근무하였을 때 이 사업장의 연천인율은?\n2-1. 고리형(5~6명 이상의 작업원이 참여하는 경우 적용)",
      "options": [
        "1.85 ② 4.4",
        "5 ④ 10"
      ],
      "answer": null,
      "explanation": ""
    },
    {
      "no": 3,
      "question": "효과 - 작업장에서 하겠다는 의욕만 있으면 언제라도 실시할\n[해설작성자 : 쿠라마74]\n수 있는 효과적인 안전훈련기법중의 하나이다..동료간에 피부를\n접촉시킨다는 것은 마음의 정이 오가게 하는 것이므로 안전훈련\n연천인율=도수율×2.4 식을 이용할 시엔 답이 5로 나옴.\n이라느 ㄴ목적 이외에도 작업원간의 인화와 동료애 등 작업의\n도수율=재해건수/총근로시간×1,000,000\n효율성 측면에서도 큰 효과를 거둘 수 있다.\n2/(300×8×400)×1,000,000=2.083\n[해설작성자 : ChrisLEE]\n연천인율=2.083×2.4=5 로 나옴.\n[해설작성자 : comcbt.com 이용자] 19. 시설물의 안전 및 유지관리에 관한 특별법상 제1종 시설물\n에 명시되지 않은 것은?\n연 천인율=도수율x2.4 식을 이용할 시(일8시간/300일 기준시)에",
      "options": [
        "고속철도 교량",
        "25층인 건축물",
        "연장 300m인 철도 교량",
        "연면적이 70000m2인 건축물 <문제 해설>"
      ],
      "answer": null,
      "explanation": ""
    },
    {
      "no": 1,
      "question": "제1종시설물: 공중의 이용편의와 안전을 도모하기 위하여 특 [해설작성자 : 간다간다 숑간다]\n별히 관리할 필요가 있거나 구조상 안전 및 유지관리에 고도의\n기술이 필요한 대규모 시설물로서 다음 각 목의 어느 하나에 해 토의식이라는 조건이 없다면 항상 강의식을 말합니다.\n당하는 시설물 등 대통령령으로 정하는 시설물 그래서 답은 제시(40분)\n가. 고속철도 교량, 연장 500미터 이상의 도로 및 철도 교량 [해설작성자 : 제이제이2]\n나. 고속철도 및 도시철도 터널, 연장 1000미터 이상의 도로\n및 철도 터널 제시 : 하나씩 하나씩 이해시키고 설득시키는 단계로 시간이 가\n다. 갑문시설 및 연장 1000미터 이상의 방파제 장 오래걸리는 단계\n라. 다목적댐, 발전용댐, 홍수전용댐 및 총저수용량 1천만톤 이 그러므로 정답은 2번이 되겠습니다.\n상의 용수전용댐 [해설작성자 : 2024 산안기 필기 합격]\n마. 21층 이상 또는 연면적 5만제곱미터 이상의 건축물",
      "options": [],
      "answer": null,
      "explanation": ""
    },
    {
      "no": 23,
      "question": "안전심리의 5대 요소에 관한 설명으로 틀린 것은?\n바. 하구둑, 포용저수량 8천만톤 이상의 방조제",
      "options": [
        "기질이란 감정적인 경향이나 반응에 관계되는 성격의 한",
        "감정은 생활체가 어떤 행동을 할 때 생기는 객관적인 동"
      ],
      "answer": null,
      "explanation": ""
    },
    {
      "no": 20,
      "question": "산업안전보건법령상 중대재해가 아닌 것은? ③ 동기는 능동적인 감각에 의한 자극에서 일어난 사고의",
      "options": [
        "동기는 능동적인 감각에 의한 자극에서 일어난 사고의",
        "사망자가 1명 발생한 재해 결과로서 사람의 마음을 움직이는 원동력이 되는 것이",
        "부상자가 동시에 10명 발생한 재해 다.",
        "직업성 질병자가 동시에 10명 발생한 재해 ④ 습성은 한 종에 속하는 개체의 대부분에서 볼 수 있는",
        "1개월의 요양이 필요한 부상자가 동시에 2명 발생한 재 일정한 생활양식으로 본능, 학습, 조건반사 등에 따라 형"
      ],
      "answer": null,
      "explanation": ""
    },
    {
      "no": 24,
      "question": "스트레스(stress)에 영향을 주는 요인 중 환경이나 외적 요",
      "options": [],
      "answer": null,
      "explanation": ""
    },
    {
      "no": 21,
      "question": "참가자 앞에서 소수의 전문가들이 과제에 관한 견해를 자유 인에 해당하는 것은?\n롭게 토의한 후 참가자 전원이 참가하여 사회자의 사회에",
      "options": [
        "자존심의 손상",
        "현실에의 부적응",
        "포럼(forum) ③ 도전의 좌절과 자만심의 상충",
        "심포지엄(symposium) ④ 직장에서의 대인관계 갈등과 대립",
        "버즈 세션(buzz session) <문제 해설>",
        "패널 디스커션(panel discussion) 직장 대인관계는 외적요인: 혼자서 할 수 있는 것이 아님"
      ],
      "answer": null,
      "explanation": ""
    },
    {
      "no": 25,
      "question": "권한의 근거는 공식적이며, 지휘형태가 권위주의적이고 임\n포럼: 새로운 자료나 교재....\n명되어 권한을 행사하는 지도자로 옳은 것은?\n심포지엄 : 몇 사람의 전문가....",
      "options": [
        "헤드십(head ship)",
        "리더십(leader ship)",
        "멤버십(member ship)",
        "매니저십(manager ship)"
      ],
      "answer": null,
      "explanation": ""
    },
    {
      "no": 22,
      "question": "교육법의 4단계 중 일반적으로 적용시간이 가장 긴 것은? 강압적이면 헤드쉽\n(문제 오류로 가답안 발표시 3번이 답안으로 발표되었으나, 포옹하며 리더쉽\n확정답안 발표시 2번, 3번이 정답 처리 되었습니다. 여기서 [해설작성자 : 초이]\n는 가답안인 3번을 누르면 정답 처리 됩니다.)",
      "options": [],
      "answer": null,
      "explanation": ""
    },
    {
      "no": 26,
      "question": "다음의 내용에서 교육지도의 5단계를 순서대로 바르게 나열",
      "options": [
        "도입 ② 제시",
        "적용 ④ 확인"
      ],
      "answer": null,
      "explanation": ""
    },
    {
      "no": 30,
      "question": "다음 설명의 리더십 유형은 무엇인가?",
      "options": [
        "㉢→㉣→㉠→㉤→㉡ ② ㉠→㉢→㉣→㉤→㉡",
        "㉢→㉠→㉤→㉣→㉡ ④ ㉠→㉢→㉤→㉣→㉡",
        "권위적 리더십 ② 독재적 리더십",
        "민주적 리더십 ④ 자유방임형 리더십"
      ],
      "answer": null,
      "explanation": ""
    },
    {
      "no": 1,
      "question": "원리의 제시\n<문제 해설>",
      "options": [],
      "answer": null,
      "explanation": ""
    },
    {
      "no": 2,
      "question": "관련된 개념의 분석",
      "options": [
        "권위적 리더십: 독단적으로 의사결정하지만, 민주주의적 리더"
      ],
      "answer": null,
      "explanation": ""
    },
    {
      "no": 3,
      "question": "가설의 설정\n는 집단의 의견을 반영한다.",
      "options": [],
      "answer": null,
      "explanation": ""
    },
    {
      "no": 4,
      "question": "자료의 평가\n② 독재적 리더십: 권위적 리더십의 다른 이름에 해당한다.",
      "options": [
        "독재적 리더십: 권위적 리더십의 다른 이름에 해당한다."
      ],
      "answer": null,
      "explanation": ""
    },
    {
      "no": 5,
      "question": "결론\n④ 자유방임형 리더십: 리더십의 의미를 찾기 힘들며, 방치, 무\n[해설작성자 : 후이]\n관심, 무질서 등의 특징을 갖는다",
      "options": [
        "자유방임형 리더십: 리더십의 의미를 찾기 힘들며, 방치, 무"
      ],
      "answer": null,
      "explanation": ""
    },
    {
      "no": 27,
      "question": "호손(Hawthome) 실험의 결과 생산성 향상에 영향을 준 가 [해설작성자 : 입닫아말포이]\n장 큰 요인은?",
      "options": [],
      "answer": null,
      "explanation": ""
    },
    {
      "no": 31,
      "question": "의식수준이 정상이지만 생리적 상태가 적극적일 때에 해당",
      "options": [
        "생산 기술 ② 임금 및 근로시간",
        "인간 관계 ④ 조명 등 작업환경",
        "Phase 0 ② Phase I",
        "Phase Ⅲ ④ Phase Ⅳ"
      ],
      "answer": null,
      "explanation": ""
    },
    {
      "no": 28,
      "question": "훈련에 참가한 사람들이 직무에 복귀한 후에 실제 직무수행 PhaseⅡ : 이완 / 안정기거,휴식 / 안정기거,휴식\n에서 훈련효과를 보이는 정도를 나타내는 것은? PhaseⅢ : 상쾌 / 적극적 / 적극활동",
      "options": [
        "전이 타당도 ② 교육 타당도 PhaseⅣ : 과긴장 / 일점집중현상,긴급방위 / 감정흥분",
        "조직간 타당도 ④ 조직내 타당도 [해설작성자 : 찌니리]"
      ],
      "answer": null,
      "explanation": ""
    },
    {
      "no": 32,
      "question": "직무수행평가에 대한 효과적인 피드백의 원칙에 대한 설명\n1 전이 타당도 : 직무에 복귀한 후에 실제 직무수행에서 교육효\n으로 틀린 것은?\n과를 보이는 정도 - 외적준거",
      "options": [
        "직무수행 성과에 대한 피드백의 효과가 항상 긍정적이지",
        "피드백은 개인의 수행 성과뿐만 아니라 집단의 수행 성",
        "부정적 피드백을 먼저 제시하고 그 다음에 긍정적 피드",
        "직무수행 성과가 낮을 때, 그 원인을 능력 부족의 탓으"
      ],
      "answer": null,
      "explanation": ""
    },
    {
      "no": 29,
      "question": "착각현상 중에서 실제로는 움직이지 않는데 움직이는 것처 과적이다.\n럼 느껴지는 심리적인 현상은? <문제 해설>",
      "options": [
        "잔상 ② 원근 착시 긍정적 피드백을 먼저 제시하고 그 다음에 부정적 피드백을 제",
        "가현운동 ④ 기하학적 착시 시하는 것이 효과적이다."
      ],
      "answer": null,
      "explanation": ""
    },
    {
      "no": 33,
      "question": "안드라고지(Andragogy) 모델에 기초한 학습자로서의 성인의\n대해 하나씩 차례로 눈에 투사될 경우 하나의 자극으로부터 만\n특징과 가장 거리가 먼 것은?\n들어진 운동으로 지각되는 운동 착시 현상.",
      "options": [
        "성인들은 타인 주도적 학습을 선호한다.",
        "성인들은 과제 중심적으로 학습하고자 한다.",
        "성인들은 다양한 경험을 가지고 학습에 참여한다.",
        "성인들은 왜 배워야 하는지에 대해 알고자 하는 욕구를 (RMR)의 범위로 가장 적절한 것은?",
        "0~1 ② 2~4",
        "4~7 ④ 7~10"
      ],
      "answer": null,
      "explanation": ""
    },
    {
      "no": 34,
      "question": "안전태도교육 기본과정을 순서대로 나열한 것은?\n일반 중작업 : 2~4",
      "options": [
        "청취→모범→이해→평가→장려ㆍ처벌",
        "청취→평가→이해→모범→장려ㆍ처벌",
        "청취→이해→모범→평가→장려ㆍ처벌",
        "청취→평가→모범→이해→장려ㆍ처벌",
        "우수한 강사를 확보할 수 있다.",
        "교재, 시설 등을 효과적으로 이용할 수 있다.",
        "청취한다. ②이해,납득시킨다 ③모범(시범)을 보인다 ③ 개개인의 능력 및 적성에 적합한 세부 교육이 가능하다.",
        "권장(평가)한다 ⑤칭찬(장려)한다. ⑥벌(처벌)을준다. ④ 다수의 대상자를 일괄적, 체계적으로 교육을 시킬 수 있"
      ],
      "answer": null,
      "explanation": ""
    },
    {
      "no": 35,
      "question": "산업심리에서 활용되고 있는 개인적인 카운슬링 방법에 해\n개개인의 능력 및 적성에 적합한 세부 교육이 가능하다-> On\n당하지 않는 것은?\nthe Job Training",
      "options": [
        "직접 충고 ② 설득적 방법",
        "설명적 방법 ④ 토론적 방법"
      ],
      "answer": null,
      "explanation": ""
    },
    {
      "no": 1,
      "question": "강사는 초빙강사이다.\n[해설작성자 : 조 까치]",
      "options": [],
      "answer": null,
      "explanation": ""
    },
    {
      "no": 2,
      "question": "집체교육형태로 진행",
      "options": [],
      "answer": null,
      "explanation": ""
    },
    {
      "no": 3,
      "question": "교육에 전념할 수 있다.\n설득 설명 직접적으로 개인에게...",
      "options": [],
      "answer": null,
      "explanation": ""
    },
    {
      "no": 4,
      "question": "신기술 신기계설비에 접할 수 있는 계기\n[해설작성자 : 윤까치]\nO.J.T(On the Job Training) (직장내 교육 훈련)",
      "options": [],
      "answer": null,
      "explanation": ""
    },
    {
      "no": 36,
      "question": "맥그리거(Douglas Mcgregor)의 X,Y이론 중 X이론과 관계",
      "options": [],
      "answer": null,
      "explanation": ""
    },
    {
      "no": 1,
      "question": "강사는 직장상사이다.\n깊은 것은?",
      "options": [],
      "answer": null,
      "explanation": ""
    },
    {
      "no": 2,
      "question": "개별 교육형태로 진행된다",
      "options": [
        "근면, 성실 ② 물질적 욕구 추구"
      ],
      "answer": null,
      "explanation": ""
    },
    {
      "no": 3,
      "question": "사업장의 상황에 따라 교육이 변경되기 쉽다\n③ 정신적 욕구 추구 ④ 자기통제에 의한 자율관리",
      "options": [
        "정신적 욕구 추구 ④ 자기통제에 의한 자율관리"
      ],
      "answer": null,
      "explanation": ""
    },
    {
      "no": 4,
      "question": "실무에 직접 적용할 수 있다.\n<문제 해설>\n인간불신감",
      "options": [],
      "answer": null,
      "explanation": ""
    },
    {
      "no": 40,
      "question": "인간의 적응기제(Adjustment mechanism)중 방어적 기제에\n성악설\n해당하는 것은?\n인간은 본래 게으르고 태만하며 남의 지배를 받길 즐김",
      "options": [
        "보상 ② 고립",
        "퇴행 ④ 억압"
      ],
      "answer": null,
      "explanation": ""
    },
    {
      "no": 37,
      "question": "교육의 3요소를 바르게 나열한 것은?",
      "options": [
        "교사-학생-교육재료",
        "교사-학생-교육환경 3과목 : 인간공학 및 시스템안전공학",
        "학생-교육환경-교육재료"
      ],
      "answer": null,
      "explanation": ""
    },
    {
      "no": 41,
      "question": "FTA에서 사용하는 다음 사상기호에 대한 설명으로 맞는 것\n④ 학생-부모-사회 지식인\n은?\n<문제 해설>\n주체-객체-매개체\n[해설작성자 : 찌니꾸]",
      "options": [
        "학생-부모-사회 지식인"
      ],
      "answer": null,
      "explanation": ""
    },
    {
      "no": 38,
      "question": "어느 철강회사의 고로작업라인에 근무하는 A씨의 작업강도\n가 힘든 중작업으로 평가되었다면 해당되는 에너지대사율\n기출문제 해설은 최강 자격증 기출문제 전자문제집 CBT : www.comcbt.com 통해서 실시간으로 변경됩니다.\n본 해설집은 최강 자격증 기출문제 전자문제집 CBT 해설달기 프로젝트에 의해서 만들어진 자료입니다. 해설을 제공해 주신 모든 분들께 감사 드립니다.\n건설안전기사 ◐ 2021년 05월 15일 필기 기출문제 및 해설집◑ 전자문제집 CBT :www.comcbt.com",
      "options": [
        "시스템 분석에서 좀 더 발전시켜야 하는 사상",
        "시스템의 정상적인 가동상태에서 일어날 것이 기대되는",
        "불충분한 자료로 결론을 내릴 수 없어 더이상 전개 할",
        "주어진 시스템의 기본사상으로 고장원인이 분석되었기",
        "0.0033 ② 0.0062",
        "0.9981 ④ 0.9936"
      ],
      "answer": null,
      "explanation": ""
    },
    {
      "no": 42,
      "question": "FT도에서 시스템의 신뢰도는 얼마인가? (단, 모든 부품의 병렬 부분(or 게이트) B={1-(1-0.1)*(1-0.1)}\n발생확률은 0.1 이다.) [해설작성자 : gimgudzun]",
      "options": [],
      "answer": null,
      "explanation": ""
    },
    {
      "no": 43,
      "question": "일반적으로 은행의 접수대 높이나 공원의 벤치를 설계할 때\n가장 적합한 인체 측정 자료의 응용원칙은?",
      "options": [
        "조절식 설계",
        "평균치를 이용한 설계",
        "최대치수를 이용한 설계",
        "최소치수를 이용한 설계"
      ],
      "answer": null,
      "explanation": ""
    },
    {
      "no": 44,
      "question": "감각저장으로부터 정보를 작업기억으로 전달하기 위한 코드\n화 분류에 해당되지 않는 것은?",
      "options": [
        "시각코드 ② 촉각코드",
        "음성코드 ④ 의미코드",
        "Slip ② Mistake",
        "Lapse ④ Violation"
      ],
      "answer": null,
      "explanation": ""
    },
    {
      "no": 2,
      "question": "Mistake - 착오 : 오해\n시각(visual), 음성(phonetic), 의미(semantic) 코드 3. Lapse - 건망증 : 순간기억상실\n[해설작성자 : 참나물] 4. Violation - 위반 : 규칙/기준에 어긋난\n[해설작성자 : 수수]",
      "options": [],
      "answer": null,
      "explanation": ""
    },
    {
      "no": 45,
      "question": "작업장의 설비 3대에서 각각 80dB, 86dB, 78dB의 소음이\n발생되고 있을 때 작업장의 음압수준은? 50. 일반적인 화학설비에 대한 안정성 평가(safety assessment)",
      "options": [
        "약 81.3dB ② 약 85.5dB 절차에 있어 안전대책 단계에 해당되지 않는 것은?",
        "약 87.5dB ④ 약 90.3dB ① 보전 ② 위험도 평가",
        "설비적 대책 ④ 관리적 대책"
      ],
      "answer": null,
      "explanation": ""
    },
    {
      "no": 46,
      "question": "인간공학 연구방법 중 실제의 제품이나 시스템이 추구하는\n[해설작성자 : 자유문화]\n특성 및 수준이 달성 되는지를 비교하고 분석하는 연구는?",
      "options": [
        "조사연구 ② 실험연구 51. 인간-기계시스템 설계과정 중 직무분석을 하는 단계는?",
        "분석연구 ④ 평가연구 ① 제1단계: 시스템의 목표와 성능명세 결정",
        "제2단계: 시스템의 정의",
        "제3단계: 기본 설계",
        "제4단계: 인터페이스 설계"
      ],
      "answer": null,
      "explanation": ""
    },
    {
      "no": 1,
      "question": "기능할당",
      "options": [],
      "answer": null,
      "explanation": ""
    },
    {
      "no": 47,
      "question": "위험분석기법 중 고장이 시스템의 손실과 인명의 사상에 연",
      "options": [],
      "answer": null,
      "explanation": ""
    },
    {
      "no": 2,
      "question": "인간성능요건 녕세\n결되는 높은 위험도를 가진 요소나 고장의 형태에 따른 분",
      "options": [],
      "answer": null,
      "explanation": ""
    },
    {
      "no": 3,
      "question": "직무분석\n석법은?",
      "options": [],
      "answer": null,
      "explanation": ""
    },
    {
      "no": 4,
      "question": "작업설계",
      "options": [
        "CA ② ETA",
        "FHA ④ FTA",
        "0.948 ② 1.948",
        "4.74 ④ 5.74"
      ],
      "answer": null,
      "explanation": ""
    },
    {
      "no": 48,
      "question": "실효 온도(effective temperature)에 영향을 주는 요인이 아\n[해설작성자 : 몰라]\n닌 것은?",
      "options": [
        "온도 ② 습도 53. 시스템 수명주기에 있어서 예비위험분석(PHA)이 이루어지는",
        "복사열 ④ 공기 유동 단계에 해당하는 것은?",
        "구상단계 ② 점검단계",
        "운전단계 ④ 생산단계"
      ],
      "answer": null,
      "explanation": ""
    },
    {
      "no": 49,
      "question": "의도는 올바른 것이었지만, 행동이 의도한 것과는 다르게\n[해설작성자 : 입닫아말포이]\n나타나는 오류는?\n기출문제 해설은 최강 자격증 기출문제 전자문제집 CBT : www.comcbt.com 통해서 실시간으로 변경됩니다.\n본 해설집은 최강 자격증 기출문제 전자문제집 CBT 해설달기 프로젝트에 의해서 만들어진 자료입니다. 해설을 제공해 주신 모든 분들께 감사 드립니다.\n건설안전기사 ◐ 2021년 05월 15일 필기 기출문제 및 해설집◑ 전자문제집 CBT :www.comcbt.com\n이 곡선에서 좌측의 고장률이 감소하는 부분(DFR)을 초기고장기",
      "options": [],
      "answer": null,
      "explanation": ""
    },
    {
      "no": 54,
      "question": "어떤 설비의 시간당 고장률이 일정하다고 할 때 이 설비의\n간이라 하고, 중간의 고장률이 비교적 낮고 일정한 부분(CFR)을\n고장간격은 다음 중 어떤 확률분포를 따르는가?\n우발고장기간이라 한다..그리고 고장률이 증가하는 우측 부분",
      "options": [
        "t분포 ② 와이블분포",
        "지수분포 ④ 아이링(Eyring)분포",
        "사후 보전 ② 개량 보전",
        "일상 보전 ④ 보전 예방"
      ],
      "answer": null,
      "explanation": ""
    },
    {
      "no": 55,
      "question": "정보를 전송하기 위해 청각적 표시장치보다 시각적 표시장\n[해설작성자 : 미스터신]\n치를 사용하는 것이 더 효과적인 경우는?",
      "options": [
        "정보의 내용이 간단한 경우 58. 두 가지 상태 중 하나가 고장 또는 결함으로 나타나는 비정",
        "정보가 후에 재참조되는 경우 상적인 사건은?",
        "정보가 즉각적인 행동을 요구하는 경우 ① 톱사상 ② 결함사상",
        "정보의 내용이 시간적인 사건을 다루는 경우 ③ 정상적인 사상 ④ 기본적인 사상"
      ],
      "answer": null,
      "explanation": ""
    },
    {
      "no": 59,
      "question": "동작경제의 원칙과 가장 거리가 먼 것은?\n[해설작성자 : 쏴라있네]",
      "options": [
        "급작스런 방향의 전환은 피하도록 할 것",
        "가능한 관성을 이용하여 작업하도록 할 것",
        "두 손의 동작은 같이 시작하고 같이 끝나도록 할 것",
        "두 팔의 동작은 동시에 같은 방향으로 움직일 것"
      ],
      "answer": null,
      "explanation": ""
    },
    {
      "no": 60,
      "question": "음량수준을 평가하는 척도와 관계없는 것은?",
      "options": [
        "dB ② HSI"
      ],
      "answer": null,
      "explanation": ""
    },
    {
      "no": 56,
      "question": "욕조곡선에서의 고장 형태에서 일정한 형태의 고장률이 나\n③ phon ④ sone\n타나는 구간은?\n<문제 해설>",
      "options": [
        "phon ④ sone",
        "초기 고장구간 ② 마모 고장구간"
      ],
      "answer": null,
      "explanation": ""
    },
    {
      "no": 1,
      "question": "dB : 소리의 상대적인 크기를 나타내는 단위, 10분의 1을 의\n③ 피로 고장구간 ④ 우발 고장구간\n미하는 deci와 전화기를 발명한 그레이엄 벨Bell의 이름에서 딴\n<문제 해설>\n것\n고장률 곡선(욕조곡선, bath tube curve)",
      "options": [
        "피로 고장구간 ④ 우발 고장구간"
      ],
      "answer": null,
      "explanation": ""
    },
    {
      "no": 2,
      "question": "phon : 음의 강도를 나타내는 단위, 1phon은 1kHz의 음압레\n: 다양한 부품으로 구성된 제품의 시간의 고장률은 하나의 곡선\n벨이 1dBSPL일때의 값\n으로 나타낼 수 있으며 이 모양이 서양식 욕조모양을 형성한다",
      "options": [],
      "answer": null,
      "explanation": ""
    },
    {
      "no": 3,
      "question": "sone : 음의 감각적인 크기를 나타내는 척도, 주파수가\n고 하여 욕조곡선이라고도 한다.\n1000Hz로 음압레벨이 40dB세기의 음과 감각적으로 같은 크기\n기출문제 해설은 최강 자격증 기출문제 전자문제집 CBT : www.comcbt.com 통해서 실시간으로 변경됩니다.\n본 해설집은 최강 자격증 기출문제 전자문제집 CBT 해설달기 프로젝트에 의해서 만들어진 자료입니다. 해설을 제공해 주신 모든 분들께 감사 드립니다.\n건설안전기사 ◐ 2021년 05월 15일 필기 기출문제 및 해설집◑ 전자문제집 CBT :www.comcbt.com\n로 들리는 음을 1sone이라고 한다.. ③ 설치와 탈형을 위하여 대형 양중장비가 필요하다.\n[해설작성자 : 카시오페이아] ④ 두꺼운 벽체를 구축하기에는 적합하지 않다.\n<문제 해설>\n갱폼 : 외벽\n4과목 : 건설시공학\n[해설작성자 : 찌니리]",
      "options": [
        "설치와 탈형을 위하여 대형 양중장비가 필요하다.",
        "두꺼운 벽체를 구축하기에는 적합하지 않다."
      ],
      "answer": null,
      "explanation": ""
    },
    {
      "no": 61,
      "question": "용접작업 시 주의사항으로 옳지 않은 것은?",
      "options": [
        "용접할 소재는 수축변형이 일어나지 않으므로 치수에 여 65. 철근콘크리트 공사 중 거푸집 해체를 위한 검사가 아닌 것",
        "용접할 모재의 표면에 녹ㆍ유분 등이 있으면 접합부에 ① 각종 배관슬리브, 매설물, 인서트, 단열재 등 부착 여부",
        "수직, 수평부재의 존치기간 준수 여부",
        "소요의 강도 확보 이전에 지주의 교환 여부",
        "강우 및 강설 등으로 모재의 표면이 젖어 있을 때나 심 ④ 거푸집 해체용 콘크리트 압축강도 확인시험 실시 여부",
        "용접봉을 교환하거나 다층용접일 때는 슬래그와 스패터 ㅇ거푸집 해체를 위한 검사"
      ],
      "answer": null,
      "explanation": ""
    },
    {
      "no": 62,
      "question": "철근콘크리트 구조물(5~6층)을 대상으로 한 벽, 지하외벽의\n[해설작성자 : 유킴스]\n철근 고임재 및 간격재의 배치표준으로 옳은 것은?",
      "options": [
        "상단은 보 밑에서 0.5m 66. 강재 중 SN 355 B에 관한 설명으로 옳지 않은 것은?",
        "중단은 상단에서 2.0m 이내 ① 건축 구조물에 사용된다.",
        "횡간격은 0.5m ② 냉간 압연 강재 이다.",
        "단부는 2.0m 이내 ③ 강재의 두께가 6mm 이상 40mm 이하일 때 최소 항복강"
      ],
      "answer": null,
      "explanation": ""
    },
    {
      "no": 1,
      "question": "상단은 보 밑에서 0.5m ④ 용접성에 있어 중간 정도의 품질을 갖고 있다.",
      "options": [
        "용접성에 있어 중간 정도의 품질을 갖고 있다."
      ],
      "answer": null,
      "explanation": ""
    },
    {
      "no": 2,
      "question": "중단은 상단에서 1.5m 이내 <문제 해설>",
      "options": [],
      "answer": null,
      "explanation": ""
    },
    {
      "no": 3,
      "question": "횡간격은 1.5m SN은 내진 건축구조용 압연 강재를 의미합니다.",
      "options": [],
      "answer": null,
      "explanation": ""
    },
    {
      "no": 4,
      "question": "단부는 1.5m 이내 열간 압연 강재는 SMA입니다\n[해설작성자 : 찌니리] [해설작성자 : 짐탱]",
      "options": [],
      "answer": null,
      "explanation": ""
    },
    {
      "no": 63,
      "question": "벽식 철근콘크리트 구조를 시공할 경우, 벽과 바닥의 콘크 67. 말뚝재하시험의 주요목적과 거리가 먼 것은?\n리트 타설을 한번에 가능하게 하기 위하여 벽체용 거푸집과",
      "options": [
        "말뚝길이의 결정",
        "말뚝 관입량 결정",
        "지하수위 추정",
        "유로폼 ② 클라이밍폼 ④ 지지력 추정",
        "슬립폼 ④ 터널폼 <문제 해설>"
      ],
      "answer": null,
      "explanation": ""
    },
    {
      "no": 1,
      "question": "유로폼 말뚝재해시험 주요목적: 말뚝길이, 관입량, 지지력",
      "options": [],
      "answer": null,
      "explanation": ""
    },
    {
      "no": 2,
      "question": "클라이밍폼 : 벽체 [해설작성자 : 짐탱]",
      "options": [],
      "answer": null,
      "explanation": ""
    },
    {
      "no": 3,
      "question": "슬립폼",
      "options": [],
      "answer": null,
      "explanation": ""
    },
    {
      "no": 68,
      "question": "조적식구조에서 조적식구조인 내력벽으로 둘러쌓인 부분의",
      "options": [],
      "answer": null,
      "explanation": ""
    },
    {
      "no": 4,
      "question": "터널폼 : 벽체+바닥\n최대 바닥면적은 얼마인가?",
      "options": [
        "60m2 ② 80m2",
        "100m2 ④ 120m2"
      ],
      "answer": null,
      "explanation": ""
    },
    {
      "no": 64,
      "question": "갱 폼(Gang Form)에 관한 설명으로 옳지 않은 것은? 린 구조",
      "options": [
        "대형화 패널 자체에 버팀대와 작업대를 부착하여 유니트 연직력은 비교저 잘 견뎌주나 횡력(횡하중=지진하중 및 풍하",
        "수직, 수평 분할 타설 공법을 활용하여 전용도를 높인다. [해설작성자 : 찌니리]"
      ],
      "answer": null,
      "explanation": ""
    },
    {
      "no": 69,
      "question": "철골세우기용 기계설비가 아닌 것은?\n액성한계(Liquid Limit)",
      "options": [
        "가이데릭 ② 스티프레그데릭",
        "진폴 ④ 드래그라인"
      ],
      "answer": null,
      "explanation": ""
    },
    {
      "no": 70,
      "question": "철근의 피복두께 확보 목적과 가장 거리가 먼 것은?",
      "options": [
        "내화성 확보 ② 내구성 확보"
      ],
      "answer": null,
      "explanation": ""
    },
    {
      "no": 74,
      "question": "다음 네트워크 공정표에서 주공전선에 의한 총 소요공기(일\n③ 구조내력의 확보 ④ 블리딩 현상 방지\n수)로 옳은 것은? (단, 결함점간 사이의 숫자는 작업일수임)\n<문제 해설>\n블리딩현상: 물-결합재비가 높으면 물이올라오는 현상\n즉 재료분리의 일종으로 시멘트와 반응하고 나서 ,남는 물이 올\n라오는 현상\n[해설작성자 : comcbt.com 이용자]",
      "options": [
        "구조내력의 확보 ④ 블리딩 현상 방지"
      ],
      "answer": null,
      "explanation": ""
    },
    {
      "no": 71,
      "question": "유동화 콘크리트를 제조할 때 유동화제를 첨가하기 전 기본\n배합 콘크리트인 베이스 콘크리트의 슬럼프 기준은? (단, 보\n통콘크리트의 경우)",
      "options": [
        "150mm 이하 ② 180mm 이하",
        "17일 ② 19일",
        "210mm 이하 ④ 240mm 이하",
        "20일 ④ 22일"
      ],
      "answer": null,
      "explanation": ""
    },
    {
      "no": 75,
      "question": "조적 벽면에서의 백화방지에 대한 조치로서 옳지 않은 것",
      "options": [],
      "answer": null,
      "explanation": ""
    },
    {
      "no": 72,
      "question": "분할도급 발주 방식 중 지하철공사, 고속도로공사 및 대규\n은?\n모 아파트단지 등의 공사에 채용하면 가장 효과적인 것은?",
      "options": [
        "소성이 잘 된 벽돌을 사용한다.",
        "직종별 공종별 분할도급",
        "줄눈으로 비가 새어들지 않도록 방수처리한다.",
        "공정별 분할도급",
        "줄눈모르타르에 석회를 혼합한다.",
        "공구별 분할도급",
        "벽돌벽의 상부에 비막이를 설치한다.",
        "전문공종별 분할도급",
        "온통기초: 기둥 1개에 기초판이 1개인 기초",
        "복합기초: 2개 이상의 기둥을 1개의 기초판으로 받치게"
      ],
      "answer": null,
      "explanation": ""
    },
    {
      "no": 73,
      "question": "흙이 소성 상태에서 반고체 상태로 바뀔 때의 함수비를 의\n③ 독립기초: 조직조의 벽을 지지하는 하부 기초\n미하는 용어는?\n④ 연속기초: 건물 하부 전체 또는 지하실 전체를 기초판으",
      "options": [
        "독립기초: 조직조의 벽을 지지하는 하부 기초",
        "연속기초: 건물 하부 전체 또는 지하실 전체를 기초판으",
        "예민비 ② 액성한계",
        "소성한계 ④ 소성지수"
      ],
      "answer": null,
      "explanation": ""
    },
    {
      "no": 1,
      "question": "기둥 1개에 기초판이 1개인 기초 → 독립기초\n소성한계시험- 흙속에 수분이 거의 없고 바삭바삭한 상태의 정",
      "options": [],
      "answer": null,
      "explanation": ""
    },
    {
      "no": 3,
      "question": "조직조의 벽을 지지하는 하부 기초 → 연속기초\n도를 알아보기 위한 시험",
      "options": [],
      "answer": null,
      "explanation": ""
    },
    {
      "no": 4,
      "question": "건물 하부 전체 또는 지하실 전체를 기초판으로 구성한 기초\n[해설작성자 : 한달남았다]\n→ 온통기초\n[해설작성자 : 찌니리]\n애터버그의 한계\n'(고체상태) 수축한계 (반고체상태) 소성한계 (소성상태) 액성한 77. 지반개량공법 중 배수공법이 아닌 것은?\n기출문제 해설은 최강 자격증 기출문제 전자문제집 CBT : www.comcbt.com 통해서 실시간으로 변경됩니다.\n본 해설집은 최강 자격증 기출문제 전자문제집 CBT 해설달기 프로젝트에 의해서 만들어진 자료입니다. 해설을 제공해 주신 모든 분들께 감사 드립니다.\n건설안전기사 ◐ 2021년 05월 15일 필기 기출문제 및 해설집◑ 전자문제집 CBT :www.comcbt.com",
      "options": [
        "집수정공법 ② 동결공법 <문제 해설>",
        "웰 포인트 공법 ④ 깊은 우물 공법 2. 납은 비중이 아주 높고, 융점이 낮아 가공이 쉽다"
      ],
      "answer": null,
      "explanation": ""
    },
    {
      "no": 82,
      "question": "목재의 함수율과 섬유포화점에 관한 설명으로 옳지 않은 것\n출을 방지하는 굴착법\n은?\n[해설작성자 : uiuiui]",
      "options": [
        "섬유포화점은 세포 사이의 수분은 건조되고, 섬유에만"
      ],
      "answer": null,
      "explanation": ""
    },
    {
      "no": 78,
      "question": "발주자가 직접 설계와 시공에 참여하고 프로젝트 관련자들 수분이 존재하는 상태를 말한다.\n이 상호 신뢰를 바탕으로 Team을 구성해서 프로젝트의 성 ② 벌목 직후 함수율이 섬유포화점까지 감소하는 동안 강도\n공과 상호이익 확보를 공동 목표로 하여 프로젝트를 추진하 또한 서서히 감소한다.\n는 공사수행 방식은? ③ 전건상태에 이르면 강도는 섬유포화점 상태에 비해 3배",
      "options": [
        "벌목 직후 함수율이 섬유포화점까지 감소하는 동안 강도",
        "전건상태에 이르면 강도는 섬유포화점 상태에 비해 3배",
        "PM 방식(Project Management) 로 증가한다.",
        "파트너링 방식(Partnering) ④ 섬유포화점 이하에서는 함수율의 감소에 따라 인성이 감",
        "CM 방식(Construction Management) 소한다.",
        "BOT 방식(Build Operate Transfer) <문제 해설>"
      ],
      "answer": null,
      "explanation": ""
    },
    {
      "no": 79,
      "question": "지하 연속벽 공법(slurry wall)에 관한 설명으로 옳지 않은\n것은? 83. 재료의 단단한 정도를 나타내는 용어는?",
      "options": [
        "저진동, 저소음의 공법이다. ① 연성 ② 인성",
        "강성이 높은 지하구조체를 만든다. ③ 취성 ④ 경도",
        "타 공법에 비하여 공기, 공사비 면에서 불리한 편이다. <문제 해설>",
        "인접 구조물에 근접하도록 시공이 불가하여 대지이용의 연성 : 늘어나는 성질"
      ],
      "answer": null,
      "explanation": ""
    },
    {
      "no": 4,
      "question": "인접 구조물에 근접하도록 시공이 가능하여 대지이용의 효율 [해설작성자 : 내일모래 시험]\n성이 높다.",
      "options": [],
      "answer": null,
      "explanation": ""
    },
    {
      "no": 84,
      "question": "콘크리트용 골재 중 깬자갈에 관한 설명으로 옳지 않은 것\n[해설작성자 : 찌니리]\n은?",
      "options": [],
      "answer": null,
      "explanation": ""
    },
    {
      "no": 80,
      "question": "공사용 표준시방서에 기재하는 사항으로 거리가 먼 것은?",
      "options": [
        "깬자갈의 원석은 안산암ㆍ화강암 등이 많이 사용된다.",
        "재료의 종류, 품질 및 사용처에 관한 사항 ② 깬자갈을 사용한 콘크리트는 동일한 워커빌리티의 보통",
        "검사 및 시험에 관한 사항 자갈을 사용한 콘크리트보다 단위수량이 일반적으로 약",
        "공정에 따른 공사비 사용에 관한 사항 10%정도 많이 요구된다.",
        "보양 및 시공 상 주의사항 ③ 깬자갈을 사용한 콘크리트는 강자갈을 사용한 콘크리트",
        "콘크리트용 굵은 골재로 깬자갈을 사용할 때는 한국산업"
      ],
      "answer": null,
      "explanation": ""
    },
    {
      "no": 3,
      "question": "깬자갈을 사용한 콘크리트는 강자갈을 사용한 콘크리트 보다\n5과목 : 건설재료학\n시멘트 페이스트와의 부착성능이 매우 높다..",
      "options": [],
      "answer": null,
      "explanation": ""
    },
    {
      "no": 81,
      "question": "각종 금속에 관한 설명으로 옳지 않은 것은?\n[해설작성자 : 찌니리]",
      "options": [
        "동은 건조한 공기중에서는 산화하지 않으나, 습기가 있",
        "납은 비중이 비교적 작고 융점이 높아 가공이 어렵다.",
        "알루미늄은 비중이 철의 1/3정도로 경량이며 열ㆍ전기전",
        "청동은 구리와 주석을 주체로 한 합금으로 건축장식부품 85. 일종의 못박기총을 사용하여 콘크리트나 강재 등에 박는 특",
        "드라이브핀 ② 인서트 ① 9.80MPa 이상 ② 14.70MPa 이상",
        "익스팬션볼트 ④ 듀벨 ③ 20.59MPa 이상 ④ 24.50MPa 이상"
      ],
      "answer": null,
      "explanation": ""
    },
    {
      "no": 86,
      "question": "다음 중 건축용 단열재와 거리가 먼 것은?",
      "options": [
        "유리면(glass wool) ② 암면(rock wool) 91. 안료가 들어가지 않는 도료로서 목재면의 투명도장에 쓰이",
        "테라코타 ④ 펄라이트판 며, 내후성이 좋지 않아 외부에 사용하기에는 적당하지 않",
        "수성페인트 ② 클리어래커",
        "래커에나멜 ④ 유성에나멜"
      ],
      "answer": null,
      "explanation": ""
    },
    {
      "no": 87,
      "question": "석고보드에 관한 설명으로 옳지 않은 것은?\n- 주원료는 질산섬유소 수지, 휘발성 용제이다",
      "options": [
        "부식이 잘되고 충해를 받기 쉽다.",
        "단열성, 차음성이 우수하다.",
        "시공이 용이하여 천장, 칸막이 등에 주로 사용된다.",
        "내수성, 탄력성이 부족하다."
      ],
      "answer": null,
      "explanation": ""
    },
    {
      "no": 1,
      "question": "부식이 안되고 충해를 받지 않는다\n2) 목재면의 무늬를 살기기 위한 도장 재료로 적당하다\n[해설작성자 : 찌니리]\n3) 속건성, 스프레이사용\n[해설작성자 : 까치]",
      "options": [],
      "answer": null,
      "explanation": ""
    },
    {
      "no": 88,
      "question": "주로 석기질 점토나 상당히 철분이 많은 점토를 원료로 사\n용하며, 건축물의 패러핏, 주두 등의 장식에 사용되는 공동",
      "options": [],
      "answer": null,
      "explanation": ""
    },
    {
      "no": 92,
      "question": "중량 5kg인 목재를 건조시켜 전건중량이 4kg이 되었다. 건\n의 대형 점토제품은?\n조 전 목재의 함수율은 몇 %인가?",
      "options": [
        "테라죠 ② 도관",
        "20% ② 25%",
        "타일 ④ 테라코타",
        "30% ④ 40%"
      ],
      "answer": null,
      "explanation": ""
    },
    {
      "no": 89,
      "question": "경량 기포콘크리트(autoclaved lightweight concrete)에 관\n함수율=((습윤상태 중량 - 절대건조상태중량)/절대건조상태중량)\n한 설명으로 옳지 않은 것은?\n* 100",
      "options": [
        "보통콘크리트에 비하여 탄산화의 우려가 낮다.",
        "열전도율은 보통콘크리트의 약 1/10 정도로 단열성이 우"
      ],
      "answer": null,
      "explanation": ""
    },
    {
      "no": 93,
      "question": "미장재료에 관한 설명으로 옳은 것은?\n③ 현장에서 취급이 편리하고 절단 및 가공이 용이하다.",
      "options": [
        "현장에서 취급이 편리하고 절단 및 가공이 용이하다.",
        "보강재는 결합재의 고체화에 직접 관계하는 것으로 여",
        "다공질이므로 흡수성이 높은 편이다.",
        "수경성 미장재료에는 돌로마이트 플라스터, 소석회가 있"
      ],
      "answer": null,
      "explanation": ""
    },
    {
      "no": 1,
      "question": "보통콘크리트에 비하여 탄산화의 우려가 높다\n다.\n[해설작성자 : 찌니리]\n③ 소석회는 돌로마이트 플라스터에 비해 점성이 높고, 작\n업성이 좋다.\n탄산화란 굳은 콘크리트와 공기중의 탄산가스가 반응 하면서 알\n④ 회반죽에 석고를 약간 혼합하면 수축균열을 방지할 수\n칼리성을 잃게되는 현상으로 부식하는것을 말함\n있는 효과가 있다.\n[해설작성자 : 까치]\n<문제 해설>\n회반죽 = 소석회 + 여물 + 모래 + 해초풀 등을 넣어 반죽한 것",
      "options": [
        "소석회는 돌로마이트 플라스터에 비해 점성이 높고, 작",
        "회반죽에 석고를 약간 혼합하면 수축균열을 방지할 수"
      ],
      "answer": null,
      "explanation": ""
    },
    {
      "no": 90,
      "question": "KS L 4201에 따른 1종 점토벽돌의 압축강도는 최소 얼마\n석고를 혼합하면 건조수축, 균열을 방지하고, 재료의 점성을 증\n이상이어야 하는가?\n기출문제 해설은 최강 자격증 기출문제 전자문제집 CBT : www.comcbt.com 통해서 실시간으로 변경됩니다.\n본 해설집은 최강 자격증 기출문제 전자문제집 CBT 해설달기 프로젝트에 의해서 만들어진 자료입니다. 해설을 제공해 주신 모든 분들께 감사 드립니다.\n건설안전기사 ◐ 2021년 05월 15일 필기 기출문제 및 해설집◑ 전자문제집 CBT :www.comcbt.com\n진시켜 부착성을 갖게해 처지거나 떨어짐을 방지함 <문제 해설>\n돌로마이트, 플라스터 소석회: 기경성 규산분을 함유한 석재는 내산성이 강하고 산을 접하는 바닥용도\n[해설작성자 : 짐탱] 로 사용함\n[해설작성자 : comcbt.com 이용자]\n여물, 풀, 수염등은 고결재의 결점보완하는 결합재입니다",
      "options": [],
      "answer": null,
      "explanation": ""
    },
    {
      "no": 97,
      "question": "수화열의 감소와 황산염 저항성을 높이려면 시멘트에 다음\n[해설작성자 : 쏭실장]\n중 어느 화합물을 감소시켜야 하는가?",
      "options": [
        "규산 3칼슘",
        "알루민산 철4칼슘",
        "규산 2칼슘",
        "알루민산 3칼슘"
      ],
      "answer": null,
      "explanation": ""
    },
    {
      "no": 94,
      "question": "아스팔트 침입도 시험에 있어서 아스팔트의 온도는 몇 ℃를 <문제 해설>\n기준으로 하는가?",
      "options": [
        "C A(알루민산3석회)：수화작용이 가장 빠르다.(3~7일 초기강",
        "15℃ ② 25℃ 도에 영향) 공기 중 수축이 크고, 수중 팽창도 크다..수화발열량",
        "35℃ ④ 45℃ 이 가장 크다.",
        "C S(규산3석회)：수화작용이 빠르다.(장, 단기강도에 영향)",
        "C S(규산2석회)：수화작용이 늦다.(장기강도에 공헌) 공기 중",
        "수화작용이 빠른 순서(발열량이 크다) : C A＞C S＞C AF＞"
      ],
      "answer": null,
      "explanation": ""
    },
    {
      "no": 98,
      "question": "유리가 불화수소에 부식하는 성질을 이용하여 5mm이상 판",
      "options": [],
      "answer": null,
      "explanation": ""
    },
    {
      "no": 95,
      "question": "실적률이 큰 골재로 이루어진 콘크리트의 특성이 아닌 것 유리면에 그림, 문자 등을 새긴 유리는?\n은?",
      "options": [
        "스테인드유리 ② 망입유리",
        "시멘트 페이스트의 양이 커져 콘크리트 제조 시 경제성 ③ 에칭유리 ④ 내열유리",
        "내구성이 증대된다. 에칭유리",
        "투수성, 흡습성의 감소를 기대할 수 있다. - 유리면에 부식액의 방호 막을 붙이고 그막을 모양에맞게 오려",
        "건조수축 및 수화열이 감소된다. 낸뒤 유리부식액등을 발라 필요한 모양을 만든유리"
      ],
      "answer": null,
      "explanation": ""
    },
    {
      "no": 99,
      "question": "아스팔트 방수시공을 할 때 바탕재와의 밀착용으로 사용하\n[해설작성자 : 카알]\n는 것은?",
      "options": [
        "아스팔트 컴파운드 ② 아스팔트 모르타르",
        "아스팔트 프라이머 ④ 아스팔트 루핑"
      ],
      "answer": null,
      "explanation": ""
    },
    {
      "no": 96,
      "question": "석재의 화학적 성질에 관한 설명으로 옳지 않은 것은? 라운 아스팔트를 피복시키고, 표면에 운모나 활석,점토등의 분말",
      "options": [
        "규산분을 많이 함유한 석재는 내산성이 약하므로 산을 을 산포하여 만든것",
        "대리석, 사문암 등은 내장재로 사용하는 것이 바람직하"
      ],
      "answer": null,
      "explanation": ""
    },
    {
      "no": 100,
      "question": "인조석 갈기 및 테라조 현장갈기 등에 사용되는 구획용 철\n다.\n물의 명칭은?\n③ 조암광물 중 장석, 방해석 등은 산류의 침식을 쉽게 받",
      "options": [
        "조암광물 중 장석, 방해석 등은 산류의 침식을 쉽게 받",
        "인서트(insert)",
        "앵커볼트(anchor bolt)",
        "산류를 취급하는 곳의 바닥재는 황철광, 갈철광 등을 포",
        "펀칭메탈(punching metal)",
        "줄눈대(metallic joiner)"
      ],
      "answer": null,
      "explanation": ""
    },
    {
      "no": 104,
      "question": "터널 지보공을 조립하는 경우에는 미리 그 구조를 검토한\n6과목 : 건설안전기술\n후 조립도를 작성하고, 그 조립도에 따라 조립하도록 하여",
      "options": [],
      "answer": null,
      "explanation": ""
    },
    {
      "no": 101,
      "question": "굴착공사에 있어서 비탈면붕괴를 방지하기 위하여 실시하 야 하는데 이 조립도에 명시하여야할 사항과 가장 거리가\n는 대책으로 옳지 않은 것은? 먼 것은?",
      "options": [
        "지표수의 침투를 막기 위해 표면배수공을 한다. ① 이음방법 ② 단면규격",
        "지수위를 내리기 위해 수평배수공을 설치한다. ③ 재료의 재질 ④ 재료의 구입처",
        "비탈면 하단을 성토한다. <문제 해설>",
        "비탈면 상부에 토사를 적재한다. 조립도 명시사항 (터널 지보공의 경우)"
      ],
      "answer": null,
      "explanation": ""
    },
    {
      "no": 105,
      "question": "산업안전보건법령에 따른 양중기의 종류에 해당하지 않는\n커지겠죠?\n것은?\n[해설작성자 : 내가왜]",
      "options": [
        "고소작업차 ② 이동식 크레인"
      ],
      "answer": null,
      "explanation": ""
    },
    {
      "no": 102,
      "question": "다음은 산업안전보건법령에 따른 시스템 비계의 구조에 관 ③ 승강기 ④ 리프트(Lift)\n한 사항이다. ( )안에 들어갈 내용으로 옳은 것은? <문제 해설>\n양중기의 종류",
      "options": [
        "승강기 ④ 리프트(Lift)"
      ],
      "answer": null,
      "explanation": ""
    },
    {
      "no": 1,
      "question": "크레인(호이스트포함)",
      "options": [],
      "answer": null,
      "explanation": ""
    },
    {
      "no": 2,
      "question": "이동식 크레인",
      "options": [],
      "answer": null,
      "explanation": ""
    },
    {
      "no": 3,
      "question": "리프트",
      "options": [],
      "answer": null,
      "explanation": ""
    },
    {
      "no": 4,
      "question": "곤돌라",
      "options": [
        "2분의 1 ② 3분의 1 5. 승강기",
        "4분의 1 ④ 5분의 1 [해설작성자 : 곰탱이]"
      ],
      "answer": null,
      "explanation": ""
    },
    {
      "no": 1,
      "question": "수직재,수평재,가새재를 견고하게 연결하는 구조가 되도록 할 에는 미끄러지지 아니하는 구조로 하여야 하는가?\n것.",
      "options": [
        "15도 ② 20도"
      ],
      "answer": null,
      "explanation": ""
    },
    {
      "no": 2,
      "question": "비계 밑단의 수직재 와 받침철물은 밀착되도록 설치하고, 수 ③ 30도 ④ 40도\n직재와 받침철물의 연결부의 겹침길이는 받침철물 전체길이의 3 <문제 해설>\n분의1 이상이 되도록 할 것. ○ 가설경사로 설치 기준",
      "options": [
        "30도 ④ 40도"
      ],
      "answer": null,
      "explanation": ""
    },
    {
      "no": 3,
      "question": "수평재는 수직재와 직각으로 설치하여야 하며, 체결 후 흔들 -. 경사 30도 이하로 설치\n림이 없도록 견고하게 설치할 것. -. 경사가 15도를 초과하는 경우에는 미끄럼 방지조치 실시",
      "options": [],
      "answer": null,
      "explanation": ""
    },
    {
      "no": 4,
      "question": "수직재와 수직재의 연결철물은 이탈되지 않도록 견고한 구조 [해설작성자 : Pepsi]\n로 할 것.",
      "options": [],
      "answer": null,
      "explanation": ""
    },
    {
      "no": 107,
      "question": "부두ㆍ안벽 등 하역작업을 하는 장소에서 부두 또는 안벽",
      "options": [],
      "answer": null,
      "explanation": ""
    },
    {
      "no": 5,
      "question": "벽 연결재의 설치간격은 제조사가 정한 기준에 따라 설치할\n의 선을 따라 통로를 설치하는 경우에는 폭을 최소 얼마\n것.\n이상으로 하여야 하는가?\n[해설작성자 : 이번엔 붙어보자]",
      "options": [
        "85cm ② 90cm"
      ],
      "answer": null,
      "explanation": ""
    },
    {
      "no": 103,
      "question": "콘크리트 타설 시 안전수칙으로 옳지 않은 것은? ③ 100cm ④ 120cm",
      "options": [
        "100cm ④ 120cm",
        "타설순서는 계획에 의하여 실시하여야 한다. <문제 해설>",
        "진동기는 최대한 많이 사용하여야 한다. 부두 또는 안벽의 선을 따라 통로를 설치하는 경우에는 폭을",
        "콘크리트를 치는 도중에는 거푸집, 지보공 등의 이상유 90cm 이상으로 하여야 한다.",
        "손수레로 콘크리트를 운반할 때에는 손수레를 타설하는"
      ],
      "answer": null,
      "explanation": ""
    },
    {
      "no": 108,
      "question": "흙막이 가시설 공사 중 발생할 수 있는 보일링(Boiling) 현\n위치까지 천천히 운반하여 거푸집에 충격을 주지 아니하\n상에 관한 설명으로 옳지 않은 것은?\n기출문제 해설은 최강 자격증 기출문제 전자문제집 CBT : www.comcbt.com 통해서 실시간으로 변경됩니다.\n본 해설집은 최강 자격증 기출문제 전자문제집 CBT 해설달기 프로젝트에 의해서 만들어진 자료입니다. 해설을 제공해 주신 모든 분들께 감사 드립니다.\n건설안전기사 ◐ 2021년 05월 15일 필기 기출문제 및 해설집◑ 전자문제집 CBT :www.comcbt.com",
      "options": [
        "이 현상이 발생하면 흙막이 벽의 지지력이 상실된다. [해설작성자 : 오늘시험 까치울다]",
        "지하수위가 높은 지반을 굴착할 때 주로 발생한다."
      ],
      "answer": null,
      "explanation": ""
    },
    {
      "no": 111,
      "question": "건설공사도급인은 건설공사 중에 가설구조물의 붕괴 등 산\n③ 흙막이벽의 근입장 깊이가 부족할 경우 발생한다.\n업재해가 발생할 위험이 있다고 판단되면 건축ㆍ토목 분야\n④ 연약한 점토지반에서 굴착면의 융기로 발생한다.\n의 전문가의 의견을 들어 건설공사 발주자에게 해당 건설\n<문제 해설>\n공사의 설계변경을 요청할 수 있는데, 이러한 가설구조물\n연약한 점토지반 → 모래지반\n의 기준으로 옳지 않은 것은?\n[해설작성자 : comcbt.com 이용자]",
      "options": [
        "흙막이벽의 근입장 깊이가 부족할 경우 발생한다.",
        "연약한 점토지반에서 굴착면의 융기로 발생한다.",
        "높이 20m 이상인 비계",
        "작업발판 일체형 거푸집 또는 높이 6m 이상인 거푸집",
        "터널의 지보공 또는 높이 2m 이상인 흙막이 지보공",
        "동력을 이용하여 움직이는 가설구조물"
      ],
      "answer": null,
      "explanation": ""
    },
    {
      "no": 109,
      "question": "강관틀 비계를 조립하여 사용하는 경우 준수하여야 할 사 58조(설계변경 요청 대상 및 전문가의 범위) 제1항 1호내지 4호\n항으로 옳지 않은 것은? 1. 높이 31미터 이상인 비계",
      "options": [
        "비계기둥의 밑둥에는 밑받침 철물을 사용할 것 2. 작업발판 일체형 거푸집 또는 높이 6m 이상인 거푸집 동바",
        "높이가 20m를 초과하거나 중량물의 적재를 수반하는 작 리",
        "주틀 간에 교차 가새를 설치하고 최하층 및 3층 이내마 4. 동력을 이용하여 움직이는 가설구조물",
        "길이가 띠장 방향으로 4m 이하이고 높이가 10m를 초과"
      ],
      "answer": null,
      "explanation": ""
    },
    {
      "no": 112,
      "question": "거푸집동바리 등을 조립하는 경우에 준수해야 할 기준으로\n하는 경우에는 10m 이내마다 띠장 방향으로 버팀기둥을\n옳지 않은 것은?\n설치할 것",
      "options": [
        "동바리의 상하 고정 및 미끄러짐 방지조치를 하고, 하중",
        "강재와 강재의 접속부 및 교차부는 볼트ㆍ클램프 등 전",
        "파이프서포트를 제외한 동바리로 사용하는 강관은 높이",
        "동바리로 사용하는 파이프서포트는 4개이상 이어서 사용"
      ],
      "answer": null,
      "explanation": ""
    },
    {
      "no": 113,
      "question": "강관틀비계(높이 5m 이상)의 넘어짐을 방지하기 위하여 사\n● 길이가 띠장 방향으로 4m이하이고 높이가 10m를 초과하는\n용하는 벽이음 및 버팀의 설치간격 기준으로 옳은 것은?\n경우에는 10m 이내마다 띠장 방향으로 버팀기둥을 설치할 것",
      "options": [
        "수직방향 5m, 수평방향 5m",
        "수직방향 6m, 수평방향 7m",
        "수직방향 6m, 수평방향 8m"
      ],
      "answer": null,
      "explanation": ""
    },
    {
      "no": 110,
      "question": "장비가 위치한 지면보다 낮은 장소를 굴착하는 데 적합한\n④ 수직방향 7m, 수평방향 8m\n장비는?\n<문제 해설>",
      "options": [
        "수직방향 7m, 수평방향 8m",
        "트럭크레인 ② 파워셔블",
        "백호 ④ 진폴"
      ],
      "answer": null,
      "explanation": ""
    },
    {
      "no": 114,
      "question": "강관을 사용하여 비계를 구성하는 경우 준수해야할 사항으",
      "options": [
        "매월, 6개월 ② 매월, 1년",
        "2개월 마다, 6개월 ④ 2개월 마다, 1년",
        "비계기둥의 간격은 띠장 방향에서는 1.85m이하, 장선(長 <문제 해설>",
        "띠장 간격은 2.0m 이하로 할 것 제2항 참조",
        "비계기둥의 제일 윗부분으로부터 31m되는 지점 밑부분 ② 건설공사도급인은 법 제72조제3항에 따라 산업안전보건관리",
        "비계기둥 간의 적재하중은 400kg을 초과하지 않도록 할 고용노동부장관이 정하는 바에 따라 매월 사용명세서를 작성하"
      ],
      "answer": null,
      "explanation": ""
    },
    {
      "no": 118,
      "question": "건설현장에서 작업으로 인하여 물체가 떨어지거나 날아올\n위험이 있는 경우에 대한 안전조치에 해당하지 않는 것은?\n산업안전보건기준에 관한 규칙 제60조(강관비계의 구조) 참고",
      "options": [
        "수직보호망 설치 ② 방호선반 설치"
      ],
      "answer": null,
      "explanation": ""
    },
    {
      "no": 1,
      "question": "비계기둥의 간격은 띠장 방향에서는 1.85미터 이하, 장선(長\n③ 울타리설치 ④ 낙하물 방지망 설치\n線) 방향에서는 1.5미터 이하로 할 것\n<문제 해설>",
      "options": [
        "울타리설치 ④ 낙하물 방지망 설치"
      ],
      "answer": null,
      "explanation": ""
    },
    {
      "no": 2,
      "question": "띠장 간격은 2.0미터 이하로 할 것\n울타리설치 : 공통가설공사",
      "options": [],
      "answer": null,
      "explanation": ""
    },
    {
      "no": 3,
      "question": "비계기둥의 제일 윗부분으로부터 31미터되는 지점 밑부분의\n[해설작성자 : comcbt.com 이용자]\n비계기둥은 2개의 강관으로 묶어 세울 것",
      "options": [],
      "answer": null,
      "explanation": ""
    },
    {
      "no": 4,
      "question": "비계기둥 간의 적재하중은 400킬로그램을 초과하지 않도록\n울타리는 추락에 대한 안전조치 사항\n할 것\n[해설작성자 : ㅎㄷ]\n[해설작성자 : paintier]",
      "options": [],
      "answer": null,
      "explanation": ""
    },
    {
      "no": 119,
      "question": "산업안전보건법령에 따른 건설공사 중 다리 건설공사의 경",
      "options": [],
      "answer": null,
      "explanation": ""
    },
    {
      "no": 115,
      "question": "굴착과 싣기를 동시에 할 수 있는 토공기계가 아닌 것은?\n우 유해위험방지계획서를 제출하여야 하는 기준으로 옳은",
      "options": [
        "트랙터 셔블(tractor shovel)",
        "백호(back hoe)",
        "최대 지간길이가 40m 이상인 다리의 건설 등 공사",
        "파워 셔블(power shovel)",
        "최대 지간길이가 50m 이상인 다리의 건설 등 공사",
        "모터 그레이더(motor grader)",
        "최대 지간길이가 60m 이상인 다리의 건설 등 공사",
        "최대 지간길이가 70m 이상인 다리의 건설 등 공사"
      ],
      "answer": null,
      "explanation": ""
    },
    {
      "no": 116,
      "question": "지반의 굴착 작업에 있어서 비가 올 경우를 대비한 직접적 1. 다음 각 목의 어느 하나에 해당하는 건축물 또는 시설 등의\n인 대책으로 옳은 것은? 건설ㆍ개조 또는 해체(이하 “건설등”이라 한다) 공사",
      "options": [
        "측구 설치 가. 지상높이가 31미터 이상인 건축물 또는 인공구조물",
        "낙하물 방지망 설치 나. 연면적 3만제곱미터 이상인 건축물",
        "추락 방호망 설치 다..연면적 5천제곱미터 이상인 시설로서 다음의 어느 하나에 해",
        "매설물 등의 유무 또는 상태 확인 당하는 시설"
      ],
      "answer": null,
      "explanation": ""
    },
    {
      "no": 117,
      "question": "다음은 산업안전보건법령에 따른 산업안전보건관리비의 사\n4) 의료시설 중 종합병원\n용에 관한 규정이다. ( )안에 들어갈 내용을 순서대로 옳게\n5) 숙박시설 중 관광숙박시설\n작성한 것은?\n6) 지하도상가\n기출문제 해설은 최강 자격증 기출문제 전자문제집 CBT : www.comcbt.com 통해서 실시간으로 변경됩니다.\n본 해설집은 최강 자격증 기출문제 전자문제집 CBT 해설달기 프로젝트에 의해서 만들어진 자료입니다. 해설을 제공해 주신 모든 분들께 감사 드립니다.\n건설안전기사 ◐ 2021년 05월 15일 필기 기출문제 및 해설집◑ 전자문제집 CBT :www.comcbt.com\n7) 냉동ㆍ냉장 창고시설",
      "options": [],
      "answer": null,
      "explanation": ""
    },
    {
      "no": 2,
      "question": "연면적 5천제곱미터 이상인 냉동ㆍ냉장 창고시설의 설비공사\n및 단열공사",
      "options": [],
      "answer": null,
      "explanation": ""
    },
    {
      "no": 3,
      "question": "최대 지간(支間)길이(다리의 기둥과 기둥의 중심사이의 거리)\n가 50미터 이상인 다리의 건설등 공사",
      "options": [],
      "answer": null,
      "explanation": ""
    },
    {
      "no": 4,
      "question": "터널의 건설등 공사",
      "options": [],
      "answer": null,
      "explanation": ""
    },
    {
      "no": 5,
      "question": "다목적댐, 발전용댐, 저수용량 2천만톤 이상의 용수 전용 댐\n및 지방상수도 전용 댐의 건설등 공사",
      "options": [],
      "answer": null,
      "explanation": ""
    },
    {
      "no": 6,
      "question": "깊이 10미터 이상인 굴착공사\n[해설작성자 : Pepsi]\n본 해설집의 저작권은 www.comcbt.com에 있으며",
      "options": [],
      "answer": null,
      "explanation": ""
    },
    {
      "no": 120,
      "question": "산업안전보건법령에 따른 작업발판 일체형 거푸집에 해당\n카페, 블로그 등의 업로드 및 개인적 활용 이외에\n되지 않는 것은?\n문서의 수정 및 DB 저장, 기타 금전적 이익을 취하는",
      "options": [
        "갱 폼(Gang Form)",
        "슬립 폼(Slip Form)",
        "유로 폼(Euro Form)",
        "클라이밍 폼(Climbing Form)",
        "② ③ ③ ① ① ④ ② ④ ①",
        "③ ② ④ ③ ④ ① ③ ③ ④",
        "“작업발판 일체형 거푸집”이란 거푸집의 설치ㆍ해체, 철근 조 21 22 23 24 25 26 27 28 29 30",
        "③ ② ④ ① ① ③ ① ③ ③",
        "③ ① ③ ④ ② ① ③ ③ ①"
      ],
      "answer": null,
      "explanation": ""
    },
    {
      "no": 1,
      "question": "갱 폼(gang form)\n③ ③ ② ② ③ ④",
      "options": [
        "③ ② ② ③ ④ ① ③ ① ②"
      ],
      "answer": null,
      "explanation": ""
    },
    {
      "no": 2,
      "question": "슬립 폼(slip form)\n51 52 53 54 55 56 57 58 59 60",
      "options": [],
      "answer": null,
      "explanation": ""
    },
    {
      "no": 3,
      "question": "클라이밍 폼(climbing form)\n③",
      "options": [
        "① ① ③ ② ④ ③ ② ④ ②"
      ],
      "answer": null,
      "explanation": ""
    },
    {
      "no": 4,
      "question": "터널 라이닝 폼(tunnel lining form) 61 62 63 64 65 66 67 68 69 70",
      "options": [],
      "answer": null,
      "explanation": ""
    },
    {
      "no": 5,
      "question": "그 밖에 거푸집과 작업발판이 일체로 제작된 거푸집 등",
      "options": [
        "① ④ ④ ① ② ③ ② ④ ④",
        "③ ③ ③ ③ ② ② ② ④ ③",
        "② ④ ③ ① ③ ① ④ ① ④",
        "② ④ ② ① ① ④ ③ ③ ④",
        "② ② ④ ① ① ② ④ ③ ③",
        "④ ③ ③ ④ ① ② ③ ② ③"
      ],
      "answer": null,
      "explanation": ""
    }
  ]
}