{
  "title": "건설안전기사20220305(해설집) (2).pdf",
  "questions": [
    {
      "no": 1,
      "question": "산업안전보건법령상 안전보건표지의 종류 중 안내표지에 해\n[해설작성자 : comcbt.com 이용자]\n당되지 않는 것은?",
      "options": [
        "금연 ② 들것"
      ],
      "answer": null,
      "explanation": ""
    },
    {
      "no": 4,
      "question": "산업재해통계업무처리규정상 재해 통계 관련 용어로 ( )에 알\n③ 세안장치 ④ 비상용기구\n맞은 용어는?\n<문제 해설>\n금연은 금지표지이다.\n[해설작성자 : 금쪽이]\n산업안전보건법 시행규칙 별표1의2 산업안전표지",
      "options": [
        "세안장치 ④ 비상용기구"
      ],
      "answer": null,
      "explanation": ""
    },
    {
      "no": 1,
      "question": "금지표지 : 출입금지, 보행금지, 차량통행금지 등",
      "options": [],
      "answer": null,
      "explanation": ""
    },
    {
      "no": 2,
      "question": "경고표지 : 인화성물질 경고, 위험장소 경고 등",
      "options": [],
      "answer": null,
      "explanation": ""
    },
    {
      "no": 3,
      "question": "지시표지 : 보안경착용, 마스크착용 등",
      "options": [
        "재해자수 ② 사망자수"
      ],
      "answer": null,
      "explanation": ""
    },
    {
      "no": 4,
      "question": "안내표지 : 녹십자표지, 응급구호표지 등\n③ 휴업재해자수 ④ 임근근로자수\n[해설작성자 : 리베로]\n<문제 해설>",
      "options": [
        "휴업재해자수 ④ 임근근로자수"
      ],
      "answer": null,
      "explanation": ""
    },
    {
      "no": 2,
      "question": "산업안전보건법령상 산업안전보건위원회에 관한 사항 중 틀 휴업재해자수 : 근로복지공단의 휴업급여를 지급받은 재해자수.\n린 것은? 임근근로자수 : 통계청의 경제활동 인구조사상 임근근로자수.",
      "options": [
        "근로자위원과 사용자위원은 같은 수로 구성된다. [해설작성자 : 금쪽이]",
        "산업안전보건회의의 정기 회의는 위원장이 필요하다고 인"
      ],
      "answer": null,
      "explanation": ""
    },
    {
      "no": 5,
      "question": "시몬즈(Simonds)의 재해손실비의 평가방식 중 비보험 코스트\n정할 때 소집한다.\n의 산정 항목에 해당하지 않는 것은?\n③ 안전보건교육에 관한 사항은 산업안전보건위원회 심의·의",
      "options": [
        "안전보건교육에 관한 사항은 산업안전보건위원회 심의·의",
        "사망 사고 건수 ② 통원 상해 건수",
        "응급 조치 건수 ④ 무상해 사고 건수",
        "상시근로자 50인 이상의 자동차 제조업의 경우 산업안전"
      ],
      "answer": null,
      "explanation": ""
    },
    {
      "no": 1,
      "question": "개최 일시 및 장소\n-비보험 COST = [휴업상해건수×A]+[통원상해 건수×B]+[응급",
      "options": [],
      "answer": null,
      "explanation": ""
    },
    {
      "no": 2,
      "question": "출석위원\n조치 건수×C]+[무상해 사고 건수×D]",
      "options": [],
      "answer": null,
      "explanation": ""
    },
    {
      "no": 3,
      "question": "심의 내용 및 의결·결정 사항\n[해설작성자 : comcbt.com 이용자]",
      "options": [],
      "answer": null,
      "explanation": ""
    },
    {
      "no": 4,
      "question": "그밖의 토의사항\n[해설작성자 : 금쪽이]",
      "options": [],
      "answer": null,
      "explanation": ""
    },
    {
      "no": 6,
      "question": "산업안전보건법령상 용어와 뜻이 바르게 연결된 것은?",
      "options": [
        "“사업주대표”란 근로자의 과반수를 대표하는 자를 말한"
      ],
      "answer": null,
      "explanation": ""
    },
    {
      "no": 3,
      "question": "재해원인 중 간접원인이 아닌 것은?\n다.",
      "options": [
        "물적 원인 ② 관리적 원인",
        "“도급인”이란 건설공사발주자를 포함한 물건의 제조·건설·",
        "사회적 원인 ④ 정신적 원인",
        "“안전보건평가”란 산업재해를 예방하기 위하여 잠재적 위",
        "“산업재해”란 노무를 제공하는 사람이 업무에 관계되는",
        "다음 각 호의 어느 하나에 해당하는 사업의 사업주는 법 제"
      ],
      "answer": null,
      "explanation": ""
    },
    {
      "no": 7,
      "question": "재해조사 시 유의사항으로 틀린 것은?\n의무를 반드시 이행해야 함.",
      "options": [
        "피해자에 대한 구급 조치를 우선으로 한다.",
        "재해조사 시 2차 재해 예방을 위해 보호구를 착용한다.",
        "재해조사는 재해자의 치료가 끝난 뒤 실시한다. 9. 건설기술 진흥법령상 안전관리계획을 수립해야 하는 건설공",
        "책임추궁보다는 재발방지를 우선하는 기본태도를 가진다. 사에 해당하지 않는 것은?",
        "15층 건축물의 리모델링",
        "지하 15m를 굴착하는 건설공사",
        "항타 및 항발기가 사용되는 건설공사",
        "높이가 21m인 비계를 사용하는 건설공사"
      ],
      "answer": null,
      "explanation": ""
    },
    {
      "no": 1,
      "question": "10층 이상 16층 미만인 건축물의 건설공사\n판단하기 어려운 특수한 재해나 중대재해의 경우에는 전문가에 2. 지하 10 m 이상을 굴착하는 건설공사\n조사를 의뢰하는 것이 바람직합니다. 3. 건설기계 관리법 제3조에 따라 등록된 건설기계가 사용되는\n[해설작성자 : 금쪽이] 건설공사\n- 천공기(높이 10 m 이상\n치료가 아닌 응급조치만 하고 - 항타 및 항발기\n[해설작성자 : 내일 모레 시험봄] - 타워크레인",
      "options": [],
      "answer": null,
      "explanation": ""
    },
    {
      "no": 4,
      "question": "건진법 시행력 제101조의 2제 1항의 가설구조물을 사용하는",
      "options": [],
      "answer": null,
      "explanation": ""
    },
    {
      "no": 8,
      "question": "산업안전보건법령상 상시근로자 20명 이상 50명 미만인 사업\n건설공사\n장 중 안전보건관리담당자를 선임하여야 하는 업종이 아닌\n- 높이 31 m 이상인 비계나 브라켓 비계를 사용하는 건설공\n것은? (단, 안전관리자 및 보건관리자가 선임되지 않은 사업\n사\n장으로 한다.)\n[해설작성자 : 금쪽이]",
      "options": [
        "임업 ② 제조업",
        "건설업 ④ 환경 정화 및 복원업 10. 다음의 재해에서 기인물과 가해물로 옳은 것은?"
      ],
      "answer": null,
      "explanation": ""
    },
    {
      "no": 5,
      "question": "정보서비스업",
      "options": [],
      "answer": null,
      "explanation": ""
    },
    {
      "no": 6,
      "question": "금융 및 보험업",
      "options": [],
      "answer": null,
      "explanation": ""
    },
    {
      "no": 7,
      "question": "임대업; 부동산 제외",
      "options": [],
      "answer": null,
      "explanation": ""
    },
    {
      "no": 8,
      "question": "전문, 과학 및 기술 서비스업; 연구개발업 제외",
      "options": [
        "기인물 : 바닥, 가해물 : 공구 9. 사업지원 서비스업",
        "기인물 : 바닥, 가해물 : 바닥 10. 사회복지 서비스업",
        "기인물 : 공구, 가해물 : 바닥",
        "기인물 : 공구, 가해물 : 공구 [상시근로자 수 100명 이상]"
      ],
      "answer": null,
      "explanation": ""
    },
    {
      "no": 11,
      "question": "보호구 안전인증 고시상 안전인증을 받은 보호구의 표시사\n항이 아닌 것은? 1. 안전 및 보건에 관한 관리조직과 그 직무에 관한 사항",
      "options": [
        "제조자명 ② 사용 유효기간 2. 안전보건교육에 관한 사항",
        "안전인증 번호 ④ 규격 또는 등급 3. 작업장의 안전 및 보건 관리에 관한 사항"
      ],
      "answer": null,
      "explanation": ""
    },
    {
      "no": 1,
      "question": "형식또는 모델명,2.규격또는 등급등3.제조자명4.제조번호및제 5. 그밖에 안전 및 보건에 관한 사항\n조년월5.안전인증번호\n[해설작성자 : 한경태] 안전보건관리규정을 작성해야 할 사유가 발생한 날부터 30일 이\n내에 작성할 것. *변경 시에도 동일",
      "options": [],
      "answer": null,
      "explanation": ""
    },
    {
      "no": 12,
      "question": "위험예지훈련 진행방법 중 대책수립에 해당하는 단계는?\n[해설작성자 : 금쪽이]",
      "options": [
        "제1라운드 ② 제2라운드",
        "제3라운드 ④ 제4라운드"
      ],
      "answer": null,
      "explanation": ""
    },
    {
      "no": 13,
      "question": "산업안전보건법령상 안전보건관리규정을 작성해야 할 사업 [오류 신고 내용]\n의 종류를 모두 고른 것은? (단, ㄱ~ㅁ은 상시근로자 300명 ㅁ 의 과학 및 기술연구개발업은 300명 이상 사업의 제외 사업\n이상의 사업이다.) 인데, 문제는 제외 사업은 100명 이상일 경우 안전보건관리규정\n을 작성해야 한다에 있습니다..즉 과학 및 기술 연구개발업은\n100명 이상 사업장이면 안전보건관리규정을 작성하여야 하고 당\n연히 300명 이상일 경우도 작성해야 하는 거죠. 즉, 5개 보두\n모두가 안전보건관리규정 작성 대상이므로 정답은 없습니다.",
      "options": [],
      "answer": null,
      "explanation": ""
    },
    {
      "no": 14,
      "question": "산업안전보건법령상 중대재해의 범위에 해당하지 않는 것\n은?",
      "options": [
        "ㄴ, ㄹ, ㅁ ② ㄱ, ㄴ, ㄷ, ㄹ",
        "사망자가 1명 발생한 재해",
        "ㄱ, ㄴ, ㄷ, ㅁ ④ ㄱ, ㄷ, ㄹ, ㅁ",
        "부상자가 동시에 10명 이상 발생한 재해",
        "2개월 이상의 요양이 필요한 부상자가 동시에 2명 이상",
        "직업성 질병자가 동시에 10명 이상 발생한 재해"
      ],
      "answer": null,
      "explanation": ""
    },
    {
      "no": 1,
      "question": "농업\n<문제 해설>",
      "options": [],
      "answer": null,
      "explanation": ""
    },
    {
      "no": 2,
      "question": "어업\n\"3\"개월 이상 요양이 필요한 부상자가 동시에 2명 이상 발생한",
      "options": [],
      "answer": null,
      "explanation": ""
    },
    {
      "no": 3,
      "question": "소프트웨어 개발 및 공급업\n재해",
      "options": [],
      "answer": null,
      "explanation": ""
    },
    {
      "no": 4,
      "question": "컴퓨터 프로그래밍, 시스템 통합 및 관리업\n[해설작성자 : 금쪽이]\n기출문제 해설은 최강 자격증 기출문제 전자문제집 CBT : www.comcbt.com 통해서 실시간으로 변경됩니다.\n본 해설집은 최강 자격증 기출문제 전자문제집 CBT 해설달기 프로젝트에 의해서 만들어진 자료입니다. 해설을 제공해 주신 모든 분들께 감사 드립니다.\n건설안전기사 ◐ 2022년 03월 05일 필기 기출문제 및 해설집◑ 전자문제집 CBT :www.comcbt.com",
      "options": [
        "1일에 1회 이상 ② 2일에 1회 이상"
      ],
      "answer": null,
      "explanation": ""
    },
    {
      "no": 15,
      "question": "1000명 이상의 대규모 사업장에서 가장 적합한 안전관리조\n③ 3일에 1회 이상 ④ 7일에 1회 이상\n직의 형태는?\n<문제 해설>",
      "options": [
        "3일에 1회 이상 ④ 7일에 1회 이상",
        "경영형 ② 라인형",
        "스태프형 ④ 라인-스태프형",
        "ㄷ→ㅁ→ㄱ→ㄹ→ㄴ ② ㄷ→ㅁ→ㄹ→ㄱ→ㄴ",
        "ㅁ→ㄷ→ㄱ→ㄹ→ㄴ ④ ㅁ→ㄱ→ㄷ→ㄹ→ㄴ"
      ],
      "answer": null,
      "explanation": ""
    },
    {
      "no": 16,
      "question": "A 사업장의 현황이 다음과 같을 때, A 사업장의 강도율은? 19. 산업안전보건법령상 건설현장에서 사용하는 크레인의 안전\n검사의 주기는? (단, 이동식 크레인은 제외한다.)",
      "options": [
        "최초로 설치한 날부터 1개월마다 실시",
        "최초로 설치한 날부터 3개월마다 실시",
        "최초로 설치한 날부터 6개월마다 실시",
        "8.33 ② 14.53 ④ 최초로 설치한 날부터 1년마다 실시",
        "15.31 ④ 16.48 <문제 해설>"
      ],
      "answer": null,
      "explanation": ""
    },
    {
      "no": 20,
      "question": "재해예방의 4원칙에 해당하지 않는 것은?\nX×1000=4번",
      "options": [
        "손실 적용의 원칙 ② 원인 연계의 원칙",
        "대책 선정의 원칙 ④ 예방 가능의 원칙"
      ],
      "answer": null,
      "explanation": ""
    },
    {
      "no": 21,
      "question": "감각 현상이 하나의 전체적이고 의미 있는 내용으로 체계화\n14 : 50일\n되는 과정을 의미하는 것은?\n비장애 등급 손실 일수 : 휴업일수 X 300/365",
      "options": [
        "유추(analogy)",
        "게슈탈트(gestalt)",
        "인지(cognition)",
        "근접성(proximity)"
      ],
      "answer": null,
      "explanation": ""
    },
    {
      "no": 17,
      "question": "산업안전보건법령상 관계수급인 근로자가 도급인의 사업장\n직화하여 지각한 것.\n에서 작업을 하는 경우 건설업 도급인의 작업장 순회점검\n[해설작성자 : 금쪽이]\n주기는?\n기출문제 해설은 최강 자격증 기출문제 전자문제집 CBT : www.comcbt.com 통해서 실시간으로 변경됩니다.\n본 해설집은 최강 자격증 기출문제 전자문제집 CBT 해설달기 프로젝트에 의해서 만들어진 자료입니다. 해설을 제공해 주신 모든 분들께 감사 드립니다.\n건설안전기사 ◐ 2022년 03월 05일 필기 기출문제 및 해설집◑ 전자문제집 CBT :www.comcbt.com\n지성적 리듬 I",
      "options": [],
      "answer": null,
      "explanation": ""
    },
    {
      "no": 22,
      "question": "다음에서 설명하는 리더십의 유형은?\n[해설작성자 : 시가있는풍경]",
      "options": [],
      "answer": null,
      "explanation": ""
    },
    {
      "no": 25,
      "question": "사회행동의 기본 형태에 해당하지 않는 것은?",
      "options": [
        "협력 ② 대립",
        "과업형 리더십 ② 이상형 리더십 ③ 모방 ④ 도피",
        "타협형 리더십 ④ 무관심형 리더십 <문제 해설>"
      ],
      "answer": null,
      "explanation": ""
    },
    {
      "no": 26,
      "question": "O.J.T(On the Job Training)의 특징이 아닌 것은?\n타협형 리더십 (= 중도형 리더십) : 과업과 인간적 측면에 대해",
      "options": [
        "효과가 곧 업무에 나타난다.",
        "직장의 실정에 맞는 실체적 훈련이다.",
        "다수의 근로자에게 조직적 훈련이 가능하다.",
        "교육을 통한 훈련 효과에 의해 상호 신뢰이해도가 높아"
      ],
      "answer": null,
      "explanation": ""
    },
    {
      "no": 23,
      "question": "집단역학에서 소시오메트리(sociometry)에 관한 설명 중 틀 직접적으로 직무교육을 받는 방식\n린 것은?",
      "options": [
        "소시오메트리 분석을 위해 소시오메트릭스와 소시오그램 + 교육내용이 실무와 연결되어 체험적이고 실제적이다.",
        "소시오메트릭스에서는 상호작용에 대한 정량적 분석이 + 비용이 절감되어 경제적이다.",
        "소시오메트리는 집단 구성원들 간의 공식적 관계가 아닌 이고 표준화된 교육이 어렵다.",
        "소시오그램은 집단 구성원들 간의 선호, 거부 혹은 무관 - 한 번에 교육할 수 있는 피교육자의 수가 적고, 전문적 지식"
      ],
      "answer": null,
      "explanation": ""
    },
    {
      "no": 24,
      "question": "생체리듬(Biorhythm)의 종류에 해당하지 않는 것은? 능하다.",
      "options": [
        "Critical rhythm ② Physical rhythm + 직장과 직무를 떠나 피교육자가 교육에 전념할 수 있다.",
        "Intellectual rhythm ④ Sensitivity rhythm",
        "자아존중감(Self-esteem) ④ 목적이 명확하고, 다른 방법과 병용하지 않아도 높은 효",
        "자기효능감(Self-efficacy) 과를 기대할 수 있다.",
        "통체의착각(Illusion of control) <문제 해설>",
        "자기중심적 편견(Egocentric bias) 역할 연기법만으로는 직접적인 높은 효과를 기대하기 어렵다."
      ],
      "answer": null,
      "explanation": ""
    },
    {
      "no": 31,
      "question": "학습정도(level of learning)의 4단계에 해당하지 않는 것은?\n어떤 일을 이룰 수 있는 자신의 능력에 대한 신념",
      "options": [
        "회상(to recall) ② 적용(to apply)",
        "인지(to recognize) ④ 이해(to understand)"
      ],
      "answer": null,
      "explanation": ""
    },
    {
      "no": 1,
      "question": "지각\n[해설작성자 : 금쪽이]",
      "options": [],
      "answer": null,
      "explanation": ""
    },
    {
      "no": 2,
      "question": "적용",
      "options": [],
      "answer": null,
      "explanation": ""
    },
    {
      "no": 28,
      "question": "모랄서베이(Morale Survey)의 주요 방법으로 적절하지 않은 3.인지\n것은? 4.이해",
      "options": [
        "관찰법 ② 면접법 [해설작성자 : 댄디]",
        "강의법 ④ 질문지법"
      ],
      "answer": null,
      "explanation": ""
    },
    {
      "no": 32,
      "question": "스트레스 반응에 영향을 주는 요인 중 개인적 특성에 관한\n[해설작성자 : 댄디]\n요인이 아닌 것은?",
      "options": [
        "심리상태 ② 개인의 능력",
        "신체적 조건 ④ 작업시간의 차이"
      ],
      "answer": null,
      "explanation": ""
    },
    {
      "no": 33,
      "question": "산업안전보건법령상 일용근로자의 작업내용 변경 시 교육\n시간의 기준은?",
      "options": [],
      "answer": null,
      "explanation": ""
    },
    {
      "no": 29,
      "question": "산업안전보건법령상 2미터 이상인 구축물을 콘크리트 파쇄",
      "options": [
        "1시간 이상 ② 2시간 이상",
        "3시간 이상 ④ 4시간 이상",
        "작업안전조치 및 안전기준에 관한 사항",
        "비계의 조립방법 및 작업 절차에 관한 사항",
        "콘크리트 해체 요령과 방호거리에 관한 사항",
        "파쇄기의 조작 및 공통작업 신호에 관한 사항"
      ],
      "answer": null,
      "explanation": ""
    },
    {
      "no": 34,
      "question": "교육심리학의 연구방법 중 인간의 내면에서 일어나고 있는",
      "options": [],
      "answer": null,
      "explanation": ""
    },
    {
      "no": 1,
      "question": "콘크리트 해체 요령과 방호거리에 관한 사항\n심리적 사고에 대하여 사물을 이용하여 인간의 성격을 알아",
      "options": [],
      "answer": null,
      "explanation": ""
    },
    {
      "no": 2,
      "question": "작업안전조치 및 안전기준에 관한 사항\n보는 방법은?",
      "options": [],
      "answer": null,
      "explanation": ""
    },
    {
      "no": 3,
      "question": "파쇄기의 조작 및 공통 작업 신호에 관한 사항",
      "options": [
        "투사법 ② 면접법"
      ],
      "answer": null,
      "explanation": ""
    },
    {
      "no": 4,
      "question": "보호구 및 방호 장비 등에 관한 사항\n③ 실험법 ④ 질문지법",
      "options": [
        "실험법 ④ 질문지법"
      ],
      "answer": null,
      "explanation": ""
    },
    {
      "no": 5,
      "question": "그 밖에 안전.보건 관리에 필요한 사항\n<문제 해설>\n[해설작성자 : comcbt.com 이용자]\n실험법 : 관찰 대상을 교육 목적에 맞게 계획하고 조작하여 나\n타나는 결과를 관찰하는 방법",
      "options": [],
      "answer": null,
      "explanation": ""
    },
    {
      "no": 30,
      "question": "안전보건교육에 있어 역할 연기법의 장점이 아닌 것은?\n[해설작성자 : 금쪽이]",
      "options": [
        "흥미를 갖고, 문제에 적극적으로 참가한다.",
        "자기 태도의 반성과 창조성이 생기고, 발표력이 향상된"
      ],
      "answer": null,
      "explanation": ""
    },
    {
      "no": 35,
      "question": "안전교육의 3단계 중 작업방법, 취급 및 조작행위를 몸으로\n다.\n숙달시키는 것을 목적으로 하는 단계는?\n③ 문제의 배경에 대하여 통찰하는 능력을 높임으로써 감수",
      "options": [
        "문제의 배경에 대하여 통찰하는 능력을 높임으로써 감수",
        "안전지식교육 ② 안전기능교육",
        "안전태도교육 ④ 안전의식교육",
        "모방(Imitation) ② 투사(Projection)",
        "암시(Suggestion) ④ 동일화(Identification)"
      ],
      "answer": null,
      "explanation": ""
    },
    {
      "no": 36,
      "question": "호손(Hawthorne) 연구에 대한 설명으로 옳은 것은?\n투사 : 죄의식, 열등감, 공격성 등과 같은 감정을 타인에게 돌림",
      "options": [
        "소비자들에게 효과적으로 영향을 미치는 광고 전략을 개",
        "시간-동작연구를 통해서 작업도구와 기계를 설계했다.",
        "채용과정에서 발생하는 차별요인을 밝히고 이를 시정하",
        "물리적 작업환경보다 근로자들의 의사소통 등 인간관계",
        "동기 ② 기질",
        "감정 ④ 지능"
      ],
      "answer": null,
      "explanation": ""
    },
    {
      "no": 1,
      "question": "인간이 조직에서 중요한 요소의 하나라는 사실을 강조하였다. [해설작성자 : 금쪽이]",
      "options": [],
      "answer": null,
      "explanation": ""
    },
    {
      "no": 2,
      "question": "개인과 집단의 사회적·심리적 요소가 조직 성과에 영향을 미\n친다는 사실을 인식하였다. 동기간에 감정이 상해서 습습하네",
      "options": [],
      "answer": null,
      "explanation": ""
    },
    {
      "no": 3,
      "question": "\"비공식 조직\"이 조직 성과에 영향을 미치는 것을 확인하였다 [해설작성자 : 야매로]\n▶ 근로자의 인적환경을 개선하는 것이 중요하다.\n[해설작성자 : 금쪽이] 40. 직무수행에 대한 예측변인 개발 시 작업표본(work sample)\n에 관한 사항 중 틀린 것은?",
      "options": [],
      "answer": null,
      "explanation": ""
    },
    {
      "no": 37,
      "question": "지름길을 사용하여 대상물을 판단할 때 발생하는 지각의 오",
      "options": [
        "집단검사로 감독과 통제가 요구된다.",
        "훈련생보다 경력자 선발에 적합하다.",
        "후광효과 ② 최근효과 ③ 실시하는데 시간과 비용이 많이 든다.",
        "결론효과 ④ 초두효과 ④ 주로 기계를 다루는 직무에 효과적이다."
      ],
      "answer": null,
      "explanation": ""
    },
    {
      "no": 1,
      "question": "후광 효과 (Halo effect)\n: 개인이 가진 지능, 사교성, 용모와 같은 특성들 중 하나에 기 예측변인 : 노동자가 일을 잘 할 것인지 예측하는 것\n초하여 그 개인에 대한 일반적 인상을 형성하려는 경향 [해설작성자 : 이 또한 지나가리라]\n// 특정 분야에 있어 어떤 사람의 호의적 혹은 비호의적 태도가\n다른 분야의 평가에 영향을 주는 경향\n3과목 : 인간공학 및 시스템안전공학",
      "options": [],
      "answer": null,
      "explanation": ""
    },
    {
      "no": 2,
      "question": "최근 효과 (Recent effect)\n: 평가기간 동안 발생한 정보 중에서 최근 제공된 정보에 의해 41. 태양광이 내리쬐지 않는 옥내의 습구흑구 온도지수(WBGT)\n평가하려는 경향 산출 식은?",
      "options": [],
      "answer": null,
      "explanation": ""
    },
    {
      "no": 4,
      "question": "초두 효과 (Primary effect)",
      "options": [
        "0.6 × 자연습구온도 + 0.3 × 흑구온도",
        "0.7 × 자연습구온도 + 0.3 × 흑구온도",
        "0.6 × 자연습구온도 + 0.4 × 흑구온도",
        "0.7 × 자연습구온도 + 0.4 × 흑구온도"
      ],
      "answer": null,
      "explanation": ""
    },
    {
      "no": 38,
      "question": "다음은 무엇에 관한 설명인가? 태양광이 내리쬐지 않는 옥내 :0.7*자연습구온도+0.3*흑구온도\n태양광이 내리쬐는 옥외:0.7*자연습구온도+0.2*흑구온도+0.1*건\n기출문제 해설은 최강 자격증 기출문제 전자문제집 CBT : www.comcbt.com 통해서 실시간으로 변경됩니다.\n본 해설집은 최강 자격증 기출문제 전자문제집 CBT 해설달기 프로젝트에 의해서 만들어진 자료입니다. 해설을 제공해 주신 모든 분들께 감사 드립니다.\n건설안전기사 ◐ 2022년 03월 05일 필기 기출문제 및 해설집◑ 전자문제집 CBT :www.comcbt.com\n구온도 [해설작성자 : 화이팅]\n[해설작성자 : 댄디]",
      "options": [],
      "answer": null,
      "explanation": ""
    },
    {
      "no": 45,
      "question": "A사의 안전관리자는 자사 화학 설비의 안전성 평가를 실시",
      "options": [],
      "answer": null,
      "explanation": ""
    },
    {
      "no": 42,
      "question": "부품 배치의 원칙 중 기능적으로 관련된 부품들을 모아서 하고 있다. 그 중 제2단계인 정성적 평가를 진행하기 위하\n배치한다는 원칙은? 여 평가 항목을 설계단계 대상과 운전관계 대상으로 분류하",
      "options": [
        "중요성의 원칙 ② 사용 빈도의 원칙 였을 때 설계관계 항목이 아닌 것은?",
        "사용 순서의 원칙 ④ 기능별 배치의 원칙 ① 건조물 ② 공장 내 배치",
        "입지조건 ④ 원재료, 중간제품",
        "입지조건 ②공장내의 배치 ③건조물 ④소방용",
        "원재료 ②중간제품 등의 위험성 ③프로세스의",
        "프로세스기기의 선정요건"
      ],
      "answer": null,
      "explanation": ""
    },
    {
      "no": 46,
      "question": "양립성의 종류가 아닌 것은?",
      "options": [],
      "answer": null,
      "explanation": ""
    },
    {
      "no": 43,
      "question": "인간공학의 목표와 거리가 가장 먼 것은?",
      "options": [
        "개념의 양립성 ② 감성의 양립성",
        "사고 감소 ② 생산성 증대 ③ 운동의 양립성 ④ 공간의 양립성",
        "안전성 향상 ④ 근골격계질환 증가 <문제 해설>"
      ],
      "answer": null,
      "explanation": ""
    },
    {
      "no": 44,
      "question": "시각적 식별에 영향을 주는 각 요소에 대한 설명 중 틀린\n-. 개념적 양립성 : 온수손잡이는 빨간색, 냉수손잡이는 파란색\n것은?\n-. 양식 양립성 : 기계가 특정 음성에 대해 정해진 반응을 하는",
      "options": [
        "조도는 광원의 세기를 말한다.",
        "휘도는 단위 면적당 표면에 반사 또는 방출되는 광량을",
        "반사율은 물체의 표면에 도달하는 조도와 광도의 비를 47. 그림과 같은 시스템에서 부품 A, B, C, D의 신뢰도가 모두",
        "광도 대비란 표적의 광도와 배경의 광도의 차이를 배경",
        "r(2-r2) ② r2(2-r)2",
        "r2(2-r2) ④ r2(2-r)"
      ],
      "answer": null,
      "explanation": ""
    },
    {
      "no": 52,
      "question": "통화이해도 척도로서 통화 이해도에 영향을 주는 잡음의 영\n[해설작성자 : 금쪽이]\n향을 추정하는 지수는?",
      "options": [],
      "answer": null,
      "explanation": ""
    },
    {
      "no": 48,
      "question": "FTA에서 사용되는 논리게이트 중 입력과 반대되는 현상으",
      "options": [
        "명료도 지수 ② 통화 간섭 수준",
        "이해도 점수 ④ 통화 공진 수준",
        "부정 게이트 ② 억제 게이트 <문제 해설>",
        "배타적 OR 게이트 ④ 우선적 AND 게이트 명료도 지수 : 각 오타브 대의 음성과 소음의 데시벨값에 가중"
      ],
      "answer": null,
      "explanation": ""
    },
    {
      "no": 49,
      "question": "어떤 결함수를 분석하여 minimal cut set을 구한 결과 다음",
      "options": [],
      "answer": null,
      "explanation": ""
    },
    {
      "no": 2,
      "question": "이해도 점수 : 송화 내용중에서 알아듣고 인식한 비율(%)\n과 같았다. 각 기본사상의 발생확률은 q, i = 1, 2, 3라 할\ni 3. 통화간섭수준(SIL) 통화 이해도에 끼치는 잡음의 영향을 추정\n때, 정상사상의 발생확률함수로 맞는 것은?\n하는 지수",
      "options": [],
      "answer": null,
      "explanation": ""
    },
    {
      "no": 4,
      "question": "소음기준(NC)곡선 : 사무실, 회의실, 공장 등에서의 통화평가\n방법\n[해설작성자 : 한길]",
      "options": [
        "q q + q q - q q",
        "q q + q q - q q",
        "q q + q q + q q - q q q",
        "중대(critical) ② 한계적(marginal)",
        "q q + q q + q q - 2q q q",
        "파국적(catastrophic) ④ 수용가능(acceptable)"
      ],
      "answer": null,
      "explanation": ""
    },
    {
      "no": 50,
      "question": "부품고장이 발생하여도 기계가 추후 보수 될 때까지 안전한\n- 무시 (negligible) : 시스템의 영향저하가 없다\n기능을 유지할 수 있도록 하는 기능은?\n[해설작성자 : Pepsi]",
      "options": [
        "fail - soft ② fail - active",
        "fail - operational ④ fail - passive"
      ],
      "answer": null,
      "explanation": ""
    },
    {
      "no": 54,
      "question": "인간공학적 연구에 사용되는 기준 척도의 요건 중 다음 설\n<문제 해설>\n명에 해당하는 것은?\nfail-passive : 고장 발생 시 정지\nfail-active : 고장 발생 시 경보를 울리며 짧은 시간 동안 가동\n가능\nfail-operational",
      "options": [
        "신뢰성 ② 적절성",
        "검출성 ④ 무오염성"
      ],
      "answer": null,
      "explanation": ""
    },
    {
      "no": 51,
      "question": "반사경 없이 모든 방향으로 빛을 발하는 점광원에서 3m 떨 <문제 해설>\n어진 곳의 조도가 300lux라면 2m 떨어진 곳에서 조도(lux) 연구기준 요건\n는? -. 무오염성 : 측정하고자 하는 변수외의 다른 변수의 영향을",
      "options": [
        "375 ② 675 받아서는 안된다",
        "875 ④ 975 -. 적절성 : 실제로 의도하는 바와 부합해야 한다"
      ],
      "answer": null,
      "explanation": ""
    },
    {
      "no": 55,
      "question": "James Reason의 원인적 휴면에러 종류 중 다음 설명의 휴\n2,700 / 2^2 = 675\n먼에러 종류는?\n[해설작성자 : 너굴]\n기출문제 해설은 최강 자격증 기출문제 전자문제집 CBT : www.comcbt.com 통해서 실시간으로 변경됩니다.\n본 해설집은 최강 자격증 기출문제 전자문제집 CBT 해설달기 프로젝트에 의해서 만들어진 자료입니다. 해설을 제공해 주신 모든 분들께 감사 드립니다.\n건설안전기사 ◐ 2022년 03월 05일 필기 기출문제 및 해설집◑ 전자문제집 CBT :www.comcbt.com",
      "options": [],
      "answer": null,
      "explanation": ""
    },
    {
      "no": 57,
      "question": "HAZOP 분석기법의 장점이 아닌 것은?",
      "options": [
        "학습 및 적용이 쉽다.",
        "기법 적용에 큰 전문성을 요구하지 않는다.",
        "짧은 시간에 저렴한 비용으로 분석이 가능하다.",
        "고의 사고(Violation)",
        "다양한 관점을 가진 팀 단위 수행이 가능하다.",
        "숙련 기반 에러(Skill based error)",
        "규칙 기반 착오(Rule based mistake)",
        "지식 기반 착오(Knowledge based mistake)"
      ],
      "answer": null,
      "explanation": ""
    },
    {
      "no": 56,
      "question": "근골격계부담작업의 범위 및 유해요인조사 방법에 관한 고 원인이 되는 경우가 많습니다.\n시상 근골격계부담작업에 해당하지 않는 것은? (단, 상시작 [해설작성자 : comcbt.com 이용자]\n업을 기준으로 한다.)",
      "options": [],
      "answer": null,
      "explanation": ""
    },
    {
      "no": 58,
      "question": "서브시스템 분석에 사용되는 분석방법으로 시스템 수명주기",
      "options": [
        "하루에 10회 이상 25kg 이상의 물체를 드는 작업",
        "하루에 총 2시간 이상 쪼그리고 앉거나 무릎을 굽힌 자",
        "하루에 총 2시간 이상 시간당 5회 이상 손 또는 무릎을",
        "하루에 4시간 이상 집중적으로 자료입력 등을 위해 키보"
      ],
      "answer": null,
      "explanation": ""
    },
    {
      "no": 1,
      "question": "하루 4시간 이상 집중적으로 자료입력 등을 위해 키보드 또",
      "options": [
        "PHA ② FHA",
        "FTA ④ ETA"
      ],
      "answer": null,
      "explanation": ""
    },
    {
      "no": 2,
      "question": "하루에 총 2시간 이상 목, 어깨, 팔꿈치, 손목 또는 손을 사\n<문제 해설>\n용하여 같은 동작으로 반복하는 작업\n○ PHA (예비위험분석) - 시스템안전 최초단계 정성적분석",
      "options": [],
      "answer": null,
      "explanation": ""
    },
    {
      "no": 3,
      "question": "하루에 총 2시간 이상 머리 위에 손이 있거나, 팔꿈치가 어\n○ FHA (결함위험분석) - 분업 서브시스템간 인터페이스 조정\n깨 위에 있거나, 팔꿈치를 몸통으로부터 들거나, 팔꿈치를 몸통\n○ FMEA (고장형태와 영향분석법) - 고장요소 형태별 분석하고\n뒤쪽에 위치하도록 하는 상태에서 이루어지는 작업\n그 영향 분석하여 치명도 해서(CA),귀납적, 정성적, FTA보다 서",
      "options": [],
      "answer": null,
      "explanation": ""
    },
    {
      "no": 4,
      "question": "지지되지 않은 상태이거나 임의로 자세를 바꿀 수 없는 조건\n식간단, 적은노력\n에서, 하루에 총 2시간 이상 목이나 허리를 구부리거나 트는 상\n○ ETA - DT에서 변천된 정량적, 귀납적 기법\n태에서 이루어지는 작업\n○ CA (위험성 분석법) - 높은 고장등급을 갖고 고장모드가 기",
      "options": [],
      "answer": null,
      "explanation": ""
    },
    {
      "no": 5,
      "question": "하루에 총 2시간 이상 쪼그리고 앉거나 무릎을 굽힌 자세에\n기 전체의 고장에 어느정도 영향을 주는가 정량적 평가\n서 이루어지는 작업\n○ THERP (인간과오율 추정법) - 100만 운전시간당 과오도수",
      "options": [],
      "answer": null,
      "explanation": ""
    },
    {
      "no": 6,
      "question": "하루에 총 2시간 이상 지지되지 않은 상태에서 1 kg 이상의\n를 기본 과오율로 평가\n물건을 한 손가락으로 집어 옮기거나, 2 kg 이상에 상응하는 힘\n○ FTA (결함수분석법) - 논리적 도표로 분석하는 정량적, 연역\n을 가하여 한손의 손가락으로 물건을 쥐는 작업\n적 기법",
      "options": [],
      "answer": null,
      "explanation": ""
    },
    {
      "no": 7,
      "question": "하루에 총 2시간 이상 지지되지 않은 상태에서 4.5 kg 이상\n[해설작성자 : Pepsi]\n의 물건을 한 손으로 들거나 동일한 힘으로 쥐는 작업",
      "options": [],
      "answer": null,
      "explanation": ""
    },
    {
      "no": 8,
      "question": "하루에 10회 이상 25 kg 이상의 물체를 드는 작업",
      "options": [],
      "answer": null,
      "explanation": ""
    },
    {
      "no": 59,
      "question": "불(Boole) 대수의 관계식으로 틀린 것은?",
      "options": [],
      "answer": null,
      "explanation": ""
    },
    {
      "no": 9,
      "question": "하루에 25회 이상 10 kg 이상의 물체를 무릎 아래에서 들거\n나, 어깨 위에서 들거나, 팔을 뻗은 상태에서 드는 작업",
      "options": [
        ""
      ],
      "answer": null,
      "explanation": ""
    },
    {
      "no": 10,
      "question": "하루에 총 2시간 이상, 분당 2회, 4.5 kg 이상의 물체를 드\n는 작업 ②",
      "options": [
        ""
      ],
      "answer": null,
      "explanation": ""
    },
    {
      "no": 11,
      "question": "하루에 총 2시간 이상 시간당 \"10\"회 이상 손 또는 무릎을\n③\n사용하여 반복적으로 충격을 가하는 작업\n3번 ▶ 5회 > 10회\n④\n[해설작성자 : 금쪽이]\n기출문제 해설은 최강 자격증 기출문제 전자문제집 CBT : www.comcbt.com 통해서 실시간으로 변경됩니다.\n본 해설집은 최강 자격증 기출문제 전자문제집 CBT 해설달기 프로젝트에 의해서 만들어진 자료입니다. 해설을 제공해 주신 모든 분들께 감사 드립니다.\n건설안전기사 ◐ 2022년 03월 05일 필기 기출문제 및 해설집◑ 전자문제집 CBT :www.comcbt.com\n<문제 해설> ② 거푸집에 접하는 고임재 및 간격재는 콘크리트 제품 또\nA(A+B) = AA + AB = A 는 모르타르 제품을 사용하여야 한다.\n[해설작성자 : 홍개미] ③ 경미한 황갈색의 녹이 발생한 철근은 일반적으로 콘크리\n트와의 부착을 해치므로 사용해서는 안된다.",
      "options": [
        "사용하여 반복적으로 충격을 가하는 작업",
        "[해설작성자 : 금쪽이]",
        "거푸집에 접하는 고임재 및 간격재는 콘크리트 제품 또",
        "경미한 황갈색의 녹이 발생한 철근은 일반적으로 콘크리"
      ],
      "answer": null,
      "explanation": ""
    },
    {
      "no": 60,
      "question": "정신적 작업 부하에 관한 생리적 척도에 해당하지 않는 것\n④ 철근의 표면에는 흙, 기름 또는 이물질이 없어야 한다.\n은?\n<문제 해설>",
      "options": [
        "철근의 표면에는 흙, 기름 또는 이물질이 없어야 한다.",
        "근전도 ② 뇌파도",
        "부정맥 지수 ④ 점멸융합주파수",
        "2m 이하 ② 2.5m 이하",
        "3m 이하 ④ 3.5m 이하"
      ],
      "answer": null,
      "explanation": ""
    },
    {
      "no": 65,
      "question": "필릿용접(Fillet Welding)의 단면상 이론 목두께에 해당하는\n생리적척도: 심박수의 변동, 뇌 전위, 동공 반응 등\n것은?\n정보처리에 중추신경계 활동이 관여하고 그 활동이나 징후를 측\n정\n뇌파도, 점멸융합주파수, 혈액의 성분, 부정맥지수\n[해설작성자 : 먹게비]\n4과목 : 건설시공학",
      "options": [],
      "answer": null,
      "explanation": ""
    },
    {
      "no": 61,
      "question": "석재붙임을 위한 앵커긴결공법에서 일반적으로 사용하지 않\n는 재료는?",
      "options": [
        "앵커 ② 볼트",
        "A ② B",
        "모르타르 ④ 연결철물",
        "C ④ D"
      ],
      "answer": null,
      "explanation": ""
    },
    {
      "no": 62,
      "question": "강제 널말뚝(steel sheet pile)공법에 관한 설명으로 옳지 않 C: Bead Width (바이드 폭)\n은 것은? D: Throat thickness (목두께)",
      "options": [
        "무소음 설치가 어렵다. [해설작성자 : comcbt.com 이용자]",
        "타입 시 체적변형이 작아 항타가 쉽다."
      ],
      "answer": null,
      "explanation": ""
    },
    {
      "no": 66,
      "question": "네트워크 공정표에 사용되는 용어에 관한 설명으로 옳지 않\n③ 강제 널말뚝에는 U형, Z형, H형 등이 있다.\n은 것은?\n④ 관입, 철거 시 주변 지반침하가 일어나지 않는다.",
      "options": [
        "강제 널말뚝에는 U형, Z형, H형 등이 있다.",
        "관입, 철거 시 주변 지반침하가 일어나지 않는다.",
        "크리티컬 패스(Critical path) : 개시 결합점에서 종료 결",
        "더미(Dummy) : 결합점이 가지는 여유시간",
        "플로트(Float) : 작업의 여유시간",
        "패스(Path) : 네트워크 중에서 둘 이상의 작업이 이어지"
      ],
      "answer": null,
      "explanation": ""
    },
    {
      "no": 63,
      "question": "철근 조립에 관한 설명으로 옳지 않은 것은? 타내는 점선 화살표",
      "options": [
        "철근의 피복두께를 정확히 확보하기 위해 적절한 간격으 [해설작성자 : 금쪽이]"
      ],
      "answer": null,
      "explanation": ""
    },
    {
      "no": 67,
      "question": "콘크리트의 측압에 영향을 주는 요소에 관한 설명으로 옳지\n외기 25도 이상: 90분\n않은 것은?\n외기 25도 미만: 120분",
      "options": [
        "콘크리트 타설속도가 빠를수록 측압은 커진다.",
        "콘크리트 온도가 낮으면 경화속도가 느려 측압은 작아진",
        "벽 두께가 얇을수록 측압은 작아진다.",
        "콘크리트의 슬럼프값이 클수록 측압은 커진다.",
        "거푸집널은 콘크리트의 구조체를 형성하는 역할을 한다.",
        "콘크리트 표면에 모르타르, 플라스터 또는 타일붙임 등"
      ],
      "answer": null,
      "explanation": ""
    },
    {
      "no": 68,
      "question": "석공사에 사용하는 석재 중에서 수성암계에 해당하지 않는\n③ 거푸집공사비는 건축공사비에서의 비중이 높으므로, 설\n것은?\n계단계부터 거푸집 공사의 개선과 합리화 방안을 연구하",
      "options": [
        "거푸집공사비는 건축공사비에서의 비중이 높으므로, 설",
        "사암 ② 석회암",
        "안산암 ④ 응회암",
        "폼타이(form tie)는 콘크리트를 타설할 때, 거푸집이 벌",
        "화성암계 - 화강암, 안산암, 현무암",
        "수성암계 - 응회암, 사암, 석회암",
        "변성암계 - 대리석, 트레버틴, 사문암, 점판암"
      ],
      "answer": null,
      "explanation": ""
    },
    {
      "no": 69,
      "question": "매스 콘크리트(Mass concrete) 시공에 관한 설명으로 옳지\n여러분들의 많은 의견 부탁 드립니다.\n않은 것은?\n추후 여러분들의 의견을 반영하여 정답을 수정하도록 하겠습니",
      "options": [
        "매스 콘크리트의 타설온도는 온도균열을 제어하기 위한",
        "매스 콘크리트 타설 시 기온이 높을 경우에는 콜드조인",
        "매스 콘크리트 타설 시 침하발생으로 인한 침하균열을",
        "매스 콘크리트 타설 후 거푸집 탈형 시 콘크리트 표면의"
      ],
      "answer": null,
      "explanation": ""
    },
    {
      "no": 71,
      "question": "철근콘크리트 말뚝머리와 기초와의 접합에 관한 설명으로\n기출문제 해설은 최강 자격증 기출문제 전자문제집 CBT : www.comcbt.com 통해서 실시간으로 변경됩니다.\n본 해설집은 최강 자격증 기출문제 전자문제집 CBT 해설달기 프로젝트에 의해서 만들어진 자료입니다. 해설을 제공해 주신 모든 분들께 감사 드립니다.\n건설안전기사 ◐ 2022년 03월 05일 필기 기출문제 및 해설집◑ 전자문제집 CBT :www.comcbt.com\n옳지 않은 것은? 선의 목표를 어떤 걸 먼저 잡아야 하는지를 확인하여 개선 전,",
      "options": [
        "두부를 커팅기계로 정리할 경우 본체에 균열이 생김으로 후의 효과를 파악할 수 있음.",
        "말뚝머리 길이가 짧은 경우는 기초저면까지 보강하여 시 는 상태 별로 분류하여 이를 크기 순서대로 나열하여 각 항목에",
        "말뚝머리 철근은 기초에 30cm 이상의 길이로 정착한다. 화 한 것.",
        "말뚝머리와 기초와의 확실한 정착을 위해 파일앵커링을 [해설작성자 : 수험생]"
      ],
      "answer": null,
      "explanation": ""
    },
    {
      "no": 75,
      "question": "강구조 공사 시 앵커링(anchoring)에 관한 설명으로 옳지\n<문제 해설>\n않은 것은?",
      "options": [],
      "answer": null,
      "explanation": ""
    },
    {
      "no": 1,
      "question": "두부를 커팅기계로 하면 두부 파손이 적어 응력 손실이 거의",
      "options": [
        "필요한 앵커링 저항력을 얻기 위해서는 콘크리트에 피해",
        "앵커볼트 설치 시 베이스플레이트 위치의 콘크리트는 설"
      ],
      "answer": null,
      "explanation": ""
    },
    {
      "no": 72,
      "question": "철근콘크리트 보에 사용된 굵은 골재의 최대치수가 25mm 계도면 레벨보다 –30mm ~ -50mm 낮게 타설하고, 베\n일 때, D22철근(동일 평면에서 평행한 철근)의 수평 순간격 이스플레이트 설치 후 그라우팅 처리한다.\n으로 옳은 것은? (단, 콘크리트를 공극 없이 칠 수 있는 다 ③ 구조용 앵커볼트를 사용하는 경우 앵커볼트 간의 중심선\n짐방법을 사용할 경우에는 제외) 은 기둥중심선으로부터 3mm 이상 벗어나지 않아야 한",
      "options": [
        "구조용 앵커볼트를 사용하는 경우 앵커볼트 간의 중심선",
        "22.2mm ② 25mm 다.",
        "31.25mm ④ 33.3mm ④ 앵커볼트로는 구조용 혹은 세우기용 앵커볼트가 사용되"
      ],
      "answer": null,
      "explanation": ""
    },
    {
      "no": 1,
      "question": "굵은골재x4/3 나중매입공법: 기초 콘크리트 타설 전 앵커볼트가 매입될 부분",
      "options": [],
      "answer": null,
      "explanation": ""
    },
    {
      "no": 2,
      "question": "주근직경x1 을 형틀에 대서 미리 비워두고 콘크리트가 양성된 다음에 매입",
      "options": [],
      "answer": null,
      "explanation": ""
    },
    {
      "no": 3,
      "question": "25mm 하거나 경화된 콘크리트를 Core로 천공하여 매입한 다음 빈 곳\n3가지 중 큰 값 적용 을 무수축 고간도 전용 모르타르를 사용하여 메우는 공법\n25mmx4/3=33.33mm [해설작성자 : comcbt.com 이용자]\n[해설작성자 : 킴똘]\n앵커볼트는 구조용 혹은 세우기용 앵커볼트가 사용되어야 하고\n철근의 순간격 (KDS 구조설계 기준) 고정매입공법을 원칙으로 한다.\n보 - 25mm, 공칭지름, 굵은골재 4/3 이상 [해설작성자 : 주식아 올라라]\n기둥 - 40mm, 공칭지름 1.5, 굵은골재 4/3 이상",
      "options": [],
      "answer": null,
      "explanation": ""
    },
    {
      "no": 76,
      "question": "모래지반 흙막이 공사에서 널말뚝의 틈새로 물과 토사가 유",
      "options": [],
      "answer": null,
      "explanation": ""
    },
    {
      "no": 73,
      "question": "철근의 피복두께를 유지하는 목적이 아닌 것은? 실되어 지반이 파괴되는 현상은?",
      "options": [
        "부재의 소요 구조 내력 확보 ① 히빙 현상(Heaving)",
        "부재의 내화성 유지 ② 파이핑 현상(piping)",
        "콘크리트의 강도 증대 ③ 액상화 현상(Liquefaction)",
        "부재의 내구성 유지 ④ 보일링 현상(Boiling)"
      ],
      "answer": null,
      "explanation": ""
    },
    {
      "no": 74,
      "question": "불량품, 결점, 고장 등의 발생건수를 현상과 원인별로 분류\n모래가 솟아 오르는 현상\n하고, 여러 가지 데이터를 항목별로 분류해서 문제의 크기\n○ 액상화현상 : 느슨한 사질토층이 순간충격(지진 등)과 같은\n순서로 나열하여, 그 크기를 막대그래프로 표기한 품질관리\n진동에 의해 과잉간극수압의 발생으로 유효응력이 감소되어, 사\n도구는?\n질토층 내에 전단강도가 없어질 때 액체와 같은 거동을 하는 현",
      "options": [
        "파레토그램 ② 특성요인도",
        "히스토그램 ④ 체크시트",
        "시공 시 단계별 시공법을 적용할 수 있어 설계 및 시공 ① 사질지반보다 점토질 지반에서 효과가 좋다.",
        "지하수위를 낮추는 공법이다.",
        "설계과정에서 설계가 시공에 미치는 영향을 예측할 수 ③ 1~3m의 간격으로 파이프를 지중에 박는다.",
        "인접지 침하의 우려에 따른 주의가 필요하다.",
        "기획 및 설계과정에서 발주자와 설계자간의 의견대립 없 <문제 해설>",
        "대리인형 CM(CM for fee)방식은 공사비와 품질에 직접 [해설작성자 : 내일 모레 시험봄]"
      ],
      "answer": null,
      "explanation": ""
    },
    {
      "no": 81,
      "question": "깬자갈을 사용한 콘크리트가 동일한 시공연도의 보통 콘크\n대한 전문적인 관리업무로 약정된 보수만 수령\n리트 보다 유리한 점은?\n[해설작성자 : Pepsi]",
      "options": [
        "시멘트 페이스트와의 부착력 증가",
        "단위수량 감소",
        "수밀성 증가",
        "내구성 증가"
      ],
      "answer": null,
      "explanation": ""
    },
    {
      "no": 82,
      "question": "목재를 작은 조각으로 하여 충분히 건조시킨 후 합성수지와\n같은 유기질의 접착제를 첨가하여 열압 제판한 목재 가공품",
      "options": [],
      "answer": null,
      "explanation": ""
    },
    {
      "no": 78,
      "question": "철골구조의 내화피복에 관한 설명으로 옳지 않은 것은?\n은?",
      "options": [
        "조적공법은 용접철망을 부착하여 경량모르타르, 펄라이",
        "파티클 보드(Paricle board)",
        "코르크판(Cork board)",
        "뿜칠공법은 철골표면에 접착제를 혼합한 내화피복재를",
        "섬유판(Fiber board)",
        "집성목재(Glulam)",
        "성형판 공법은 내화단열성이 우수한 각종 성형판을 철골",
        "타설공법은 아직 굳지 않은 경량콘크리트나 기포모르타"
      ],
      "answer": null,
      "explanation": ""
    },
    {
      "no": 83,
      "question": "도료상태의 방수재를 바탕면에 여러 번 칠하여 얇은 수지피\n[해설작성자 : 내일 모레 시험봄]\n막을 만들어 방수효과를 얻는 것으로 에멀션형, 용제형, 에\n폭시계 형태의 방수공법은?\n1번은 미장 공법",
      "options": [
        "시트방수 ② 도막방수",
        "침투성 도포방수 ④ 시멘트 모르타르 방수"
      ],
      "answer": null,
      "explanation": ""
    },
    {
      "no": 79,
      "question": "철근콘크리트에서 염해로 인한 철근의 부식방지대책으로 옳\n도막방수의 종류\n지 않은 것은?\n1) 유제형 도막방수(에멀션형):수지유제(아크릴, 합성고무, 초산",
      "options": [
        "콘크리트 중의 염소 이온량을 적게 한다.",
        "에폭시 수지 도장 철근을 사용한다.",
        "방청제 투입을 고려한다.",
        "물-시멘트비를 크게 한다."
      ],
      "answer": null,
      "explanation": ""
    },
    {
      "no": 80,
      "question": "웰 포인트 공법(well point method)에 관한 설명으로 옳지 정도의 얇은 도막을 형성하는 공법이다.\n기출문제 해설은 최강 자격증 기출문제 전자문제집 CBT : www.comcbt.com 통해서 실시간으로 변경됩니다.\n본 해설집은 최강 자격증 기출문제 전자문제집 CBT 해설달기 프로젝트에 의해서 만들어진 자료입니다. 해설을 제공해 주신 모든 분들께 감사 드립니다.\n건설안전기사 ◐ 2022년 03월 05일 필기 기출문제 및 해설집◑ 전자문제집 CBT :www.comcbt.com\n내약품성, 내마모성이 우수하여 화학공장이나 화학약품을 취",
      "options": [
        "콘크리트 ② 코르크판",
        "알루미늄 ④ 주철"
      ],
      "answer": null,
      "explanation": ""
    },
    {
      "no": 84,
      "question": "합성수지의 종류 중 열가소성수지가 아닌 것은?",
      "options": [
        "염화비닐 수지 ② 멜라민 수지 88. 콘크리트의 혼화재료 중 혼화제에 속하는 것은?",
        "폴리프로필렌 수지 ④ 폴리에틸렌 수지 ① 플라이애시",
        "실리카흄",
        "고로슬래그 미분말",
        "고성능 감수제"
      ],
      "answer": null,
      "explanation": ""
    },
    {
      "no": 85,
      "question": "수성페인트에 대한 설명으로 옳지 않은 것은?\n[해설작성자 : Pepsi]",
      "options": [
        "수성페인트의 일종인 에멀션 페인트는 수성페인트에 합",
        "수성페인트를 칠한 면은 외관은 온화하지만 독성 및 화",
        "수성페인트의 재료로 아교·전분·카세인 등이 활용된다.",
        "광택이 없으며 회반죽면 또는 모르타르면의 칠에 적당하",
        "사질점토는 적갈색으로 내화성이 좋다.",
        "자토는 순백색이며 내화성이 우수하나 가소성은 부족하",
        "석기점토는 유색의 견고치밀한 구조로 내화도가 높고 가"
      ],
      "answer": null,
      "explanation": ""
    },
    {
      "no": 2,
      "question": "독성이없다 독성및 화재위험성은 유성페인트 ④ 석회질점토는 백색으로 용해되기 쉽다.\n[해설작성자 : ㅎㅇ] <문제 해설>\n사질점토는 적갈색으로 내화성이 좋다 → 내화성이 낮다",
      "options": [
        "석회질점토는 백색으로 용해되기 쉽다."
      ],
      "answer": null,
      "explanation": ""
    },
    {
      "no": 86,
      "question": "금속판에 관한 설명으로 옳지 않은 것은?\n[해설작성자 : Pepsi]",
      "options": [
        "알루미늄 판은 경량이고 열반사도 좋으나 알칼리에 약하",
        "스테인리스 강판은 내식성이 필요한 제품에 사용된다.",
        "함석판은 아연도철판이라고도 하며 외관미는 좋으나 내",
        "연판은 X선 차단효과가 있고 내식성도 크다. 90. 콘크리트에 AE제를 첨가했을 경우 공기량 증감에 큰 영향을"
      ],
      "answer": null,
      "explanation": ""
    },
    {
      "no": 3,
      "question": "내식성이 약하다 → 강하다",
      "options": [
        "혼합시간 ② 시멘트의 사용량",
        "주위온도 ④ 양생방법"
      ],
      "answer": null,
      "explanation": ""
    },
    {
      "no": 87,
      "question": "다음 중 열전도율이 가장 낮은 것은?\n기출문제 해설은 최강 자격증 기출문제 전자문제집 CBT : www.comcbt.com 통해서 실시간으로 변경됩니다.\n본 해설집은 최강 자격증 기출문제 전자문제집 CBT 해설달기 프로젝트에 의해서 만들어진 자료입니다. 해설을 제공해 주신 모든 분들께 감사 드립니다.\n건설안전기사 ◐ 2022년 03월 05일 필기 기출문제 및 해설집◑ 전자문제집 CBT :www.comcbt.com\n능 AE감수제 이런식으로요!! ③ 크레센트(crescent) : 여닫이문의 상하단에 붙여 경첩과\n같은 역할을 한다.\nAE제는 혼화제의 한 종류로서 배합시 5% 이하로 첨가되며 중량 ④ 래버터리힌지(lavatory hinge) : 스프링 힌지의 일종으로\n에는 미포함됩니다..또한 제품의 성능향상을 시키는 혼화재와는 공중용 화장실 등에 사용된다.\n다르게 시공성향상을 주목적으로 약품적 성질을 가집니다..장점 <문제 해설>\n으로는 workability 향상, 동결융해저항향상, 블리딩감소 등이 있 영문으로 초승달을 뜻하는 Crescent의 기원으로 창문 잠금장치\n고 단점으로 과다시 콘크리트강도감소가 우려되며 철근과의 부 를 말한다.\n착력도 감소됩니다. [해설작성자 : 멋쟁이]\n[해설작성자 : Truman]",
      "options": [
        "크레센트(crescent) : 여닫이문의 상하단에 붙여 경첩과",
        "래버터리힌지(lavatory hinge) : 스프링 힌지의 일종으로"
      ],
      "answer": null,
      "explanation": ""
    },
    {
      "no": 94,
      "question": "건축재료 중 마감재료의 요구성능으로 거리가 먼 것은?",
      "options": [],
      "answer": null,
      "explanation": ""
    },
    {
      "no": 91,
      "question": "슬럼프 시험에 대한 설명으로 옳지 않은 것은?",
      "options": [
        "화학적 성능 ② 역학적 성능",
        "슬럼프 시험 시 각 층을 50회 다진다. ③ 내구성능 ④ 방화·내화 성능",
        "콘크리트의 시공연도를 측정하기 위하여 행한다. <문제 해설>",
        "슬럼프콘에 콘크리트를 3층으로 분할하여 채운다. 마감재는 구조재가 아님",
        "슬럼프 값이 높을 경우 콘크리트는 묽은 비빔이다. [해설작성자 : 합격 가자 아자 ]"
      ],
      "answer": null,
      "explanation": ""
    },
    {
      "no": 95,
      "question": "PVC바닥재에 대한 일반적인 설명으로 옳지 않은 것은?\n슬럼프 시험 시 각 층을 50회 다진다 → 25회",
      "options": [
        "보통 두께 3mm 이상의 것을 사용한다.",
        "접착제는 비닐계 바닥재용 접착제를 사용한다.",
        "바닥시트에 이용하는 용접봉, 용접액 혹은 줄눈재는 제",
        "재료보관은 통풍이 잘 되고 햇빛이 잘 드는 곳에 보관한"
      ],
      "answer": null,
      "explanation": ""
    },
    {
      "no": 4,
      "question": "햇빛이 잘 비춰지는 곳에 배치하게 되면 직사광선의 영향으\n[해설작성자 : 록시]\n로 인하여 재료의 변질이 일어날 수 있음\n[해설작성자 : 내일 모레 시험봄]\n아래와 같은 오류 신고가 있었습니다.\n여러분들의 많은 의견 부탁 드립니다.",
      "options": [],
      "answer": null,
      "explanation": ""
    },
    {
      "no": 96,
      "question": "점토기와 중 훈소와에 해당하는 설명은?\n추후 여러분들의 의견을 반영하여 정답을 수정하도록 하겠습니",
      "options": [
        "소소와에 유약을 발라 재소성한 기와",
        "기와 소성이 끝날 무렵에 식염증기를 충만시켜 유약 피",
        "저급점토를 원료로 900~1000℃로 소소하여 만든 것으",
        "건조제품을 가마에 넣고 연료로 장작이나 솔잎 등을 써"
      ],
      "answer": null,
      "explanation": ""
    },
    {
      "no": 92,
      "question": "목재 섬유포화점의 함수율은 대략 얼마 정도인가?\n1번 시유와",
      "options": [
        "약 10% ② 약 20%",
        "약 30% ④ 약 40%"
      ],
      "answer": null,
      "explanation": ""
    },
    {
      "no": 97,
      "question": "골재의 실적률에 관한 설명으로 옳지 않은 것은?",
      "options": [
        "실적률은 골재 입형의 양부를 평가하는 지표이다.",
        "부순 자갈의 실적률은 그 입형 때문에 강자갈의 실적률",
        "실적률 산정 시 골재의 밀도는 절대건조 상태의 밀도를"
      ],
      "answer": null,
      "explanation": ""
    },
    {
      "no": 93,
      "question": "각 창호철물에 관한 설명으로 옳지 않은 것은?\n말한다.",
      "options": [
        "피벗힌지(pivot hinge) : 경첩 대신 촉을 사용하여 여닫",
        "골재의 단위용적질량이 동일하면 골재의 비중이 클수록",
        "나이트래치(night latch) : 외부에서는 열쇠, 내부에서는"
      ],
      "answer": null,
      "explanation": ""
    },
    {
      "no": 98,
      "question": "미장재료 중 돌로마이트 플라스터에 대한 설명으로 옳지 않 101. 유해·위험방지계획서 제출 시 첨부서류로 옳지 않은 것은?\n은 것은?",
      "options": [
        "공사현장의 주변 현황 및 주변과의 관계를 나타내는 도",
        "보수성이 크고 응결시간이 길다. 면",
        "소석회에 모래, 해초풀, 여물 등을 혼합하여 바르는 미장 ② 공사개요서",
        "전체공정표",
        "회반죽에 비하여 조기강도 및 최종강도가 크고 착색이 ④ 작업인부의 배치를 나타내는 도면 및 서류",
        "여물을 혼입하여도 건조수축이 크기 때문에 수축 균열이 유해위험방지계획서 제출 시 첨부서류",
        "공사개요",
        "안전보건관리계획",
        "작업 공사 종류별 유해, 위험방지계획",
        "작업환경 조성계획"
      ],
      "answer": null,
      "explanation": ""
    },
    {
      "no": 102,
      "question": "추락 재해방지 설비 중 근로자의 추락재해를 방지 할 수\n[해설작성자 : 댄디]\n있는 설비로 작업발판 설치가 곤란한 경우에 필요한 설비\n는?\n돌로마이트 플라스터",
      "options": [
        "경사로 ② 추락방호망",
        "고장사다리 ④ 달비계"
      ],
      "answer": null,
      "explanation": ""
    },
    {
      "no": 103,
      "question": "건설업 산업안전보건관리비 계상 및 사용기준에 따른 안전\n관리비의 개인보호구 및 안전장구 구입비 항목에서 안전관",
      "options": [],
      "answer": null,
      "explanation": ""
    },
    {
      "no": 99,
      "question": "파손방지, 도난방지 또는 진동이 심한 장소에 적합한 망입\n리비로 사용이 가능한 경우는?\n(網入)유리의 제조 시 사용되지 않는 금속선은?",
      "options": [
        "안전·보건관리자가 선임되지 않은 현장에서 안전·보건업",
        "철선(철사) ② 황동선",
        "청동선 ④ 알루미늄선",
        "혹한·혹서에 장기간 노출로 인해 건강장해를 일으킬 우",
        "근로자에게 일률적으로 지급하는 보냉·보온장구"
      ],
      "answer": null,
      "explanation": ""
    },
    {
      "no": 100,
      "question": "목재의 결점 중 벌채시의 충격이나 그 밖의 생리적 원인으 ④ 감리원이나 외부에서 방문하는 인사에게 지급하는 보호\n로 인하여 세로축에 직각으로 섬유가 절단된 형태를 의미 구\n하는 것은? <문제 해설>",
      "options": [
        "감리원이나 외부에서 방문하는 인사에게 지급하는 보호",
        "수지낭 ② 미숙재 암기해야 되지만, 근로자 건강에 해가 될 수 있는 경우는 가능",
        "컴프레션페일러 ④ 옹이 하다고 보면 됩니다."
      ],
      "answer": null,
      "explanation": ""
    },
    {
      "no": 104,
      "question": "가설통로의 설치기준으로 옳지 않은 것은?\n파괴가 일어나 공극이 생김과 동시에 방사조직 중의 수평수지구",
      "options": [
        "경사가 15°를 초과하는 때에는 미끄러지지 않는 구조로",
        "건설공사에 사용하는 높이 8m 이상인 비계다리에는 7m",
        "절토 및 성토높이를 증가한다.",
        "수직갱에 가설된 통로의 길이가 15m 이상일 경우에는 ④ 토질의 상태에 관계없이 구배조건을 일정하게 한다.",
        "추락의 위험이 있는 장소에는 안전난간을 설치한다. [토석 붕괴의 주요원인]",
        "사면, 법면의 경사 및 기울기의 증가",
        "절토 및 성토 높이의 증가",
        "공사에 의한 진동 및 반복하중의 증가",
        "지표수 및 지하수의 침투에 의한 토사 중량의 증가"
      ],
      "answer": null,
      "explanation": ""
    },
    {
      "no": 105,
      "question": "비계의 높이가 2m 이상인 작업장소에 작업발판을 설치할\n⑤ 지진, 차량, 구조물의 하중작용\n경우 준수하여야 할 기준으로 옳지 않은 것은?\n⑥ 토사 및 암석의 혼합층 두께",
      "options": [
        "지진, 차량, 구조물의 하중작용",
        "작업발판의 폭은 30cm 이상으로 한다."
      ],
      "answer": null,
      "explanation": ""
    },
    {
      "no": 2,
      "question": "내적 원인\n② 발판재료간의 틈은 3cm 이하로 한다.",
      "options": [
        "발판재료간의 틈은 3cm 이하로 한다.",
        "절토 사며의 토질, 암질",
        "추락의 위험성이 있는 장소에는 안전난간을 설치한다.",
        "성토 사면의 토질구성 및 분포",
        "발판재료는 뒤집히거나 떨어지지 않도록 2개 이상의 지",
        "토석의 강도 저하",
        "운반 작업을 집중하여 시킬 것"
      ],
      "answer": null,
      "explanation": ""
    },
    {
      "no": 2,
      "question": "작업발판의 폭은 40센티미터 이상으로 하고, 발판재료 간의 ② 생산을 최고로 하는 운반을 생각할 것\n틈은 3센티미터 이하로 할 것. ③ 곡선 운반을 할 것\n[해설작성자 : paintier] ④ 연속 운반을 할 것\n<문제 해설>",
      "options": [
        "생산을 최고로 하는 운반을 생각할 것",
        "곡선 운반을 할 것",
        "연속 운반을 할 것"
      ],
      "answer": null,
      "explanation": ""
    },
    {
      "no": 106,
      "question": "가설구조물의 문제점으로 옳지 않은 것은?\n취급,운반의 5원칙",
      "options": [
        "도괴재해의 가능성이 크다.",
        "추락재해 가능성이 크다.",
        "부재의 결합이 간단하나 연결부가 견고하다.",
        "구조물이라는 통상의 개념이 확고하지 않으며 조립의 정"
      ],
      "answer": null,
      "explanation": ""
    },
    {
      "no": 3,
      "question": "장점\n[해설작성자 : 내일 모레 시험봄] 110. 철골작업 시 철골부재에서 근로자가 수직방향으로 이동하\n는 경우엔 설치하여야 하는 고정된 승강로의 최대 답단 간\n연결부가 견고하지는 않죠. 격은 얼마 이내인가?\n[해설작성자 : 지나가다.]",
      "options": [
        "20cm ② 25cm",
        "30cm ④ 40cm"
      ],
      "answer": null,
      "explanation": ""
    },
    {
      "no": 107,
      "question": "거푸집 해체작업 시 유의사항으로 옳지 않은 것은?\n<문제 해설>",
      "options": [
        "일반적으로 수평부재의 거푸집은 연직부재의 거푸집보다",
        "해체된 거푸집이나 각목 등에 박혀있는 못 또는 날카로",
        "상하 동시 작업은 원칙적으로 금지하여 부득이한 경우에",
        "거푸집 해체작업장 주위에는 관계자를 제외하고는 출입",
        "공기정화장치 ② 비상정지장치",
        "제동장치 ④ 권과방지장치"
      ],
      "answer": null,
      "explanation": ""
    },
    {
      "no": 108,
      "question": "법면 붕괴에 의한 재해 예방조치로서 옳은 것은?\n[해설작성자 : 내일 시험봄]",
      "options": [
        "지표수와 지하수의 침투를 방지한다.",
        "법면의 경사를 증가한다. 112. 작업장 출입구 설치 시 준수해야 할 사항으로 옳지 않은",
        "출입구의 위치·수 및 크기가 작업장의 용도와 특성에 맞 굴착면의 기울기 기준 (제 339조제1항 관련)",
        "출입구에 문을 설치하는 경우에는 근로자가 쉽게 열고 모래 : 1 : 1.8(추가)",
        "주된 목적이 하역운반기계용인 출입구에는 보행자용 출 경암 : 1 : 0.5",
        "계단이 출입구와 바로 연결된 경우에는 작업자의 안전한 ----------보통흙----------"
      ],
      "answer": null,
      "explanation": ""
    },
    {
      "no": 115,
      "question": "사면지반 개량공법으로 옳지 않은 것은?\n산업안전보건기준에관한 규칙 제11조(작업장의 출입구)",
      "options": [
        "전기 화학적 공법 ② 석회 안정처리 공법"
      ],
      "answer": null,
      "explanation": ""
    },
    {
      "no": 3,
      "question": "주된 목적이 하역운반기계용인 출입구에는 인접하여 보행자\n③ 이온 교환 방법 ④ 옹벽 공법\n용 출입구를 따로 설치할 것\n<문제 해설>\n[해설작성자 : paintier]\n사면지반 개량공법",
      "options": [
        "이온 교환 방법 ④ 옹벽 공법"
      ],
      "answer": null,
      "explanation": ""
    },
    {
      "no": 113,
      "question": "옥외에 설치되어 있는 주행크레인에 대하여 이탈방지장치 1. 이온교환공법, 2 주입공법, 3 전기화확적 공법, 4 시멘트 안\n를 작동시키는 등 그 이탈을 방지하기 위한 조치를 하여야 정 처리공법, 5 석회 언정 처리공법, 6 소결공법\n하는 순간풍속에 대한 기준으로 옳은 것은? *옹벽은 사면 보강공법 입니다",
      "options": [
        "순간풍속이 초당 10m를 초과하는 바람이 불어올 우려가 [해설작성자 : 리오트]"
      ],
      "answer": null,
      "explanation": ""
    },
    {
      "no": 116,
      "question": "흙막이벽 근입깊이를 깊게하고, 전면의 굴착부분을 남겨두\n② 순간풍속이 초당 20m를 초과하는 바람이 불어올 우려가\n어 흙의 중량으로 대항하게 하거나, 굴착예정부분의 일부\n있는 경우\n를 미리 굴착하여 기초콘크리트를 타설하는 등의 대책과\n③ 순간풍속이 초당 30m를 초과하는 바람이 불어올 우려가\n가장 관계가 깊은 것은?\n있는 경우",
      "options": [
        "순간풍속이 초당 20m를 초과하는 바람이 불어올 우려가",
        "순간풍속이 초당 30m를 초과하는 바람이 불어올 우려가",
        "파이핑현상이 있을 때 ② 히빙현상이 있을 때",
        "순간풍속이 초당 40m를 초과하는 바람이 불어올 우려가",
        "지하수위가 높을 때 ④ 굴착깊이가 깊을 때"
      ],
      "answer": null,
      "explanation": ""
    },
    {
      "no": 1,
      "question": "초당 10m는 용접불가한 풍속\n흙의 중량을 이용하거나, 더 올라오지 않게 하는 거니까, 히빙\n[해설작성자 : 내일 모레 시험봄]\n[해설작성자 : 내일 모레 시험봄]\n악천후 시 조치\n히빙 방지대책\n1) 순간풍속이 초당 10미터를 초과 : 타워크레인의 설치·수리·점\n- 흙막이 근입깊이를 깊게\n검 또는 해체작업을 중지\n- 표토제거 하중감소\n2) 순간풍속이 초당 15미터를 초과 : 타워크레인의 운전작업을\n- 지반개량\n중지\n- 굴착면 하중증가\n3) 순간풍속이 초당 30미터를 초과 : 옥외에 설치되어 있는 주\n- 어스앵커설치 등\n행 크레인 이탈방지조치\n[해설작성자 : 제이제이2]\n4) 순간풍속이 초당 30미터를 초과하는 바람이 불거나 중진(中\n震) 이상 진도의 지진이 있은 후 : 옥외 양중기 각 부위 이상 점\n파이핑 현상 : 수위차가 있는 지반 중에 파이프 현태의 수맥이\n검\n생겨 사질층의 물이 배출되는 현상으로 수밀성이 적은 흙막이벽\n5) 순간풍속이 초당 35미터를 초과 : 옥외 승강기 및 건설작업\n또는 흙막이벽의 부실로 인한 구멍, 이음새로 물이 배출되어 발\n용 리프트(지하에 설치되어 있는 것은 제외)에 대하여 받침의 수\n생한다.\n를 증가시키는 등 승강기가 무너지는 것을 방지하기 위한 조치\n히빙 현상 : 굴착면 저면이 부풀어 오르는 현상으로 연약한 점\n[해설작성자 : 채리]\n토지반을 굴착할 때 굴축배면의 토사중량이 굴착 저면 이하의",
      "options": [],
      "answer": null,
      "explanation": ""
    },
    {
      "no": 114,
      "question": "지반 등의 굴착작업 시 연암의 굴착면 기울기로 옳은 것 지반 지지력보다 클 때 발생한다.\n은?(2023년 11월 14일 개정된 규정 적용됨) 보일링 현상 : 굴착 저면과 굴착배면의 수위차로 인해 침수투압",
      "options": [
        "1 : 0.5 ② 1 : 0.8 이 모래와 같이 솟아오르는 현상으로 투수정이 좋은 사질지반에",
        "1 : 1.0 ④ 1 : 1.5 서 주로 발생하며, 흙막이벽 하단의 지지력 감소및 토립자 이동"
      ],
      "answer": null,
      "explanation": ""
    },
    {
      "no": 117,
      "question": "사다리식 통로 등을 설치하는 경우 통로 구조로서 옳지 않\n은 것은? 119. 건설작업장에서 근로자가 상시 작업하는 장소의 작업면 조",
      "options": [
        "발판의 간격은 일정하게 한다. 도기준으로 옳지 않은 것은? (단, 갱내 작업장과 감광재료",
        "발판과 벽과의 사이는 15 cm 이상의 간격을 유지한다. 를 취급하는 작업장의 경우는 제외)",
        "사다리의 상단은 걸쳐놓은 지점으로부터 60cm 이상 올 ① 초정밀작업 : 600럭스(lux) 이상",
        "정밀작업 : 300럭스(lux) 이상",
        "폭은 40cm 이상으로 한다. ③ 보통작업 : 150럭스(lux) 이상",
        "초정밀, 정밀, 보통작업을 제외한 기타 작업 : 75럭스"
      ],
      "answer": null,
      "explanation": ""
    },
    {
      "no": 1,
      "question": "견고한 구조로 만들 것",
      "options": [],
      "answer": null,
      "explanation": ""
    },
    {
      "no": 120,
      "question": "강관틀비계를 조립하여 사용하는 경우 준수해야할 기준으",
      "options": [],
      "answer": null,
      "explanation": ""
    },
    {
      "no": 2,
      "question": "심한 손상, 부식 등이 없는 재료를 사용할 것\n로 옳지 않은 것은?",
      "options": [],
      "answer": null,
      "explanation": ""
    },
    {
      "no": 3,
      "question": "발판의 간격은 일정하게 만들 것",
      "options": [
        "수직방향으로 6m, 수평방향으로 8m 이내마다 벽이음을"
      ],
      "answer": null,
      "explanation": ""
    },
    {
      "no": 4,
      "question": "발판과 벽과의 사이는 15cm이상의 간격을 유지할 것(*)\n할 것",
      "options": [],
      "answer": null,
      "explanation": ""
    },
    {
      "no": 5,
      "question": "사다리의 상단(끝)은 걸져놓은 지점으로부터 60cm이상 올라\n② 높이가 20m를 초과하거나 중량물의 적재를 수반하는 작\n가도록 할 것.\n업을 할 경우에는 주틀 간의 간격을 2.4m 이하로 할 것",
      "options": [
        "높이가 20m를 초과하거나 중량물의 적재를 수반하는 작"
      ],
      "answer": null,
      "explanation": ""
    },
    {
      "no": 6,
      "question": "사다리식 통로의 길이가 10m이상인 경우에는 5m이내마다\n③ 길이가 띠장 방향으로 4m 이하이고 높이가 10m를 초과\n계단참을 설치할 것\n하는 경우에는 10m이내마다 띠장 방향으로 버팀기둥을",
      "options": [
        "길이가 띠장 방향으로 4m 이하이고 높이가 10m를 초과"
      ],
      "answer": null,
      "explanation": ""
    },
    {
      "no": 7,
      "question": "사다리식 통로는 90도까지 설치할 수 있다..다만, 고정식이면\n설치할 것\n서, 75도를 넘고, 사다라 높이가 7m를 넘으면 바닥으로 높이\n④ 주틀 간에 교차 가새를 설치하고 최상층 및 5층 이내마",
      "options": [
        "주틀 간에 교차 가새를 설치하고 최상층 및 5층 이내마"
      ],
      "answer": null,
      "explanation": ""
    },
    {
      "no": 2,
      "question": "5m지점부터 등받이가 있어야 한다..(**)\n다 수평재를 설치할 것",
      "options": [],
      "answer": null,
      "explanation": ""
    },
    {
      "no": 8,
      "question": "발판폭은 30cm이상으로 만들 것\n<문제 해설>\n[해설작성자 : Truman]\n높이가 20미터를 초과하거나 중량물의 적재를 수반하는 작업을\n할 경우에는 주틀 간의 간격을 1.8미터 이하로 할 것\n산업안전보건기준에 관한 규칙 ( 약칭: 안전보건규칙 )\n[해설작성자 : 멋쟁이]\n제24조(사다리식 통로 등의 구조)",
      "options": [],
      "answer": null,
      "explanation": ""
    },
    {
      "no": 9,
      "question": "사다리식 통로의 기울기는 75도 이하로 할 것. 다만, 고정식\n사다리식 통로의 기울기는 90도 이하로 하고, 그 높이가 7미터\n이상인 경우에는 바닥으로부터 높이가 2.5미터 되는 지점부터\n등받이울을 설치할 것\n[해설작성자 : paintier]",
      "options": [],
      "answer": null,
      "explanation": ""
    },
    {
      "no": 118,
      "question": "콘크리트 타설작업을 하는 경우에 준수해야할 사항으로 옳\n지 않은 것은?",
      "options": [
        "당일의 작업을 시작하기 전에 해당 작업에 관한 거푸집",
        "작업 중에는 거푸집동바리 등의 변형·변위 및 침하 유무",
        "콘크리트 타설작업 시 거푸집붕괴의 위험이 발생할 우려",
        "콘크리트를 타설하는 경우에는 편심이 발생하지 않도록",
        "② ① ① ① ④ ③ ③ ④ ③",
        "③ ② ③ ④ ④ ② ④ ③ ①",
        "② ④ ① ③ ③ ② ③ ② ④",
        "④ ① ① ② ④ ③ ③ ④ ①",
        "④ ④ ① ④ ② ② ① ④ ③",
        "② ④ ④ ③ ③ ③ ② ③ ①",
        "④ ③ ③ ④ ② ② ③ ② ②",
        "④ ③ ① ④ ② ④ ① ④ ①",
        "① ② ② ② ③ ② ④ ① ④",
        "③ ③ ② ④ ④ ④ ② ③ ③",
        "② ② ③ ① ③ ① ① ③ ③",
        "③ ③ ③ ④ ② ④ ② ① ②"
      ],
      "answer": null,
      "explanation": ""
    }
  ]
}