{
  "title": "산업안전기사20180304(해설집) (1).pdf",
  "questions": [
    {
      "no": 1,
      "question": "기업 내 정형교육 중 TWI(Training Within Industry)의 교육내\n④ 손다이크(Thomdike)의 시행착오설은 내적, 외적의 전체구\n용이 아닌 것은?\n조를 새로운 시점에서 파악하여 행동하는 것이다.",
      "options": [
        "손다이크(Thomdike)의 시행착오설은 내적, 외적의 전체구",
        "Job Method Training",
        "Job Relation Training"
      ],
      "answer": null,
      "explanation": ""
    },
    {
      "no": 1,
      "question": "파블로프의 조건반사설 - 동물에게 어떤 자극을 계속 주면 반\n③ Job Instruction Training\n사적으로 그것에 따라 반응하게 되는데 사람의 경우도 동일한\n④ Job Standardization Training\n과정으로 적용하는 행동이 나타나 학습하게 된다.\n<문제 해설>",
      "options": [
        "Job Instruction Training",
        "Job Standardization Training"
      ],
      "answer": null,
      "explanation": ""
    },
    {
      "no": 2,
      "question": "레윈의 장설 - 한사람의 전체적인 생활공간을 뜻하는 것으로",
      "options": [],
      "answer": null,
      "explanation": ""
    },
    {
      "no": 1,
      "question": "작업방법훈련(Job Method Training: JMT)\n써 생활공간 내에서 개인과 심리적 환경과의 관계는 상호의존적",
      "options": [],
      "answer": null,
      "explanation": ""
    },
    {
      "no": 2,
      "question": "작업지도훈련(Job Instruction Training: JIT)\n이다..생활공간중의 개인은 수동적으로만 환경의 영향을 받는 것",
      "options": [],
      "answer": null,
      "explanation": ""
    },
    {
      "no": 3,
      "question": "인간관계(부하통솔)훈련(Job Relations Training: JRT)\n이 아니라 환경을 개인의 요구에 의하여 심리적으로 한정한다..",
      "options": [],
      "answer": null,
      "explanation": ""
    },
    {
      "no": 4,
      "question": "작업안전훈련(Job Safety Training: JST)\n따라서 행동은 생활공간의 함수이다.\n[해설작성자 : ysys9004]",
      "options": [],
      "answer": null,
      "explanation": ""
    },
    {
      "no": 3,
      "question": "톨만의 기호형태설 - 학습자의 머리 속에 인지적 지도 같은\n인지구조를 바탕으로 학습하려는 것이다.",
      "options": [],
      "answer": null,
      "explanation": ""
    },
    {
      "no": 1,
      "question": "작업지시(JI)",
      "options": [],
      "answer": null,
      "explanation": ""
    },
    {
      "no": 4,
      "question": "손다이크의 시행착오설 - 맹목적 시행을 반복하는 가운데 자",
      "options": [],
      "answer": null,
      "explanation": ""
    },
    {
      "no": 2,
      "question": "작업방법(JM)\n극과 반응이 결합하여 행동하는 것이다.",
      "options": [],
      "answer": null,
      "explanation": ""
    },
    {
      "no": 3,
      "question": "작업관계(JR)\n[해설작성자 : ysys9004]\n○ TWI(Train Within Industry)\n주로 감독자를 교육대상자로 하며 감독자는\n손다이크 = 준비성 효율성 연습성\n직무에 관한지식 책임에 관한지식 작업을 가르치는 능력\n[해설작성자 : 보라매 오키톡끼]\n작업방법을 개선하는 기능 사람을 다루는 기량의 5가지\n요건을 구비해야 한다는 전제로 전체교육시간은 10시간으로",
      "options": [],
      "answer": null,
      "explanation": ""
    },
    {
      "no": 4,
      "question": "레빈(Lewin)의 법칙 B=f(PㆍE) 중 B가 의미하는 것은?\n1일 2시간씩 5일간 실시하며",
      "options": [
        "인간관계 ② 행동",
        "환경 ④ 함수"
      ],
      "answer": null,
      "explanation": ""
    },
    {
      "no": 1,
      "question": "작업방법훈련(JMT : Job Method Training) : 작업개선\n<문제 해설>",
      "options": [],
      "answer": null,
      "explanation": ""
    },
    {
      "no": 2,
      "question": "인간관계훈련(JRT : Job Relation Training) : 부하통솔\nB : behavior(인간의 행동)",
      "options": [],
      "answer": null,
      "explanation": ""
    },
    {
      "no": 3,
      "question": "작업지도훈련(JIT : Job Instruction Training):작업지도,지\nP : person(개체:연령, 경험, 심신 상태, 성격, 지능, 소질)\n시\nE : environment(심리적 환경-인간관계, 작업환경)",
      "options": [],
      "answer": null,
      "explanation": ""
    },
    {
      "no": 4,
      "question": "작업안전훈련(JST : Job Safety Training) : 작업안전\nf : function함수관계(적성, 기타 P와 E에 영향을 주는 조건)\n[해설작성자 : kjt]\n[해설작성자 : ysys9004]",
      "options": [],
      "answer": null,
      "explanation": ""
    },
    {
      "no": 2,
      "question": "재해사례연구의 진행단계 중 다음 ( ) 안에 알맞은 것은?",
      "options": [],
      "answer": null,
      "explanation": ""
    },
    {
      "no": 5,
      "question": "학습지도의 형태 중 몇 사람의 전문가에 의해 과정에 관한\n견해를 발표하고 참가자로 하여금 의견이나 질문을 하게 하\n는 토의방식은?",
      "options": [
        "포럼(Forum)",
        "㉠사실의 확인, ㉡문제점의 발견, ㉢대책수립",
        "심포지엄(Symposium)",
        "㉠문제점의 발견, ㉡사실의 확인, ㉢대책수립",
        "버즈세션(Buzz session)",
        "㉠사실의 확인, ㉡대책수립, ㉢문제점의 발견",
        "자유토의법(Free discussion method)",
        "㉠문제점의 발견, ㉡대책수립, ㉢사실의 확인"
      ],
      "answer": null,
      "explanation": ""
    },
    {
      "no": 1,
      "question": "포럼 - 새로운 자료나 교재를 제시하거나 문제점을 피교육자",
      "options": [],
      "answer": null,
      "explanation": ""
    },
    {
      "no": 1,
      "question": "전제조건 : 재해상황의 파악 (5단계일 때)\n로 하여금 제기하게 하고 의견을 여러가지 방법으로 발표하고",
      "options": [],
      "answer": null,
      "explanation": ""
    },
    {
      "no": 2,
      "question": "제1단계 : 사실의 확인\n토의를 행하는 방법",
      "options": [],
      "answer": null,
      "explanation": ""
    },
    {
      "no": 3,
      "question": "제2단계 : 문제점의 발견",
      "options": [],
      "answer": null,
      "explanation": ""
    },
    {
      "no": 2,
      "question": "심포지엄 - 몇 사람의 전문가에 의해 과정에 관한 견해를 발",
      "options": [],
      "answer": null,
      "explanation": ""
    },
    {
      "no": 4,
      "question": "제3단계 : 근본 문제점의 결정\n표한 뒤 참가자로 하여금 의견이나 질문을 하게 하는 토의 방법",
      "options": [],
      "answer": null,
      "explanation": ""
    },
    {
      "no": 5,
      "question": "제4단계 : 대책 수립",
      "options": [],
      "answer": null,
      "explanation": ""
    },
    {
      "no": 3,
      "question": "버즈세션 - 참가자가 다수인 경우에 전원을 토의에 참가시키\n[해설작성자 : ysys9004]\n기 위한 방법으로 소집단을 구성하여 회의를 진행 시키는데 일\n명 6-6회의라고도 한다.",
      "options": [],
      "answer": null,
      "explanation": ""
    },
    {
      "no": 3,
      "question": "교육심리학의 학습이론에 관한 설명 중 옳은 것은?",
      "options": [],
      "answer": null,
      "explanation": ""
    },
    {
      "no": 4,
      "question": "자유토의법 - 참가자는 고정적인 규칙이나 리더에게 얽매이",
      "options": [
        "파블로프(Pavlov)의 조건반사설은 맹목적 시행을 반복하",
        "레빈(Lewin)의 장설은 후천적으로 얻게 되는 반사작용으"
      ],
      "answer": null,
      "explanation": ""
    },
    {
      "no": 6,
      "question": "산업안전보건법령상 지방고용노동관서의 장이 사업주에게 안\n전관리자ㆍ보건관리자 또는 안전보건관리담당자를 정수 이상\n하인리히 1:29:300\n으로 증원하게 하거나 교체하여 임명할 것을 명할 수 잇는\n경상이 58건이므로 300*2 =.600\n경우의 기준 중 다음 ( ) 안에 알맞은 것은?(2020년 1월 16\n[해설작성자 : 밍]\n일 개정된 규정 적용)",
      "options": [],
      "answer": null,
      "explanation": ""
    },
    {
      "no": 8,
      "question": "상해 정도별 분류 중 의사의 진단으로 일정 기간 정규 노동\n에 종사할 수 없는 상해에 해당하는 것은?",
      "options": [
        "영구 일부노동 불능상해",
        "일시 전노동 불능상해",
        "㉠ 3, ㉡ 2 ② ㉠ 2, ㉡ 3 ③ 영구 전노동 불능상해",
        "㉠ 2, ㉡ 2 ④ ㉠ 3, ㉡ 3 ④ 구급처치 상해"
      ],
      "answer": null,
      "explanation": ""
    },
    {
      "no": 9,
      "question": "데이비스(Davis)의 동기부여이론 중 동기유발의 식으로 옳은\n중대재해란\n것은?\n-사망자 1명 이상",
      "options": [
        "지식 × 기능 ② 지식 × 태도",
        "상황 × 기능 ④ 상황 × 태도"
      ],
      "answer": null,
      "explanation": ""
    },
    {
      "no": 10,
      "question": "안전보건관리조직의 유형 중 스탭형(Staff) 조직의 특징이\n20년 개정으로 인해 중대재해 2건 이상 발생 으로 강화됨\n아닌 것은?\n출제 당시엔 1번 정답, 현재는 3번 정답",
      "options": [
        "생산부문은 안전에 대한 책임과 권한이 없다.",
        "권한 다툼이나 조정 때문에 통제수속이 복잡해지며 시간"
      ],
      "answer": null,
      "explanation": ""
    },
    {
      "no": 7,
      "question": "하인리히(Heinrich)의 재해구성비율에 따른 58건의 경상이 발\n③ 생산부분에 협력하여 안전명령을 전달, 실시하므로 안전\n생한 경우 무상해 사고는 몇 건이 발생하겠는가?\n지시가 용이하지 않으며 안전과 생산을 별개로 취급하기",
      "options": [
        "생산부분에 협력하여 안전명령을 전달, 실시하므로 안전",
        "58건 ② 116건",
        "600건 ④ 900건",
        "명령 계통과 조언 권고적 참여가 혼동되기 쉽다."
      ],
      "answer": null,
      "explanation": ""
    },
    {
      "no": 11,
      "question": "자율검사프로그램을 인정받기 위해 보유하여야 할 검사장비\n기출문제 해설은 최강 자격증 기출문제 전자문제집 CBT : www.comcbt.com 통해서 실시간으로 변경됩니다.\n본 해설집은 최강 자격증 기출문제 전자문제집 CBT 해설달기 프로젝트에 의해서 만들어진 자료입니다. 해설을 제공해 주신 모든 분들께 감사 드립니다.\n산업안전기사 ◐ 2018년 03월 04일 필기 기출문제 및 해설집◑ 전자문제집 CBT :www.comcbt.com\n의 이력카드 작성, 교정주기와 방법 설정 및 관리 등의 관",
      "options": [],
      "answer": null,
      "explanation": ""
    },
    {
      "no": 14,
      "question": "산업안전보건법령상 근로자 안전ㆍ보건교육 기준 중 관리감\n리 주체는?\n독자 정기안전ㆍ보건교육의 교육내용으로 옳은 것은? (단,",
      "options": [
        "사업주 ② 제조사",
        "안전관리전문기관 ④ 안전보건관리책임자",
        "산업안전 및 사고 예방에 관한 사항"
      ],
      "answer": null,
      "explanation": ""
    },
    {
      "no": 1,
      "question": "관련법에 따른 검사원을 고용하고 있을 것\n② 사고 발생 시 긴급조치에 관한 사항",
      "options": [
        "사고 발생 시 긴급조치에 관한 사항"
      ],
      "answer": null,
      "explanation": ""
    },
    {
      "no": 2,
      "question": "고용노동부 장관이 정하여 고지하는 바에 따라 검사를 할 수\n③ 건강증진 및 질병 예방에 관한 사항\n있는 장비를 갖추고 이를 유지•관리할 수 있을 것.\n④ 산업보건 및 직업병 예방에 관한 사항",
      "options": [
        "건강증진 및 질병 예방에 관한 사항",
        "산업보건 및 직업병 예방에 관한 사항"
      ],
      "answer": null,
      "explanation": ""
    },
    {
      "no": 3,
      "question": "관련법에 따른 검사주기의 2분의 1에 해당하는 주기마다 검\n<문제 해설>\n사할 것.\n관리감독자 정기안전, 보건교육내용",
      "options": [],
      "answer": null,
      "explanation": ""
    },
    {
      "no": 4,
      "question": "자율검사 프로그램의 기준이 안전검사 기준을 충족할 것.\n-작업 공정의 유해, 위험과 재해예방대책에 관한사항\n[해설작성자 : 야롱이]\n-표준 안전작업방법 및 지도요령에 관한 사항",
      "options": [],
      "answer": null,
      "explanation": ""
    },
    {
      "no": 12,
      "question": "다음의 방진마스크 형태로 옳은 것은? -관리감독자의 역할과 임무에 관한사항\n-산업보건 및 직업병 예방에 관한 사항\n-유해,위험 작업환경 관리에 관한 사항\n-산업안전보건법 및 일반관리에 관한 사항\n[해설작성자 : 전북인력개발원2018-216]\n산업보건 및 직업병 예방에 관한 사항 → 근로자 정기교육, 관\n리감독자 정기교육, 채용 시 교육 및 작업내용 변경 시 교육에\n모두 포함\n산업안전 및 사고 예방에 관한 사항 → 근로자 정기교육\n(단, 특수형태근로종사자에 대한 안전보건교육 중 최초 노무제공\n시 교육에도 각각 중복된 내용이 있음)\n[해설작성자 : iykim71]",
      "options": [
        "직결식 전면형 ② 직결식 반면형 21년 법개정으로",
        "격리식 전면형 ④ 격리식 반면형 근로자,관리감독자,채용시 교육내용에 '일반관리에 대한 사항'이"
      ],
      "answer": null,
      "explanation": ""
    },
    {
      "no": 13,
      "question": "작업자 적성의 요인이 아닌 것은?",
      "options": [
        "성격(인간성) ② 지능 15. 산업안전보건법령상 안전ㆍ보건표지의 색채와 색도기분의",
        "인간의 연령 ④ 흥미 연결이 틀린 것은? (단, 색도기준은 한국산업표준(KS)에 따",
        "빨간색 - 7.5R 4/14"
      ],
      "answer": null,
      "explanation": ""
    },
    {
      "no": 1,
      "question": "직업적성 2. 지능 3. 흥미 4. 인간성 ② 노란색 - 5Y 8.5/12\n[해설작성자 : 야롱이] ③ 파란색 - 2.5PB 4/10\n기출문제 해설은 최강 자격증 기출문제 전자문제집 CBT : www.comcbt.com 통해서 실시간으로 변경됩니다.\n본 해설집은 최강 자격증 기출문제 전자문제집 CBT 해설달기 프로젝트에 의해서 만들어진 자료입니다. 해설을 제공해 주신 모든 분들께 감사 드립니다.\n산업안전기사 ◐ 2018년 03월 04일 필기 기출문제 및 해설집◑ 전자문제집 CBT :www.comcbt.com\n④ 흰색 - N0.5",
      "options": [
        "노란색 - 5Y 8.5/12",
        "파란색 - 2.5PB 4/10",
        "흰색 - N0.5"
      ],
      "answer": null,
      "explanation": ""
    },
    {
      "no": 17,
      "question": "산업안전보건법령상 안전ㆍ보건표지의 종류 중 경고표지의\n<문제 해설>\n기본모형(형태)이 다른 것은?\n색채 색도기준",
      "options": [
        "폭발성물질 경고",
        "방사성물질 경고",
        "매달린 물체 경고",
        "고압전기 경고"
      ],
      "answer": null,
      "explanation": ""
    },
    {
      "no": 16,
      "question": "강도율에 관한 설명 중 틀린 것은?",
      "options": [],
      "answer": null,
      "explanation": ""
    },
    {
      "no": 18,
      "question": "석면 취급장소에서 사용하는 방진마스크의 등급으로 옳은",
      "options": [
        "사망 및 영구 전노동불능(신체장해등급1~3급)의 근로손",
        "특급 ② 1급",
        "신체장애 등급 중 제14급은 근로손실일수를 50일로 환",
        "2급 ④ 3급",
        "영구 일부 노동불능은 신체 장해등급에 따른 근로손실일"
      ],
      "answer": null,
      "explanation": ""
    },
    {
      "no": 1,
      "question": "베릴륨등과 같이 독성이 강한 물질들을 함유한 분진 등 발생\n④ 일시 전노동 불능은 휴업일수에 300/365을 곱하여 근로\n장소\n손실일수를 환산한다.",
      "options": [
        "일시 전노동 불능은 휴업일수에 300/365을 곱하여 근로"
      ],
      "answer": null,
      "explanation": ""
    },
    {
      "no": 2,
      "question": "석면 취급장소\n<문제 해설>\n*1급\n근로손실일수= 휴업일수(요양일수)x300/365",
      "options": [],
      "answer": null,
      "explanation": ""
    },
    {
      "no": 1,
      "question": "특급마스크 착용장소를 제외한 분진 등 발생장소",
      "options": [],
      "answer": null,
      "explanation": ""
    },
    {
      "no": 2,
      "question": "금속흄 등과 같이 열적으로 생기는 분진 등 발생장소\n영구 전노동불능 상해",
      "options": [],
      "answer": null,
      "explanation": ""
    },
    {
      "no": 3,
      "question": "기계적으로 생기는 분진 등 발생 장소(규소등과 같이 2급 방\n부상 결과로 노동기능을 완전히 잃게 되는 부상(1~3등급)\n진마스크를 착용하여도 무방한 경우는 제외한다.)\n*2급\n영구 일부노동불능상해",
      "options": [],
      "answer": null,
      "explanation": ""
    },
    {
      "no": 1,
      "question": "특급 및 1급 마스크 착용장소를 제외한 분진 등 발생장소\n부상결과로 신체 일부분의 일부기 노동 기능을 상실한 부상\n[해설작성자 : ysys9004]\n(4~14급)",
      "options": [],
      "answer": null,
      "explanation": ""
    },
    {
      "no": 19,
      "question": "적응기제 중 도피기제의 유형이 아닌 것은?\n일시 전노동불능상해",
      "options": [
        "합리화 ② 고립",
        "퇴행 ④ 억압"
      ],
      "answer": null,
      "explanation": ""
    },
    {
      "no": 1,
      "question": "방어기제 : 보상, 합리화, 투사, 승화\n4 5.500",
      "options": [],
      "answer": null,
      "explanation": ""
    },
    {
      "no": 2,
      "question": "도피기제 : 백일몽, 억압, 퇴행, 고립\n5 4.000\n[해설작성자 : ysys9004]\n12 200\n13 100\n방어적 기제 : 보상, 합리화, 동일시, 승화\n14 50\n도피적 기제 : 고립, 퇴행, 억압, 백일몽\n[해설작성자 : 화니]\n공격적 기제 : 직접적, 간접적\n[해설작성자 : forza milan]\n[추가 해설]",
      "options": [],
      "answer": null,
      "explanation": ""
    },
    {
      "no": 3,
      "question": "신체 장해등급에 따른 근로손실일수는 환산할 필요 없음\n방어적 기제 : 보상, 합리화, 동일시, 승화,투사\n[해설작성자 : 럭래]\n도피적 기제 : 고립, 퇴행, 억압, 백일몽\n공격적 기제 : 책임전가,폭행,폭언\n영구라는 말이 들어가면 장애이므로, 환산이 불필요하다.\n[해설작성자 : 석유화학]\n[해설작성자 : 산업안전기사합격!!!]\n기출문제 해설은 최강 자격증 기출문제 전자문제집 CBT : www.comcbt.com 통해서 실시간으로 변경됩니다.\n본 해설집은 최강 자격증 기출문제 전자문제집 CBT 해설달기 프로젝트에 의해서 만들어진 자료입니다. 해설을 제공해 주신 모든 분들께 감사 드립니다.\n산업안전기사 ◐ 2018년 03월 04일 필기 기출문제 및 해설집◑ 전자문제집 CBT :www.comcbt.com\n- 중重작업(4～7) *重:무거울 중",
      "options": [],
      "answer": null,
      "explanation": ""
    },
    {
      "no": 20,
      "question": "생체 리듬(Bio Rhythm)중 일반적으로 33일을 주기로 반복\n- 초중작업(7이상)\n되며, 상상력, 사고력, 기억력 또는 의지, 판단 및 비판력\n[해설작성자 : 그리그리]\n등과 깊은 관련성을 갖는 리듬은?",
      "options": [
        "육체적 리듬 ② 지성적 리듬",
        "감성적 리듬 ④ 생활 리듬"
      ],
      "answer": null,
      "explanation": ""
    },
    {
      "no": 22,
      "question": "FMEA의 특징에 대한 설명으로 틀린 것은?\n23일 육체 28일 감성 33일",
      "options": [
        "서브시스템 분석 시 FTA보다 효과적이다.",
        "시스템 해석기법은 정성적ㆍ귀납적 분석법 등에 사용된",
        "각 요소간 영향 해석이 어려워 2 가지 이상 동시 고장은",
        "양식이 비교적 간단하고 적은 노력으로 특별한 훈련 없"
      ],
      "answer": null,
      "explanation": ""
    },
    {
      "no": 21,
      "question": "에너지 대사율(RMR)에 대한 설명으로 틀린 것은?\n이 해석이 가능하다.\n<문제 해설>\nFMEA 방법",
      "options": [
        "- 정성적",
        "보통작업시 RMR은 4~7임",
        "가벼운 작업시 RMR은 0~2임",
        "- 장점 : 서식이 간단하고 비교적 적은 노력으로 특별한 훈련없"
      ],
      "answer": null,
      "explanation": ""
    },
    {
      "no": 23,
      "question": "A사의 안전관리자는 자사 화학 설비의 안전성 평가를 위해\n위에 사람이 한자로 적어서 헷갈리실탠데\n제2단계인 정성적 평가를 진행하기 위하여 평가 항목 대상\n초경작업 : 0~1\n을 분류하였다. 주요 평가 항목 중에서 설계관계항목이 아\n경작업 : 1~2\n닌 것은?\n보통작업 : 2~4",
      "options": [
        "건조물",
        "공장 내 배치",
        "입지조건",
        "원재료, 중간제품"
      ],
      "answer": null,
      "explanation": ""
    },
    {
      "no": 26,
      "question": "일반적으로 작업장에서 구성요소를 배치할 때, 공간의 배치\n[해설작성자 : 유카로]\n원칙에 속하지 않는 것은?",
      "options": [
        "사용빈도의 원칙",
        "중요도의 원칙",
        "공정개선의 원칙",
        "기능성의 원칙"
      ],
      "answer": null,
      "explanation": ""
    },
    {
      "no": 24,
      "question": "기계설비 고장 유형 중 기계의 초기결함을 찾아내 고장률을 부품배치의 원칙\n안정시키는 기간은? 1. 중요성의 원칙 : 부품을 작동하는 성능이 체계의 목표 달성에",
      "options": [
        "마모고장 기간 중요한 정도에 따라 우선순위 결정",
        "우발고장 기간 2. 사용빈도의 원칙 : 부품을 사용하는 빈도에 따라 우선순위",
        "에이징(aging) 기간 결정",
        "디버깅(debugging) 기간 3. 기능별 배치의 원칙 : 기능적으로 관련된 부품들(표시장치,"
      ],
      "answer": null,
      "explanation": ""
    },
    {
      "no": 27,
      "question": "반사율이 60%인 작업 대상물에 대하여 근로자가 검사작업\n에이징 : 비행기에서 3년 이상 시운전하는 기간\n을 수행할 때 휘도(luminance)가 90fL 이라면 이 작업에서\n디버깅 : 기계의 결함을 찾아내 단시간 내 고장률을 안정시키는\n의 소요조명(fc)은 얼마인가?\n기간",
      "options": [
        "75 ② 150",
        "200 ④ 300"
      ],
      "answer": null,
      "explanation": ""
    },
    {
      "no": 28,
      "question": "산업안전보건법령상 유해하거나 위험한 장소에서 사용하는\n과가 나타나, 새 제품보다도 유연하게 작동하게 된다..이런 긍정\n기계ㆍ기구 및 설비를 설치ㆍ이전하는 경우 유해ㆍ위험방지\n적인 효과를 얻기 위해 일부러 기계를 작동시키는 행위를 \"에이\n계획서를 작성, 제출하여야 하는 대상이 아닌 것은?\n징\"이라 한다.",
      "options": [
        "화학설비 ② 금속 용해로",
        "건조설비 ④ 전기용접장치"
      ],
      "answer": null,
      "explanation": ""
    },
    {
      "no": 25,
      "question": "들기 작업 시 요통재해예방을 위하여 고려할 요소와 가장\n나. 화학설비\n거리가 먼 것은?\n-. 「산업안전보건기준에 관한 규칙[별표9]」기준량 이상을 취",
      "options": [
        "들기 빈도 ② 작업자 신장",
        "손잡이 형상 ④ 허리 비대칭 각도",
        "{X ,X }, {X ,X }",
        "{X ,X },{X ,X }",
        "{X ,X ,X },{X ,X }",
        "{X ,X ,X },{X ,X ,X }"
      ],
      "answer": null,
      "explanation": ""
    },
    {
      "no": 29,
      "question": "동작경제의 원칙에 해당하지 않는 것은?\n서 본 회로를 빠져 나갈 수 있고 시스템은 정상작동 할 것이다.)",
      "options": [
        "공구의 기능을 각각 분리하여 사용하도록 한다.",
        "두 팔의 동작은 동시에 서로 반대방향으로 대칭적으로",
        "공구나 재료는 작업동작이 원활하게 수행되도록 그 위치",
        "가능하다면 쉽고도 자연스러운 리듬이 작업동작에 생기"
      ],
      "answer": null,
      "explanation": ""
    },
    {
      "no": 1,
      "question": "동작능활용의 원칙\n따라서 답은 {X3,X4},{X1,X2,X4} 이다.",
      "options": [],
      "answer": null,
      "explanation": ""
    },
    {
      "no": 2,
      "question": "작업량절약의 원칙\n[해설작성자 : 왜 해설이 없지]",
      "options": [],
      "answer": null,
      "explanation": ""
    },
    {
      "no": 3,
      "question": "동작개선의 원칙\n[해설작성자 : 합격가즈아] 32. 운동관계의 양립성을 고려하여 동목(moving scale)형 표시\n장치를 바람직하게 설계한 것은?\n공구의 기능을 결합하여 사용하도록 한다.",
      "options": [
        "눈금과 손잡이가 같은 방향으로 회전하도록 설계한다.",
        "눈금의 숫자는 우측으로 감소하도록 설계한다.",
        "꼭지의 시계 방향 회전이 지시치를 감소시키도록 설계한"
      ],
      "answer": null,
      "explanation": ""
    },
    {
      "no": 30,
      "question": "휴먼 에러 예방 대책 중 인적 요인에 대한 대책이 아닌 것\n다.\n은?\n④ 위의 세 가지 요건을 동시에 만족시키도록 설계한다.",
      "options": [
        "위의 세 가지 요건을 동시에 만족시키도록 설계한다.",
        "설비 및 환경 개선",
        "소집단 활동의 활성화",
        "작업에 대한 교육 및 훈련",
        "전문인력의 적재적소 배치"
      ],
      "answer": null,
      "explanation": ""
    },
    {
      "no": 1,
      "question": "물적대책:설비 및 환경개선\n[운동적 양립성] 표시 및 조종장치, 체계반응의 운동 방향이 서",
      "options": [],
      "answer": null,
      "explanation": ""
    },
    {
      "no": 2,
      "question": "3.4:인적대책\n로 일치하는 것을 의미\n[해설작성자 : 나그네]\n[해설작성자 : 디디]",
      "options": [],
      "answer": null,
      "explanation": ""
    },
    {
      "no": 31,
      "question": "다음 시스템에 대하여 톱사상(top event)에 도달할 수 있는\n동목형 표시장치의 양립성이 큰 경우\n최소 컷셋(minimal cutsets)을 구할 때 올바른 집합은? (단,",
      "options": [],
      "answer": null,
      "explanation": ""
    },
    {
      "no": 1,
      "question": "눈금과 손잡이가 같은 방향으로 회전\nX ,X ,X ,X 는 각 부품의 고장확률을 의미하며 집합{X ,X }\n1 2 3 4 1 2",
      "options": [],
      "answer": null,
      "explanation": ""
    },
    {
      "no": 2,
      "question": "눈금 수치는 우측으로 증가\n는 X 부품과 X 부품이 동시에 고장 나는 경우를 의미한다.\n1 2",
      "options": [],
      "answer": null,
      "explanation": ""
    },
    {
      "no": 3,
      "question": "꼭지의 시계방향 회전 시 지사치 증가\n[해설작성자 : 빡고수박교수]",
      "options": [],
      "answer": null,
      "explanation": ""
    },
    {
      "no": 33,
      "question": "신뢰성과 보전성 개선을 목적으로 한 효과적인 보전기록자\n료에 해당하는 것은?",
      "options": [
        "자재관리표 ② 주유지시서",
        "재고관리표 ④ MTBF 분석표"
      ],
      "answer": null,
      "explanation": ""
    },
    {
      "no": 1,
      "question": "MTTR (Mean Time To Repair)\n시스템과 제품이 고장이 난 후 부터 고장을 수리하거나 복구\n했을때 까지의 시간(기간)\n③ : 통상사상 ④ : 결함사상",
      "options": [
        ": 통상사상 ④ : 결함사상"
      ],
      "answer": null,
      "explanation": ""
    },
    {
      "no": 2,
      "question": "MTTF (Mean Time To Failure)\n시스템과 제품의 고장을 수리(복구)한 이후부터 다음 고장까 <문제 해설>\n지의 시간(기간) 1.생략사상",
      "options": [],
      "answer": null,
      "explanation": ""
    },
    {
      "no": 2,
      "question": "결함사상\nMTBF는 MTTR 과 MTTF 두가지 시간의 합을 나타내는 것으로 3.통상사상\n시스템과 제품의 신뢰도를 측정하는 주요한 기준이 됩니다..시스 4.기본사상\n템과 제품이 고장없이 운영되는 가용도와 신뢰도를 측정하는 기 [해설작성자 : 루시]\n준이 되며, 정확한 측정을 통해 제품과 시스템에 대한 평가와\n품질 개선, 납품시 테스트 리포트, 제품 설계 및 제품 개발에 활 생략사상 - 더 이상 전개할 수 없는 사상\n용할 수 있습니다.. 기본사상 - 더 이상 분석할 필요가 없는 사상\n[해설작성자 : comcbt.com 이용자] 통상사상 - 시스템이 정상적인 가동상태에서 일어날 것이 기대\n되는 사상\nmean time between failure 평균고장간격 결함사상 - 시스템 분석에 있어서 조금 더 발전시켜야 하는 사\n[해설작성자 : 나야나] 상\n전이기호 - 다른 부분에 있는 게이트와의 연결관계를 나타내기",
      "options": [],
      "answer": null,
      "explanation": ""
    },
    {
      "no": 34,
      "question": "보기의 실내면에서 빛의 반사율이 낮은 곳에서부터 높은 순 위한 기호\n서대로 나열한 것은? 전입과 전출기호가 있음\n[해설작성자 : 잼민이]",
      "options": [
        "A＜B＜C＜D ② A＜C＜B＜D 37. HAZOP 기법에서 사용하는 가이드워드와 그 의미가 잘못",
        "A＜C＜D＜B ④ A＜D＜C＜B 연결된 것은?",
        "Other than : 기타 환경적인 요인",
        "No/Not : 디자인 의도의 완전한 부정",
        "Reverse : 디자인 의도의 논리적 반대",
        "More/Less : 정량적인 증가 또는 감소"
      ],
      "answer": null,
      "explanation": ""
    },
    {
      "no": 35,
      "question": "다음 시스템의 신뢰도는 얼마인가? (단, 각 요소의 신뢰도는\n* REVERSE: 설계의도의 논리적인 여\na, b가 각 0.8, c, d 가 각 0.6이다.)\n* LESS: 양의 감소\n* MORE: 양의 증가\n* NO, NOT: 설계의 완전한 부정\n[해설작성자 : 난한벼리]",
      "options": [
        "0.2245 ② 0.3754"
      ],
      "answer": null,
      "explanation": ""
    },
    {
      "no": 1,
      "question": "Other than : 예상과 전혀 다름\n③ 0.4416 ④ 0.5756",
      "options": [
        "0.4416 ④ 0.5756"
      ],
      "answer": null,
      "explanation": ""
    },
    {
      "no": 2,
      "question": "No/Not : 잘 가다가 막힘\n<문제 해설>",
      "options": [],
      "answer": null,
      "explanation": ""
    },
    {
      "no": 3,
      "question": "Reverse : 예상과 다르게 거꾸로감",
      "options": [],
      "answer": null,
      "explanation": ""
    },
    {
      "no": 0,
      "question": "8x[1-(1-0.8)(1-0.6)]x0.6 = 0.4416",
      "options": [],
      "answer": null,
      "explanation": ""
    },
    {
      "no": 4,
      "question": "More/Less : 의도보다 많고 / 적음\n[해설작성자 : 으라차차]\n[해설작성자 : comcbt.com 이용자]",
      "options": [],
      "answer": null,
      "explanation": ""
    },
    {
      "no": 36,
      "question": "FTA(Fault Tree Analysis)에 사용되는 논리 기호와 명칭이",
      "options": [],
      "answer": null,
      "explanation": ""
    },
    {
      "no": 38,
      "question": "경계 및 경보신호의 설계지침으로 틀린 것은?\n올바르게 연결된 것은?",
      "options": [
        "주의를 환기시키기 위하여 변조된 신호를 사용한다.",
        "배경소음의 진동수와 다른 진동수의 신호를 사용한다.",
        "귀는 중음역에 민감하므로 500 ~ 3000Hz 의 진동수를",
        ": 전이기호 ② : 기본사상 사용한다.",
        "300 m 이상의 장거리용으로는 1000Hz 를 초과하는 진",
        "과부하방지장치의 이상 유무",
        "압력제한 스위치 등의 기능의 이상 유무",
        "외부전선의 피복 또는 외장의 손상 유무",
        "권과방지장치의 이상 유무"
      ],
      "answer": null,
      "explanation": ""
    },
    {
      "no": 39,
      "question": "동작의 합리화를 위한 물리적 조건으로 적절하지 않은 것\n가. 외부 전선의 피복 또는 외장의 손상 유무\n은?\n나. 매니퓰레이터 작동의 이상 유무",
      "options": [
        "고유 진동을 이용한다.",
        "접촉 면적을 크게 한다.",
        "대체로 마찰력을 감소시킨다.",
        "인체표면에 가해지는 힘을 적게 한다. 42. 방사선 투과검사에서 투과사진에 영향을 미치는 인자는 크",
        "방사선의 선질",
        "필름의 종류",
        "현상액의 강도"
      ],
      "answer": null,
      "explanation": ""
    },
    {
      "no": 40,
      "question": "정량적 표시장치에 관한 설명으로 맞는 것은?\n④ 초점-필름간 거리",
      "options": [
        "초점-필름간 거리",
        "정확한 값을 읽어야 하는 경우 일반적으로 디지털보다",
        "동목(moving scale)형 아날로그 표시장치는 표시장치의",
        "연속적으로 변화하는 양을 나타내는 데에는 일반적으로",
        "동침(moving pointer)형 아날로그 표시장치는 바늘의 진"
      ],
      "answer": null,
      "explanation": ""
    },
    {
      "no": 1,
      "question": "디지털(계수형)의 경우 수치를 정확히 읽어야 할 경우에 좋\n다.\n초점-필름간 거리는 명료도에 영향을 준다",
      "options": [],
      "answer": null,
      "explanation": ""
    },
    {
      "no": 2,
      "question": "동목형의 경우 지침이 고정되어 있어 표시부분의 면적을 작\n[해설작성자 : Jack]\n게 할 수 있다.",
      "options": [],
      "answer": null,
      "explanation": ""
    },
    {
      "no": 3,
      "question": "정확한수치, 오랫동안 표시값을 읽을 수 있는 경우는 디지털\n[관리자 입니다.\n표시장치가 우수\n다수의 오류신고로 인하여\n하지만 수치가 자주(계속적) 변하는 경우나 값의 변화방향이\n1번 보기를 방사선의 선질에서 성질로 변경하였습니다.\n나 변화속도를 읽어야 하는 경우는 아날로그 표시장치가 우수\n시험지 사진 원본상으로는 선질이 맞으나.",
      "options": [],
      "answer": null,
      "explanation": ""
    },
    {
      "no": 4,
      "question": "동침형은 정량적인 눈금이 정성적으로 사용될 수가 있으며\n타 출판사 교재 2곳 이상을 확인한 결과 오타인듯 합니다.\n대략적인 편차나 고도를 읽을 때 그 변화방향과 변화율 등을 알\n참고하세요.]\n수가 있다.\n[해설작성자 : 디디] 43. 보기와 같은 기계요소가 단독으로 발생시키는 위험점은?\n3과목 : 기계위험방지기술",
      "options": [
        "협착점 ② 끼임점"
      ],
      "answer": null,
      "explanation": ""
    },
    {
      "no": 41,
      "question": "로봇의 작동범위 내에서 그 로봇에 관하여 교시 등(로봇의\n③ 절단점 ④ 물림점\n동력원을 차단하고 행하는 것을 제외한다.)의 작업을 행하는\n<문제 해설>\n때 작업시작 전 점검 사항으로 옳은 것은?\n협착 : 왕복운동\n기출문제 해설은 최강 자격증 기출문제 전자문제집 CBT : www.comcbt.com 통해서 실시간으로 변경됩니다.\n본 해설집은 최강 자격증 기출문제 전자문제집 CBT 해설달기 프로젝트에 의해서 만들어진 자료입니다. 해설을 제공해 주신 모든 분들께 감사 드립니다.\n산업안전기사 ◐ 2018년 03월 04일 필기 기출문제 및 해설집◑ 전자문제집 CBT :www.comcbt.com\n끼임 : 회전부와 고정부 사항(제35조제2항 관련)\n절단 : 날, 커터 등 1. 프레스등을 사용하여 작업을 할 때(제2편제1장제3절)\n물림 : 회전하는 두물체 가. 클러치 및 브레이크의 기능\n접선물림 : 회전하는부분 접선방향으로 나. 크랭크축ㆍ플라이휠ㆍ슬라이드ㆍ연결봉 및 연결 나사의\n회전 말림점 : 회전하는물체에 옷 머리카락등이 말림 풀림 여부\n[해설작성자 : 갓] 다..1행정 1정지기구ㆍ급정지장치 및 비상정지장치의 기능\n라. 슬라이드 또는 칼날에 의한 위험방지 기구의 기능",
      "options": [
        "절단점 ④ 물림점"
      ],
      "answer": null,
      "explanation": ""
    },
    {
      "no": 44,
      "question": "프레스 및 전단기에서 위험한계 내에서 작업하는 작업자의\n마. 프레스의 금형 및 고정볼트 상태\n안전을 위하여 안전블록의 사용 등 필요한 조치를 취해야\n바. 방호장치의 기능\n한다. 다음 중 안전 블록을 사용해야 하는 작업으로 가장\n사. 전단기(剪斷機)의 칼날 및 테이블의 상태\n거리가 먼 것은?\n[해설작성자 : iykim71]",
      "options": [
        "금형 가공작업 ② 금형 해체작업",
        "금형 부착작업 ④ 금형 조정작업 47. 화물중량이 200kgf, 지게차의 중량이 400kgf, 앞바퀴에서",
        "0.2m ② 0.5m",
        "1m ④ 2m"
      ],
      "answer": null,
      "explanation": ""
    },
    {
      "no": 45,
      "question": "아세틸렌 용접장치를 사용하여 금속의 용접ㆍ용단 또는 가\n차의 모멘트가 더 커야함\n열작업을 하는 경우 아세틸렌을 발생시키는 게이지 압력은\n화물무게 x 앞바퀴~화물중심까지 거리 < 지게차무게 x 앞바퀴~\n최대 몇 kPa 이하이어야 하는가?\n지게차중심까지 거리",
      "options": [
        "17 ② 88",
        "127 ④ 210"
      ],
      "answer": null,
      "explanation": ""
    },
    {
      "no": 48,
      "question": "다음 중 셰이퍼에서 근로자의 보호를 위한 방호장치가 아닌",
      "options": [],
      "answer": null,
      "explanation": ""
    },
    {
      "no": 46,
      "question": "산업안전보건법령상 프레스 작업시작 전 점검해야 할 사항\n것은?\n에 해당하는 것은?",
      "options": [
        "방책 ② 칩받이",
        "언로드 밸브의 기능",
        "칸막이 ④ 급속귀환장치",
        "하역장치 및 유압장치 기능",
        "권과방지장치 및 그 밖의 경보장치의 기능",
        "1행정 1정지기구ㆍ급정지장치 및 비상정지 장치의 기능"
      ],
      "answer": null,
      "explanation": ""
    },
    {
      "no": 1,
      "question": "램은 가급적 행정을 짧게 한다.\n<문제 해설>",
      "options": [],
      "answer": null,
      "explanation": ""
    },
    {
      "no": 2,
      "question": "바이트 짧게 물린다.",
      "options": [],
      "answer": null,
      "explanation": ""
    },
    {
      "no": 1,
      "question": "클러치 및 브레이크 기능",
      "options": [],
      "answer": null,
      "explanation": ""
    },
    {
      "no": 3,
      "question": "재질에 따라 절삭속도를 결정한다.",
      "options": [],
      "answer": null,
      "explanation": ""
    },
    {
      "no": 2,
      "question": "1행정 1정지 기구 급정지 장치 힟 비상정지 장치의 기능",
      "options": [],
      "answer": null,
      "explanation": ""
    },
    {
      "no": 4,
      "question": "운전자는 바이트의 운동 방향에 서지 말고 측면에서 작업한다.",
      "options": [],
      "answer": null,
      "explanation": ""
    },
    {
      "no": 3,
      "question": "프레스의 금형 및 고정볼트 상태",
      "options": [],
      "answer": null,
      "explanation": ""
    },
    {
      "no": 5,
      "question": "세이퍼 운동 범위에 방책을 설치한다.",
      "options": [],
      "answer": null,
      "explanation": ""
    },
    {
      "no": 4,
      "question": "전단기의 칼날 및 테이블의 상태\n[해설작성자 : 부자아빠]\n[해설작성자 : 루시]\n1, 2, 3. 셰이퍼(Shaper) 안전장치 : 방책, 칩받이, 칸막이\n\"작업시작 전 점검사항\"",
      "options": [],
      "answer": null,
      "explanation": ""
    },
    {
      "no": 4,
      "question": "급속귀환장치는 안전장치가 아니라 일의 능률을 높이기 위한\n-> 산업안전보건기준에 관한 규칙 [별표 3] 작업시작 전 점검\n장치\n기출문제 해설은 최강 자격증 기출문제 전자문제집 CBT : www.comcbt.com 통해서 실시간으로 변경됩니다.\n본 해설집은 최강 자격증 기출문제 전자문제집 CBT 해설달기 프로젝트에 의해서 만들어진 자료입니다. 해설을 제공해 주신 모든 분들께 감사 드립니다.\n산업안전기사 ◐ 2018년 03월 04일 필기 기출문제 및 해설집◑ 전자문제집 CBT :www.comcbt.com\n[해설작성자 : 디디] 무엇이라 하는가?",
      "options": [
        "칩 브레이커 ② 칩 받침",
        "칩 쉴드 ④ 칩 커터"
      ],
      "answer": null,
      "explanation": ""
    },
    {
      "no": 51,
      "question": "아세틸렌 용접장치에 사용하는 역화방지기에서 요구되는 일\n램이 왕복운동을 할 때 절삭을 하는 것은 갈 때뿐이고 돌아\n반적인 구조로 옳지 않은 것은?\n올 때는 절삭을 하지 않기 때문에,",
      "options": [
        "재사용 시 안전에 우려가 있으므로 역화방지 후 바로 폐",
        "다듬질 면이 매끈하고 사용상 지장이 있는 부식, 흠, 균"
      ],
      "answer": null,
      "explanation": ""
    },
    {
      "no": 49,
      "question": "지게차 및 구내 운반차의 작업시작 전 점검 사항이 아닌 것 ③ 가스의 흐름방향은 지워지지 않도록 돌출 또는 각인하여\n은? 표시하여야 한다.",
      "options": [
        "가스의 흐름방향은 지워지지 않도록 돌출 또는 각인하여",
        "버킷, 디퍼 등의 이상유무 ④ 소염소자는 금망, 소결금속, 스틸울(steelwool), 다공성",
        "제동장치 및 조종장치 기능의 이상 유무 금속물 또는 이와 동등 이상의 소염성능을 갖는 것이어",
        "하역장치 및 유압장치 야 한다.",
        "전조등, 후미등, 경보장치 기능의 이상 유무 <문제 해설>"
      ],
      "answer": null,
      "explanation": ""
    },
    {
      "no": 4,
      "question": "소염소자는 금망, 소결금속, 스틸울(steel wool),다공성금속물\n\"작업시작 전 점검 사항\" 또는 이와 동등 이상의 소염성능을 갖는 것이어야 한다.\n-> 산업안전보건기준에 관한 규칙 [별표 3] 작업시작 전 점검 5. 역화방지기는 역화를 방지한 후 복원이 되어 계속 사용될 수\n사항 있는 구조이어야 한다.\n-> 9. 지게차를 사용하여 작업을 하는 때(제2편제1장제10절제2 [해설작성자 : 원]\n관)\n가. 제동장치 및 조종장치 기능의 이상 유무 역화방지기\n나. 하역장치 및 유압장치 기능의 이상 유무 = 시행령 제77조(자율안전확인대상기계등) 제2항 방호장치 가.\n다..바퀴의 이상 유무 아세틸렌 용접장치용 또는 가스집합 용접장치용 안전기\n라. 전조등ㆍ후미등ㆍ방향지시기 및 경보장치 기능의 이상 유 -> 방호장치 자율안전확인기준 고시 [별표 1] 역화방지기의 성\n무 능기준\n-> 1.일반구조\n* 버킷, 디퍼는 지게차에 없음 가. 역화방지기의 구조는 소염소자, 역화방지장치 및 방출장\n[해설작성자 : iykim71] 치 등으로 구성되어야 한다..\n다만, 토치 입구에 사용하는 것은 방출장치를 생략할 수\n버킷, 디퍼는 포크레인에 있는거 있다.\n[해설작성자 : 영남대역사학과김태훈] 나. 역화방지기는 그 다듬질 면이 매끈하고 사용상 지장이\n있는 부식, 흠, 균열 등이 없어야 한다.",
      "options": [],
      "answer": null,
      "explanation": ""
    },
    {
      "no": 50,
      "question": "다음 중 선반에서 절삭가공시 발생하는 칩을 짧게 끊어지도\n다..가스의 흐름방향은 지워지지 않도록 돌출 또는 각인하여\n록 공구에 설치되어 있는 방호장치의 일종인 칩 제거기구를\n표시하여야 한다.\n기출문제 해설은 최강 자격증 기출문제 전자문제집 CBT : www.comcbt.com 통해서 실시간으로 변경됩니다.\n본 해설집은 최강 자격증 기출문제 전자문제집 CBT 해설달기 프로젝트에 의해서 만들어진 자료입니다. 해설을 제공해 주신 모든 분들께 감사 드립니다.\n산업안전기사 ◐ 2018년 03월 04일 필기 기출문제 및 해설집◑ 전자문제집 CBT :www.comcbt.com\n라. 소염소자는 금망, 소결금속, 스틸울(steel wool), 다공성",
      "options": [],
      "answer": null,
      "explanation": ""
    },
    {
      "no": 54,
      "question": "급정지기구가 부착되어 있지 않아도 유효한 프레스의 방호\n금속물 또는 이와 동등 이상의 소염성능을 갖는 것이어야 한다.\n장치로 옳지 않은 것은?\n마. 역화방지기는 역화를 방지한 후 복원이 되어 계속 사용",
      "options": [
        "양수기동식 ② 가드식",
        "손쳐내기식 ④ 양수조작식"
      ],
      "answer": null,
      "explanation": ""
    },
    {
      "no": 52,
      "question": "초음파 탐상법의 종류에 해당하지 않는 것은? 2개의 누름단추에서 손을 떼면",
      "options": [
        "반사식 ② 투과식 프레스의 급정지기구가 작동하여",
        "공진식 ④ 침투식 손이 금형에 도달하기 전에 슬라이드를 정지하는 방식으로"
      ],
      "answer": null,
      "explanation": ""
    },
    {
      "no": 53,
      "question": "다음 목재가공용 기계에 사용되는 방호장치의 연결이 옳지\n않은 것은?\n양수기동식 미부착 외우는 법",
      "options": [
        "둥근톱기계 : 톱날접촉예방장치",
        "띠톱기계 : 날접촉예방장치",
        "모떼기기계 : 날접촉예방장치",
        "동력식 수동대패기계 : 반발예방장치",
        "76.4 ② 87.5",
        "98.7 ④ 102.3"
      ],
      "answer": null,
      "explanation": ""
    },
    {
      "no": 56,
      "question": "그림과 같이 50kN의 중량물을 와이어 로프를 이용하여 상\n둥근톱기계 : 반발예방장치(분할날), 톱날접촉예방장치\n부에 60°의 각도가 되도록 들어 올릴 때, 로프 하나에 걸리\n띠톱기계 : 덮개, 날접촉예방장치\n는 하중(T)은 약 몇 kN인가?\n대패기계 (동력식 수동대패기계) : 날접촉예방장치\n모떼기기계 : 날접촉예방장치\n* 띠톱(bandsaw)\n* 모떼기 : 권취\n[해설작성자 : iykim71]\n기출문제 해설은 최강 자격증 기출문제 전자문제집 CBT : www.comcbt.com 통해서 실시간으로 변경됩니다.\n본 해설집은 최강 자격증 기출문제 전자문제집 CBT 해설달기 프로젝트에 의해서 만들어진 자료입니다. 해설을 제공해 주신 모든 분들께 감사 드립니다.\n산업안전기사 ◐ 2018년 03월 04일 필기 기출문제 및 해설집◑ 전자문제집 CBT :www.comcbt.com\n- 가스 점화 버너에 이용",
      "options": [],
      "answer": null,
      "explanation": ""
    },
    {
      "no": 3,
      "question": "스택스위치\n- 화염의 발열체를 이용\n- 바이메탈의 신축성을 이용하여 측정\n- 버너의 용량이 가장 큰 곳에 사용\n[해설작성자 : ㄱㅈㅂㄱ]",
      "options": [],
      "answer": null,
      "explanation": ""
    },
    {
      "no": 59,
      "question": "밀링작업 시 안전 수칙에 관한 설명으로 옳지 않은 것은?",
      "options": [
        "칩은 기계를 정지시킨 다음에 브러시 등으로 제거한다.",
        "일감 또는 부속장치 등을 설치하거나 제거할 때는 반드",
        "16.8 ② 24.5",
        "28.9 ④ 37.9",
        "커터는 될 수 있는 한 컬럼에서 멀게 설치한다.",
        "강력 절삭을 할 때는 일감을 바이스에 깊게 물린다.",
        "작업자의 보호",
        "기계기능의 향상",
        "인적ㆍ물적 손실의 방지",
        "기계위험 부위의 접촉방지"
      ],
      "answer": null,
      "explanation": ""
    },
    {
      "no": 57,
      "question": "다음 중 휴대용 동력 드릴 작업시 안전사항에 관한 설명으\n[해설작성자 : 한번만에 가자 ㅠ]\n로 틀린 것은?",
      "options": [
        "드릴의 손잡이를 견고하게 잡고 작업하여 드릴손잡이 부",
        "절삭하기 위하여 구멍에 드릴날을 넣거나 뺄 때 반발에 61. 화재ㆍ폭발 위험분위기의 생성방지 방법으로 옳지 않은 것",
        "폭발성 가스의 누설 방지",
        "그릴이나 리머를 고정시키거나 제거하고자 할 때 금속성 ② 가연성 가스의 방출 방지",
        "폭발성 가스의 체류 방지",
        "드릴을 구멍에 맞추거나 스핀들의 속도를 낮추기 위해서 ④ 폭발성 가스의 옥내 체류"
      ],
      "answer": null,
      "explanation": ""
    },
    {
      "no": 3,
      "question": "금속,고무,목재망치(해머)로 하면 안되고 전용공구탈착장비로 [해설작성자 : day]\n해체, 장착 합니다.",
      "options": [],
      "answer": null,
      "explanation": ""
    },
    {
      "no": 62,
      "question": "우리나라에서 사용하고 있는 접압(교류와 직류)을 크기에 따\n[해설작성자 : 한국우쥬항공산업 코이 기술차쟝]\n라 구분한 것으로 알맞은 것은?(2021년 개정된 KEC 규정",
      "options": [],
      "answer": null,
      "explanation": ""
    },
    {
      "no": 58,
      "question": "보일러에서 폭발사고를 미연에 방지하기 위해 화염 상태를 적용됨)\n검출할 수 있는 장치가 필요하다. 이 중 바이메탈을 이용하",
      "options": [
        "저압 : 직류는 700V 이하",
        "저압 : 교류는 1000V 이하",
        "프레임 아이 ② 스택 스위치 ③ 고압 : 직류는 800V를 초과하고, 6kV 이하",
        "전자 개폐기 ④ 프레임 로드 ④ 고압 : 교류는 700V를 초과하고, 6kV 이하"
      ],
      "answer": null,
      "explanation": ""
    },
    {
      "no": 1,
      "question": "프레임 아이 2021년 개정된 KEC 규정\n- 화염의 발광체(방사선, 적외선, 자외선)를 이용하여 검출 AC(교류) DC(직류)\n- 불꽃의 중심을 향하도록 저 1kv이하 1.5kv이하",
      "options": [],
      "answer": null,
      "explanation": ""
    },
    {
      "no": 2,
      "question": "프레임 로드 고 1kv초과~7kv이하 1.5kv초과~7kv이하\n- 가스의 이온화(전기전도성)을 이용하여 검출 특 7kv초과\n기출문제 해설은 최강 자격증 기출문제 전자문제집 CBT : www.comcbt.com 통해서 실시간으로 변경됩니다.\n본 해설집은 최강 자격증 기출문제 전자문제집 CBT 해설달기 프로젝트에 의해서 만들어진 자료입니다. 해설을 제공해 주신 모든 분들께 감사 드립니다.\n산업안전기사 ◐ 2018년 03월 04일 필기 기출문제 및 해설집◑ 전자문제집 CBT :www.comcbt.com\n② 정격전류용량은 해당 전로의 부하전류 값 이상이여야 한",
      "options": [
        "정격전류용량은 해당 전로의 부하전류 값 이상이여야 한"
      ],
      "answer": null,
      "explanation": ""
    },
    {
      "no": 63,
      "question": "내압방폭구조의 주요 시험항목이 아닌 것은?\n다.",
      "options": [
        "폭발강도 ② 인화시험",
        "정격감도전류는 정상의 사용상태에서 불필요하게 동작하",
        "절연시험 ④ 기계적 강도시험",
        "인체감전보호형은 0.05초 이내에 동작하는 고감도고속형"
      ],
      "answer": null,
      "explanation": ""
    },
    {
      "no": 0,
      "question": "03초 이내\n폭발강도와 인화시험, 기계정 강도시험이 필요\n[해설작성자 : 갓]\n누전차단기 접속할 때 준수사항",
      "options": [],
      "answer": null,
      "explanation": ""
    },
    {
      "no": 1,
      "question": "전기기계,기구에 설치되어 있는 누전차단기는 정격감도전류가\n내압 방폭구조 주요 시험항목\n30밀리암페어 이하이고 작동시간은 0.03초 이내일 것\n- 폭발강도",
      "options": [],
      "answer": null,
      "explanation": ""
    },
    {
      "no": 2,
      "question": "분기회로 또는 전기기계,기구마다 누전차단기를 접속할 것\n- 인화시험",
      "options": [],
      "answer": null,
      "explanation": ""
    },
    {
      "no": 3,
      "question": "누전차단기는 배전반 또는 분전반 내에 접속하거나 꽂음접속\n- 구조시험\n기형 누전차단기를 콘센트에 접속하는 등 파손이나 감전사고를\n- 온도시험\n방지할 수 있는 장소에\n- 기계적 강도시험\n접속할 것\n[해설작성자 : 디디]",
      "options": [],
      "answer": null,
      "explanation": ""
    },
    {
      "no": 4,
      "question": "지락 보호전용 기능만 있는 누전차단기는 과전류를 차단하는\n퓨즈나 차단기 등과 조합하여 접속할 것\n절연시험은 전기\n[해설작성자 : 부자아빠]\n[해설작성자 : 백만볼또]",
      "options": [],
      "answer": null,
      "explanation": ""
    },
    {
      "no": 66,
      "question": "방폭전기기기의 온도등급에서 기호 T 의 의미로 맞는 것은?\n2\n대부분 철제 주물성형제품이라 절연성과 거리가 멀다",
      "options": [
        "최고표면온도의 허용치가 135℃이하인 것",
        "최고표면온도의 허용치가 200℃이하인 것",
        "최고표면온도의 허용치가 300℃이하인 것"
      ],
      "answer": null,
      "explanation": ""
    },
    {
      "no": 64,
      "question": "교류아크 용접기의 접점방식(Magnet식)의 전격방지장치에서\n④ 최고표면온도의 허용치가 450℃이하인 것\n지동시간과 용접기 2차측 무부하전압(V)을 바르게 표현한\n<문제 해설>\n것은?\n최고 표면 온도의 범위(℃)/ 온도 등급",
      "options": [
        "최고표면온도의 허용치가 450℃이하인 것",
        "0.06초 이내, 25V 이하",
        "1±0.3초 이내, 25V 이하",
        "2±0.3초 이내, 50V 이하",
        "1.5±0.06초 이내, 50V 이하"
      ],
      "answer": null,
      "explanation": ""
    },
    {
      "no": 65,
      "question": "누전차단기의 시설방법 중 옳지 않은 것은?\n* T1이 제일 뜨겁고 T6가 제일 차다",
      "options": [
        "시설장소는 배전반 또는 분전반 내에 설치한다."
      ],
      "answer": null,
      "explanation": ""
    },
    {
      "no": 70,
      "question": "저압전로의 절연성능 시험에서 전로의 사용전압이 380V인\nG2: 450℃ 이하 ~ 300℃ 초과\n경우 전로의 전선 상호간 및 전로와 대지 사이의 절연저항\nG3: 300℃ 이하 ~ 200℃ 초과\n은 최소 몇 MΩ 이상이어야 하는가?(2021년 변경된 KEC 규\nG4: 200℃ 이하 ~ 135℃ 초과\n정 적용됨)\nG5: 135℃ 이하 ~ 100℃ 초과",
      "options": [
        "0.2MΩ ② 0.3MΩ",
        "0.5 MΩ ④ 1.0 MΩ"
      ],
      "answer": null,
      "explanation": ""
    },
    {
      "no": 67,
      "question": "사업장에서 많이 사용되고 있는 이동식 전기기계ㆍ기구의 <문제 해설>\n안전대책으로 가장 거리가 먼 것은? [기존 해설]",
      "options": [
        "충전부 전체를 절연한다. 0.1M 이상 대지전압 150V이하",
        "절연이 불량인 경우 접지저항을 측정한다. 0.2M 이상 150~300V",
        "금속제 외함이 있는 경우 접지를 한다. 0.3M 이상 300~400V",
        "습기가 많은 장소는 누전차단기를 설치한다. 0.4M 이상 400V초과"
      ],
      "answer": null,
      "explanation": ""
    },
    {
      "no": 68,
      "question": "감전사고를 방지하기 위해 허용보폭전압에 대한 수식으로\nFELV, 500[V]이하 500 1\n맞는 것은?\n500[V]초과 1000 1",
      "options": [],
      "answer": null,
      "explanation": ""
    },
    {
      "no": 71,
      "question": "방폭전기기기의 등급에서 위험장소의 등급분류에 해당되지\n않는 것은?",
      "options": [
        "3종 장소 ② 2종 장소",
        "1종 장소 ④ 0종 장소",
        "0종 : 정상상태에서 위험분위기가 장시간 지속적으로 존재하는",
        "1종 : 정상상태에서 위험 분위기가 주기적으로 생성될 우려가",
        "2종 : 이상상태에서 위험 분위기가 단시간 생성될 우려가 있는",
        "[해설작성자 : 예띠]"
      ],
      "answer": null,
      "explanation": ""
    },
    {
      "no": 72,
      "question": "다음은 무슨 현상을 설명한 것인가?\n허용접촉전압\nE = (인체의 저항 + 3/2*지표상층 저항률) * 심실세동전류\n허용보폭전압\nE = (인체의 저항 + 6*지표상층 저항률) * 심실세동전류\n[해설작성자 : 빡고수박교수]",
      "options": [
        "대전 ② 충전"
      ],
      "answer": null,
      "explanation": ""
    },
    {
      "no": 69,
      "question": "인체저항이 5000Ω이고, 전류가 3mA가 흘렀다. 인체의 정전\n③ 방전 ④ 열전\n용량이 0.1μF라면 인체에 대전된 정전하는 몇μC 인가?\n<문제 해설>",
      "options": [
        "방전 ④ 열전",
        "0.5 ② 1.0",
        "1.5 ④ 2.0"
      ],
      "answer": null,
      "explanation": ""
    },
    {
      "no": 73,
      "question": "다음 그림은 심장맥동주기를 나타낸 것이다. T파는 어떤 경\n* 인체통과전류\n우인가?\n감지전류 : 0.5mA 이상\n이탈한계전류 : 5mA 이상\n심실세동전류 : 20mA 이상인데 50mA를 감전방지 목표치로 함\n* 인체저장\n젖은 상태 : 500 ohm\n통상 : 1000 ohm\n\"허용접촉전압\" : V = I*R\n1) 인체 대부분이 수중 : 일단 이탈이 가능해야 -> 이탈가능",
      "options": [
        "심방의 수축에 따른 파형",
        "심실의 수축에 따른 파형",
        "심실의 휴식 시 발생하는 파형",
        "심방의 휴식 시 발생하는 파형"
      ],
      "answer": null,
      "explanation": ""
    },
    {
      "no": 76,
      "question": "우리나라의 안전전압으로 볼 수 있는 것은 약 몇 V 인가?\n[해설작성자 : 갓]",
      "options": [
        "30V ② 50V",
        "60V ④ 70V"
      ],
      "answer": null,
      "explanation": ""
    },
    {
      "no": 77,
      "question": "22.9kV 충전전로에 대해 필수적으로 작업자와 이격시켜야\n방실실(심방-심실-심실) 웃다가 휴식(심실휴식)하러갔다고 외우 하는 접근한계 거리는?\n면 됩니다.",
      "options": [
        "45cm ② 60cm",
        "90cm ④ 110cm"
      ],
      "answer": null,
      "explanation": ""
    },
    {
      "no": 74,
      "question": "교류 아크 용접기의 자동전격장치는 전격의 위험을 방지하\n15KV 초과 37KV이하 90 cm\n기 위하여 아크 발생이 중단된후 약 1초 이내에 출력측 무\n[해설작성자 : 예띠]\n부하 전압을 자동적으로 몇 V 이하로 저하시켜야 하는가?",
      "options": [
        "85 ② 70",
        "50 ④ 25"
      ],
      "answer": null,
      "explanation": ""
    },
    {
      "no": 0,
      "question": "3 이하 접촉금지\n<문제 해설>",
      "options": [],
      "answer": null,
      "explanation": ""
    },
    {
      "no": 0,
      "question": "3 초과 0.75 이하 30cm\n교류 아크 용접기의 자동전격방지기의 성능은 아크발생을 정지",
      "options": [],
      "answer": null,
      "explanation": ""
    },
    {
      "no": 0,
      "question": "75 초과 2 이하 45cm\n시킬 때 주접점이 개로될 때까지의 시간(지동시간)은\n2 초과 15 이하 60cm\n1초 이내이고, 2차 무부하 전압은 25V 이하이어야 한다\n15 초과 37 이하 90cm\n[해설작성자 : 디디]\n37 초과 88 이하 110cm\n88 초과 121 이하 130cm",
      "options": [],
      "answer": null,
      "explanation": ""
    },
    {
      "no": 75,
      "question": "인체의 대부분이 수중에 있는 상태에서 허용접촉전압은 몇\n[해설작성자 : kimdh4813]\nV 이하 인가?",
      "options": [
        "2.5V ② 25V"
      ],
      "answer": null,
      "explanation": ""
    },
    {
      "no": 78,
      "question": "개폐조작 시 안전절차에 따른 차단 순서와 투입 순서로 가\n③ 30V ④ 50V\n장 올바른 것은?\n<문제 해설>\n기출문제 해설은 최강 자격증 기출문제 전자문제집 CBT : www.comcbt.com 통해서 실시간으로 변경됩니다.\n본 해설집은 최강 자격증 기출문제 전자문제집 CBT 해설달기 프로젝트에 의해서 만들어진 자료입니다. 해설을 제공해 주신 모든 분들께 감사 드립니다.\n산업안전기사 ◐ 2018년 03월 04일 필기 기출문제 및 해설집◑ 전자문제집 CBT :www.comcbt.com\n한계 에너지는 약 몇 J 인가? (단, 심실세동전류값\n의 Dalziel의 식을 이용하며, 통전시간",
      "options": [
        "30V ④ 50V",
        "차단 ②→①→③, 투입 ①→②→③ 은 1초로 한다.)",
        "차단 ②→③→①, 투입 ①→②→③ ① 11.5 ② 13.6",
        "차단 ②→①→③, 투입 ③→②→① ③ 15.3 ④ 16.2",
        "차단 ②→③→①, 투입 ③→①→② <문제 해설>"
      ],
      "answer": null,
      "explanation": ""
    },
    {
      "no": 81,
      "question": "다음 물질 중 물에 가장 잘 용해되는 것은?\n1) 항상 차단기(CB)가 OFF된 상태에서 단로기(DS)를 ON/OFF",
      "options": [
        "아세톤 ② 벤젠",
        "톨루엔 ④ 휘발유"
      ],
      "answer": null,
      "explanation": ""
    },
    {
      "no": 1,
      "question": "항상 부하측부터 개폐해야한다.\n[해설작성자 : 빡고수박교수]",
      "options": [],
      "answer": null,
      "explanation": ""
    },
    {
      "no": 2,
      "question": "전류가 흐르지 않을 때 조작한다.",
      "options": [],
      "answer": null,
      "explanation": ""
    },
    {
      "no": 82,
      "question": "다음 중 최소발화에너지가 가장 작은 가연성 가스는?\n따라서",
      "options": [
        "수소 ② 메탄",
        "에탄 ④ 프로판"
      ],
      "answer": null,
      "explanation": ""
    },
    {
      "no": 79,
      "question": "정전기에 대한 설명으로 가장 옳은 것은?\n가장 발화하기 쉬운 가스는 폭발 3등급이다.",
      "options": [
        "전하의 공간적 이동이 크고, 자계의 효과가 전계의 효과",
        "전하의 공간적 이동이 크고, 자계의 효과와 전계의 효과",
        "전하의 공간적 이동이 적고, 전계의 효과와 자계의 효과",
        "전하의 공간적 이동이 적고, 자계의 효과가 전계에 비해"
      ],
      "answer": null,
      "explanation": ""
    },
    {
      "no": 83,
      "question": "안전설계의 기초에 있어 기상폭발대책을 예방대책, 긴급대\n정전기는 전하의 공간이동이 적고 전계의 영향이 크며 자계의\n책, 방호대책으로 나눌 때, 다음 중 방호대책과 가장 관계가\n영향은 아주 작은 전기이다.\n깊은 것은?\n[해설작성자 : 머릿속지우개]",
      "options": [
        "경보",
        "발화의 저지"
      ],
      "answer": null,
      "explanation": ""
    },
    {
      "no": 80,
      "question": "인체저항을 500Ω이라 한다면, 심실세동을 일으키는 위험\n기출문제 해설은 최강 자격증 기출문제 전자문제집 CBT : www.comcbt.com 통해서 실시간으로 변경됩니다.\n본 해설집은 최강 자격증 기출문제 전자문제집 CBT 해설달기 프로젝트에 의해서 만들어진 자료입니다. 해설을 제공해 주신 모든 분들께 감사 드립니다.\n산업안전기사 ◐ 2018년 03월 04일 필기 기출문제 및 해설집◑ 전자문제집 CBT :www.comcbt.com\n③ 방폭벽과 안전거리 \"화학설비\"\n④ 가연조건의 성립저지 시행령 : 유해위험방지계획서 제출 대상\n<문제 해설> 시행규칙 : 도급 시 산업재해 예방 -> \"안전보건규칙 별표 7\"\n경보 - 긴급대책 (안전보건규칙 = 산업안전보건기준에 관한 규칙)\n발화의 저지, 가연조건의 성립저지 - 예방대책 산업안전보건기준에 관한 규칙 자체에서도 화학설비는 모두 [별\n방폭벽과 안전거리 - 방호대책 표 7] 참조\n[별표 7] 화학설비 및 그 부속설비의 종류",
      "options": [
        "방폭벽과 안전거리 \"화학설비\"",
        "가연조건의 성립저지 시행령 : 유해위험방지계획서 제출 대상"
      ],
      "answer": null,
      "explanation": ""
    },
    {
      "no": 84,
      "question": "공정안전보고서 중 공정안전자료에 포함 하여야 할 세부내",
      "options": [],
      "answer": null,
      "explanation": ""
    },
    {
      "no": 1,
      "question": "화학설비\n용에 해당하는 것은?\n가. 화학물질 반응/혼합장치 : 반응기, 혼합조",
      "options": [
        "비상조치계획에 따른 교육계획",
        "안전운전지침서",
        "각종 건물ㆍ설비의 배치도",
        "도급업체 안전관리계획"
      ],
      "answer": null,
      "explanation": ""
    },
    {
      "no": 85,
      "question": "다음 중 물질에 대한 저장방법으로 잘못된 것은?\n[해설작성자 : iykim71]",
      "options": [
        "나트륨 - 유동 파라핀 속에 저장",
        "니트로글리세린 - 강산화제 속에 저장"
      ],
      "answer": null,
      "explanation": ""
    },
    {
      "no": 87,
      "question": "특수화학설비를 설치할 때 내부의 이상상태를 조기에 파악\n③ 적린 - 냉암소에 격리 저장\n하기 위하여 필요한 계측장치로 가장 거리가 먼 것은?\n④ 칼륨 - 등유 속에 저장",
      "options": [
        "적린 - 냉암소에 격리 저장",
        "칼륨 - 등유 속에 저장",
        "압력계 ② 유량계",
        "온도계 ④ 비중계",
        "1 ② 10",
        "100 ④ 1000"
      ],
      "answer": null,
      "explanation": ""
    },
    {
      "no": 86,
      "question": "화학설비 가운데 분체화학물질 분리장치에 해당하지 않는\n<문제 해설>\n것은?\n위험물 건조실을 독립된 단층 건물로 하여야 하는 경우",
      "options": [
        "건조기 ② 분쇄기",
        "유동탑 ④ 결정조"
      ],
      "answer": null,
      "explanation": ""
    },
    {
      "no": 91,
      "question": "다음 중 자연발화가 가장 쉽게 일어나기 위한 조건에 해당\n하는 것은?\n[추가 해설]",
      "options": [
        "큰 열전도율",
        "고온, 다습한 환경",
        "표면적이 작은 물질",
        "공기의 이동이 많은 장소"
      ],
      "answer": null,
      "explanation": ""
    },
    {
      "no": 1,
      "question": "위험물 또는 위험물이 발생하는 물질을 가열·건조하는 경\n*연소성 가스의 발생이 주의할것\n우 내용적이 1세제곱미터 이상인 건조설비\n*저장실의 온도 상승을 피할것",
      "options": [],
      "answer": null,
      "explanation": ""
    },
    {
      "no": 2,
      "question": "위험물이 아닌 물질을 가열·건조하는 경우로서 다음 각 목\n*공기가 접촉되지 않도록 불활성 액체중에 저장할것\n의 어느 하나의 용량에 해당하는 건조설비\n[해설작성자 : 짱돌뱅이]\n가. 고체 또는 액체연료의 최대사용량이 시간당 10킬로그\n램 이상",
      "options": [],
      "answer": null,
      "explanation": ""
    },
    {
      "no": 92,
      "question": "위험물에 관한 설명으로 틀린 것은?\n나. 기체연료의 최대사용량이 시간당 1세제곱미터 이상",
      "options": [
        "이황화탄소의 인화점은 0℃ 보다 낮다.",
        "과염소산은 쉽게 연소되는 가연성 물질이다.",
        "황린은 물속에 저장한다.",
        "알킬알루미늄은 물과 격렬하게 반응한다."
      ],
      "answer": null,
      "explanation": ""
    },
    {
      "no": 89,
      "question": "공기 중에서 폭발범위가 12.5~74vol%인 일산화탄소의 위험\n<문제 해설>\n도는 얼마인가?\n과염소산은 산화성 액체 및 산화성 고체이다.",
      "options": [
        "4.92 ② 5.26",
        "6.26 ④ 7.05"
      ],
      "answer": null,
      "explanation": ""
    },
    {
      "no": 93,
      "question": "물과 반응하여 가연성 기체를 발생하는 것은?",
      "options": [
        "프크린산 ② 이황화탄소",
        "칼륨 ④ 과산화칼륨"
      ],
      "answer": null,
      "explanation": ""
    },
    {
      "no": 90,
      "question": "숯, 코크스, 목탄의 대표적인 연소 형태는?\n[해설작성자 : 빙빙]",
      "options": [
        "혼합연소 ② 증발연소",
        "표면연소 ④ 비혼합연소"
      ],
      "answer": null,
      "explanation": ""
    },
    {
      "no": 94,
      "question": "프로판(C H )의 연소하한계가 2.2vol% 일 때 연소를 위한\n3 8\n최소산소농도(MOC)는 몇 vol%인가?\n표면연소: 다공성 가연물 층에서 일어나는 저온 무염 연소로, 훈",
      "options": [
        "5.0 ② 7.0",
        "9.0 ④ 11.0"
      ],
      "answer": null,
      "explanation": ""
    },
    {
      "no": 97,
      "question": "디에틸에테르의 연소범위에 가장 가까운 값은?\n최소 산소농도(MOC) 값 = 폭발하한계 * 산소의 몰수 / 연료의",
      "options": [
        "2~10.4% ② 1.9~48%",
        "2.5~15% ④ 1.5~7.8%"
      ],
      "answer": null,
      "explanation": ""
    },
    {
      "no": 2,
      "question": "2*5/1 = 11\n인화점 -45도, 발화점 160도, 연소범위 1.9~48%\n[해설작성자 : ㅈㄱㅇ]\n[해설작성자 : kimdh4813]",
      "options": [],
      "answer": null,
      "explanation": ""
    },
    {
      "no": 95,
      "question": "다음 중 유기과산화물로 분류되는 것은?",
      "options": [
        "메틸에틸케톤 ② 과망간산칼륨 추가로, 디에틸에테르 연소범위를 암기하지 못 했을 때 화학양",
        "과산화마그네슘 ④ 과산화벤조일 론농도로 추정하는 방법은 하한계에는 먹히지만 상한계에는 제"
      ],
      "answer": null,
      "explanation": ""
    },
    {
      "no": 98,
      "question": "송풍기의 회전차 속도가 1300rpm 일 때 송풍량이 분당\n문제에서는 메틸에틸케톤이라고 했기 때문에 유기과산화물이 아\n300m3였다. 송풍량을 분당 400m3으로 증가시키고자 한다면\n닙니다.\n송풍기의 회전차 속도는 약 몇 rpm으로 하여야 하는가?\n[해설작성자 : 어렵네]",
      "options": [
        "1533 ② 1733"
      ],
      "answer": null,
      "explanation": ""
    },
    {
      "no": 96,
      "question": "연소이론에 대한 설명으로 틀린 것은? ③ 1967 ④ 2167",
      "options": [
        "1967 ④ 2167",
        "착화온도가 낮을수록 연소위험이 크다. <문제 해설>",
        "인화점이 낮은 물질은 반드시 착화점도 낮다. 1300:300 = x : 400",
        "인화점이 낮을수록 일반적으로 연소위험이 크다. [해설작성자 : 갓]",
        "연소범위가 넓을수록 연소위험이 크다."
      ],
      "answer": null,
      "explanation": ""
    },
    {
      "no": 99,
      "question": "다음 중 물과 반응하였을 때 흡열반응을 나타내는 것은?\n*인화점은",
      "options": [
        "질산암모늄 ② 탄화칼슘",
        "나트륨 ④ 과산화칼륨"
      ],
      "answer": null,
      "explanation": ""
    },
    {
      "no": 2,
      "question": "탄화칼슘과 물이 만나면 아세틸렌 생성 (1 -> 0.5 되려면 절반 1/2)\n[해설작성자 : 북삼고노균옥] [해설작성자 : 수학 쌩초보]",
      "options": [],
      "answer": null,
      "explanation": ""
    },
    {
      "no": 100,
      "question": "다음 중 노출기준(TWA)이 가장 낮은 물질은? 102. 흙막이 지보공을 조립하는 경우 미리 조립도를 작성하여야",
      "options": [
        "염소 ② 암모니아 하는데 이 조립도에 명시되어야 할 사항과 가장 거리가 먼",
        "에탄올 ④ 메탄올 것은?",
        "부재의 배치",
        "부재의 치수",
        "부재의 긴압정도",
        "설치방법과 순서"
      ],
      "answer": null,
      "explanation": ""
    },
    {
      "no": 0,
      "question": "1 : 불소, 포스겐 [해설작성자 : 회상]",
      "options": [],
      "answer": null,
      "explanation": ""
    },
    {
      "no": 0,
      "question": "5 : 염소, 벤젠\n1 : 니트로벤젠 부재의 긴압정도 -터널지보공 관련 내용\n[해설작성자 : 불포염벤니] [해설작성자 : 북삼고노경환]",
      "options": [],
      "answer": null,
      "explanation": ""
    },
    {
      "no": 103,
      "question": "미리 작업장소의 지형 및 지반상태 등에 적합한 제한속도\n6과목 : 건설안전기술\n를 정하지 않아도 되는 차량계 건설기계의 속도 기준은?",
      "options": [],
      "answer": null,
      "explanation": ""
    },
    {
      "no": 101,
      "question": "보통 흙의 건지를 다음 그림과 같이 굴착하고자 한다. 굴",
      "options": [
        "최대 제한 속도가 10km/h 이하",
        "최대 제한 속도가 20km/h 이하",
        "최대 제한 속도가 30km/h 이하",
        "최대 제한 속도가 40km/h 이하"
      ],
      "answer": null,
      "explanation": ""
    },
    {
      "no": 104,
      "question": "터널공사에서 발파작업 시 안전대책으로 옳지 않은 것은?",
      "options": [
        "발파전 도화선 연결상태, 저항시 조사 등의 목적으로 도",
        "2m ② 2.5m",
        "5m ④ 10m",
        "모든 동력선은 발원점으로부터 최소한 15m 이상 후방으",
        "지질, 암의 절리 등에 따라 화약량에 대한 검토 및 시방",
        "발파용 점화회선은 타동력선 및 조명회선과 한곳으로 통"
      ],
      "answer": null,
      "explanation": ""
    },
    {
      "no": 105,
      "question": "달비계의 최대 적재하중을 정함에 있어서 활용하는 안전계\n-이음부가 현장용접인 구조물\n수의 기준으로 옳은 것은? (단, 곤돌라의 달비계를 제외한\n[해설작성자 : 디디]\n다.)(관련 규정 개정전 문제로 여기서는 기존 정답인 4번을\n누르면 정답 처리됩니다. 자세한 내용은 해설을 참고하세 108. 건설업 산업안전보건관리비 중 안전시설비로 사용할 수 없\n요.) 는 것은?(관련 규정 개정전 문제로 여기서는 기존 정답인",
      "options": [
        "달기 와이어로프 : 5 이상 1번을 누르면 정답 처리됩니다. 자세한 내용은 해설을 참",
        "달기 강선 : 5 이상 고하세요.)",
        "달기 체인 : 3 이상 ① 안전통로",
        "달기 훅 : 5 이상 ② 비계에 추가 설치하는 추락방지용 안전난간",
        "사다리 전도방지장치",
        "통로의 낙하물 방호선반"
      ],
      "answer": null,
      "explanation": ""
    },
    {
      "no": 106,
      "question": "다음 보기의 ( ) 안에 알맞은 내용은?\n-> [별표 2] 안전관리비의 항목별 사용 불가내역",
      "options": [],
      "answer": null,
      "explanation": ""
    },
    {
      "no": 1,
      "question": "안전관리자 등의 인건비 및 각종 업무 수당 등 :\n(내용 생략. 전담하지 않거나 겸임하면 안준다)",
      "options": [],
      "answer": null,
      "explanation": ""
    },
    {
      "no": 2,
      "question": "안전시설비 등 :\n가. 원활한 공사수행을 위한 가설시설, 장치, 도구, 자재\n등",
      "options": [
        "3 ② 3.5",
        "4 ④ 4.5"
      ],
      "answer": null,
      "explanation": ""
    },
    {
      "no": 1,
      "question": "높이 2m 이내마다 수평연결재를 2개 방향으로 만들고 수평\n통로의 낙하물방호선반 등은 사용 가능함\n연결재의 변위를 방지할 것으로 되어있습니다.\n[해설작성자 : iykim71]\n문제의 경우 파이프서포트이므로 위 내용은 해당이 안되니\n안전시설비로 사용 할 수 없는 것:계발통(가설계단,안전발판,안",
      "options": [],
      "answer": null,
      "explanation": ""
    },
    {
      "no": 3,
      "question": "5m를 초과할 경우 2m 이내마다 수평연결재 2개방향으로 설\n전통로)\n치해줍니다.\n[해설작성자 : 허찬]\n[해설작성자 : 기계과 기붕이]\n관련 법령 개정에 따라 \"안전관리의 항목별 사용 불가내역\" 삭제",
      "options": [],
      "answer": null,
      "explanation": ""
    },
    {
      "no": 107,
      "question": "건립 중 강풍에 의한 풍압 등 외압에 대한 내력이 설계에\n로 정답 없음\n고려되었는지 확인하여야 하는 철골 구조물이 아닌 것은?\n[해설작성자 : KKKYYY]",
      "options": [
        "단면이 일정한 구조물",
        "기둥이 타이플레이트형인 구조물",
        "이음부가 현장용접인 구조물",
        "구조물의 폭과 높이의 비가 1:4 이상인 구조물"
      ],
      "answer": null,
      "explanation": ""
    },
    {
      "no": 109,
      "question": "터널 등의 건설작업을 하는 경우에 낙반 등에 의하여 근로\n-구조물의 폭과 높이의 비가 1:4이상인 구조물\n자가 위험해질 우려가 있는 경우에 필요한 조치와 가장 거\n-단면구조에 현저한 차이가 있는 구조물\n리가 먼 것은?\n-연면적당 철골량이 50kg/m2 이하인 구조물",
      "options": [
        "터널 지보공을 설치한다.",
        "록볼트를 설치한다. ② 승강용 사다리는 견고하게 설치할 것",
        "환기, 조명시설을 설치한다. ③ 작업발판은 항상 수평을 유지하고 작업발판 위에서 작업",
        "부석을 제거한다. 을 위한 거리가 부족할 경우에는 받침대 또는 사다리를",
        "작업발판의 최대적재하중은 250kg을 초과하지 않도록"
      ],
      "answer": null,
      "explanation": ""
    },
    {
      "no": 1,
      "question": "터널지보공 설치 부를 견고한 시설물에 고정하거나 지지를 설치할 것",
      "options": [],
      "answer": null,
      "explanation": ""
    },
    {
      "no": 2,
      "question": "록볼트 설치 2.승강용사다리는 견고하게 설치할 것",
      "options": [],
      "answer": null,
      "explanation": ""
    },
    {
      "no": 3,
      "question": "부석제거 3.비계의 최상부에서 작업을 할 때에는 안전난간을 설치할 것\n산업안전보건기준에 관한 규칙 제351조(낙반등에 의한 위험의 4.작업발판은 항상 수평을 유지하고 작업발판 위에서 안전난간\n방지) 을 딛고 작업을 하거나 받침대 또는 사다리를 사용하여 작업하\n정재수 2021 과년도 풀이 참고 지 않도록 할 것\n[해설작성자 : 해설은 고마운데] 5.작업발판의 최대적재하중은 250킬로그램을 초과하지 않도록\n할 것",
      "options": [],
      "answer": null,
      "explanation": ""
    },
    {
      "no": 110,
      "question": "강관을 사용하여 비계를 구성하는 경우 준수해야할 사항으\n[해설작성자 : 부자아빠]\n로 옳지 않은 것은?(관련 규정 개정전 문제로 여기서는 기\n존 정답인 3번을 누르면 정답 처리됩니다. 자세한 내용은 112. 유해ㆍ위험 방지를 위한 방호조치를 하지 아니하고는 양\n해설을 참고하세요.) 도, 대여, 설치 또는 사용에 제동하거나, 양도ㆍ대여를 목",
      "options": [
        "비계기둥의 간격은 띠장 방향에서는 1.5m 이상 1.8m 이 적으로 진열해서는 아니 되는 기계ㆍ기구에 해당하지 않는",
        "띠장 간격은 1.5m 이하로 설치하되, 첫 번째 띠장은 지 ① 지게차 ② 공기압축기",
        "원심기 ④ 덤프트럭",
        "비계기둥의 제일 윗부분으로부터 31m되는 지점 밑부분 <문제 해설>",
        "비계기둥 간의 적재하중은 400kg을 초과하지 않도록 할 등을 해서는 안되는 기계, 기구"
      ],
      "answer": null,
      "explanation": ""
    },
    {
      "no": 1,
      "question": "비계기둥의 간격은 띠장 방향에서는 1.85m이하, 장선 방향에",
      "options": [],
      "answer": null,
      "explanation": ""
    },
    {
      "no": 113,
      "question": "화물운반하역 작업 중 걸이작업에 관한 설명으로 옳지 않\n서는 1.5m 이하로 할 것\n은 것은?",
      "options": [],
      "answer": null,
      "explanation": ""
    },
    {
      "no": 2,
      "question": "띠장간격 2m이하",
      "options": [
        "와이어로프 등은 크레인의 후크 중심에 걸어야 한다.",
        "인양 물체의 안정을 위하여 2줄 걸이 이상을 사용하여야",
        "매다는 각도는 60° 이상으로 하여야 한다.",
        "근로자를 매달린 물체위에 탑승시키지 않아야 한다."
      ],
      "answer": null,
      "explanation": ""
    },
    {
      "no": 111,
      "question": "이동식비계 조립 및 사용 시 준수사항으로 옳지 않은 것 -> 운반하역 표준안전 작업지침\n은? 제22조(걸이) 걸이 작업은 다음 각 호의 사항을 준수하여야 한",
      "options": [
        "비계의 최상부에서 작업을 하는 경우에는 안전난간을 설 다."
      ],
      "answer": null,
      "explanation": ""
    },
    {
      "no": 2,
      "question": "인양 물체의 안정을 위하여 2줄 걸이 이상을 사용하여야 한 3000억 이상 ~ 3900억 미만 | 5명 이상\n다. --------------------------------------",
      "options": [],
      "answer": null,
      "explanation": ""
    },
    {
      "no": 3,
      "question": "밑에 있는 물체를 걸고자 할 때에는 위의 물체를 제거한 후 3900억 이상 ~ 4900억 미만 | 6명 이상\n에 행하여야 한다. --------------------------------------",
      "options": [],
      "answer": null,
      "explanation": ""
    },
    {
      "no": 4,
      "question": "매다는 각도는 60도 이내로 하여야 한다. 4900억 이상 ~ 6000억 미만 | 7명 이상",
      "options": [],
      "answer": null,
      "explanation": ""
    },
    {
      "no": 5,
      "question": "근로자를 매달린 물체위에 탑승시키지 않아야 한다. --------------------------------------\n[해설작성자 : iykim71] 6000억 이상 ~ 7200억 미만 | 8명 이상\n--------------------------------------",
      "options": [],
      "answer": null,
      "explanation": ""
    },
    {
      "no": 114,
      "question": "거푸집동바리 등을 조립하는 경우에 준수하여야 할 사항으\n7200억 이상 ~ 8500억 미만 | 9명 이상\n로 옳지 않은 것은?\n--------------------------------------",
      "options": [
        "깔목의 사용, 콘크리트 타설, 말뚝박기 등 동바리의 침하",
        "개구부 상부에 동바리를 설치하는 경우에는 상부하중을",
        "거푸집이 곡면인 경우에는 버팀대의 부착등 그 거푸집의",
        "동바리의 이음은 맞댄이음이나 장부이음을 피할 것 116. 선박에서 하역작업 시 근로자들이 안전하게 오르내릴 수",
        "500톤급 ② 300톤급",
        "200톤급 ④ 100톤급"
      ],
      "answer": null,
      "explanation": ""
    },
    {
      "no": 115,
      "question": "사업의 종류가 건설업이고, 공사금액이 850억원 일 경우\n항만하역작업의 안전수칙\n산업안전보건법령에 따른 안전관리자를 최소 몇 명 이상\n-300톤급 이상의 선박에서 하역작업을 하는 경우에 근로자들이\n두어야 하는가? (단, 상시근로자는 600명으로 가정)\n안전하게 오르내릴 수 있는 현문 사다리를 설치하여야 하며, 이",
      "options": [
        "1명 이상 ② 2명 이상",
        "3명 이상 ④ 4명 이상",
        "와이어로프를 고정하기 위한 전용 지지프레임을 사용할",
        "와이어로프 설치각도는 수평면에서 60° 이상으로 하되,",
        "와이어로프와 그 고정부위는 충분한 강도와 장력을 갖도",
        "와이어로프가 가공전선에 근접하지 않도록 할 것"
      ],
      "answer": null,
      "explanation": ""
    },
    {
      "no": 120,
      "question": "이동식 크레인을 사용하여 작업을 할 때 작업시작 전 점검\n-> 당연히 (1),(2)는 거의 비슷한 내용이어야 하겠는데... 지지점\n사항이 아닌 것은?\n갯수가 다르다?",
      "options": [
        "주행로의 상측 및 트롤리(trolley)가 횡행하는 레일의 상",
        "권과방지장치 그 밖의 경보장치의 기능",
        "브레이크ㆍ클러치 및 조정장치의 기능"
      ],
      "answer": null,
      "explanation": ""
    },
    {
      "no": 2,
      "question": "와이어로프를 고정하기 위한 전용 지지프레임을 사용할 것\n④ 와이어로프가 통하고 있는 곳 및 작업장소의 지반상태",
      "options": [
        "와이어로프가 통하고 있는 곳 및 작업장소의 지반상태"
      ],
      "answer": null,
      "explanation": ""
    },
    {
      "no": 3,
      "question": "와이어로프 설치각도는 수평면에서 60도 이내로 하되, 지지\n<문제 해설>\n점은 4개소 이상으로 하고, 같은 각도로 설치할 것\n*크레인을 사용하여 작업할 때",
      "options": [],
      "answer": null,
      "explanation": ""
    },
    {
      "no": 4,
      "question": "와이어로프와 그 고정부위는 충분한 강도와 장력을 갖도록",
      "options": [],
      "answer": null,
      "explanation": ""
    },
    {
      "no": 1,
      "question": "권과방지장치, 브레이크, 클러치 및 운전장치의 기능\n설치하고,",
      "options": [],
      "answer": null,
      "explanation": ""
    },
    {
      "no": 2,
      "question": "주행로의 상측 및 트롤리가 횡행하는 레일의 상태\n와이어로프를 클립·샤클(shackle, 연결고리) 등의 고정기구를",
      "options": [],
      "answer": null,
      "explanation": ""
    },
    {
      "no": 3,
      "question": "와이어로프가 통하고 있는 곳의 상태\n사용하여 견고하게 고정시켜 풀리지 아니하도록 하며,\n사용 중에는 충분한 강도와 장력을 유지하도록 할 것\n*이동식 크레인을 사용하여 작업을 할때",
      "options": [],
      "answer": null,
      "explanation": ""
    },
    {
      "no": 5,
      "question": "와이어로프가 가공전선(架空電線)에 근접하지 않도록 할 것",
      "options": [],
      "answer": null,
      "explanation": ""
    },
    {
      "no": 1,
      "question": "권과방지장치 그 밖의 경보장치의 기능",
      "options": [],
      "answer": null,
      "explanation": ""
    },
    {
      "no": 2,
      "question": "브레이크 클러치 및 조정장치의 기능\n[크레인 제작 및 안전기준]에서는 \"지지점은 3개소 이상 등각도",
      "options": [],
      "answer": null,
      "explanation": ""
    },
    {
      "no": 3,
      "question": "와이어로프가 통하고 있는 곳 및 작업장소의 지반상태\n로 설치할 것\"으로 되어 있음.\n[해설작성자 : forza milan]\n아무튼... 문제에서는 등각도 언급이 없었으므로 4개소 이상이어\n야 하는 것으로 봐야 합니다.\n\"작업시작 전 점검사항\"\n[해설작성자 : iykim71]\n-> 산업안전보건기준에 관한 규칙 [별표 3] 작업시작 전 점검",
      "options": [],
      "answer": null,
      "explanation": ""
    },
    {
      "no": 118,
      "question": "터널붕괴를 방지하기 위한 지보공에 대한 점검사항과 가장 사항\n거리가 먼 것은? 5. 이동식 크레인을 사용하여 작업을 할 때(제2편제1장제9절",
      "options": [
        "부재의 긴압 정도 제3관)",
        "부재의 손상ㆍ변형ㆍ부식ㆍ변위 탈락의 유무 및 상태 가. 권과방지장치나 그 밖의 경보장치의 기능",
        "기둥침하의 유무 및 상태 나. 브레이크ㆍ클러치 및 조정장치의 기능",
        "경보장치의 작동상태 다..와이어로프가 통하고 있는 곳 및 작업장소의 지반상태"
      ],
      "answer": null,
      "explanation": ""
    },
    {
      "no": 119,
      "question": "작업중이던 미장공이 상부에서 떨어지는 공구에 의해 상해\n동하는 바퀴가 트롤리.\n를 입었다면 어느 부분에 대한 결함이 있었겠는가?\n지브가 모노레일이면 트롤리가 모노레일 열차 같은 개",
      "options": [
        "작업대 설치",
        "작업방법",
        "낙하물 방지시설 설치",
        "비계설치"
      ],
      "answer": null,
      "explanation": ""
    },
    {
      "no": 1,
      "question": "작업대 설치 : 추락 예방",
      "options": [],
      "answer": null,
      "explanation": ""
    },
    {
      "no": 2,
      "question": "작업방법 : 추락 예방",
      "options": [],
      "answer": null,
      "explanation": ""
    },
    {
      "no": 3,
      "question": "낙하물 방지시설 설치 : 낙하물 예방",
      "options": [],
      "answer": null,
      "explanation": ""
    },
    {
      "no": 4,
      "question": "비계설치 : 추락 예방\n[해설작성자 : 수질대기산안기]\n기출문제 해설은 최강 자격증 기출문제 전자문제집 CBT : www.comcbt.com 통해서 실시간으로 변경됩니다.\n본 해설집은 최강 자격증 기출문제 전자문제집 CBT 해설달기 프로젝트에 의해서 만들어진 자료입니다. 해설을 제공해 주신 모든 분들께 감사 드립니다.\n산업안전기사 ◐ 2018년 03월 04일 필기 기출문제 및 해설집◑ 전자문제집 CBT :www.comcbt.com\n본 해설집의 저작권은 www.comcbt.com에 있으며\n카페, 블로그 등의 업로드 및 개인적 활용 이외에\n문서의 수정 및 DB 저장, 기타 금전적 이익을 취하는\n일체의 행위를 금지 합니다.\n전자문제집 CBT 홈페이지 : www.comcbt.com\n기출문제 및 해설집 다운로드 : www.comcbt.com/xe\n전자문제집 CBT 앱(구글플레이) : [다운로드]\n전자문제집 CBT란?\n인터넷으로 종이 없이 문제를 풀고 자동채점하는 프로그램으로\n워드, 컴활, 기능사 등의 상설검정에서 사용하는 실제 프로그램\n방식입니다.\n해설을 제공하며 PC 버전 및 모바일 버전 완벽 연동\n교사용/학생용 관리기능도 제공합니다.\n오답 및 오탈자가 수정된 최신 자료와 해설은 전자문제집 CBT\n에서 확인하세요.\n1 2 3 4 5 6 7 8 9 10\n④",
      "options": [
        "① ③ ② ② ③ ③ ② ④ ④",
        "④ ③ ④ ④ ③ ① ① ① ②",
        "① ④ ④ ② ③ ② ④ ① ①",
        "① ④ ③ ③ ③ ① ④ ② ②",
        "④ ③ ① ③ ④ ② ④ ① ①",
        "④ ④ ④ ② ③ ③ ② ③ ②",
        "② ③ ② ④ ③ ② ④ ③ ④",
        "③ ③ ④ ① ① ③ ④ ④ ②",
        "① ③ ③ ② ② ④ ① ① ③",
        "② ③ ④ ④ ② ② ② ① ①",
        "③ ① ④ ④ ② ① ① ③ ③",
        "④ ③ ④ ② ② ② ④ ③ ①"
      ],
      "answer": null,
      "explanation": ""
    }
  ]
}