{
  "title": "산업안전기사20170305(해설집).pdf",
  "questions": [
    {
      "no": 1,
      "question": "산업안전보건법령상 근로자 안전ㆍ보건교육 중 채용 시의 교\n3단계=사회적 욕구\n육 및 작업내용 변경 시의 교육 내용에 포함되지 않는 것은?\n4단계=인정받으려는 욕구(존경,긍지)",
      "options": [
        "물질안전보건자료에 관한 사항",
        "작업 개시 전 점검에 관한 사항",
        "유해ㆍ위험 작업환경 관리에 관한 사항",
        "기계ㆍ기구의 위험성과 작업의 순서 및 동선에 관한 사항"
      ],
      "answer": null,
      "explanation": ""
    },
    {
      "no": 3,
      "question": "플리커 검사(flicker test)의 목적으로 가장 적절한 것은?\n<문제 해설>",
      "options": [
        "혈중 알코올농도 측정",
        "체내 산소량 측정",
        "작업강도 측정",
        "피로의 정도 측정"
      ],
      "answer": null,
      "explanation": ""
    },
    {
      "no": 4,
      "question": "라인(Line)형 안전관리 조직의 특징으로 옳은 것은?\n보기 3번 선지는 '근로자 정기교육'의 내용임.",
      "options": [
        "안전에 관한 기술의 축적이 용이하다.",
        "안전에 관한 지시나 조치가 신속하다.",
        "조직원 전원을 자율적으로 안전활동에 참여시킬 수 있다.",
        "권한 다툼이나 조정 때문에 통제수속이 복잡해지며, 시간"
      ],
      "answer": null,
      "explanation": ""
    },
    {
      "no": 5,
      "question": "참가자에게 일정한 역할을 주어 실제적으로 연기를 시켜봄으\n- 기계ㆍ기구의 위험성과 작업의 순서 및 동선에 관한 사항\n로써 자기의 역할을 보다 확실히 인식할 수 있도록 체험학습\n- 작업 개시 전 점검에 관한 사항\n을 시키는 교육방법은?\n- 정리정돈 및 청소에 관한 사항",
      "options": [
        "Role playing ② Brain storming",
        "Action playing ④ Fish Bowl plaing"
      ],
      "answer": null,
      "explanation": ""
    },
    {
      "no": 6,
      "question": "인간의 적응기제 중 방어기제로 볼 수 없는 것은?",
      "options": [],
      "answer": null,
      "explanation": ""
    },
    {
      "no": 2,
      "question": "매슬로우(Maslow)의 욕구단계 이론 중 2단계에 해당되는 것",
      "options": [
        "승화 ② 고립",
        "합리화 ④ 보상",
        "생리적 욕구",
        "안전에 대한 욕구",
        "자아실현의 욕구",
        "존경과 긍지에 대한 욕구",
        "생리적 욕구 > ② 안전 욕구 > ③",
        "인정받으려는 욕구 > ⑤ 자아 실현의 욕구"
      ],
      "answer": null,
      "explanation": ""
    },
    {
      "no": 10,
      "question": "근로자수 300명, 총 근로 시간수 48시간×50주이고, 연재해\n건수는 200건 일 때 이 사업장의 강도율은? (단, 연 근로\n해설작성자 : 뜨기\n손실일수는 800일로 한다.)\n해설에서 적응기제는 방어기제, 도피기제 등을 아울러 부르는",
      "options": [
        "1.11 ② 0.90",
        "0.16 ④ 0.84"
      ],
      "answer": null,
      "explanation": ""
    },
    {
      "no": 7,
      "question": "교육훈련 기법 중 off.J.T의 장점에 해당되지 않는 것은? 800/(300*48*50)*1000 = 1.11",
      "options": [
        "우수한 전문가를 강사로 활용할 수 있다. [해설작성자 : ㅎㅅ]",
        "특별 교재, 교구, 설비를 유효하게 활용할 수 있다.",
        "다수의 근로자에게 조직적 훈련이 가능하다. 강도율=근로시간 1000시간당 재해로 인해 잃어버린 근로손실일",
        "직장의 실정에 맞는 실제적인 교육이 가능하다. 수"
      ],
      "answer": null,
      "explanation": ""
    },
    {
      "no": 11,
      "question": "재해예방의 4원칙이 아닌 것은?\nOff JT (Off The Job Training)의 특징",
      "options": [
        "손실우연의 원칙"
      ],
      "answer": null,
      "explanation": ""
    },
    {
      "no": 1,
      "question": "다수의 근로자들에게 훈련을 할 수 있다\n② 사실확인의 원칙",
      "options": [
        "사실확인의 원칙"
      ],
      "answer": null,
      "explanation": ""
    },
    {
      "no": 2,
      "question": "훈련에만 전념하게 된다\n③ 원인계기의 원칙",
      "options": [
        "원인계기의 원칙"
      ],
      "answer": null,
      "explanation": ""
    },
    {
      "no": 3,
      "question": "특별설비기구 이용이 가능하다\n④ 대책선정의 원칙",
      "options": [
        "대책선정의 원칙"
      ],
      "answer": null,
      "explanation": ""
    },
    {
      "no": 4,
      "question": "많은 지식이나 경험을 교류할 수 있다\n<문제 해설>",
      "options": [],
      "answer": null,
      "explanation": ""
    },
    {
      "no": 5,
      "question": "교육 훈련 목표에 대하여 집단적 노력이 흐트러질 수 있다\n재해예방의 4원칙\n[해설작성자 : 예린하린]",
      "options": [],
      "answer": null,
      "explanation": ""
    },
    {
      "no": 1,
      "question": "손실 우연의 원칙 2.원인 계기의 원칙 3.예방가능의 원칙 4.대",
      "options": [],
      "answer": null,
      "explanation": ""
    },
    {
      "no": 8,
      "question": "산업안전보건법령상 안전ㆍ보건표지의 색채와 사용사례의 연 책 선정의 원칙\n결이 틀린 것은? [해설작성자 : comcbt.com 이용자]",
      "options": [
        "노란색 - 정지신호, 소화설비 및 그 장소 유해행위의 금"
      ],
      "answer": null,
      "explanation": ""
    },
    {
      "no": 12,
      "question": "안전교육의 3요소에 해당되지 않는 것은?\n지",
      "options": [
        "강사 ② 교육방법",
        "파란색 - 특정 행위의 지시 및 사실의 고지",
        "수강자 ④ 교재",
        "빨간색 - 화학물질 취급장소에서의 유해ㆍ위험 경고",
        "녹색 - 비상구 및 피난소, 사람 또는 차량의 통행표지"
      ],
      "answer": null,
      "explanation": ""
    },
    {
      "no": 1,
      "question": "주체 : 강사\n안전.보건표지 색채",
      "options": [],
      "answer": null,
      "explanation": ""
    },
    {
      "no": 2,
      "question": "객체 : 수강자\n빨간색-화학물질 취급장소에서의 유해,위험 경고",
      "options": [],
      "answer": null,
      "explanation": ""
    },
    {
      "no": 3,
      "question": "매개체 : 교재=내용\n노란색-화학물질 취급장소에서의 유해,위험 경고 이외의 위험경\n[해설작성자 : 청정이]\n고, 주의표지 또는 기계 방호물\n파란색-특정행위의 지시 및 사실의 고지",
      "options": [],
      "answer": null,
      "explanation": ""
    },
    {
      "no": 13,
      "question": "산업현장에서 재해 발생 시 조치 순서로 옳은 것은?\n녹색-비상구 및 피난소, 사람 또는 차량의 통행표지",
      "options": [
        "긴급처리 → 재해조사 → 원인분석 → 대책수립 → 실시",
        "긴급처리 → 원인분석 → 재해조사 → 대책수립 → 실시"
      ],
      "answer": null,
      "explanation": ""
    },
    {
      "no": 9,
      "question": "버드(Bird)의 재해발생에 관한 연쇄이론 중 직접적인 원인은\n③ 긴급처리 → 재해조사 → 원인분석 → 실시계획 → 실시\n몇 단계에 해당되는가?\n→ 대책수립 →평가",
      "options": [
        "긴급처리 → 재해조사 → 원인분석 → 실시계획 → 실시",
        "1단계 ② 2단계",
        "긴급처리 → 실시계획 → 재해조사 → 대책수립 → 평가",
        "3단계 ④ 4단계"
      ],
      "answer": null,
      "explanation": ""
    },
    {
      "no": 1,
      "question": "통제의 부족(관리) 2.기본원인(기원) 3.직접원인(징후) 4.사고",
      "options": [],
      "answer": null,
      "explanation": ""
    },
    {
      "no": 1,
      "question": "재해발생 2.긴급처리 3.재해조사 4.원인강구 5.대책수립 6.대\n(접촉) 5.상해(손해,손실)\n책실시계획 7.실시 8.평가\n기출문제 해설은 최강 자격증 기출문제 전자문제집 CBT : www.comcbt.com 통해서 실시간으로 변경됩니다.\n본 해설집은 최강 자격증 기출문제 전자문제집 CBT 해설달기 프로젝트에 의해서 만들어진 자료입니다. 해설을 제공해 주신 모든 분들께 감사 드립니다.\n산업안전기사 ◐ 2017년 03월 05일 필기 기출문제 및 해설집◑ 전자문제집 CBT :www.comcbt.com\n[해설작성자 : 딘짜] 는 질병에 이환되지 않는 것을 말한다.\n④ 작업 시간 외에 천재지변 또는 돌발적인 사고 우려가 많",
      "options": [
        "작업 시간 외에 천재지변 또는 돌발적인 사고 우려가 많"
      ],
      "answer": null,
      "explanation": ""
    },
    {
      "no": 14,
      "question": "산업재해의 분석 및 평가를 위하여 재해발생 건수 등의 추\n은 장소에서 사회통념상 인정되는 업무수행 중 발생한\n이에 대해 한계선을 설정하여 목표 관리를 수행하는 재해통\n사고는 무재해로 본다.\n계 분석기법은?\n<문제 해설>",
      "options": [
        "폴리건(polygon)",
        "관리도(control chart)",
        "파레토도(pareto diagram)",
        "특성 요인도(cause & effect diagram)"
      ],
      "answer": null,
      "explanation": ""
    },
    {
      "no": 4,
      "question": "특성요인도 : 재해분석도구 가운데 재해발생의 유형을 어골상\n무재해란 무재해운동 시행사업장에서 근로자가 업무에 기인하여\n으로 분류하여 분석하는 것\n사망 또는 4일 이상의 요양을 요하는 부상 또는 질병에 이환되",
      "options": [],
      "answer": null,
      "explanation": ""
    },
    {
      "no": 2,
      "question": "관리도: 산업재해의 분석 및 평가를 위해 재해발생 건수 등의\n지 않는 것을 말하며, 다음의 어느 하나에 해당하는 경우는 무\n추이에 대해 한계선을 설정하여 목표 관리를 수행하는 재해통계\n재해로 본다..- 사업장무재해운동시행규정 법령 제2조(용어의 정\n분석기법\n의)",
      "options": [],
      "answer": null,
      "explanation": ""
    },
    {
      "no": 3,
      "question": "관리 대상이 많은 경우 최소의 노력으로 최대의 효과를 얻을",
      "options": [],
      "answer": null,
      "explanation": ""
    },
    {
      "no": 1,
      "question": "업무수행 중의 사고 중 천재지변 또는 돌발적인 사고로 인한\n수 있는 방법(분류 항목을 큰 값에서 작은 값의 순서로 도표화\n구조행위 또는 긴급피난 중 발생한 사고\n하는데 편리)",
      "options": [],
      "answer": null,
      "explanation": ""
    },
    {
      "no": 2,
      "question": "출.퇴근 도중에 발생한 재해",
      "options": [],
      "answer": null,
      "explanation": ""
    },
    {
      "no": 3,
      "question": "운동경기 등 각종 행사 중 발생한 재해",
      "options": [],
      "answer": null,
      "explanation": ""
    },
    {
      "no": 15,
      "question": "ABE종 안전모에 대하여 내수성 시험을 할 때 물에 담그기",
      "options": [],
      "answer": null,
      "explanation": ""
    },
    {
      "no": 4,
      "question": "제 3자의 행위에 의한 업무상 재해\n전의 질량이 400g 이고, 물에 담근 후의 질량이 410g 이었",
      "options": [],
      "answer": null,
      "explanation": ""
    },
    {
      "no": 5,
      "question": "업무상 질병에 대한 구체적인 인정기준 중 뇌혈관질환 또는\n다면 질량증가율과 합격여부로 옳은 것은?\n심장질환에 의한 재해",
      "options": [
        "질량증가율 : 2.5%, 합격여부 : 불합격"
      ],
      "answer": null,
      "explanation": ""
    },
    {
      "no": 6,
      "question": "업무시간외에 발생한 재해. 다만, 사업주가 제공한 사업장내\n② 질량증가율 : 2.5%, 합격여부 : 합격\n의 시설물에서 발생한 재해 또는 작업개시전의 작업준비 및 작\n③ 질량증가율 : 102.5%, 합격여부 : 불합격\n업종료후의 정리정돈과정에서 발생한 재해는 제외한다..\n④ 질량증가율 : 102.5%, 합격여부 : 합격\n[해설작성자 : 시루 밥벌이해야지]\n<문제 해설>\n안전모의 구조\n[관리자 입니다.",
      "options": [
        "질량증가율 : 2.5%, 합격여부 : 합격",
        "질량증가율 : 102.5%, 합격여부 : 불합격",
        "질량증가율 : 102.5%, 합격여부 : 합격"
      ],
      "answer": null,
      "explanation": ""
    },
    {
      "no": 1,
      "question": "모체와 착장체의 땀방대의 간격은 5mm이상일 것.\n2024년부터 무재해 운동 및 위험예지훈련(브레인스토밍 기법)이",
      "options": [],
      "answer": null,
      "explanation": ""
    },
    {
      "no": 2,
      "question": "착장제의 각도는 수평면으로부터 20도 이상의 각도를 유지할\n시험범위에서 제외되었습니다.\n것.\n참고 문제로만 이용 부탁 드립니다.]",
      "options": [],
      "answer": null,
      "explanation": ""
    },
    {
      "no": 3,
      "question": "머리 받침고리와 모체 내부와의 간격은 32mm(1.25inch)이상\n일 것",
      "options": [],
      "answer": null,
      "explanation": ""
    },
    {
      "no": 17,
      "question": "맥그리거(Mcgregor)의 X, Y 이론에서 X 이론에 대한 관리",
      "options": [],
      "answer": null,
      "explanation": ""
    },
    {
      "no": 4,
      "question": "내전압성(AE,ABE의 안전모는 1분간 견디고 또한 충전 전류가\n처방으로 볼 수 없는 것은?\n10mA이하)",
      "options": [
        "직무의 확장"
      ],
      "answer": null,
      "explanation": ""
    },
    {
      "no": 5,
      "question": "내수성(AE,ABE 질량 증가율이 1%미만이어야 함)\n② 권위주의적 리더십의 확립",
      "options": [
        "권위주의적 리더십의 확립"
      ],
      "answer": null,
      "explanation": ""
    },
    {
      "no": 6,
      "question": "난연성(AE,ABE 연소시간이 60초 이상이어야 함)\n③ 경제적 보상체제의 강화\n④ 면밀한 감독과 엄격한 통제\n[추가해설]\n<문제 해설>\n질량증가율:(담근후질량-담그기전질량)/담그기전질량×100\n맥그리거의 X,Y이론\n(410-400/400)×100=2.5(%)",
      "options": [
        "경제적 보상체제의 강화",
        "면밀한 감독과 엄격한 통제"
      ],
      "answer": null,
      "explanation": ""
    },
    {
      "no": 1,
      "question": "X이론의 관리 처방(저차원적 이론)\n질량증가율이 1% 미만이어야 하는데 초과했으므로 불합격\n권위주의적 리더십 확립/ 경제적 보상 체제의 강화/ 면밀한 감\n독과 엄격한 통제/ 상부책임제도의 강화/ 조직구조의 고충성",
      "options": [],
      "answer": null,
      "explanation": ""
    },
    {
      "no": 16,
      "question": "무재해운동에 관한 설명으로 틀린 것은?(관련 규정 개정전",
      "options": [],
      "answer": null,
      "explanation": ""
    },
    {
      "no": 2,
      "question": "Y이론의 관리 처방(고차원적 이론)\n문제로 여기서는 기존 정답인 3번을 누르면 정답 처리됩니\n민주적 리더십 확립/ 목표에 의한 관리/ 분권화와 권한의 위임/\n다. 자세한 내용은 해설을 참고하세요.)\n비공식 조직의 활용/ 자체평가제도의 활성화/ 직무확장/ 조직구",
      "options": [
        "제3자의 행위에 의한 업무상 재해는 무재해로 본다.",
        "작업 시간 중 천재지변 또는 돌발적인 사고로 인한 구조",
        "무재해란 무재해운동 시행사업장에서 근로자가 업무에"
      ],
      "answer": null,
      "explanation": ""
    },
    {
      "no": 18,
      "question": "산업안전보건법상 안전관리자가 수행해야 할 업무가 아닌\n기인하여 사망 또는 2일 이상의 요양을 요하는 부상 또\n것은?\n기출문제 해설은 최강 자격증 기출문제 전자문제집 CBT : www.comcbt.com 통해서 실시간으로 변경됩니다.\n본 해설집은 최강 자격증 기출문제 전자문제집 CBT 해설달기 프로젝트에 의해서 만들어진 자료입니다. 해설을 제공해 주신 모든 분들께 감사 드립니다.\n산업안전기사 ◐ 2017년 03월 05일 필기 기출문제 및 해설집◑ 전자문제집 CBT :www.comcbt.com",
      "options": [
        "사업장 순회점검ㆍ지도 및 조치의 건의"
      ],
      "answer": null,
      "explanation": ""
    },
    {
      "no": 21,
      "question": "조종 장치의 우발작동을 방지하는 방법 중 틀린 것은?\n② 산업재해에 관한 통계의 유지ㆍ관리ㆍ분석을 위한 보좌",
      "options": [
        "산업재해에 관한 통계의 유지ㆍ관리ㆍ분석을 위한 보좌",
        "오목한 곳에 둔다",
        "조종 장치를 덮거나 방호해서는 안 된다.",
        "작업장 내에서 사용되는 전체 환기장치 및 국소 배기장",
        "작동을 위해서 힘이 요구되는 조종 장치에는 저항을 제",
        "해당 사업장 안전교육계획의 수립 및 안전교육 실시에",
        "순서적 작동이 요구되는 작업일 때 순서를 지나치지 않"
      ],
      "answer": null,
      "explanation": ""
    },
    {
      "no": 22,
      "question": "손이나 특정 신체부위에 발생하는 누적손상장애(CTDs)의 발\n조언지도\n생인자와 가장 거리가 먼 것은?\n- 안전보건총괄책임자의 직무 : 작업의중지및재개, 수급인의 사",
      "options": [
        "무리한 힘",
        "다습한 환경",
        "장시간의 진동",
        "반복도가 높은 작업"
      ],
      "answer": null,
      "explanation": ""
    },
    {
      "no": 1,
      "question": "과도한 힘 요구\n3번은 보건관리자의 직무",
      "options": [],
      "answer": null,
      "explanation": ""
    },
    {
      "no": 2,
      "question": "부적절한 작업자세\n[해설작성자 : 둔둔]",
      "options": [],
      "answer": null,
      "explanation": ""
    },
    {
      "no": 3,
      "question": "장시간 진동",
      "options": [],
      "answer": null,
      "explanation": ""
    },
    {
      "no": 4,
      "question": "한랭환경",
      "options": [],
      "answer": null,
      "explanation": ""
    },
    {
      "no": 19,
      "question": "안전교육훈련의 진행 제3단계에 해당하는 것은?",
      "options": [],
      "answer": null,
      "explanation": ""
    },
    {
      "no": 5,
      "question": "날카로운 면 신체접촉",
      "options": [
        "적용 ② 제시"
      ],
      "answer": null,
      "explanation": ""
    },
    {
      "no": 6,
      "question": "반복적인 동작\n③ 도입 ④ 확인\n[해설작성자 : smi310]\n<문제 해설>\n안전교육훈련의 진행(교육방법) 4단계",
      "options": [
        "도입 ④ 확인"
      ],
      "answer": null,
      "explanation": ""
    },
    {
      "no": 23,
      "question": "프레스에 설치된 안전장치의 수명은 지수분포를 따르면 평",
      "options": [],
      "answer": null,
      "explanation": ""
    },
    {
      "no": 1,
      "question": "도입(준비) 2.제시(설명) 3.적용(응용) 4.확인(총괄)\n균수명은 100 시간이다. 새로 구입한 안전장치가 50시간 동\n안 고장없이 작동할 확률(A)과 이미 100 시간을 사용한 안",
      "options": [],
      "answer": null,
      "explanation": ""
    },
    {
      "no": 20,
      "question": "산업안전보건기준에 관한 규칙에 따른 프레스기의 작업시작\n전장치가 앞으로 100 시간 이상 견딜확률(B)은 약 얼마인\n전 점검사항이 아닌 것은?\n가?",
      "options": [
        "클러치 및 브레이크의 기능",
        "A : 0.368, B : 0.368 ② A : 0.607, B : 0.368",
        "금형 및 고정볼트 상태",
        "A : 0.368, B : 0.607 ④ A : 0.607, B : 0.607",
        "방호장치의 기능",
        "언로드밸브의 기능"
      ],
      "answer": null,
      "explanation": ""
    },
    {
      "no": 1,
      "question": "클러치 및 브레이크의 기능\nB : e^(-100/100)=0.3678",
      "options": [],
      "answer": null,
      "explanation": ""
    },
    {
      "no": 2,
      "question": "크랭크축ㆍ플라이휠ㆍ슬라이드ㆍ연결봉 및 연결 나사의 풀림\n[해설작성자 : 고호]\n여부",
      "options": [],
      "answer": null,
      "explanation": ""
    },
    {
      "no": 3,
      "question": "1행정 1정지기구ㆍ급정지장치 및 비상정지장치의 기능\n수포자분들 e가 뭔지 좌절하실텐데 여기서 e는 자연상수입니다",
      "options": [],
      "answer": null,
      "explanation": ""
    },
    {
      "no": 4,
      "question": "슬라이드 또는 칼날에 의한 위험방지 기구의 기능\n그냥 공학계산기에 무조건 기호 있습니다 그거 누르시면 됩니다",
      "options": [],
      "answer": null,
      "explanation": ""
    },
    {
      "no": 5,
      "question": "프레스의 금형 및 고정볼트 상태\n[해설작성자 : 성남폴리텍임지호]",
      "options": [],
      "answer": null,
      "explanation": ""
    },
    {
      "no": 6,
      "question": "방호장치의 기능",
      "options": [],
      "answer": null,
      "explanation": ""
    },
    {
      "no": 7,
      "question": "전단기(剪斷機)의 칼날 및 테이블의 상태",
      "options": [],
      "answer": null,
      "explanation": ""
    },
    {
      "no": 24,
      "question": "화학설비의 안전성 평가의 5 단계중 제 2단계에 속하는 것\n[해설작성자 : comcbt.com 이용자]\n은?",
      "options": [
        "작성준비 ② 정량적평가",
        "안전대책 ④ 정성적평가",
        "이해도 점수 ④ 소음 기준 곡선"
      ],
      "answer": null,
      "explanation": ""
    },
    {
      "no": 25,
      "question": "그림과 같이 FTA로 분석된 시스템에서 현재 모든 기본사상\n<문제 해설>\n에 대한 부품이 고장난 상태이다. 부품 X 부터 부품 X 까지\n1 5 통화 이해도 측정 방법(송화자료를 수화자에게 전송하는 실험)\n순서대로 복구한다면 어느 부품을 수리 완료하는 순간부터",
      "options": [],
      "answer": null,
      "explanation": ""
    },
    {
      "no": 1,
      "question": "명료도지수의 사용 : 옥타브대의 음성과 잡음의 db값에 가중\n시스템은 정상가동이 되겠는가?\n치를 곱하여 합계를 구하는 방법",
      "options": [],
      "answer": null,
      "explanation": ""
    },
    {
      "no": 2,
      "question": "이해도 점수 : 송화 내용중에서 알아듣고 인식한 비율(%)",
      "options": [],
      "answer": null,
      "explanation": ""
    },
    {
      "no": 3,
      "question": "통화간섭수준(SIL) 통화 이해도에 끼치는 잡음의 영향을 추정\n하는 지수",
      "options": [],
      "answer": null,
      "explanation": ""
    },
    {
      "no": 4,
      "question": "소음기준(NC)곡선 : 사무실, 회의실, 공장 등에서의 통화평가\n방법\n[해설작성자 : 우씬형님]",
      "options": [],
      "answer": null,
      "explanation": ""
    },
    {
      "no": 28,
      "question": "일반적으로 보통 작업자의 정상적인 시선으로 가장 적합한\n것은?",
      "options": [
        "수평선을 기준으로 위쪽 5° 정도",
        "수평선을 기준으로 위쪽 15° 정도",
        "수평선을 기준으로 아래쪽 5° 정도",
        "부품 X ② 부품 X",
        "수평선을 기준으로 아래쪽 15° 정도",
        "부품 X ④ 부품 X"
      ],
      "answer": null,
      "explanation": ""
    },
    {
      "no": 29,
      "question": "FT도에 사용되는 다음 기호의 명칭으로 옳은것은?\n3) X3까지 작동하면 3개의 신호 이므로 X3이 정답\n[해설작성자 : 여원]",
      "options": [],
      "answer": null,
      "explanation": ""
    },
    {
      "no": 26,
      "question": "설비보전에서 평균수리시간의 의미로 맞는 것은?",
      "options": [
        "MTTR ② MTBF",
        "MTTF ④ MTBP"
      ],
      "answer": null,
      "explanation": ""
    },
    {
      "no": 1,
      "question": "MTTR(Mean time to repair) : 평균수리시간",
      "options": [
        "억제게이트 ② 조합AND게이트"
      ],
      "answer": null,
      "explanation": ""
    },
    {
      "no": 2,
      "question": "MTBF(Mean time between failure) : 평균수명 / 수리해서 ③ 부정게이트 ④ 배타적OR게이트\n사용 가능 <문제 해설>",
      "options": [
        "부정게이트 ④ 배타적OR게이트"
      ],
      "answer": null,
      "explanation": ""
    },
    {
      "no": 3,
      "question": "MTTF(Mean time to failure) : 평균수명 / 수리해서 사용 불 조합 AND 게이트\n가능 3개 이상의 입력현상 중에 2개가 일어나면 출력이 생긴다",
      "options": [],
      "answer": null,
      "explanation": ""
    },
    {
      "no": 4,
      "question": "MTBP : 평균보전예방 [해설작성자 : 없다]\n[해설작성자 : 우신형님]",
      "options": [],
      "answer": null,
      "explanation": ""
    },
    {
      "no": 30,
      "question": "일반적으로 위험(Risk)은 3가지 기본요소로 표현되며 3요소\n(Triplets)로 정의된다. 3요소에 해당되지 않는 것은?",
      "options": [],
      "answer": null,
      "explanation": ""
    },
    {
      "no": 1,
      "question": "MTTR(Mean time to repair) : 평균 수리시간",
      "options": [
        "사고 시나리오(S)"
      ],
      "answer": null,
      "explanation": ""
    },
    {
      "no": 2,
      "question": "MTBF(Mean time between failure) : 평균고장 간격 i\n② 사고 발생 확률(P)",
      "options": [
        "사고 발생 확률(P)"
      ],
      "answer": null,
      "explanation": ""
    },
    {
      "no": 3,
      "question": "MTTF(Mean time to failure) : 평균고장 시간 i\n③ 시스템 불이용도(Q)\n[해설작성자 : 강남대학교] i\n④ 파급효과 또는 손실(X)\ni\n<문제 해설>\n평균수리시간(MTTR : Mean Time To Repair)\n위험의 3요소\n총 수리시간을 그 기간의 수리 횟수로 나눈 시간.\n- 사고 시나리오\n즉 사후보전에 필요한 수리시간의 평균치를 나타낸다.\n- 사고발생 확률\n[해설작성자 : 유나현준파파]\n- 파급효과 또는 손실",
      "options": [
        "시스템 불이용도(Q)",
        "파급효과 또는 손실(X)"
      ],
      "answer": null,
      "explanation": ""
    },
    {
      "no": 27,
      "question": "통화이해도를 측정하는 지표로서, 각 옥타브(octave)대의 음 [해설작성자 : 69]\n성과 잡음의 데시벨(dB)값에 가중치를 곱하여 합계를 구하",
      "options": [],
      "answer": null,
      "explanation": ""
    },
    {
      "no": 31,
      "question": "다음 FT도에서 최소 컷셋을 올바르게 구한것은?\n는 것을 무엇이라 하는가?",
      "options": [
        "명료도 지수 ② 통화 간섭 수준",
        "조정 장치로 기계를 통제",
        "모니터로 작업 상황 감시",
        "(X1, X2) ② (X1, X3)",
        "(X2, X3) ④ (X1, X2, X3)"
      ],
      "answer": null,
      "explanation": ""
    },
    {
      "no": 34,
      "question": "의자 설계에 대한 조건 중 틀린 것은?\nA1의 경우, 둘 모두 입력되어야 하며",
      "options": [
        "좌판의 깊이는 작업자의 등이 등받이에 닿을수 있도록",
        "좌판은 엉덩이가 앞으로 미끄러지지 않는 재질과 구조로",
        "좌판의 넓이는 작은 사람에게 적합하도록, 깊이는 큰 사",
        "등받이는 충분한 넓이를 가지고 요추 부위부터 어깨부위"
      ],
      "answer": null,
      "explanation": ""
    },
    {
      "no": 32,
      "question": "시스템이 저장되어 이동되고 실행됨에 따라 발생하는 작동\n시스템의 기능이나 과업, 활동으로부터 발생되는 위험에 초",
      "options": [],
      "answer": null,
      "explanation": ""
    },
    {
      "no": 35,
      "question": "시스템 분석 및 설계에 있어서 인간공학의 가치와 가장 거\n점을 맞춘 위험분석 차트는?\n리가 먼 것은?",
      "options": [
        "결함수분석(FTA: Fault Tree Analysis)",
        "훈련비용의 절감",
        "사상수분석(ETA: Event Tree Analysis)",
        "인력 이용률의 향상",
        "결함위험분석(FHA: Fault Hazard Analysis)",
        "생산 및 보전의 경제성 감소",
        "운용위험분석(OHA: Operating Hazard Analysis)",
        "사고 및 오용으로부터의 손실 감소"
      ],
      "answer": null,
      "explanation": ""
    },
    {
      "no": 1,
      "question": "성능의 향상\nETA(사상수분석) : 특정 자치의 이상이나 운전자의 실수로부터",
      "options": [],
      "answer": null,
      "explanation": ""
    },
    {
      "no": 2,
      "question": "훈련비용의 절감\n발생되는 잠재적인 사고 결과를 평가하는 귀납적 기법",
      "options": [],
      "answer": null,
      "explanation": ""
    },
    {
      "no": 3,
      "question": "인력이용율의 향상\nFHA(결함위험 분석) : 복작한 시스템에서는 몇 개의 공동 계약",
      "options": [],
      "answer": null,
      "explanation": ""
    },
    {
      "no": 4,
      "question": "사고 및 오용으로부터의 손실 감소\n자가 서브 시스템을 분담하고 통합 계약업자가 그것을 통합하는",
      "options": [],
      "answer": null,
      "explanation": ""
    },
    {
      "no": 5,
      "question": "생산 및 보전의 경제성 증대\n경우가 있는데 FHA는 이런 경우의 서브 시스템의 분석에 사용",
      "options": [],
      "answer": null,
      "explanation": ""
    },
    {
      "no": 6,
      "question": "사용자의 수용도 향상\n되는 분석법이다.\n[해설작성자 : 쩗쭓짧]\n[해설작성자 : 우신형님]",
      "options": [],
      "answer": null,
      "explanation": ""
    },
    {
      "no": 36,
      "question": "산업안전보건법령상 유해ㆍ위험방지계획서 제출 대상 사업\nOHA(운용위험분석) : 시스템이 저장되어 이동되고 실행됨에 따 은 기계 및 가구를 제외한 금속가공제품 제조업으로서 전기\n라 발생하는 작동시스템의 기능이나 과업, 활동으로부터 발생되 계약용량이 얼마 이상인 사업을 말하는가?\n는 위험에 초점을 맞춘 위험분석 차트",
      "options": [
        "50 kW ② 100 kW",
        "200 kW ④ 300 kW"
      ],
      "answer": null,
      "explanation": ""
    },
    {
      "no": 33,
      "question": "자동화시스템에서 인간의 기능으로 적절하지 않은 것은?\n유해ㆍ위험방지계획서 제출 대상 사업",
      "options": [
        "설비보전",
        "작업계획 수립"
      ],
      "answer": null,
      "explanation": ""
    },
    {
      "no": 4,
      "question": "기하적 형상\n작업대상(제조업) 5. 광의 휘도",
      "options": [],
      "answer": null,
      "explanation": ""
    },
    {
      "no": 1,
      "question": "금속가공제품(기계 및 가구 제외) 제조업 6. 형체의 크기",
      "options": [],
      "answer": null,
      "explanation": ""
    },
    {
      "no": 2,
      "question": "비금속 광물 제품 제조업 7. 갯수",
      "options": [],
      "answer": null,
      "explanation": ""
    },
    {
      "no": 3,
      "question": "기타 기계 및 장비 제조업 8. 등의 점몀률",
      "options": [],
      "answer": null,
      "explanation": ""
    },
    {
      "no": 4,
      "question": "자동차 및 트레일러 제조업 9. 경사각",
      "options": [],
      "answer": null,
      "explanation": ""
    },
    {
      "no": 5,
      "question": "식료품 제조업 [해설작성자 : 우신형님]",
      "options": [],
      "answer": null,
      "explanation": ""
    },
    {
      "no": 6,
      "question": "고무제품 및 플라스틱제품 제조업",
      "options": [],
      "answer": null,
      "explanation": ""
    },
    {
      "no": 39,
      "question": "반사형 없이 모든 방향으로 빛을 발하는 점광원에서 5m 떨",
      "options": [],
      "answer": null,
      "explanation": ""
    },
    {
      "no": 7,
      "question": "목재 및 나무제품 제조업\n어진 곳의 조도가 120 lux 라면 2m 떨어진 곳의 조도는?",
      "options": [],
      "answer": null,
      "explanation": ""
    },
    {
      "no": 8,
      "question": "기타 제품 제조업",
      "options": [
        "150 lux ② 192.2 lux"
      ],
      "answer": null,
      "explanation": ""
    },
    {
      "no": 9,
      "question": "1차 금속 제조업\n③ 750 lux ④ 3000 lux",
      "options": [
        "750 lux ④ 3000 lux"
      ],
      "answer": null,
      "explanation": ""
    },
    {
      "no": 10,
      "question": "가구 제조업\n<문제 해설>",
      "options": [],
      "answer": null,
      "explanation": ""
    },
    {
      "no": 11,
      "question": "화학물질 및 화학제품 제조업\n조도 : 120 lux",
      "options": [],
      "answer": null,
      "explanation": ""
    },
    {
      "no": 12,
      "question": "반도체 제조업\n광원 : 모르니까 x",
      "options": [],
      "answer": null,
      "explanation": ""
    },
    {
      "no": 13,
      "question": "전자 부품 제조업\n거리 : 5m",
      "options": [],
      "answer": null,
      "explanation": ""
    },
    {
      "no": 37,
      "question": "건구온도 30℃, 습구온도 35℃ 일 때의 옥스포드(Oxford)\n지수는 얼마인가? 조도 = 광원 / 거리제곱 (120 lux = x / 5의 제곱)",
      "options": [
        "27.75℃ ② 24.58℃",
        "32.78℃ ④ 34.25℃ 광원(x)을 구하면 3000cd"
      ],
      "answer": null,
      "explanation": ""
    },
    {
      "no": 40,
      "question": "육체작업의 생리학적 부하측정 척도가 아닌 것은 ?\n옥스포드 지수의 경우 계산법",
      "options": [
        "맥박수 ② 산소소비량",
        "근전도 ④ 점멸융합주파수"
      ],
      "answer": null,
      "explanation": ""
    },
    {
      "no": 41,
      "question": "다음 중 드릴작업의 안전사항이 아닌 것은?\n[해설작성자 : 북삼고노균옥]",
      "options": [
        "옷소매가 길거나 찢어진 옷은 입지 않는다.",
        "작고, 길이가 긴 물건은 플라이어로 잡고 뚫는다."
      ],
      "answer": null,
      "explanation": ""
    },
    {
      "no": 38,
      "question": "작업자가 용이하게 기계ㆍ기구를 식별하도록 암호화\n③ 회전하는 드릴에 걸레 등을 가까이 하지 않는다.\n(Coding)를 한다. 암호화 방법이 아닌 것은?\n④ 스핀들에서 드릴을 뽑아낼 때에는 드릴 아래에 손을 내",
      "options": [
        "회전하는 드릴에 걸레 등을 가까이 하지 않는다.",
        "스핀들에서 드릴을 뽑아낼 때에는 드릴 아래에 손을 내",
        "강도 ② 형상",
        "크기 ④ 색채"
      ],
      "answer": null,
      "explanation": ""
    },
    {
      "no": 1,
      "question": "색광",
      "options": [],
      "answer": null,
      "explanation": ""
    },
    {
      "no": 2,
      "question": "면색",
      "options": [],
      "answer": null,
      "explanation": ""
    },
    {
      "no": 42,
      "question": "슬라이드가 내려옴에 따라 손을 쳐내는 막대기 좌우로 왕복\n기출문제 해설은 최강 자격증 기출문제 전자문제집 CBT : www.comcbt.com 통해서 실시간으로 변경됩니다.\n본 해설집은 최강 자격증 기출문제 전자문제집 CBT 해설달기 프로젝트에 의해서 만들어진 자료입니다. 해설을 제공해 주신 모든 분들께 감사 드립니다.\n산업안전기사 ◐ 2017년 03월 05일 필기 기출문제 및 해설집◑ 전자문제집 CBT :www.comcbt.com\n하면서 위험점으로부터 손을 보호하여 주는 프레스의 안전 = 2000/9.8*20=204*20=4028\n장치는?",
      "options": [
        "손쳐내기식 방호장치 @ 2000+4082=6082*9.8= 59603= 59.6",
        "수인식 방호장치 [해설작성자 : 잘하자]",
        "게이트 가드식 방호방치",
        "양손조작식 방호장치 총하중(W)=정하중(W1=2000kg)+동하중(W2=W1/9.8*20(g)"
      ],
      "answer": null,
      "explanation": ""
    },
    {
      "no": 43,
      "question": "양중기(승강기를 제외한다.)를 사용하여 작업하는 운전자 또\n2 * (20+9.8 = 중력가속도) = 59.6\n는 작업자가 보기 쉬운 곳에 해당 양중기에 대해 표시하여\n[해설작성자 : 한서대 항공산업공학과]\n야 할 내용이 아닌 것은?",
      "options": [
        "정격 하중 ② 운전 속도",
        "경고 표시 ④ 최대 인양 높이"
      ],
      "answer": null,
      "explanation": ""
    },
    {
      "no": 44,
      "question": "연삭기의 연삭숫돌을 교체했을 경우 시운전은 최소 몇 분\n이상 실시해야 하는가?",
      "options": [
        "1분 ② 3분",
        "5분 ④ 7분",
        "㉠ - 1m2 이상, ㉡ - 1.2m 이상",
        "㉠ - 2m2 이상, ㉡ - 2.4m 이상",
        "㉠ - 1m2 이하, ㉡ - 1.2m 이하",
        "㉠ - 2m2 이하, ㉡ - 2.4m 이하"
      ],
      "answer": null,
      "explanation": ""
    },
    {
      "no": 47,
      "question": "다음 ( ) 안에 들어갈 용어로 알맞은 것은?",
      "options": [],
      "answer": null,
      "explanation": ""
    },
    {
      "no": 45,
      "question": "크레인 로프에 2t의 중량을 걸어 20m/s2 가속도로 감아올\n릴 때 로프에 걸리는 총 하중은 약 몇 kN 인가?",
      "options": [
        "42.8 ② 59.6",
        "74.5 ④ 91.3",
        "고저수위 조절장치",
        "압력방출장치",
        "압력제한스위치",
        "파열판"
      ],
      "answer": null,
      "explanation": ""
    },
    {
      "no": 1,
      "question": "압력방출 장치 [해설작성자 : comcbt.com 이용자]",
      "options": [],
      "answer": null,
      "explanation": ""
    },
    {
      "no": 2,
      "question": "압력제한 스위치",
      "options": [],
      "answer": null,
      "explanation": ""
    },
    {
      "no": 3,
      "question": "고저 수위조절 장치 [추가 해설]",
      "options": [],
      "answer": null,
      "explanation": ""
    },
    {
      "no": 4,
      "question": "화염검출기 안전율= 극한강도/허용응력=극한강도/최대설계응력=극한강도/사\n[해설작성자 : 부자아빠] 용응력\n파괴하중/최대사용하중=파단하중/안전하중=극한하중/정",
      "options": [],
      "answer": null,
      "explanation": ""
    },
    {
      "no": 48,
      "question": "다음 중 금속 등의 도체에 교류를 통한 코일을 접근시켰을\n격하중\n때, 결함이 존재하면 코일에 유기되는 전압이나 전류가 변\n[해설작성자 : 부자아빠]\n하는 것을 이용한 검사방법은?",
      "options": [
        "자분탐상검사 ② 초음파탐상검사",
        "와류탐상검사 ④ 침투형광탐검사"
      ],
      "answer": null,
      "explanation": ""
    },
    {
      "no": 49,
      "question": "산업안전보건법령에서 정하는 압력용기에서 안전인증된 파\nUTS=35MPa, 35=F/1800\n열판에는 안전인증 표시 외에 추가로 나타내어야 하는 사항\nF=63000N\n이 아닌 것은?\n[해설작성자 : 인천대 기계 신]",
      "options": [
        "분출차(%) ② 호칭지름",
        "용도(요구성능) ④ 유체의 흐름방향 지시"
      ],
      "answer": null,
      "explanation": ""
    },
    {
      "no": 52,
      "question": "원동기, 풀리, 기어 등 근로자에게 위험을 미칠 우려가 있는\n<문제 해설>\n부위에 설치하는 위험방지 장치가 아닌 것은?\n추가표시사항 - 호칭지름,용도,설정파열압력 온도,분출용량,재",
      "options": [
        "덮개 ② 슬리브",
        "건널다리 ④ 램"
      ],
      "answer": null,
      "explanation": ""
    },
    {
      "no": 50,
      "question": "롤러기의 앞면 롤의 지름이 300 mm, 분당회전수가 30회일\n- 비상정지장치\n경우 허용되는 급정지장치의 급정지거리는 약 몇 mm 이내\n- 덮개 또는 울\n이어야 하는가?\n- 건널다리",
      "options": [
        "37.7 ② 31.4",
        "377 ④ 314"
      ],
      "answer": null,
      "explanation": ""
    },
    {
      "no": 1,
      "question": "덮개 : 물체의 전부 또는 일부를 덮는 것\n- 롤러의 표면속도 30m/min 이상 : 앞면 롤러 원주의 1/2.5 이",
      "options": [],
      "answer": null,
      "explanation": ""
    },
    {
      "no": 2,
      "question": "울 : 어떤 범위를 판자나 봉형상의 부품을 사용해 격리하는\n내\n구조물\n- 롤러의 표면속도 30m/min 미만 : 앞면 롤러 원주의 1/3 이내",
      "options": [],
      "answer": null,
      "explanation": ""
    },
    {
      "no": 3,
      "question": "슬리브 : 회전축 등을 둘러싸도록 축 외주에 끼워서 사욕되는\n입니다..\n긴 통형의 부품, 회전체에 접촉되거나 말려들어감 방지\n롤러의 표면속도 = (pi * D * N)/1000[m/min] =",
      "options": [],
      "answer": null,
      "explanation": ""
    },
    {
      "no": 4,
      "question": "건널다리 : 회전축이나 벨트 등의 동력을 전달하고 있는 부분\n(3.14*300*30)/1000 = 28.25m/min입니다.\n을 횡단해야 할 때 사용되는 소형의 보도(步道)교\n표면속도가 30m/min 미만이므로 급정지거리는 롤러원주의 1/3\n[해설작성자 : 우신형님]\n인\n300*3.14*(1/3) = 314입니다.\n램은 수직형 선반 이나 플레이너에서 절삭부분입니다.",
      "options": [],
      "answer": null,
      "explanation": ""
    },
    {
      "no": 51,
      "question": "단면적이 1800mm2인 알루미늄 봉의 파괴강도는 70 MPa이 [해설작성자 : 쉽게쉽게]\n다. 안전율을 2로 하였을 때 봉에 가해질 수 있는 최대하중",
      "options": [],
      "answer": null,
      "explanation": ""
    },
    {
      "no": 53,
      "question": "아세틸렌 용접장치에서 사용하는 발생기실의 구조에 대한\n은 얼마인가?\n요구사항으로 틀린 것은?",
      "options": [
        "6.3 kN ② 126 kN",
        "벽의 재료는 불연성의 재료를 사용할 것",
        "63 kN ④ 12.6 kN",
        "천정과 벽은 견고한 콘크리트 구조로 할 것",
        "출입구의 문은 두께 1.5mm 이상의 철판 또는 이와 동등",
        "바닥 면적의 16분의 1 이상의 단면적을 가진 배기통을 를 금지시킨다.."
      ],
      "answer": null,
      "explanation": ""
    },
    {
      "no": 1,
      "question": "가스용접작업의안전 ♥ 아세틸렌 [CaC2{탄화칼슘(카바이트)} + 2 H2O = C2H2{아\n- 안전기의설치 세틸렌} + Ca(OH)2{소석회}]\n- 압력의제한 (게이지압력이 127KPA 초과하면 안됨)\n- 발생기실 설치장소 (건물의 최상층에 설치하며 화기로 부터 - 아세틸렌 발생기실은 건물의 최상층이나 옥외에 설치해야 한\n3M 이격, 다른건축물로 부터 1.5M 이격) 다.\n- 발생기실 구조 (벽은 불연성재료로하며 철콘등의 일정한강도 - 아세틸렌 발생기실을 건물의 최상층에 설치한 경우, 화기를\n필요, 지붕과 천장은 철판등의 불연성재료 사용, 바닥면적의 사용하는 설비로부터 3m를 초과하는 장소에 설치하여야 한다.\n1/16 의 배기통 사용하며 1.5M 돌출, 문은 1.5MM 두께의 철판 - 아세틸렌 발생기실을 옥외에 설치한 경우, 개구부를 다른 건\n등 사용) 축물로 부터 1.5m 이상 떨어지도록 해야 한다.\n[해설작성자 : 나웅희]\n+ 용해 아세틸렌의 가스용접장치의 배관은 동 또는 동을 70%",
      "options": [],
      "answer": null,
      "explanation": ""
    },
    {
      "no": 54,
      "question": "롤러기의 급정지장치로 사용되는 정지봉 또는 로프의 설치\n이상 함유한 합금을 사용해선 안된다.\n에 관한 설명으로 틀린 것은?",
      "options": [
        "복부 조작식은 밑면으로부터 1200 ~ 1400 mm 이내의",
        "손 조작식은 밑면으로부터 1800 mm 이내의 높이로 설",
        "손 조작식은 앞면 롤 끝단으로부터 수평거리가 50 mm",
        "무릎 조작식은 밑면으로부터 400 ~ 600 mm 이내의 높"
      ],
      "answer": null,
      "explanation": ""
    },
    {
      "no": 55,
      "question": "산업안전보건법령상 용접장치의 안전에 관한 준수사항 설명\n으로 옳은 것은?",
      "options": [],
      "answer": null,
      "explanation": ""
    },
    {
      "no": 56,
      "question": "다음 중 프레스의 방호장치에 관한 설명으로 틀린 것은?",
      "options": [
        "아세틸렌 용접장치의 발생기실을 옥외에 설치한 때에는",
        "양수조작식 방호장치는 1행정1정지 기구에 사용할 수 있",
        "손쳐내기식 방호장치는 슬라이드 하행정거리의 3/4 위치",
        "가스집합장치로부터 3m 이내의 장소에서는 화기의 사용",
        "광전자식 방호장치의 정상동작 표기램프는 붉은색, 위험",
        "아세틸렌 발생기에서 10m이내 또는 발생기실에서 4m이",
        "아세틸렌 용접장치를 사용하여 용접작업을 할 경우 게이",
        "게이트 가드 방호장치는 가드가 열린 상태에서 슬라이드"
      ],
      "answer": null,
      "explanation": ""
    },
    {
      "no": 1,
      "question": "아세틸렌 용접장치의 발생기실을 옥외에 설치 할 때에는 그\n광전자식 센서는 정상 상태일 때 녹색,\n개구부를 다른 건축물로부터 1.5m 이상 떨어져 있어야한다.\n장애물을 감지했을 때 빨간색을 비춘다.",
      "options": [],
      "answer": null,
      "explanation": ""
    },
    {
      "no": 2,
      "question": "가스집합장치로부터 5m 이내의 장소에서는 화기의 사용을\n[해설작성자 : comcbt.com 이용자]\n금지시킨다!",
      "options": [],
      "answer": null,
      "explanation": ""
    },
    {
      "no": 3,
      "question": "아세틸렌 발생기에서 5m 이내 발생기실에서 3미너 이내의\n신호등을 생각하세요 정상(통행) 녹색 위험(통행)적색\n기출문제 해설은 최강 자격증 기출문제 전자문제집 CBT : www.comcbt.com 통해서 실시간으로 변경됩니다.\n본 해설집은 최강 자격증 기출문제 전자문제집 CBT 해설달기 프로젝트에 의해서 만들어진 자료입니다. 해설을 제공해 주신 모든 분들께 감사 드립니다.\n산업안전기사 ◐ 2017년 03월 05일 필기 기출문제 및 해설집◑ 전자문제집 CBT :www.comcbt.com\n[해설작성자 : 산안기 할수있다] 슬라이드와 작업자 손을 끈으로 연결하여 슬라이드 하강 시 작\n업자 손을 당겨 위험영역에서 빼낼 수 있도록 한 방호장치로서",
      "options": [],
      "answer": null,
      "explanation": ""
    },
    {
      "no": 57,
      "question": "다음 중 비파괴 시험의 종류에 해당하지 않는 것은?\n프레스용으로 확동식 클러치형 프레스에 한해서 사용된다.",
      "options": [
        "와류 탐상시험",
        "초음파 탐상시험",
        "인장 시험 60. 아세틸렌용접장치 및 가스집합용접장치에서 가스의 역류 및",
        "방사선 투과시험 역화를 방지하기 위한 안전기의 형식에 속하는 것은?",
        "주수식 ② 침지식",
        "투입식 ④ 수봉식"
      ],
      "answer": null,
      "explanation": ""
    },
    {
      "no": 58,
      "question": "두께 2mm이고 치진폭이 2.5mm인 목재가공용 둥근톱에서\n안전기(역화방지기)\n반발예방장치 분할날의 두께(t)로 적절한 것은?\n[해설작성자 : 가자고오]",
      "options": [
        "2.2 mm ≦ t < 2.5mm",
        "2.0 mm ≦ t < 3.5mm",
        "1.5 mm ≦ t < 2.5mm",
        "2.5 mm ≦ t < 3.5mm 61. 정전기 발생에 영향을 주는 요인이 아닌 것은?",
        "분리속도",
        "물체의 질량",
        "접촉면적 및 압력",
        "물체의 표면상태"
      ],
      "answer": null,
      "explanation": ""
    },
    {
      "no": 1,
      "question": "1*톱날두께 =< 분할날 두께(t) < 치진폭",
      "options": [],
      "answer": null,
      "explanation": ""
    },
    {
      "no": 62,
      "question": "입욕자에게 전기적 자극을 주기 위한 전기욕기의 전원장치\n-> 1.1*2mm =< t < 2.5mm\n에 내장되어 있는 전원 변압기의 2차측 전로의 사용전압은\n-> 2.2mm =< t <2.5mm\n몇 V 이하로 하여야 하는가?\n[해설작성자 : smile310]",
      "options": [
        "10 ② 15"
      ],
      "answer": null,
      "explanation": ""
    },
    {
      "no": 59,
      "question": "마찰 클러치가 부착된 프레스에 부적합한 방호장치는? (단, ③ 30 ④ 60\n방호장치는 한 가지 형식만 사용할 경우로 한정한다.) <문제 해설>",
      "options": [
        "30 ④ 60",
        "양수조작식 ② 광전자식 ○ 입욕자에게 전기적 자극",
        "가드식 ④ 수인식 ⁍ 10V : 전원 변압기의 2차측 전로 사용전압"
      ],
      "answer": null,
      "explanation": ""
    },
    {
      "no": 63,
      "question": "피뢰기의 설치장소가 아닌 것은? (단, 직접 접속하는 전선이\n업자 손을 당겨 위험영역에서 빼낼 수 있도록 한 방호장치\n짧은 경우 및 피보호기기가 보호범위 내에 위치하는 경우가\n[해설작성자 : 부자아빠]\n아니다.)",
      "options": [
        "저압을 공급 받는 수용장소의 인입구",
        "지중전선로와 가공전선로가 접속되는 곳",
        "가공전선로에 접속하는 배전용 변압기의 고압측",
        "발전소 또는 변전소의 가공전선 인입구 및 인출구"
      ],
      "answer": null,
      "explanation": ""
    },
    {
      "no": 64,
      "question": "저압방폭구조 배선 중 노출 도전성 부분의 보호 접지선으로\n알맞은 항목은? 65. 방폭전기설비의 용기내부에서 폭발성가스 또는 증기가 폭발",
      "options": [
        "전선관이 충분한 지락전류를 흐르게 할 시에도 결합부에 하였을 때 용기가 그 압력에 견디고 접합면이나 개구부를",
        "전선관이 최대지락전류를 안전하게 흐르게 할 시 접지선 방폭구조는?",
        "내압 방폭구조",
        "접지선의 전선 또는 선심은 그 절연피복을 흰색 또는 검 ② 압력 방폭구조",
        "유입 방폭구조",
        "접지선은 1000V 비닐절연전선 이상 성능을 갖는 전선을 ④ 본질안전 방폭구조"
      ],
      "answer": null,
      "explanation": ""
    },
    {
      "no": 5,
      "question": "5 방폭전기설비의 전기적 보호 - 방폭구조의 종류 : 내압(용기가폭발압력에견딘고), 압력(침입",
      "options": [],
      "answer": null,
      "explanation": ""
    },
    {
      "no": 5,
      "question": "5.4 도전성 노출 부분의 보호접지 하는것을방지), 안전증(온도상승에대해안전도증가), 유입(기름에",
      "options": [],
      "answer": null,
      "explanation": ""
    },
    {
      "no": 5,
      "question": "5.4.3 접지선 내장), 본질안전(단락단선지락), 비점화(고장이유발되지않도록),\n(1) 접지선은 원칙적으로 600 V 비닐절연전선 이상의 전선을 사 몰드(콤파운드), 충전(충전물질)\n용하고, -> 4번답(X) [해설작성자 : 나웅희]\n그 굵기는 예상 최대지락전류에 의해 발화위험이 발생하지\n않는 한도 이내이어야 한다. -압력방폭구조: 아크를 발생시키는 전기설비를 용기에 넣고 용\n(2) 내압방폭, 안전증방폭 금속관배선에서 접지선은 전선관 내를 기 내부에 불연성 가스를 압입하여 용기 내부로 폭발성 가스가\n통과하고, -> 2번답(O) 침입하는 것을 방지하는 구조\n단자함 내의 내부 접속단자에 접속한다.. -유입방폭구조: 폭발성 분위기가 발화할 수 없도록 전기설비 또\n단, 전선관이 예상 최대지락전류를 안전하게 흐르게 할 경 는 전기설비의 부품을 보호액에 함침시키는 방폭구조\n우 접지선으로 이용할 수 있다.. -본질안전방폭구조: 정상시 또는 단락, 단선, 지락 등의 사고시\n또한, 이 경우 나사결합부는 원칙적으로 본딩할 필요가 있 에 발생하는 아크, 불꽃, 고열에 의하여 폭발성 가스나 증기에\n다. 점화되지 않는 것이\n(3) 다심형 케이블은 선심의 1개를 접지선으로 사용하고, 단자함 확인된 구조\n의 내부 접지단자에 접속한다.. [해설작성자 : 부자아빠]\n단, 케이블의 금속외피가 예상 최대지락전류를 안전하게 흐",
      "options": [],
      "answer": null,
      "explanation": ""
    },
    {
      "no": 66,
      "question": "전기시설의 직접 접촉에 의한 감전방지 방법으로 적절하지\n르게 할 경우 접지선으로 이용할 수 있다.\n않은 것은?\n(4) 별도의 접지선으로 배선할 경우 이 접지선은 보호관 등으로",
      "options": [
        "충전부는 내구성이 있는 절연물로 완전히 덮어 감쌀 것",
        "충전부가 노출되지 않도록 폐쇄형 외함이 있는 구조로",
        "충전부에 충분한 절연효과가 있는 방호망 또는 절연 덮",
        "충전부는 관계자 외 출입이 용이한 전개된 장소에 설치"
      ],
      "answer": null,
      "explanation": ""
    },
    {
      "no": 67,
      "question": "누전화재가 발생하기 전에 나타나는 현상으로 거리가 가장\n의 테이프를 감아서 표시한다..-> 3번답(X)\n먼 것은?",
      "options": [],
      "answer": null,
      "explanation": ""
    },
    {
      "no": 5,
      "question": "5.5 전위의 동일화",
      "options": [
        "인체 감전현상",
        "전등 밝기의 변화현상 항(Rf))",
        "빈번한 퓨즈 용단현상",
        "전기 사용 기계장치의 오동작 감소 허용접촉전압"
      ],
      "answer": null,
      "explanation": ""
    },
    {
      "no": 68,
      "question": "인체에 최소감지 전류에 대한 설명으로 알맞은 것은?\n접촉전압 = 심실세동전류 x (인체저항 + 대지와 접촉한 지점의",
      "options": [
        "인체가 고통을 느끼는 전류이다.",
        "성인 남자의 경우 상용주파수 60Hz 교류에서 약 1mA이"
      ],
      "answer": null,
      "explanation": ""
    },
    {
      "no": 0,
      "question": "165 300\n③ 직류를 기준으로 한 값이며, 성인남자의 경우 약 1mA에\n= ----- X (1000 + --- ) = 189.75V = 190.\n서 느낄 수 있는 전류이다.\n루트1 2\n④ 직류를 기준으로 여자의 경우 성인 남자의 70%인\n[해설작성자 : 가자고오]",
      "options": [
        "직류를 기준으로 한 값이며, 성인남자의 경우 약 1mA에",
        "직류를 기준으로 여자의 경우 성인 남자의 70%인"
      ],
      "answer": null,
      "explanation": ""
    },
    {
      "no": 0,
      "question": "7mA에서 느낄 수 있는 전류의 크기를 말한다.\n<문제 해설>\n방정식 모르는사람위해 간단하게 괄호를 먼저 풀어줘야하니 2분\n최소감지전류 : 전류의 흐름을 느낄 수 있는 최소의 전류\n에300 을 풀어주면 150이되고 1000+150=1150\n- 직류 : 남 5.2mA, 여 3.5mA\n- 교류 : 남 1.1mA, 여 0.7mA",
      "options": [],
      "answer": null,
      "explanation": ""
    },
    {
      "no": 0,
      "question": "165*1150 = 189.75\n- 상용주파수 60Hz에서 1mA 정도\n[해설작성자 : 보라매마스터]",
      "options": [],
      "answer": null,
      "explanation": ""
    },
    {
      "no": 69,
      "question": "그림에서 인체의 허용 접촉 전압은 약 몇 V 인가? (단, 심",
      "options": [],
      "answer": null,
      "explanation": ""
    },
    {
      "no": 1,
      "question": "대입공식 V=IR",
      "options": [],
      "answer": null,
      "explanation": ""
    },
    {
      "no": 2,
      "question": "대입공식으로 식 세우기\n실세동 전류는 이며, 인체저항 R= 1000Ω, 발의\nk I = 0.165\n저항 R= 300Ω이고, 접촉 시간은 1초로 한다.) R = (1000 + (300+300)/300)\nf",
      "options": [],
      "answer": null,
      "explanation": ""
    },
    {
      "no": 3,
      "question": "정답도출\nV = 0.165 x (1150) = 189.75V",
      "options": [],
      "answer": null,
      "explanation": ""
    },
    {
      "no": 4,
      "question": "출제자의 의도 병렬일경우 저항을 구할수있는가 , V=IR 공식\n을 아는가\n[해설작성자 : 야해야 잘외워짐]",
      "options": [],
      "answer": null,
      "explanation": ""
    },
    {
      "no": 70,
      "question": "교류아크 용접기에 전격 방지기를 설치하는 요령 중 틀린\n것은?",
      "options": [
        "이완 방지 조치를 한다.",
        "직각으로만 부착해야 한다.",
        "동작 상태를 알기 쉬운 곳에 설치한다.",
        "테스트 스위치는 조작이 용이한 곳에 위치시킨다.",
        "107 ② 132 연직으로 설치해야합니다",
        "190 ④ 215 불가피하면 연직에서 20도 이내",
        "의 1. 연직(불가피한 경우는 연직"
      ],
      "answer": null,
      "explanation": ""
    },
    {
      "no": 2,
      "question": "용접기의 이동, 전자접촉기의 작동 등으로 인한 진동, 충격에\n접촉전압 = 0.165 x (1000 + 300*300/300+300) <대지접촉지 견딜 수 있도록 할 것.\n점의 저항은 병렬공식을 이용해서 구해야해요> 3. 표시등(외부에서 전격방지기의 작동상태를 판별할 수 있는 램\n= 심실세동류전 x (인체저항(Rk) x 대지접촉지점의 저 프를 말한다)이 보기 쉽고, 점검용 스위치(전격방지기의 작동상\n기출문제 해설은 최강 자격증 기출문제 전자문제집 CBT : www.comcbt.com 통해서 실시간으로 변경됩니다.\n본 해설집은 최강 자격증 기출문제 전자문제집 CBT 해설달기 프로젝트에 의해서 만들어진 자료입니다. 해설을 제공해 주신 모든 분들께 감사 드립니다.\n산업안전기사 ◐ 2017년 03월 05일 필기 기출문제 및 해설집◑ 전자문제집 CBT :www.comcbt.com\n태를 점검하기 위한 스위치를 말한다)의 조작이 용이하도록 설 4.심폐소생술은 응급구조사가 올때까지 쉬지않고 지속적으로 반\n치할 것. 복한다.",
      "options": [],
      "answer": null,
      "explanation": ""
    },
    {
      "no": 4,
      "question": "용접기의 전원측에 접속하는 선과 출력측에 접속하는 선을 [해설작성자 : 군필자]\n혼동되지 않도록 할 것.",
      "options": [],
      "answer": null,
      "explanation": ""
    },
    {
      "no": 74,
      "question": "방폭지역 0종 장소로 결정해야 할 곳으로 틀린 것은?",
      "options": [],
      "answer": null,
      "explanation": ""
    },
    {
      "no": 5,
      "question": "접속부분은 확실하게 접속하여 이완되지 않도록 할 것.",
      "options": [
        "인화성 또는 가연성 가스가 장기간 체류하는 곳"
      ],
      "answer": null,
      "explanation": ""
    },
    {
      "no": 6,
      "question": "접속부분을 절연테이프, 절연카바 등으로 절연시킬 것.\n② 인화성 또는 가연성 물질을 취급하는 설비의 내부",
      "options": [
        "인화성 또는 가연성 물질을 취급하는 설비의 내부"
      ],
      "answer": null,
      "explanation": ""
    },
    {
      "no": 7,
      "question": "전격방지기의 외함은 접지시킬 것.\n③ 인화성 또는 가연성 액체가 존재하는 피트등의 내부",
      "options": [
        "인화성 또는 가연성 액체가 존재하는 피트등의 내부"
      ],
      "answer": null,
      "explanation": ""
    },
    {
      "no": 8,
      "question": "용접기 단자의 극성이 정해져 있는 경우에는 접속시 극성이\n④ 인화성 또는 가연성 증기의 순환통로를 설치한 내부\n맞도록 할 것.\n<문제 해설>",
      "options": [
        "인화성 또는 가연성 증기의 순환통로를 설치한 내부"
      ],
      "answer": null,
      "explanation": ""
    },
    {
      "no": 9,
      "question": "전격방지기와 용접기 사이의 배선 및 접속부분에 외부의 힘\n0종 인화성 또는 가연성 가스나 증기가 지속적 장기간 체류하는\n이 가해지지 않도록 할 것.\n곳\n[해설작성자 : 쿠얼]\n1종 위험분위기가 주기적 또는 간헐적으로 존재하는곳",
      "options": [],
      "answer": null,
      "explanation": ""
    },
    {
      "no": 71,
      "question": "피뢰침의 제한전압이 800kV, 충격절연강도가 1000kV라 할 2종 고장이나 이상시 위험분위기가 생성되는곳\n때, 보호여유도는 몇 % 인가? 20종 제어할수 없을 정도로 두께 분진이 형성되는곳",
      "options": [
        "25 ② 33 [해설작성자 : 잉어잉여]",
        "47 ④ 63"
      ],
      "answer": null,
      "explanation": ""
    },
    {
      "no": 75,
      "question": "인체에 미치는 전격 재해의 위험을 결정하는 주된 인자 중\n<문제 해설>\n가장 거리가 먼 것은?\n보호여유도={(충격절연강도-제한전압)/제한전압}*100",
      "options": [
        "통전전압의 크기",
        "통전전류의 크기"
      ],
      "answer": null,
      "explanation": ""
    },
    {
      "no": 72,
      "question": "물질의 접촉과 분리에 따른 정전기 발생량의 정도를 나타낸 ③ 통전경로\n것으로 틀린 것은? ④ 통전시간",
      "options": [
        "통전경로",
        "통전시간",
        "표면이 오염될수록 크다. <문제 해설>",
        "분리속도가 빠를수록 크다. 전기안전일반(감전의위험요소)",
        "대전서열이 서로 멀수록 크다. - 1차적감전위험요인 : 통전전류의크기, 통전경로, 통전시간, 통",
        "접촉과 분리가 반복될수록 크다. 전전원의종류, 주파수및파형"
      ],
      "answer": null,
      "explanation": ""
    },
    {
      "no": 4,
      "question": "초기 반복시 정전기 발생량이 가장크지만 반복될수록 작아진 [해설작성자 : 나웅희]\n다.\n[해설작성자 : 합격하자..] *1차적 감전 위험요소 및 영향력*\n-통전전류크기>통전시간>통전경로>전원종류\n겨울철 외출했다가 집에 들어가서 옷을 벗을때 처음에는 정전기 (DC보다AC가 더위험)\n가 다량으로 발생되지만 신기해서 다시 시도해보면 정전기가 발 [해설작성자 : 곽여사]\n생되지 않거나 아주 미세하게 발생되는 경험을 생각해본다면 4\n번이 정답임을 알 수 있을겁니다.. 피부전기저항에는 전압의 크기\n[해설작성자 : 현대제철 연구조무사] 전격위험에는 전류의 크기 로 외워두면 편합니다\n[해설작성자 : 원조로미]\n접촉과 분리가 반복될수록 작다.",
      "options": [],
      "answer": null,
      "explanation": ""
    },
    {
      "no": 76,
      "question": "방전의 분류에 속하지 않는 것은?\n[해설작성자 : 루피]",
      "options": [
        "연면 방전 ② 불꽃 방전"
      ],
      "answer": null,
      "explanation": ""
    },
    {
      "no": 73,
      "question": "감전 재해자가 발생하였을 때 취하여야 할 최우선 조치는? ③ 코로나 방전 ④ 스프레이 방전\n(단, 감전자가 질식상태라 가정함.) <문제 해설>",
      "options": [
        "코로나 방전 ④ 스프레이 방전",
        "부상 부위를 치료한다. 정전기재해방지대책(정전기발생및영향)",
        "심폐소생술을 실시한다. - 방전의형태및영향 : 스파크(불꽃)방전, 코로나방전, 연면방전,",
        "의사의 왕진을 요청한다. 글로우방전, 아크방전",
        "우선 병원으로 이동시킨다. [해설작성자 : 나웅희]"
      ],
      "answer": null,
      "explanation": ""
    },
    {
      "no": 77,
      "question": "정전용량 C=20 μF, 방전 시 전압 V=2kV 일 때 정전에너지",
      "options": [],
      "answer": null,
      "explanation": ""
    },
    {
      "no": 1,
      "question": "어깨를 두번 두드리며 환자의 상태를 체크한다..코 밑에 손가\n는 몇 J 인가?\n락을 갖다 대어 호흡 여부를 확인한다.",
      "options": [
        "40 ② 80"
      ],
      "answer": null,
      "explanation": ""
    },
    {
      "no": 2,
      "question": "주변에 아무나 붙잡아 119 신고 접수를 요청한다.\n③ 400 ④ 800",
      "options": [
        "400 ④ 800"
      ],
      "answer": null,
      "explanation": ""
    },
    {
      "no": 3,
      "question": "심폐소생술을 진행한다.\n<문제 해설>\n기출문제 해설은 최강 자격증 기출문제 전자문제집 CBT : www.comcbt.com 통해서 실시간으로 변경됩니다.\n본 해설집은 최강 자격증 기출문제 전자문제집 CBT 해설달기 프로젝트에 의해서 만들어진 자료입니다. 해설을 제공해 주신 모든 분들께 감사 드립니다.\n산업안전기사 ◐ 2017년 03월 05일 필기 기출문제 및 해설집◑ 전자문제집 CBT :www.comcbt.com\n1/2*C*V^2 600V 폴리에틸렌 외장 케이블(EV, EE, CV, CE)\n[해설작성자 : 취준생] 600V 비닐 절연 외장 케이블(VV)\n600V 콘크리트 직매용 케이블(CB-VV, CB-EV)\n정전에너지(최소착화에너지) 공식 제어용 비닐절연 비닐 외장 케이블(CVV)\n[해설작성자 : otalee] 연피케이블\n약전 계장용 케이블\nE=1/2*C*V^2 맞습니다. 보상도선\nQ랑 E는 다릅니다. 시내대 폴리에틸렌 절연 비닐 외장 케이블(CPEV)\n[해설작성자 : 다들합격!!] 시내대 폴리에틸렌 절연 폴리에칠렌 외장 케이블(CPEE)\n강관 외장 케이블\nQ=cv 에서 w=1/2×Q×V Q자리에 CV이니 V^2이죠 강대 외장 케이블\nW=1/2×c×v^2입니다 [해설작성자 : comcbt.com 이용자]\n[해설작성자 : 큐넷접수노예]\n5과목 : 화학설비위험방지기술\n1/2 x 20 x 10^-6 x 2000^ = 40J",
      "options": [],
      "answer": null,
      "explanation": ""
    },
    {
      "no": 81,
      "question": "화재 감지에 있어서 열감지 방식 중 차동식에 해당하지 않\n[해설작성자 : 가자고오]\n는 것은?",
      "options": [
        "공기관식 ② 열전대식",
        "바이메탈식 ④ 열반도체식"
      ],
      "answer": null,
      "explanation": ""
    },
    {
      "no": 78,
      "question": "접지 저항치를 결정하는 저항이 아닌 것은? 기(이온화식, 광전식)",
      "options": [
        "접지선, 접지극의 도체저항 - 차동식의 종류 : 공기관식, 열전대식, 열반도체식",
        "접지전극과 주회로 사이의 낮은 절연저항 [해설작성자 : 나웅희]",
        "접지전극 주위의 토양이 나타내는 저항",
        "접지전극의 표면과 접하는 토양사이의 접촉저항 정온식은 감지기 내부에 바이메탈이 내장되어 있음."
      ],
      "answer": null,
      "explanation": ""
    },
    {
      "no": 79,
      "question": "작업장소 중 제전복을 착용하지 않아도 되는 장소는?",
      "options": [
        "상대 습도가 높은 장소",
        "분진이 발생하기 쉬운 장소",
        "LCD등 display 제조 작업 장소",
        "반도체 등 전기소자 취급 작업 장소"
      ],
      "answer": null,
      "explanation": ""
    },
    {
      "no": 80,
      "question": "방폭지역에서 저압케이블 공사 시 사용해서는 안 되는 케이\n블은?",
      "options": [
        "MI 케이블",
        "연피 케이블",
        "0.6/1kV 고무캡타이어 케이블",
        "A ② B",
        "0.6/1kV 폴리에틸렌 외장케이블",
        "C ④ D"
      ],
      "answer": null,
      "explanation": ""
    },
    {
      "no": 2,
      "question": "분해열에 의한 발열",
      "options": [],
      "answer": null,
      "explanation": ""
    },
    {
      "no": 83,
      "question": "NH NO 의 가열, 분해로부터 생성되는 무색의 가스로 일명\n4 3 3. 흡착열에 의한 발열\n웃음가스라고도 하는 것은?",
      "options": [],
      "answer": null,
      "explanation": ""
    },
    {
      "no": 4,
      "question": "미생물에 의한 발열",
      "options": [
        "N O ② NO",
        "N O ④ NO",
        "발화원 관리"
      ],
      "answer": null,
      "explanation": ""
    },
    {
      "no": 84,
      "question": "다음 중 분진 폭발의 특징으로 옳은 것은?\n② 밸브의 오동작 방지",
      "options": [
        "밸브의 오동작 방지",
        "가스폭발보다 연소시간이 짧고, 발생 에너지가 작다.",
        "가연성 가스의 연소",
        "압력의 파급속도보다 화염의 파급속도가 빠르다.",
        "누설물질의 검지 경보",
        "가스폭발에 비하여 불완전 연소가 적게 발생한다.",
        "주위의 분진에 의해 2차, 3차의 폭발로 파급될 수 있다."
      ],
      "answer": null,
      "explanation": ""
    },
    {
      "no": 1,
      "question": "발화원 관리\n<문제 해설>",
      "options": [],
      "answer": null,
      "explanation": ""
    },
    {
      "no": 2,
      "question": "밸브의 오작동",
      "options": [],
      "answer": null,
      "explanation": ""
    },
    {
      "no": 1,
      "question": "가스폭발보다 발생에너지가 크다.",
      "options": [],
      "answer": null,
      "explanation": ""
    },
    {
      "no": 3,
      "question": "누설물질의 검지 경보",
      "options": [],
      "answer": null,
      "explanation": ""
    },
    {
      "no": 2,
      "question": "폭발압력과 연소속도는 가스폭발보다 작다.\n[해설작성자 : Double_h8.24]",
      "options": [],
      "answer": null,
      "explanation": ""
    },
    {
      "no": 3,
      "question": "불완전 연소로 인한 가스중독의 위험성은 크다.",
      "options": [],
      "answer": null,
      "explanation": ""
    },
    {
      "no": 4,
      "question": "화염의 파급속도보다 압력의 파급속도가 크다.\n가연성은 물질이 타기 쉽다는 뜻",
      "options": [],
      "answer": null,
      "explanation": ""
    },
    {
      "no": 5,
      "question": "가스폭발에 비해 불완전 연소가 많이 발생한다.\n[해설작성자 : 김경태]",
      "options": [],
      "answer": null,
      "explanation": ""
    },
    {
      "no": 6,
      "question": "주위 분진에 의해 2차,3차 폭발로 파급될수 있다.\n[해설작성자 : 동네바보]\n폭발재해 예방대책을 찾는문제에서\n가연성물질을 연소시킨다는것은 폭발을 유발시키는 행위입니다.\n추가로 분진폭발은 연소시간이 길고 가스폭발은 연소 속도가 빠\n[해설작성자 : comcbt.com 이용자]\n릅니다\n[해설작성자 : 외우다 머리빠져] 87. 다음 중 최소발화에너지(E[J])를 구하는 식으로 옳은 것은?\n(단, I는 전류[A]. R 은 저항[Ω], V는 전압[V], C는 콘덴서",
      "options": [],
      "answer": null,
      "explanation": ""
    },
    {
      "no": 85,
      "question": "자연 발화성을 가진 물질이 자연발열을 일으키는 원인으로\n용량[F], T는 시간[초]이라 한다.)\n거리가 먼 것은?",
      "options": [
        "E=I2RT ② E=0.24I2RT",
        "분해열 ② 증발열",
        "산화열 ④ 중합열",
        "④"
      ],
      "answer": null,
      "explanation": ""
    },
    {
      "no": 88,
      "question": "다음 중 분진 폭발을 일으킬 위험이 가장 높은 물질은?",
      "options": [
        "염소 ② 마그네슘",
        "산화칼슘 ④ 에틸렌"
      ],
      "answer": null,
      "explanation": ""
    },
    {
      "no": 90,
      "question": "가스 또는 분진 폭발 위험장소에 설치되는 건축물의 내화\n마그네슘 가루는 제 2류 위험물로 공기중에 퍼졌을때 습기와 반\n구조로 설명한 것으로 틀린 것은?\n응하여 자연 발화하여 분진 폭발하는 물질이다.",
      "options": [
        "건축물 기둥 및 보는 지상 층까지 내화구조로 한다.",
        "위험물 저장ㆍ취급용기의 지지대는 지상으로부터 지지대",
        "건축물 주변에 자동소화설비를 설치한 경우 건축물 화재",
        "배관ㆍ전선관 등의 지지대는 지상으로부터 1단까지 내화"
      ],
      "answer": null,
      "explanation": ""
    },
    {
      "no": 91,
      "question": "고압가스의 분류 중 압축가스에 해당되는 것은?",
      "options": [
        "질소 ② 프로판"
      ],
      "answer": null,
      "explanation": ""
    },
    {
      "no": 89,
      "question": "사업주는 특수화학설비를 설치할 때 내부의 이상상태를 조\n③ 산화에틸렌 ④ 염소\n기에 파악하기 위하여 필요한 계측장치를 설치하여야 한다.\n<문제 해설>\n다음 중 이에 해당하는 특수화학설비가 아닌 것은?\n압축가스 : 상온에서 압축해도 액화되지 않고 기체로 압축되는",
      "options": [
        "산화에틸렌 ④ 염소",
        "발열 반응이 일어나는 반응장치",
        "증류, 증발 등 분리를 행하는 장치",
        "가열로 또는 가열기",
        "액체의 누설을 방지하는 방유장치"
      ],
      "answer": null,
      "explanation": ""
    },
    {
      "no": 1,
      "question": "발열반응이 일어나는 반응장치",
      "options": [],
      "answer": null,
      "explanation": ""
    },
    {
      "no": 2,
      "question": "증류·정류·증발·추출 등 분리를 하는 장치\n(추가정보)",
      "options": [],
      "answer": null,
      "explanation": ""
    },
    {
      "no": 3,
      "question": "가열시켜 주는 물질의 온도가 가열되는 위험물질의 분해온도\n용해가스 아세틸렌의 용제는 아세톤입니다.\n또는 발화점보다 높은 상태에서 운전되는 설비\n[해설작성자 : 수도꼭지를 시계방향으로 돌려줘]",
      "options": [],
      "answer": null,
      "explanation": ""
    },
    {
      "no": 4,
      "question": "반응폭주 등 이상 화학반응에 의하여 위험물질이 발생할 우\n려가 있는 설비",
      "options": [],
      "answer": null,
      "explanation": ""
    },
    {
      "no": 92,
      "question": "건조설비를 사용하여 작업을 하는 경우에 폭발이나 화재를",
      "options": [],
      "answer": null,
      "explanation": ""
    },
    {
      "no": 5,
      "question": "온도가 섭씨 350도 이상이거나 게이지 압력이 980킬로파스\n예방하기 위하여 준수하여야 하는 사항으로 틀린 것은?\n칼 이상인 상태에서 운전되는 설비",
      "options": [
        "위험물 건조설비를 사용하는 경우에는 미리 내부를 청소"
      ],
      "answer": null,
      "explanation": ""
    },
    {
      "no": 6,
      "question": "가열로 또는 가열기\n하거나 환기할 것\n[해설작성자 : comcbt.com 이용자]\n② 위험물 건조설비를 사용하여 가열건조하는 건조물은 쉽\n게 이탈되도록 할 것\n방유장치는 특수화학설비가 아닌 위험물을 액체상태로 저장할\n③ 고온으로 가열건조한 인화성 액체는 발화의 위험이 없는\n때 위험물이 누출되지 않도록 하는 것이다.\n온도로 냉각한 후에 격납시킬 것\n[해설작성자 : 황병만]\n기출문제 해설은 최강 자격증 기출문제 전자문제집 CBT : www.comcbt.com 통해서 실시간으로 변경됩니다.\n본 해설집은 최강 자격증 기출문제 전자문제집 CBT 해설달기 프로젝트에 의해서 만들어진 자료입니다. 해설을 제공해 주신 모든 분들께 감사 드립니다.\n산업안전기사 ◐ 2017년 03월 05일 필기 기출문제 및 해설집◑ 전자문제집 CBT :www.comcbt.com\n④ 바깥 면이 현저히 고온이 되는 건조설비에 가까운 장소 ③ 산화성 물질 : 니트로소화합물\n에는 인화성 액체를 두지 않도록 할 것 ④ 인화성 가스 : 에탄\n<문제 해설> <문제 해설>\n위험물 건조설비를 사용하여 가열건조하는 건조물은 쉽게 이탈 마그네슘분말 : 물반응성 물질 및 인화성 고체\n되지 않도록 해야 함 중크롬산 : 산화성 액체 및 산화성 고체\n[해설작성자 : 예린하린] 니트로소화합물 : 폭발성 물질 및 유기과산화물\n[해설작성자 : 69]",
      "options": [
        "위험물 건조설비를 사용하여 가열건조하는 건조물은 쉽",
        "고온으로 가열건조한 인화성 액체는 발화의 위험이 없는",
        "바깥 면이 현저히 고온이 되는 건조설비에 가까운 장소 ③ 산화성 물질 : 니트로소화합물",
        "인화성 가스 : 에탄"
      ],
      "answer": null,
      "explanation": ""
    },
    {
      "no": 93,
      "question": "트리에틸알루미늄에 화재가 발생하였을 때 다음 중 가장 적\n합한 소화약제는?\n위험물및유해화학물질안전(위험물,유해화학물질의종류)",
      "options": [
        "팽창질석 ② 할로겐화합물",
        "이산화탄소 ④ 물",
        "CO ② COCl",
        "NH ④ H"
      ],
      "answer": null,
      "explanation": ""
    },
    {
      "no": 94,
      "question": "액화 프로판 310kg 을 내용적 50L 용기에 충전할 때 필요\n암모니아 : 25ppm\n한 소요 용기의 수는 몇 개인가? (단, 액화 프로판의 가스정\n[해설작성자 : Lee]\n수는 2.35 이다.)",
      "options": [
        "15 ② 17 97. 가연성 기체의 분출 화재 시 주 공급밸브를 닫아서 연료공",
        "19 ④ 21 급을 차단하여 소화하는 방법은?",
        "제거소화 ② 냉각소화",
        "희석소화 ④ 억제소화"
      ],
      "answer": null,
      "explanation": ""
    },
    {
      "no": 2,
      "question": "05) [해설작성자 : 화이팅 ]\n*** 안솔빈님의 자료와 병행하여 공부하세요 ***",
      "options": [],
      "answer": null,
      "explanation": ""
    },
    {
      "no": 98,
      "question": "다음 중 산업안전보건법령상 물질안전보건자료의 작성ㆍ비\n[해설작성자 : 허찬]\n치 제외 대상이 아닌 것은?",
      "options": [],
      "answer": null,
      "explanation": ""
    },
    {
      "no": 95,
      "question": "산업안전보건법령상 위험물질의 종류와 해당물질의 연결이",
      "options": [
        "원자력법에 의한 방사성 물질",
        "농약관리법에 의한 농약",
        "폭발성 물질 : 마그네슘분말 ③ 비료관리법에 의한 비료",
        "인화성 고체 : 중크롬산 ④ 관세법에 의해 수입되는 공업용 유기용제"
      ],
      "answer": null,
      "explanation": ""
    },
    {
      "no": 102,
      "question": "지반조사의 목적에 해당되지 않는 것은?\n물질보건자료 제외대상",
      "options": [
        "토질의 성질 파악"
      ],
      "answer": null,
      "explanation": ""
    },
    {
      "no": 1,
      "question": "방사능 물질\n② 지층의 분포 파악",
      "options": [
        "지층의 분포 파악"
      ],
      "answer": null,
      "explanation": ""
    },
    {
      "no": 2,
      "question": "농약\n③ 지하수위 및 피압수 파악",
      "options": [
        "지하수위 및 피압수 파악"
      ],
      "answer": null,
      "explanation": ""
    },
    {
      "no": 3,
      "question": "의약품\n④ 구조물의 편심에 의한 적절한 침하 유도",
      "options": [
        "구조물의 편심에 의한 적절한 침하 유도"
      ],
      "answer": null,
      "explanation": ""
    },
    {
      "no": 4,
      "question": "마약\n<문제 해설>\n[해설작성자 : ㄱㅈㅂㄱ]\n지반조사는 지반의 침하를 방지하기 위한 목적으로 실시한다.",
      "options": [],
      "answer": null,
      "explanation": ""
    },
    {
      "no": 99,
      "question": "다음 중 산업안전보건법령상 화학설비의 부속설비로만 이루 [해설작성자 : 남돌]\n어진 것은?",
      "options": [],
      "answer": null,
      "explanation": ""
    },
    {
      "no": 103,
      "question": "풍화암의 굴착면 붕괴에 따른 재해를 예방하기 위한 굴착",
      "options": [
        "사이클론, 백필터. 전기집진기 등 분진처리설비",
        "응축기, 냉각기, 가열기, 증발기 등 열교환기류",
        "고로 등 점화기를 직접 사용하는 열교환기류",
        "1 : 1.5 ② 1 : 1.0",
        "혼합기, 발포기. 압출기 등 화학제품 가공설비",
        "1 : 0.8 ④ 1 : 0.5"
      ],
      "answer": null,
      "explanation": ""
    },
    {
      "no": 6,
      "question": "﻿﻿사이클론·백필터·전기집진기﻿등﻿분진처리﻿설비",
      "options": [],
      "answer": null,
      "explanation": ""
    },
    {
      "no": 104,
      "question": "크레인 등 건설장비의 가공전선로 접근 시 안전대책으로\n7﻿﻿. 1목부터﻿6목까지의﻿설비를﻿운전하기﻿위하여﻿부속된﻿전기관\n거리가 먼 것은?\n련설비",
      "options": [
        "안전 이격거리를 유지하고 작업한다.",
        "장비의 조립, 준비시부터 가공전선로에 대한 감전 방지",
        "장비 사용 현장의 장애물, 위험물 등을 점검 후 작업계"
      ],
      "answer": null,
      "explanation": ""
    },
    {
      "no": 100,
      "question": "증류탑에서 포종탑내에 설치되어 있는 포종의 주요 역할로\n획을 수립한다.\n옳은 것은?\n④ 장비를 가공전선로 밑에 보관한다.",
      "options": [
        "장비를 가공전선로 밑에 보관한다.",
        "압력을 증가시켜주는 역할",
        "탑내 액체를 이송하는 역할"
      ],
      "answer": null,
      "explanation": ""
    },
    {
      "no": 4,
      "question": "장비를 가공전선로 밑에 보관하는 것은 감전의 우려가 있다.\n③ 화학적 반응을 시켜주는 역할\n[해설작성자 : 가자고오]\n④ 증기와 액체의 접촉을 용이하게 해주는 역할\n<문제 해설>",
      "options": [
        "화학적 반응을 시켜주는 역할",
        "증기와 액체의 접촉을 용이하게 해주는 역할"
      ],
      "answer": null,
      "explanation": ""
    },
    {
      "no": 105,
      "question": "다음 중 차량계 건설기계에 속하지 않는 것은?\n포종이란 Bubble Cap이라고 하며 증기와 액체의 접촉을 용이하",
      "options": [
        "불도저 ② 스크레이퍼",
        "타워크레인 ④ 항타기"
      ],
      "answer": null,
      "explanation": ""
    },
    {
      "no": 101,
      "question": "작업발판 및 통로의 끝이나 개구부로서 근로자가 추락할\n중기\n위험이 있는 장소에서 난간등의 설치가 매우 곤란하거나\n[해설작성자 : 원조로미]\n작업의 필요상 임시로 난간등을 해체하여야 하는 경우에\n설치하여야 하는 것은?(관련 규정 개정전 문제로 여기서는\n차량계 건설기계 바퀴굴러서 움직여야함\n기존 정답인 3번을 누르면 정답 처리됩니다. 자세한 내용\n타워크레인= 고정된위치\n은 해설을 참고하세요.)\n[해설작성자 : 보라매 오키토키]",
      "options": [
        "구명구 ② 수직보호망",
        "안전방망 ④ 석면포"
      ],
      "answer": null,
      "explanation": ""
    },
    {
      "no": 106,
      "question": "산업안전보건관리비 계상 및 사용기준에 따른 공사 종류별\n<문제 해설>\n계상기준으로 옳은 것은? (단, 철도ㆍ궤도신설공사이고, 대",
      "options": [],
      "answer": null,
      "explanation": ""
    },
    {
      "no": 3,
      "question": "안전방망ㅡ>추락방호망으로 개정\n상액이 5억원 미만인 경우)(관련 규정 개정전 문제로 여기\n[해설작성자 : 남돌]\n서는 기존 정답인 2번을 누르면 정답 처리됩니다. 자세한\n기출문제 해설은 최강 자격증 기출문제 전자문제집 CBT : www.comcbt.com 통해서 실시간으로 변경됩니다.\n본 해설집은 최강 자격증 기출문제 전자문제집 CBT 해설달기 프로젝트에 의해서 만들어진 자료입니다. 해설을 제공해 주신 모든 분들께 감사 드립니다.\n산업안전기사 ◐ 2017년 03월 05일 필기 기출문제 및 해설집◑ 전자문제집 CBT :www.comcbt.com\n내용은 해설을 참고하세요.) ④ 사용자의 시설 운영관리 능력 부족",
      "options": [
        "사용자의 시설 운영관리 능력 부족",
        "1.85% ② 2.45% <문제 해설>",
        "3.09% ④ 3.43% 발주자의 감독 소홀은 시공단계에서 문제점이다."
      ],
      "answer": null,
      "explanation": ""
    },
    {
      "no": 108,
      "question": "유해위험방지 계획서를 제출하려고 할 때 그 첨부서류와\n5억 ~ 50억 : 1.86 %\n가장 거리가 먼 것은?\n[해설작성자 : 멋진 승빈 아빠]",
      "options": [
        "공사개요서",
        "산업안전보건관리비 작성요령",
        "전체공정표",
        "재해 발생 위험 시 연락 및 대피방법"
      ],
      "answer": null,
      "explanation": ""
    },
    {
      "no": 1,
      "question": "공사 개요 및 안전보건관리계획\n일반건설공사(갑)\n가. 공사 개요서\n5억 미만 2.93%\n나. 공사현장의 주변현황 및 주변과의 관계를 나타내는 도면\n5억~50억 미만 1.86%\n다..건설물, 사용 기계설비 등의 배치를 나타내는 도면\n50억 이상 1.97%\n라. 전체 공정표\n마. 산업안전보건관리비 사용계획\n일반건설공사(을)\n바. 안전관리 조직표\n5억 미만 3.09%\n사. 재해 발생 위험 시 연락 및 대피방법\n5억~50억 미만 1.99%",
      "options": [],
      "answer": null,
      "explanation": ""
    },
    {
      "no": 2,
      "question": "작업 공사 종류별 유해, 위험방지계획\n50억 이상 2.10%",
      "options": [],
      "answer": null,
      "explanation": ""
    },
    {
      "no": 109,
      "question": "흙막이 지보공을 설치하였을 때 정기적으로 점검하여 이상\n중건설공사\n발견 시 즉시 보수하여야 할 사항이 아닌 것은?\n5억 미만 3.43%",
      "options": [
        "굴착 깊이의 정도",
        "버팀대의 긴압의 정도",
        "부재의 접속부ㆍ부착부 및 교차부의 상태",
        "부재의 손상ㆍ변형ㆍ부식ㆍ변위 및 탈락의 유무와 상태"
      ],
      "answer": null,
      "explanation": ""
    },
    {
      "no": 110,
      "question": "크레인의 운전실 또는 운전대를 통하는 통로의 끝과 건설\n기타건설공사 물 등의 벽체의 간격은 최대 얼마 이하로 하여야 하는가?\n5억 미만 1.85%",
      "options": [
        "0.2m ② 0.3m",
        "0.4m ④ 0.5m"
      ],
      "answer": null,
      "explanation": ""
    },
    {
      "no": 1,
      "question": "크레인의 운전실, 운전대를 통하는 통로의 끝과 건설물 등의\n건선업 산업 안전보건관리비 계상 및 사용기준이 2023. 10. 5., 벽체의 간격\n일부개정으로 2. 크레인 거더의 통로 끝과 크레인 거더의 간격\n[별표]1 공사종류 및 규모별 산업안전보건관리비 계상기준표의 3. 크레인 거더의 통로로 통하는 통로의 끝과 건설물 등의 벽체\n공사종류가 의 간격\n건축공사, 토목공사, 중건설공사, 특수건설공사로 바꼈으니 이 [해설작성자 : ㅇㅇ]\n문제는 넘어가면 됩니다",
      "options": [],
      "answer": null,
      "explanation": ""
    },
    {
      "no": 111,
      "question": "달비계를 설치할 때 작업발판의 폭은 최소 얼마 이상으로\n[해설작성자 : 24.4.5 해설작성]\n하여야 하는가?",
      "options": [],
      "answer": null,
      "explanation": ""
    },
    {
      "no": 107,
      "question": "건설공사 시공단계에 있어서 안전관리의 문제점에 해당되",
      "options": [
        "30cm ② 40cm",
        "50cm ④ 60cm",
        "발주자의 조사, 설계 발주능력 미흡 <문제 해설>",
        "용역자의 조사, 설계능력 부실 달비계의 작업발판은 폭을 40cm 이상으로 하고 틈새가 없도록",
        "발주자의 감독 소홀 해야함",
        "와이어로프의 한 꼬임에서 끊어진 소선(필러선을 제외한",
        "지름 감소가 공칭지름의 7%를 초과하는 것은 권상용 와"
      ],
      "answer": null,
      "explanation": ""
    },
    {
      "no": 112,
      "question": "산소결핍이라 함은 공기 중 산소농도가 몇 퍼센트(%) 미만\n이어로프로 사용을 금한다.\n일 때를 의미하는가?\n④ 권상용 와이어로프의 안전계수가 4이상이 아니면 이를",
      "options": [
        "권상용 와이어로프의 안전계수가 4이상이 아니면 이를",
        "20% ② 18%",
        "15% ④ 10%"
      ],
      "answer": null,
      "explanation": ""
    },
    {
      "no": 117,
      "question": "굴착과 싣기를 동시에 할 수 있는 토공기계가 아닌 것은?\n외우는팁 산소부족해 \"18\"",
      "options": [
        "Power shovel ② Tractor shovel",
        "Back hoe ④ Motor grader"
      ],
      "answer": null,
      "explanation": ""
    },
    {
      "no": 113,
      "question": "크레인을 사용하여 작업을 할 때 작업시작 전에 점검하여\nMotor grader는 지반의 정지작업에 사용되는 기계이다.\n야 하는 사항에 해당하지 않는 것은?\n[해설작성자 : 남돌]",
      "options": [
        "권과방지장치ㆍ브레이크ㆍ클러치 및 운전장치의 기능",
        "주행로의 상측 및 트롤리가 횡행하는 레일의 상태",
        "와이어로프가 통하고 있는 곳의 상태",
        "압력방출방치의 기능"
      ],
      "answer": null,
      "explanation": ""
    },
    {
      "no": 114,
      "question": "흙막이 공법을 흙막이 지지방식에 의한 분류와 구조방식에\n의한 분류로 나눌 때 다음 중 지지방식에 의한 분류에 해\n당하는 것은?",
      "options": [
        "수평 버팀대식 흙막이 공법",
        "H-Pile 공법 ① 1.2m 이상 1.5m 이하",
        "지하연속벽 공법 ② 1.2m 이상 2.0m 이하",
        "Top down method 공법 ③ 1.5m 이상 1.8m 이하",
        "1.5m 이상 2.0m 이하"
      ],
      "answer": null,
      "explanation": ""
    },
    {
      "no": 115,
      "question": "그물코의 크기가 10cm 인 매듭없는 방망사신품의 인장강\n도는 최소 얼마 이상이어야 하는가? 산업안전보건기준에 따른 규칙 제 60조",
      "options": [
        "240 kg ② 320 kg 비계기둥 설치간격: 띠장방량 1.85m 이하 장선방향 1.5m이하",
        "400 kg ④ 500 kg 띠장 설치간격(수직방향): 첫단, 그외: 2.0m 이하",
        "슬럼프가 클수록 작다.",
        "타설속도가 빠를수록 크다.",
        "거푸집 속의 콘크리트 온도가 낮을수록 크다.",
        "콘크리트의 타설높이가 높을수록 크다."
      ],
      "answer": null,
      "explanation": ""
    },
    {
      "no": 116,
      "question": "항타기 및 항발기에 관한 설명으로 옳지 않은 것은? <문제 해설>",
      "options": [
        "도괴방지를 위해 시설 또는 가설물 등에 설치하는 때에 온도, 습도, 철근량만 측압에 반비례"
      ],
      "answer": null,
      "explanation": ""
    },
    {
      "no": 120,
      "question": "흙의 투수계수에 영향을 주는 인자에 관한 설명으로 옳지\n문서의 수정 및 DB 저장, 기타 금전적 이익을 취하는\n않은 것은?\n일체의 행위를 금지 합니다.",
      "options": [
        "공극비 : 공극비가 클수록 투수계수는 작다.",
        "포화도 : 포화도가 클수록 투수계수도 크다.",
        "유체의 점성계수 : 점성계수가 클수록 투수계수는 작다.",
        "유체의 밀도 : 유체의 밀도가 클수록 투수계수는 크다.",
        "② ④ ② ① ② ④ ① ③ ①",
        "② ① ② ① ③ ① ③ ① ④",
        "② ② ④ ② ① ① ④ ② ③",
        "④ ③ ③ ③ ④ ④ ① ③ ④",
        "① ④ ② ② ③ ③ ③ ① ④",
        "④ ② ① ④ ③ ③ ① ④ ④",
        "① ① ② ① ④ ④ ② ③ ②",
        "④ ② ④ ① ④ ① ② ① ③",
        "④ ① ④ ② ③ ③ ② ④ ③",
        "② ① ① ④ ② ① ④ ① ④",
        "④ ② ④ ③ ② ③ ② ① ②",
        "② ④ ① ① ④ ④ ③ ① ①"
      ],
      "answer": null,
      "explanation": ""
    }
  ]
}