{
  "title": "산업안전기사20190303(해설집) (2).pdf",
  "questions": [
    {
      "no": 1,
      "question": "제일선의 감독자를 교육대상으로 하고, 작업을 지도하는 방\n법, 작업개선방법 등의 주요 내용을 다루는 기업내 교육방법\n보호구 안전인증 고시\n은?\n[별표 4] 방진마스크의 성능기준(제12조 관련)",
      "options": [
        "TWI ② MTP"
      ],
      "answer": null,
      "explanation": ""
    },
    {
      "no": 6,
      "question": "여과재 분진 등 포집효율형\n③ ATT ④ CCS\n형태 및 등급 | 염화나트륨(NaCl) 및 파라핀 오일\n<문제 해설>\n(Paraffin oil) 시험(%)\n현장 감독자(現場監홈者) 훈련법의 하나. 내용은",
      "options": [
        "ATT ④ CCS",
        "직책에 관한",
        "작업에 관한 지식, ③지도하는 기능, ④개선하는 기능,",
        "사람을 다루는 기능 등인데, 특히 뒤의 3가지를 중시하여 훈"
      ],
      "answer": null,
      "explanation": ""
    },
    {
      "no": 2,
      "question": "안전검사기관 및 자율검사프로그램 인정기관은 고용노동부장",
      "options": [],
      "answer": null,
      "explanation": ""
    },
    {
      "no": 5,
      "question": "산업안전보건법상 특별안전보건교육에서 방사선 업무에 관계\n관에게 그 실적을 보고하도록 관련법에 명시되어 있는데 그\n되는 작업을 할 때 교육내용으로 거리가 먼 것은?\n주기로 옳은 것은?",
      "options": [
        "방사선의 유해·위험 및 인체에 미치는 영향",
        "매월 ② 격월",
        "방사선 측정기기 기능의 점검에 관한 사항",
        "분기 ④ 반기",
        "비상 시 응급처리 및 보호구 착용에 관한 사항",
        "산소농도측정 및 작업환경에 관한 사항"
      ],
      "answer": null,
      "explanation": ""
    },
    {
      "no": 3,
      "question": "다음 재해사례에서 기인물에 해당하는 것은? [별표 5] 안전보건교육 교육대상별 교육내용(제26조제1항 등 관\n련)\n라. 특별교육 대상 작업별 교육",
      "options": [],
      "answer": null,
      "explanation": ""
    },
    {
      "no": 33,
      "question": "방사선 업무에 관계되는 작업(의료 및 실험용은 제외한다)\n○ 방사선의 유해ㆍ위험 및 인체에 미치는 영향\n○ 방사선의 측정기기 기능의 점검에 관한 사항\n○ 방호거리ㆍ방호벽 및 방사선물질의 취급 요령에 관한 사항",
      "options": [
        "덮개 ② 급유 ○ 응급처치 및 보호구 착용에 관한 사항",
        "선반 ④ 변속치차 ○ 그 밖에 안전ㆍ보건관리에 필요한 사항",
        "무의식상태",
        "의식의 이완상태",
        "명료한상태",
        "과긴장상태"
      ],
      "answer": null,
      "explanation": ""
    },
    {
      "no": 4,
      "question": "보호구 안전인증 고시에 따른 분리식 방진마스크의 성능기준 [해설작성자 : 일만시간]\n에서 포집효율이 특급인 경우, 염화나트륨(NaCl) 및 파라핀\n오일(Paraffin oil)시험에서의 포집효율은? 7. 한 사람, 한 사람의 위험에 대한 감수성 향상을 도모하기 위",
      "options": [
        "99.95% 이상 ② 99.9% 이상 하여 삼각 및 원 포인트 위험예지훈련을 통합한 활용기법",
        "99.5% 이상 ④ 99.0% 이상 은?(관련 규정 개정전 문제로 여기서는 기존 정답인 1번을",
        "1인 위험예지훈련 불필요한 수행오류 Extraneous error-수행해서는 안 될 불필요",
        "TBM 위험예지훈련 한 작업 내지 행동을 함으로써 발생하는 에러",
        "자문자답 위험예지훈련 순서 오류Sequential Error-순서 착오로 인한 에러",
        "시나리오 역할연기훈련 시간 오류Time Error-소정의 시간에 수행하지 못했다..절차 수행"
      ],
      "answer": null,
      "explanation": ""
    },
    {
      "no": 11,
      "question": "다음 중 안전·보건교육계획을 수립할 때 고려할 사항으로\n~ 5분 정도의 짧은 시간 동안에 행하는 미팅\n가장 거리가 먼 것은?\n[해설작성자 : 일만시간]",
      "options": [
        "현장의 의견을 충분히 반영한다.",
        "대상자의 필요한 정보를 수집한다.",
        "안전교육시행체계와의 연관성을 고려한다.",
        "정부 규정에 의한 교육에 한정하여 실시한다."
      ],
      "answer": null,
      "explanation": ""
    },
    {
      "no": 8,
      "question": "재해예방의 4원칙에 관한 설명으로 틀린 것은? 정부규정에 의한 교육 이상의 교육을 계획하여야 한다.",
      "options": [
        "재해의 발생에는 반드시 원인이 존재한다."
      ],
      "answer": null,
      "explanation": ""
    },
    {
      "no": 12,
      "question": "사고의 원인분석방법에 해당하지 않는 것은?\n② 재해의 발생과 손실의 발생은 우연적이다.",
      "options": [
        "재해의 발생과 손실의 발생은 우연적이다.",
        "통계적 원인분석 ② 종합적 원인분석",
        "재해를 예방할 수 있는 안전대책은 반드시 존재한다.",
        "클로즈(close)분석 ④ 관리도",
        "재해는 원인 제거가 불가능하므로 예방만이 최선이다."
      ],
      "answer": null,
      "explanation": ""
    },
    {
      "no": 13,
      "question": "하인리히의 재해 코스트 평가방식 중 직접비에 해당하지 않",
      "options": [],
      "answer": null,
      "explanation": ""
    },
    {
      "no": 9,
      "question": "적응기제(適應機制, Adjustment Mechanism)의 종류 중 도피\n는 것은?\n적 기제(행동)에 해당하지 않는 것은?",
      "options": [
        "산재보상비 ② 치료비",
        "고립 ② 퇴행",
        "간호비 ④ 생산손실",
        "억압 ④ 합리화"
      ],
      "answer": null,
      "explanation": ""
    },
    {
      "no": 10,
      "question": "인간오류에 관한 분류 중 독립행동에 의한 분류가 아닌 것 금액으로 딱 떨어지는거 직접비\n은? 재해를 입어서 예상되어지는 손실 = 간접비",
      "options": [
        "생략오류 ② 실행오류 [해설작성자 : 보라매 오키토키]",
        "명령오류 ④ 시간오류"
      ],
      "answer": null,
      "explanation": ""
    },
    {
      "no": 14,
      "question": "안전관리조직의 참모식(staff형)에 대한 장점이 아닌 것은?\n<문제 해설>",
      "options": [
        "경영자의 조언과 자문역할을 한다.",
        "안전정보 수집이 용이하고 빠르다.",
        "안전에 관한 명령과 지시는 생산라인을 통해 신속하게",
        "안전전문가가 안전계획을 세워 문제해결 방안을 모색하 4. 석면취급 및 해체·제거 → 관계자외 출입금지표지 (허가된 인"
      ],
      "answer": null,
      "explanation": ""
    },
    {
      "no": 3,
      "question": "Line 형의 장점",
      "options": [],
      "answer": null,
      "explanation": ""
    },
    {
      "no": 18,
      "question": "국제노동기구(ILO)의 산업재해 정도구분에서 부상 결과 근\n[해설작성자 : 빵식]\n로자가 신체장해등급 제12급 판정을 받았다면 이는 어느 정\n도의 부상을 의미하는가?",
      "options": [],
      "answer": null,
      "explanation": ""
    },
    {
      "no": 3,
      "question": "라인.스태프형조직",
      "options": [
        "영구 전노동불능"
      ],
      "answer": null,
      "explanation": ""
    },
    {
      "no": 15,
      "question": "산업안전보건법령상 의무안전인증대상 기계·기구 및 설비가 ② 영구 일부노동불능\n아닌 것은? ③ 일시 전노동불능",
      "options": [
        "영구 일부노동불능",
        "일시 전노동불능",
        "연삭기 ② 롤러기 ④ 일시 일부노동불능",
        "압력용기 ④ 고소(高所) 작업대 <문제 해설>"
      ],
      "answer": null,
      "explanation": ""
    },
    {
      "no": 19,
      "question": "특정과업에서 에너지 소비수준에 영향을 미치는 인자가 아\n마. 압력용기\n닌 것은?\n바. 롤러기",
      "options": [
        "작업방법 ② 작업속도",
        "작업관리 ④ 도구"
      ],
      "answer": null,
      "explanation": ""
    },
    {
      "no": 16,
      "question": "안전교육방법 중 학습자가 이미 설명을 듣거나 시범을 보고 2) 작업속도\n알게 된 지식이나 기능을 강사의 감독 아래 직접적으로 연 3) 작업자세\n습하여 적용할 수 있도록 하는 교육방법은? 4) 도구설계",
      "options": [
        "모의법 ② 토의법 [해설작성자 : 서폿은 도구다]",
        "실연법 ④ 반복법"
      ],
      "answer": null,
      "explanation": ""
    },
    {
      "no": 20,
      "question": "사고예방대책의 기본원리 5단계 중 틀린 것은?\n<문제 해설>",
      "options": [
        "1단계 : 안전관리계획",
        "2단계 : 현상파악",
        "3단계 : 분석평가",
        "4단계 : 대책의 선정"
      ],
      "answer": null,
      "explanation": ""
    },
    {
      "no": 17,
      "question": "산업안전보건법상의 안전·보건표지 종류 중 관계자외출입금 <문제 해설>\n지표지에 해당되는 것은? ● 하인리히의 사고방지 5단계",
      "options": [
        "안전모 착용 제1단계 : 안전관리의 조직",
        "폭발성물질 경고 제2단계 : 사실의 발견 (현상파악)",
        "방사성물질 경고 제3단계 : 분석평가",
        "석면취급 및 해체·제거 제4단계 : 시정책의 선정"
      ],
      "answer": null,
      "explanation": ""
    },
    {
      "no": 21,
      "question": "의도는 올바른 것이었지만, 행동이 의도한 것과는 다르게",
      "options": [],
      "answer": null,
      "explanation": ""
    },
    {
      "no": 1,
      "question": "안전모 착용 → 지시표지 (작업자가 반드시 안전모를 착용해\n나타나는 오류를 무엇이라 하는가?\n야 하는 장소)",
      "options": [
        "Slip ② Mistake"
      ],
      "answer": null,
      "explanation": ""
    },
    {
      "no": 2,
      "question": "폭발성물질 경고 → 경고표지 (폭발 위험이 있는 장소)\n③ Lapse ④ Violation",
      "options": [
        "Lapse ④ Violation"
      ],
      "answer": null,
      "explanation": ""
    },
    {
      "no": 3,
      "question": "방사성물질 경고 → 경고표지 (방사능 위험이 있는 장소)\n<문제 해설>\n기출문제 해설은 최강 자격증 기출문제 전자문제집 CBT : www.comcbt.com 통해서 실시간으로 변경됩니다.\n본 해설집은 최강 자격증 기출문제 전자문제집 CBT 해설달기 프로젝트에 의해서 만들어진 자료입니다. 해설을 제공해 주신 모든 분들께 감사 드립니다.\n산업안전기사 ◐ 2019년 03월 03일 필기 기출문제 및 해설집◑ 전자문제집 CBT :www.comcbt.com\n<인간의 정보처리과정에서 발생하는 에러> 미니멀 패스는 신뢰성을 나타낸다.",
      "options": [],
      "answer": null,
      "explanation": ""
    },
    {
      "no": 1,
      "question": "Slip(실수,미끄러짐):실행단계에서 발생하는 에러, 상황(목표) [해설작성자 : 시험 일주일전]\n해석은 제대로 했으나 의도와는 다른 행동을 하는 경우",
      "options": [],
      "answer": null,
      "explanation": ""
    },
    {
      "no": 25,
      "question": "쾌적환경에서 추운환경으로 변화 시 신체의 조절작용이 아",
      "options": [],
      "answer": null,
      "explanation": ""
    },
    {
      "no": 2,
      "question": "Mistake(착오,착각):인지과정과 의사결정과정에서 발생하는\n닌 것은?\n에러, 상황해석을 잘못하거나 틀린목표를 착각해 행하는 경우",
      "options": [
        "피부온도가 내려간다."
      ],
      "answer": null,
      "explanation": ""
    },
    {
      "no": 3,
      "question": "Lapse(건망증):저장단계에서 발생하는 에러, 어떤 행동을 잊\n② 직장온도가 약간 내려간다.\n어버리고 안하는 경우\n③ 몸이 떨리고 소름이 돋는다.\n[해설작성자 : 원]\n④ 피부를 경유하는 혈액 순환량이 감소한다.\n<문제 해설>",
      "options": [
        "직장온도가 약간 내려간다.",
        "몸이 떨리고 소름이 돋는다.",
        "피부를 경유하는 혈액 순환량이 감소한다."
      ],
      "answer": null,
      "explanation": ""
    },
    {
      "no": 4,
      "question": "Violation(위반):정해져 있는 규칙을 알고 있으면서 고의로 따\n쾌적온도에서 추운온도로 변화시 직장온도가 약간 올라갑니다.\n르지 않거나 무시하는 경우\n정답은 2번이 맞습니다.\n[해설작성자 : 고호]\n[해설작성자 : 산안기봇]",
      "options": [],
      "answer": null,
      "explanation": ""
    },
    {
      "no": 22,
      "question": "시스템 수명주기 단계 중 마지막 단계인 것은?",
      "options": [],
      "answer": null,
      "explanation": ""
    },
    {
      "no": 26,
      "question": "염산을 취급하는 A 업체에서는 신설 설비에 관한 안전성 평",
      "options": [
        "구상단계 ② 개발단계",
        "운전단계 ④ 생산단계",
        "공장 내의 배치",
        "제조공정의 개요",
        "재평가 방법 및 계획",
        "안전·보건교육 훈련계획"
      ],
      "answer": null,
      "explanation": ""
    },
    {
      "no": 1,
      "question": "입지조건",
      "options": [],
      "answer": null,
      "explanation": ""
    },
    {
      "no": 23,
      "question": "FT도에 사용되는 다음 게이트의 명칭은? 2.공장 내의 배치",
      "options": [],
      "answer": null,
      "explanation": ""
    },
    {
      "no": 3,
      "question": "소방설비",
      "options": [],
      "answer": null,
      "explanation": ""
    },
    {
      "no": 4,
      "question": "공정기기",
      "options": [],
      "answer": null,
      "explanation": ""
    },
    {
      "no": 5,
      "question": "수송ㆍ저장",
      "options": [],
      "answer": null,
      "explanation": ""
    },
    {
      "no": 6,
      "question": "원재료,중간체,제품\n[해설작성자 : comcbt.com 이용자]\n정성적 평가내용(설계)",
      "options": [],
      "answer": null,
      "explanation": ""
    },
    {
      "no": 1,
      "question": "입지조건",
      "options": [],
      "answer": null,
      "explanation": ""
    },
    {
      "no": 2,
      "question": "공장 내의 배치",
      "options": [
        "부정 게이트"
      ],
      "answer": null,
      "explanation": ""
    },
    {
      "no": 3,
      "question": "소방설비\n② 억제 게이트",
      "options": [
        "억제 게이트"
      ],
      "answer": null,
      "explanation": ""
    },
    {
      "no": 4,
      "question": "건조물\n③ 배타적 OR 게이트\n④ 우선적 AND 게이트\n정성적 평가내용(운전)\n<문제 해설>",
      "options": [
        "배타적 OR 게이트",
        "우선적 AND 게이트"
      ],
      "answer": null,
      "explanation": ""
    },
    {
      "no": 1,
      "question": "공정\nAND 게이트의 특별한 경우로서 이 게이트의 출력사상은 한개의",
      "options": [],
      "answer": null,
      "explanation": ""
    },
    {
      "no": 2,
      "question": "공정기기\n입력사상에 의해 발생하며, 입력사상이 출력사상을 생성하기 전",
      "options": [],
      "answer": null,
      "explanation": ""
    },
    {
      "no": 3,
      "question": "수송ㆍ저장\n에 특정조건을 만족하여야 하는 논리게이트",
      "options": [],
      "answer": null,
      "explanation": ""
    },
    {
      "no": 4,
      "question": "원재료,중간체,제품\n인풋 아웃풋 나오면 억제게이트\n[해설작성자 : 뮤먐믹]\n[해설작성자 : 외워서합격해]",
      "options": [],
      "answer": null,
      "explanation": ""
    },
    {
      "no": 27,
      "question": "인간-기계시스템의 설계를 6단계로 구분할 때, 첫 번째 단",
      "options": [],
      "answer": null,
      "explanation": ""
    },
    {
      "no": 24,
      "question": "FTA에서 시스템의 기능을 살리는데 필요한 최소 요인의 집\n계에서 시행하는 것은?\n합을 무엇이라 하는가?",
      "options": [
        "기본설계",
        "critical set",
        "시스템의 정의",
        "minimal gate",
        "인터페이스 설계",
        "minimal path",
        "시스템의 목표와 성능명세 결정",
        "Boolean indicated cut set"
      ],
      "answer": null,
      "explanation": ""
    },
    {
      "no": 1,
      "question": "시스템 목표 및 성능 명세 결정 [해설작성자 : comcbt.com 이용자]",
      "options": [],
      "answer": null,
      "explanation": ""
    },
    {
      "no": 2,
      "question": "체계의 정의(시스템 정의)",
      "options": [],
      "answer": null,
      "explanation": ""
    },
    {
      "no": 3,
      "question": "기본설계(작업설계/직무분석/기능할당) 1sone=40phon=40dB(1000hz)",
      "options": [],
      "answer": null,
      "explanation": ""
    },
    {
      "no": 4,
      "question": "계면설계(인터페이스 설계)-(작업공간/표시장치/조종장치) [해설작성자 : comcbt.com 이용자]",
      "options": [],
      "answer": null,
      "explanation": ""
    },
    {
      "no": 5,
      "question": "촉진물 설계(인간 성능 증진, 보조물 설계)",
      "options": [],
      "answer": null,
      "explanation": ""
    },
    {
      "no": 32,
      "question": "인체계측자료의 응용원칙 중 조절 범위에서 수용하는 통상",
      "options": [],
      "answer": null,
      "explanation": ""
    },
    {
      "no": 6,
      "question": "시험 및 평가\n의 범위는 얼마인가?\n[해설작성자 : 고호]",
      "options": [
        "5 ~ 95 %tile ② 20 ~ 80 %tile"
      ],
      "answer": null,
      "explanation": ""
    },
    {
      "no": 28,
      "question": "점광원으로부터 0.3m 떨어진 구면에 비추는 광량이 5 ③ 30 ~ 70 %tile ④ 40 ~ 60 %tile\nLumen 일 때, 조도는 약 몇 럭스인가? <문제 해설>",
      "options": [
        "30 ~ 70 %tile ④ 40 ~ 60 %tile",
        "0.06 ② 16.7 인체계측 자료의 응용 3원칙 중 조절범위(조정범위) 설계",
        "55.6 ④ 83.4 •통상 5[%]치에서 95[%]치까지에서 90[%]범위를 수용대상으"
      ],
      "answer": null,
      "explanation": ""
    },
    {
      "no": 33,
      "question": "동작 경제 원칙에 해당되지 않는 것은?\n[해설작성자 : 그니]",
      "options": [
        "신체사용에 관한 원칙",
        "작업장 배치에 관한 원칙",
        "사용자 요구 조건에 관한 원칙",
        "공구 및 설비 디자인에 관한 원칙"
      ],
      "answer": null,
      "explanation": ""
    },
    {
      "no": 29,
      "question": "음량수준을 측정할 수 있는 3가지 척도에 해당되지 않는 것 - 신체사용에 관한 원칙\n은? - 작업장 배열에 관한 원칙",
      "options": [
        "sone ② 럭스 - 공구 및 설비의 설계에 관한 원칙",
        "phon ④ 인식소음 수준 [해설작성자 : 할수있다]"
      ],
      "answer": null,
      "explanation": ""
    },
    {
      "no": 34,
      "question": "정신적 작업 부하에 관한 생리적 척도에 해당하지 않는 것\n럭스는 조도를 말함.\n은?\n[해설작성자 : 바람속언덕]",
      "options": [
        "부정맥 지수 ② 근전도"
      ],
      "answer": null,
      "explanation": ""
    },
    {
      "no": 30,
      "question": "실린더 블록에 사용하는 가스켓의 수명은 평균 10000 시간 ③ 점멸융합주파수 ④ 뇌파도\n이며, 표준편차는 200 시간으로 정규분포를 따른다. 사용시 <문제 해설>\n간이 9600 시간일 경우에 신뢰도는 약 얼마인가? (단, 표준 작업부하 : 동적.정적.정신적 작업부하\n정규분표표에서 u =1, u =2 이다.) 정신적 작업부하 객관적 평가도구",
      "options": [
        "점멸융합주파수 ④ 뇌파도"
      ],
      "answer": null,
      "explanation": ""
    },
    {
      "no": 0,
      "question": "8413 0.9772",
      "options": [
        "84.13% ② 88.73% EEG(Electro encephalo graphy):뇌전계로 뇌파 측정.",
        "92.72% ④ 97.72% ECG(Electro cardio graphy):심전계로 심장활동 측정"
      ],
      "answer": null,
      "explanation": ""
    },
    {
      "no": 1,
      "question": "(사용시간 - 평균수명) ÷ 표준편차 = z_[x] [해설작성자 : 일만시간]",
      "options": [],
      "answer": null,
      "explanation": ""
    },
    {
      "no": 2,
      "question": "(9600 -10000) ÷ 200 = -2 = z_[-2] 정규분포상 -2 ~ 2\n범위 근전도:근육의 활동도를 측정하는 것으로 신체적 작업 부하의\n• z_[-2] = 0.9772 = 97.72% 측정\n[해설작성자 : yeom] [해설작성자 : 안전도]",
      "options": [],
      "answer": null,
      "explanation": ""
    },
    {
      "no": 31,
      "question": "음압수준이 70 dB인 경우, 1000 Hz에서 순음의 phon 치\n정신적 부하측정 척도 종류\n는?",
      "options": [],
      "answer": null,
      "explanation": ""
    },
    {
      "no": 1,
      "question": "부정맥 지수",
      "options": [
        "50 phon ② 70 phon"
      ],
      "answer": null,
      "explanation": ""
    },
    {
      "no": 2,
      "question": "점멸융합주파수\n③ 90 phon ④ 100 phon\n3, 뇌파도\n<문제 해설>",
      "options": [
        "90 phon ④ 100 phon"
      ],
      "answer": null,
      "explanation": ""
    },
    {
      "no": 4,
      "question": "안구전위도\n1000Hz의 기준음과 같은 크기로 들리는 다른 주파수의 음의 크\n기를 Phon이라고 함.\n기출문제 해설은 최강 자격증 기출문제 전자문제집 CBT : www.comcbt.com 통해서 실시간으로 변경됩니다.\n본 해설집은 최강 자격증 기출문제 전자문제집 CBT 해설달기 프로젝트에 의해서 만들어진 자료입니다. 해설을 제공해 주신 모든 분들께 감사 드립니다.\n산업안전기사 ◐ 2019년 03월 03일 필기 기출문제 및 해설집◑ 전자문제집 CBT :www.comcbt.com\n근전도: 육체적 부하 측정 자 할 때 첨부하여야 하는 서류에 해당하지 않는 것은? (단,\n[해설작성자 : 티거] 기타 고용노동부장관이 정하는 도면 및 서류 등은 제외한\n다.)",
      "options": [],
      "answer": null,
      "explanation": ""
    },
    {
      "no": 35,
      "question": "FMEA 의 장점이라 할 수 있는 것은?",
      "options": [
        "공사개요서",
        "분석방법에 대한 논리적 배경이 강하다.",
        "기계·설비의 배치도면",
        "물적, 인적요소 모두가 분석대상이 된다.",
        "기계·설비의 개요를 나타내는 서류",
        "서식이 간단하고 비교적 적은 노력으로 분석이 가능하",
        "원재료 및 제품의 취급, 제조 등의 작업방법의 개요",
        "두 가지 이상의 요소가 동시에 고장 나는 경우에도 분석"
      ],
      "answer": null,
      "explanation": ""
    },
    {
      "no": 1,
      "question": "건축물 각 층의 평면도\n<문제 해설>",
      "options": [],
      "answer": null,
      "explanation": ""
    },
    {
      "no": 2,
      "question": "기계•설비의 개요를 나타내는 서류\nFMEA(Failure Mode and Effect Analysis)",
      "options": [],
      "answer": null,
      "explanation": ""
    },
    {
      "no": 3,
      "question": "기계•설비의 배치도면\n시스템을 사용하는 중에 발생하는 사고에, 사고와 원인의 관계",
      "options": [],
      "answer": null,
      "explanation": ""
    },
    {
      "no": 4,
      "question": "원재료 및 제품의 취급,제조 등의 작업방법의 개요\n를 계열적으로 해석하는 신뢰성 해석수법의 한가지",
      "options": [],
      "answer": null,
      "explanation": ""
    },
    {
      "no": 5,
      "question": "그 밖의 고용노동부장관이 정하는 도면 및 서류\n[해설작성자 : 일만시간]\n<건설공사 제출서류>\nFMEA",
      "options": [],
      "answer": null,
      "explanation": ""
    },
    {
      "no": 1,
      "question": "공사개요서",
      "options": [],
      "answer": null,
      "explanation": ""
    },
    {
      "no": 1,
      "question": "분류 : 정성적 / 귀납적",
      "options": [],
      "answer": null,
      "explanation": ""
    },
    {
      "no": 2,
      "question": "공사현장의 주변현황 및 주변과의 관계를 나타내는 도면(매설",
      "options": [],
      "answer": null,
      "explanation": ""
    },
    {
      "no": 2,
      "question": "장단점\n물현황포함)\n- 장점",
      "options": [],
      "answer": null,
      "explanation": ""
    },
    {
      "no": 3,
      "question": "건설물,사용기계설비 등의 배치를 나타내는 도면\n: 서식이 간단, 비교적 적은 노력으로 특별한 훈련 없이 분석 가",
      "options": [],
      "answer": null,
      "explanation": ""
    },
    {
      "no": 4,
      "question": "전체공정표\n능",
      "options": [],
      "answer": null,
      "explanation": ""
    },
    {
      "no": 5,
      "question": "산업인전보건관리비 사용계획\n- 단점",
      "options": [],
      "answer": null,
      "explanation": ""
    },
    {
      "no": 6,
      "question": "안전관리 조직표\n: 논리성 부족, 각 요소간 영향 분석 어려움. 이 때문에 동시에",
      "options": [],
      "answer": null,
      "explanation": ""
    },
    {
      "no": 7,
      "question": "재해발생위험시 연락 및 대피방법\n두 가지 이상의 요소가 고장날 시 분석이 곤란. 또한, 요소가 물\n[해설작성자 : 원]\n체로 한정되어 있기 때문에 인적원인 분석에 약점이 있다\n[해설작성자 : 아이스킹]\n제조업이란 이미 공사가 완료된 건물에 기계 설비가 설치되 있\n는경우 이므로 공사개요도 는 건설공사시에 제출 해야하는 서류\nFTA 연역적 정량적\n임\nFMEA 귀납적 정성적\n[해설작성자 : 보라매 오키토키]\nETA, DT 귀납적 정량적\nCA 정량 38. 생명유지에 필요한 단위시간당 에너지량을 무엇이라 하는\nFMECA 정성적 정량적 가?\n[해설작성자 : 원조로미]",
      "options": [
        "기초 대사량 ② 산소 소비율",
        "작업 대사량 ④ 에너지 소비율"
      ],
      "answer": null,
      "explanation": ""
    },
    {
      "no": 36,
      "question": "수리가 가능한 어떤 기계의 가용도(availability)는 0.9이고,\n<문제 해설>\n평균수리시간(MTTR)이 2시간일 때, 이 기계의 평균수명\n기초대사량(BMR) : 생명유지에 필요한 단위시간당 에너지량\n(MTBF)은?\n[해설작성자 : 산안기 첫도전]",
      "options": [
        "15 시간 ② 16 시간",
        "17 시간 ④ 18 시간 39. 다음의 각 단계를 결함수분석법(FTA)에 의한 재해사례의 연",
        "㉠→㉡→㉢→㉣ ② ㉠→㉣→㉢→㉡",
        "㉠→㉢→㉡→㉣ ④ ㉠→㉣→㉡→㉢"
      ],
      "answer": null,
      "explanation": ""
    },
    {
      "no": 37,
      "question": "산업안전보건법령에 따라 제조업 중 유해·위험방지계획서 제1단계 : 톱사상의 선정\n제출대상 사업의 사업주가 유해·위험방지계획서를 제출하고 제2단계 : 사상마다의 재해원인 및 요인 규명\n기출문제 해설은 최강 자격증 기출문제 전자문제집 CBT : www.comcbt.com 통해서 실시간으로 변경됩니다.\n본 해설집은 최강 자격증 기출문제 전자문제집 CBT 해설달기 프로젝트에 의해서 만들어진 자료입니다. 해설을 제공해 주신 모든 분들께 감사 드립니다.\n산업안전기사 ◐ 2019년 03월 03일 필기 기출문제 및 해설집◑ 전자문제집 CBT :www.comcbt.com\n제3단계 : FT도 작성 휴대용, 원통형 연삭기 : 180도 이내\n제4단계 : 개선계획 작성 [해설작성자 : 주석충]\n제5단계 : 개선안 실시계획",
      "options": [],
      "answer": null,
      "explanation": ""
    },
    {
      "no": 42,
      "question": "롤러기 급정지장치 조작부에 사용하는 로프의 성능 기준으\n[해설작성자 : 산안기 첫도전]\n로 적합한 것은? (단, 로프의 재질은 관련 규정에 적합한 것",
      "options": [],
      "answer": null,
      "explanation": ""
    },
    {
      "no": 40,
      "question": "인간-기계시스템의 연구 목적으로 가장 적절한 것은? 으로 본다.)",
      "options": [
        "정보 저장의 극대화 ① 지름 1mm 이상의 와이어로프",
        "운전시 피로의 평준화 ② 지름 2mm 이상의 합성섬유로프",
        "시스템의 신뢰성 극대화 ③ 지름 3mm 이상의 합성섬유로프",
        "안전의 극대화 및 생산능률의 향상 ④ 지름 4mm 이상의 와이어로프"
      ],
      "answer": null,
      "explanation": ""
    },
    {
      "no": 41,
      "question": "휴대용 연삭기 덮개의 개방부 각도는 몇 도(°) 이내여야 하\n[해설작성자 : 챠디]\n는가?",
      "options": [
        "60° ② 90°",
        "125° ④ 180°",
        "해당 설비의 밀폐",
        "설비실의 차음벽 시공",
        "작업자의 보호구 착용",
        "소음기 및 흡음장치 설치"
      ],
      "answer": null,
      "explanation": ""
    },
    {
      "no": 44,
      "question": "와이어로프의 꼬임은 일반적으로 특수로프를 제외하고는 보\n추가적으로 정리하면 연삭기 덮개의 노출각도는 다음과 같습니\n통 꼬임(Ordinary Lay)과 랭 꼬임(Lang's Lay)으로 분류할\n다.\n수 있다. 다음 중 랭 꼬임과 비교하여 보통 꼬임의 특징에\n탁상용\n관한 설명으로 틀린 것은?\n상부 : 60도 이내",
      "options": [
        "킹크가 잘 생기지 않는다.",
        "내마모성, 유연성, 저항성이 우수하다.",
        "로프의 변형이나 하중을 걸었을 때 저항성이 크다.",
        "스트랜드의 꼬임 방향과 로프의 꼬임 방향이 반대이다."
      ],
      "answer": null,
      "explanation": ""
    },
    {
      "no": 2,
      "question": "내마모성,유연성,저항성이 우수하다..<- 랭 꼬임의 특징 중 하",
      "options": [],
      "answer": null,
      "explanation": ""
    },
    {
      "no": 47,
      "question": "다음 중 산업안전보건법령상 연삭숫돌을 사용하는 작업의\n나입니다.\n안전수칙으로 틀린 것은?",
      "options": [
        "연삭숫돌을 사용하는 경우 작업시작 전과 연삭숫돌을 교"
      ],
      "answer": null,
      "explanation": ""
    },
    {
      "no": 1,
      "question": "스트랜드의 꼬임 방향과 로프의 꼬임 방향이 반대\n한다.",
      "options": [],
      "answer": null,
      "explanation": ""
    },
    {
      "no": 2,
      "question": "소선의 외부 길이가 짧아 비교적 마모가 되기 쉽다.\n② 회전 중인 연삭숫돌이 근로자에 위험을 미칠 우려가 있",
      "options": [
        "회전 중인 연삭숫돌이 근로자에 위험을 미칠 우려가 있"
      ],
      "answer": null,
      "explanation": ""
    },
    {
      "no": 3,
      "question": "킹크가 생기지 않고 로프의 변형이나 하중을 걸었을 때 저항\n는 경우에 그 부위에 덮개를 설치하여야 한다.\n성이 크고 취급이 용이하다.\n③ 연삭숫돌의 최고 사용회전속도를 초과하여 사용하여서는",
      "options": [
        "연삭숫돌의 최고 사용회전속도를 초과하여 사용하여서는"
      ],
      "answer": null,
      "explanation": ""
    },
    {
      "no": 4,
      "question": "선박,육상 등에 사용된다.\n안 된다.\n④ 측면을 사용하는 목적으로 하는 연삭숫돌 이외에는 측면\n랭 꼬임의 특징\n을 사용해서는 안 된다.",
      "options": [
        "측면을 사용하는 목적으로 하는 연삭숫돌 이외에는 측면"
      ],
      "answer": null,
      "explanation": ""
    },
    {
      "no": 1,
      "question": "스트랜드의 꼬임 방향과 로프의 꼬임 방향이 동일하다.\n<문제 해설>",
      "options": [],
      "answer": null,
      "explanation": ""
    },
    {
      "no": 2,
      "question": "보통 꼬임에 비하여 소선과 외부와의 접촉길이가 길다.\n작업 시작 전에 1분 이상 시운전을 하고 숫돌의 교체 시에는 3",
      "options": [],
      "answer": null,
      "explanation": ""
    },
    {
      "no": 3,
      "question": "부분적 마모에 대한 저항성,유연성,마모에 대한 저항성이 우수\n분 이상 시운전을 실시한다.\n하다.\n[해설작성자 : 멋진 승빈 아빠]",
      "options": [],
      "answer": null,
      "explanation": ""
    },
    {
      "no": 4,
      "question": "꼬임이 풀리기 쉬워 로프의 끝이 자유로이 회전하는 경우나\n킹크가 생기기 쉬운 곳에는 적당하지 않다.",
      "options": [],
      "answer": null,
      "explanation": ""
    },
    {
      "no": 48,
      "question": "다음 중 산업용 로봇에 의한 작업 시 안전조치 사항으로 적\n[해설작성자 : 산안기 필기 - 한솔]\n절하지 않은 것은?",
      "options": [
        "로봇이 운전으로 인해 근로자가 로봇에 부딪칠 위험이"
      ],
      "answer": null,
      "explanation": ""
    },
    {
      "no": 45,
      "question": "보일러 등에 사용하는 압력방출장치의 봉인은 무엇으로 실\n있을 때에는 1.8m 이상의 울타리를 설치하여야 한다.\n시해야 하는가?\n② 작업을 하고 있는 동안 로봇의 기동스위치 등은 작업에",
      "options": [
        "작업을 하고 있는 동안 로봇의 기동스위치 등은 작업에",
        "구리 테이프",
        "납",
        "봉인용 철사",
        "로봇의 조작방법 및 순서, 작업 주의 매니퓰레이터의 속",
        "알루미늄 실(seal)",
        "작업에 종사하는 근로자가 이상을 발견하면, 관리 감독",
        "제1항에 따라 설치된 안전밸브에 대해서는 다음 각 호의 구"
      ],
      "answer": null,
      "explanation": ""
    },
    {
      "no": 4,
      "question": "이상이 발견되면 즉시 작업을 중지하고 보고 조치한다.\n검사한 후 납으로 봉인하여 사용하여야 한다..다만, 공기나 질소\n[해설작성자 : ㄲㅏㅇㄲㅏㅇ]\n취급용기 등에 설치된 안전밸브 중 안전밸브 자체에 부착된 레\n버 또는 고리를 통하여 수시로 안전밸브가 적정하게 작동하는지",
      "options": [],
      "answer": null,
      "explanation": ""
    },
    {
      "no": 49,
      "question": "프레스 작업 시작 전 점검해야 할 사항으로 거리가 먼 것\n를 확인할 수 있는 경우에는 검사하지 아니할 수 있고 납으로\n은?\n봉인하지 아니할 수 있다. <개정 2019. 12. 26.>",
      "options": [
        "매니퓰레이터 작동의 이상유무",
        "클러치 및 브레이크 기능",
        "슬라이드, 연결봉 및 연결 나사의 풀림 여부"
      ],
      "answer": null,
      "explanation": ""
    },
    {
      "no": 46,
      "question": "프레스 및 전단기에 사용되는 손쳐내기식 방호장치의 성능\n④ 프레스 금형 및 고정볼트 상태\n기준에 대한 설명 중 옳지 않은 것은?\n<문제 해설>",
      "options": [
        "프레스 금형 및 고정볼트 상태",
        "진동각도·진폭시험 : 행정길이가 최소일 때 진동각도는",
        "진동각도·진폭시험 : 행정길이가 최대일 때 진동각도는"
      ],
      "answer": null,
      "explanation": ""
    },
    {
      "no": 50,
      "question": "압력용기 등에 설치하는 안전밸브에 관련한 설명으로 옳지\n③ 완충시험 : 손쳐내기봉에 의한 과도한 충격이 없어야 한\n않은 것은?\n다.",
      "options": [
        "완충시험 : 손쳐내기봉에 의한 과도한 충격이 없어야 한",
        "안지름이 150mm를 초과하는 압력용기에 대해서는 과압",
        "무부하 동작시험 : 1회의 오동작도 없어야 한다.",
        "급성 독성물질이 지속적으로 외부에 유출될 수 있는 화",
        "안전밸브는 보호하려는 설비의 최고사용압력 이하에서",
        "안전밸브의 배출용량은 그 작동원인에 따라 각각의 소요"
      ],
      "answer": null,
      "explanation": ""
    },
    {
      "no": 54,
      "question": "컨베이어(conveyor) 역전방지장치의 형식을 기계식과 전기\n분출량을 계산하여 가장 큰 수치를 해당 안전밸브의 배\n식으로 구분할 때 기계식에 해당하지 않는 것은?\n출용량으로 하여야 한다.",
      "options": [
        "라쳇식 ② 밴드식",
        "스러스트식 ④ 롤러식"
      ],
      "answer": null,
      "explanation": ""
    },
    {
      "no": 51,
      "question": "유해·위험기계·기구 중에서 진동과 소음을 동시에 수반하는 전기적 : 전기브레이크, 스러스트브레이크 등\n기계설비로 가장 거리가 먼 것은? [해설작성자 : 지누끄]",
      "options": [
        "컨베이어 ② 사출 성형기"
      ],
      "answer": null,
      "explanation": ""
    },
    {
      "no": 55,
      "question": "재료의 강도시험 중 항복점을 알 수 있는 시험의 종류는?\n③ 가스 용접기 ④ 공기 압축기",
      "options": [
        "가스 용접기 ④ 공기 압축기",
        "비파괴시험 ② 충격시험",
        "인장시험 ④ 피로시험"
      ],
      "answer": null,
      "explanation": ""
    },
    {
      "no": 52,
      "question": "기능의 안전화 방안을 소극적 대책과 적극적 대책으로 구분 일반적으로 물체에 작용하는 외력을 늘려가면 응력이 탄성한도\n할 때 다음 중 적극적 대책에 해당하는 것은? 를 넘는 어떤값에 이를때 외력은 거의 증가하지 않는데도 영구",
      "options": [
        "기계의 이상을 확인하고 급정지시켰다. 변형이 급격히 늘어나기 시작한다..이 탄성 한도를 넘은 어떤 값",
        "원활한 작동을 위해 급유를 하였다. 을 항복점이라 한다.",
        "회로를 개선하여 오동작을 방지하도록 하였다. [해설작성자 : comcbt.com 이용자]",
        "기계를 볼트 및 너트가 이완되지 않도록 다시 조립하였"
      ],
      "answer": null,
      "explanation": ""
    },
    {
      "no": 56,
      "question": "다음 중 프레스를 제외한 사출성형기·주형조형기 및 형단조\n[해설작성자 : 합격가자]\n기 등에 관한 안전조치 사항으로 틀린 것은?",
      "options": [
        "근로자의 신체 일부가 말려들어갈 우려가 있는 경우에는",
        "게이트가드식 방호장치를 설치할 경우에는 연동구조를",
        "사출성형기의 전면에 작업용 발판을 설치할 경우 근로자"
      ],
      "answer": null,
      "explanation": ""
    },
    {
      "no": 53,
      "question": "프레스기의 비상정지스위치 작동 후 슬라이드가 하사점까지 가 쉽게 미끄러지지 않는 구조여야 한다.\n도달시간이 0.15초 걸렸다면 양수기동식 방호장치의 안전거 ④ 기계의 히터 등의 가열부위, 감전우려가 있는 부위에는\n리는 최소 몇 cm 이상이어야 하는가? 방호덮개를 설치하여 사용한다.",
      "options": [
        "기계의 히터 등의 가열부위, 감전우려가 있는 부위에는",
        "24 ② 240 <문제 해설>",
        "15 ④ 150 게이트 가드식은 가드를 닫지 읺으면 슬라이드 작동x 슬라이드"
      ],
      "answer": null,
      "explanation": ""
    },
    {
      "no": 57,
      "question": "자분탐사검사에서 사용하는 자화방법이 아닌 것은?\n= 1.6 × 150ms = 240mm = 24cm",
      "options": [
        "축통전법 ② 전류 관통법",
        "극간법 ④ 임피던스법"
      ],
      "answer": null,
      "explanation": ""
    },
    {
      "no": 58,
      "question": "다음 중 소성가공을 열간가공과 냉간가공으로 분류하는 가\n= 24(cm)\n공온도의 기준은?\n[해설작성자 : comcbt.com 이용자]",
      "options": [
        "융해점 온도 ② 공석점 온도",
        "공정점 온도 ④ 재결정 온도"
      ],
      "answer": null,
      "explanation": ""
    },
    {
      "no": 61,
      "question": "정전작업 시 작업 중의 조치사항으로 옳은 것은?\n재결정 온도 이하에서 금속의 인장강도, 항복점, 탄성한계, 경",
      "options": [
        "검전기에 의한 정전확인",
        "개폐기의 관리",
        "잔류전하의 방전",
        "단락접지 실시",
        "전기기기 등에 공급되는 모든 전원을 관련 도면, 배선도 등",
        "전원을 차단한 후 각 단로기 등을 개방하고 확인할 것"
      ],
      "answer": null,
      "explanation": ""
    },
    {
      "no": 0,
      "question": "3~0.5배 정도\n③ 차단장치나 단로기 등에 잠금장치 및 꼬리표를 부착할 것\n[해설작성자 : 닥터김]\n④ 검전기를 이용하여 작업 대상 기기가 충전되었는지를 확인할",
      "options": [
        "차단장치나 단로기 등에 잠금장치 및 꼬리표를 부착할 것",
        "검전기를 이용하여 작업 대상 기기가 충전되었는지를 확인할"
      ],
      "answer": null,
      "explanation": ""
    },
    {
      "no": 59,
      "question": "컨베이어 설치 시 주의사항에 관한 설명으로 옳지 않은 것 것\n은? 단로기 : 부하전류를 제거한 후 회로를 격리하도록 하기 위한",
      "options": [
        "컨베이어에 설치된 보도 및 운전실 상면은 가능한 수평 장치",
        "근로자가 컨베이어를 횡단하는 곳에는 바닥면 등으로부 ★정전 작업 (중) 조치사항★",
        "작업지휘자에 의한 지휘",
        "개로 보증(개폐기의 관리)",
        "단락접지의 상태관리",
        "폭발의 위험이 있는 가연성 분진 등을 운반하는 컨베이 ④ 근접활선에 대한 방호상태 관리",
        "보도, 난간, 계단, 사다리의 설치 시 컨베이어를 가동시 ① 작업기구, 단락 접지기구 등을 제거하고 전기기기 등이 안전",
        "모든 작업자가 작업이 완료된 전기기기 등에서 떨어져 있는",
        "잠금장치와 꼬리표는 설치한 근로자가 직접 철거할 것 ..."
      ],
      "answer": null,
      "explanation": ""
    },
    {
      "no": 60,
      "question": "다음 중 용접 결함의 종류에 해당하지 않는 것은? 62. 자동전격방지장치에 대한 설명으로 틀린 것은?",
      "options": [
        "비드(bead) ① 무부하시 전력손실을 줄인다.",
        "기공(blow hole) ② 무부하 전압을 안전전압 이하로 저하시킨다.",
        "언더컷(under cut) ③ 용접을 할 때에만 용접기의 주회로를 개로(OFF)시킨다.",
        "용입 불량(incomplt penetration) ④ 교류 아크용접기의 안전장치로서 용접기의 1차 또는 2차"
      ],
      "answer": null,
      "explanation": ""
    },
    {
      "no": 63,
      "question": "인체의 전기저항 R을 1000Ω 이라고 할 때 위험 한계 에너\n[해설작성자 : comcbt.com 이용자]\n지의 최저는 약 몇 J 인가? (단, 통전 시간은 1초이고, 심실\n비드는 용접시에 생기는 자국으로 일정 수준 이상으로 있으면\n불량이지만, 비드가 존재한다고 해서 무조건 불량은 아닙니다.. 세동전류 이다.)\n[해설작성자 : comcbt.com 이용자]",
      "options": [
        "17.23 ② 27.23",
        "37.23 ④ 47.23 니다."
      ],
      "answer": null,
      "explanation": ""
    },
    {
      "no": 64,
      "question": "다음 그림과 같이 완전 누전되고 있는 전기기기의 외함에\n사람이 접촉하였을 경우 인체에 흐르는 전류(I )는? (단, 65. 전기화재가 발생되는 비중이 가장 큰 발화원은?\nm\nE(V)는 전원의 대지전압, R (Ω)는 변압기 1선 접지, 제2종",
      "options": [
        "주방기기",
        "이동식 전열기구",
        "회전체 전기기계 및 기구",
        "전기배선 및 배선기구",
        "공식 답이 4번 전기배선 및 배선 기구 인데 그걸 뇌피셜이라고",
        "으시길",
        "선생님도 2번이지만 공단에서 이의 신청 안받아줘서 이 문제 나",
        "인가를 시켜야 되니 전기 화재가 발생하여도 이동식 전열기구가",
        "안전표지 부착",
        "개폐기 전원투입 금지",
        "잔류전하 방전",
        "활선 근접작업에 대한 방호"
      ],
      "answer": null,
      "explanation": ""
    },
    {
      "no": 70,
      "question": "다음 중 불꽃(spark)방전의 발생 시 공기 중에 생성되는 물",
      "options": [],
      "answer": null,
      "explanation": ""
    },
    {
      "no": 67,
      "question": "감전사고를 방지하기 위한 방법으로 틀린 것은? 질은?",
      "options": [
        "전기기기 및 설비의 위험부에 위험표지 ① O ② O",
        "전기설비에 대한 누전차단기 설치 ③ H ④ C",
        "전기기기에 대한 정격표시 <문제 해설>",
        "무자격자는 전기기계 및 기구에 전기적인 접촉 금지 표면전하밀도가 아주 높게 축적되어 분극화된 절연판 표면 또는"
      ],
      "answer": null,
      "explanation": ""
    },
    {
      "no": 68,
      "question": "전기기기 방폭의 기본 개념이 아닌 것은?",
      "options": [
        "점화원의 방폭적 격리 71. 감전사고가 발생했을 때 피해자를 구출하는 방법으로 틀린",
        "전기기기의 안전도 증강 것은?",
        "점화능력의 본질적 억제 ① 피해자가 계속하여 전기설비에 접촉되어 있다면 우선 그",
        "전기설비 주위 공기의 절연능력 향상 설비의 전원을 신속히 차단한다.",
        "감전 사항을 빠르게 판단하고 피해자의 몸과 충전부가",
        "충전부에 감전되어 있으면 몸이나 손을 잡고 피해자를",
        "절연 고무장갑, 고무장화 등을 착용한 후에 구원해 준다."
      ],
      "answer": null,
      "explanation": ""
    },
    {
      "no": 69,
      "question": "대전물체의 표면전위를 검출전극에 의한 용량분할을 통해\n손잡으면 같이 감전\n측정할 수 있다. 대전물체의 표면전위 V 는? (단, 대전물체\ns 기구를 이용하여 이탈시킴\n와 검출전극간의 정전용량을 C , 검출전극과 대지간의 정전\n1 [해설작성자 : 허찬]\n용량을 C , 검출전극의 전위를 V 이다.)\n2 e",
      "options": [],
      "answer": null,
      "explanation": ""
    },
    {
      "no": 72,
      "question": "샤워시설이 있는 욕실에 콘센트를 시설하고자 한다. 이때\n설치되는 인체감전보호용 누전차단기의 정격감도전류는 몇",
      "options": [
        "mA 이하인가?",
        "5 ② 15",
        "30 ④ 60",
        "<문제 해설>",
        "인체감전보호용 누전차단기(정격 감도전류 15mA 이하, 동작시",
        "[해설작성자 : 다즈]",
        "30 mA, 0.1초 ② 30 mA, 0.03초",
        "50 mA, 0.1초 ④ 50 mA, 0.3초 실제 KS C IEC 60079-0 규정 상 표준 대기조건",
        "사업주는 제1항에 따라 설치한 누전차단기를 접속하는 경우 압력 : 80kPA(0.8bar) ~ 110kPA(1.1bar)"
      ],
      "answer": null,
      "explanation": ""
    },
    {
      "no": 1,
      "question": "전기기계ㆍ기구에 설치되어 있는 누전차단기는 정격감도전류 습도 관련해서는 따로 언급이 안되어있으니 2번이 맞습니다.\n가 30mA 이하이고 작동시간은 0.03초 이내일 것. 다만, 정격전 [해설작성자 : comcbt.com 이용자]\n부하전류가 50A 이상인 전기기계ㆍ기구에 접속되는 누전차단기",
      "options": [],
      "answer": null,
      "explanation": ""
    },
    {
      "no": 76,
      "question": "정격감도전류에서 동작시간이 가장 짧은 누전차단기는?\n는 오작동을 방지하기 위하여 정격감도전류는 200mA 이하로,",
      "options": [
        "시연형 누전차단기",
        "반한시형 누전차단기"
      ],
      "answer": null,
      "explanation": ""
    },
    {
      "no": 74,
      "question": "접지의 종류와 목적이 바르게 짝지어지지 않은 것은? ③ 고속형 누전차단기",
      "options": [
        "고속형 누전차단기",
        "계통접지 – 고압전로와 저압전로가 혼촉되었을 때의 감 ④ 감전보호용 누전차단기",
        "지락검출용 접지 – 차단기의 동작을 확실하게 하기 위하 감전방지용 : 정격감도전류 30mA이하 작동시간 0.03초",
        "기능용 접지 – 피뢰기 등의 기능손상을 방지하기 위하여",
        "등전위 접지 – 병원에 있어서 의료기기 사용시 안전을 시연형:0.1~2초"
      ],
      "answer": null,
      "explanation": ""
    },
    {
      "no": 77,
      "question": "방폭지역 구분 중 폭발성 가스 분위기가 정상상태에서 조성\n*기능용 접지 - 안전보다는 기기의 성능과 신호 품질을 유지하\n되지 않거나 조성된다 하더라도 짧은 기간에만 존재할 수\n는 데 초점을 맞춘 접지 방식\n있는 장소는?\n(제3종 접지, 특별 제3종 접지 - 피뢰기의 기능 손상을 방지하",
      "options": [
        "0종 장소 ② 1종 장소",
        "2종 장소 ④ 비방폭지역"
      ],
      "answer": null,
      "explanation": ""
    },
    {
      "no": 75,
      "question": "방폭 기기-일반요구사항(KS C IEC 60079-0)규정에서 제시 2종장소 - 이상 또는 고장시 위험분위기 생성\n하고 있는 방폭기기 설치 시 표준환경조건이 아닌 것은? [해설작성자 : 한방합격]",
      "options": [
        "압력 : 80 ~ 110 kpa",
        "상대습도 : 40 ~ 80% 0종: 장기간",
        "주위온도 : -20 ~ 40℃ 1종: 주기적",
        "산소 함유율 21 %v/v 의 공기 2종: 단시간",
        "축전지설비",
        "자동화재수신기"
      ],
      "answer": null,
      "explanation": ""
    },
    {
      "no": 78,
      "question": "전기설비기술기준에서 정의하는 전압의 구분으로 틀린 것\n은?(2021년 개정된 KEC 규정 적용됨) 82. 산업안전보건기준에 관한 규칙에서 지정한 '화학설비 및 그",
      "options": [
        "교류 저압 : 1000 V 이하 부속설비의 종류' 중 화학설비의 부속설비에 해당하는 것",
        "직류 저압 : 1500 V 이하 은?",
        "직류 고압 : 1500 V 초과 7000 V 이하 ① 응축기·냉각기·가열기 등의 열교환기류",
        "특고압 : 7000 V 이상 ② 반응기·혼합조 등의 화학물질 반응 또는 혼합장치",
        "펌프류·압축기 등의 화학물질 이송 또는 압축설비",
        "온도·압력·유량 등을 지시·기록하는 자동제어 관련 설비"
      ],
      "answer": null,
      "explanation": ""
    },
    {
      "no": 79,
      "question": "피뢰기의 구성요소로 옳은 것은?\n라. 응축기ㆍ냉각기ㆍ가열기ㆍ증발기 등 열교환기류",
      "options": [
        "직렬갭, 특성요소",
        "병렬갭, 특성요소",
        "직렬갭, 충격요소",
        "병렬갭, 충격요소"
      ],
      "answer": null,
      "explanation": ""
    },
    {
      "no": 80,
      "question": "내압방폭구조의 필요충분조건에 대한 사항으로 틀린 것은?",
      "options": [
        "폭발화염이 외부로 유출되지 않을 것",
        "습기침투에 대한 보호를 충분히 할 것",
        "내부에서 폭발한 경우 그 압력에 견딜 것",
        "외함의 표면온도가 외부의 폭발성가스를 점화하지 않을"
      ],
      "answer": null,
      "explanation": ""
    },
    {
      "no": 1,
      "question": "2.3번은 화학설비의 분류가 맞고 4번은 화학설비의 '부속설비'\n내압 방폭구조\n의 분류가 맞습니다.\n- 아크를 발생시키는 전기 설비를 용기에 넣고 내부에 폭발이\n[해설작성자 : 으아아아아아]\n일어나며 용기가 폭발 압력에 견뎌 인화될 위험이 없게 만들어\n진 구조의 방폭 구조",
      "options": [],
      "answer": null,
      "explanation": ""
    },
    {
      "no": 1,
      "question": "화학설비\n[해설작성자 : 블리츠크랭크]\n가. 반응기ㆍ혼합조 등 화학물질 반응 또는 혼합장치\n나. 증류탑ㆍ흡수탑ㆍ추출탑ㆍ감압탑 등 화학물질 분리장치\n습기침투에 대한 보호를 충분히 할 것 : 기기의 정상 동작을 위\n다..저장탱크ㆍ계량탱크ㆍ호퍼ㆍ사일로 등 화학물질 저장설비\n해 습기 침투를 막는 것이 중요하지만 내압방폭구조의 필수 조\n또는 계량설비\n건은 아님. 방습이나 방수는 추가적인 보호기능일뿐 필요충분조\n라. 응축기ㆍ냉각기ㆍ가열기ㆍ증발기 등 열교환기류\n건이 아님.\n마. 고로 등 점화기를 직접 사용하는 열교환기류\n[해설작성자 : KGW]\n바. 캘린더(calender)ㆍ혼합기ㆍ발포기ㆍ인쇄기ㆍ압출기 등 화\n학제품 가공설비\n5과목 : 화학설비위험방지기술\n사. 분쇄기ㆍ분체분리기ㆍ용융기 등 분체화학물질 취급장치",
      "options": [],
      "answer": null,
      "explanation": ""
    },
    {
      "no": 81,
      "question": "위험물 또는 가스에 의한 화재를 경보하는 기구에 필요한 아. 결정조ㆍ유동탑ㆍ탈습기ㆍ건조기 등 분체화학물질 분리장\n설비가 아닌 것은? 치",
      "options": [
        "간이완강기 자. 펌프류ㆍ압축기ㆍ이젝터(ejector) 등의 화학물질 이송 또",
        "자동화재감지기 는 압축설비"
      ],
      "answer": null,
      "explanation": ""
    },
    {
      "no": 2,
      "question": "화학설비의 부속설비 크(K)칼(Ca)나마알아철니,주납수구수(Hg)은백(Pt)금에서 수소보\n가. 배관ㆍ밸브ㆍ관ㆍ부속류 등 화학물질 이송 관련 설비 다 이온화경향이 적은 것은 수은백금으로 수소발생하지못함\n나. 온도ㆍ압력ㆍ유량 등을 지시ㆍ기록 등을 하는 자동제어 [해설작성자 : 허찬]\n관련 설비",
      "options": [],
      "answer": null,
      "explanation": ""
    },
    {
      "no": 85,
      "question": "다음 중 가연성 물질이 연소하기 쉬운 조건으로 옳지 않은\n다..안전밸브ㆍ안전판ㆍ긴급차단 또는 방출밸브 등 비상조치\n것은?\n관련 설비",
      "options": [
        "연소 발열량이 클 것",
        "점화에너지가 작을 것",
        "산소와 친화력이 클 것",
        "입자의 표면적이 작을 것"
      ],
      "answer": null,
      "explanation": ""
    },
    {
      "no": 86,
      "question": "다음 중 열교환기의 보수에 있어 일상점검항목과 정기적 개\n123번 문항은 직접 주어진 역할을 하는 장비이고 4번만 그장비\n방점검항목으로 구분할 때 일상점검항목으로 가장 거리가\n를 감시하고 제어하는 역할이니 부속설비가 정답\n먼 것은?\n[해설작성자 : 보라매 오키토키]",
      "options": [
        "도장의 노후상황",
        "부착물에 의한 오염의 상황"
      ],
      "answer": null,
      "explanation": ""
    },
    {
      "no": 83,
      "question": "다음 중 반응기를 조작방식에 따라 분류할 때 이에 해당하\n③ 보온재, 보냉재의 파손여부\n지 않는 것은?\n④ 기초볼트의 체결정도",
      "options": [
        "보온재, 보냉재의 파손여부",
        "기초볼트의 체결정도",
        "회분식 반응기",
        "반회분식 반응기",
        "연속식 반응기",
        "관형식 반응기"
      ],
      "answer": null,
      "explanation": ""
    },
    {
      "no": 87,
      "question": "헥산 1 vol%, 메탄 2 vol%, 에틸렌 2 vol%, 공기 95 vol%",
      "options": [],
      "answer": null,
      "explanation": ""
    },
    {
      "no": 84,
      "question": "다음 중 물과 반응하여 수소가스를 발생할 위험이 가장 낮\n로 된 혼합가스의 폭발하한계 값(vol%)은 약 얼마인가? (단,\n은 물질은?\n헥산, 메탄, 에틸렌의 폭발하한계 값은 각각 1.1, 5.0, 2.7",
      "options": [
        "Mg ② Zn",
        "Cu ④ Na",
        "2.44 ② 12.89",
        "21.78 ④ 48.78"
      ],
      "answer": null,
      "explanation": ""
    },
    {
      "no": 88,
      "question": "이산화탄소소화약제의 특징으로 가장 거리가 먼 것은?\n참고로 정답 변경은 오류 신고 5회 이상일 경우 수정합니다.",
      "options": [
        "전기절연성이 우수하다.",
        "액체로 저장할 경우 자체 압력으로 방사할 수 있다.",
        "기화상태에서 부식성이 매우 강하다.",
        "저장에 의한 변질이 없어 장기간 저장이 용이한 편이다."
      ],
      "answer": null,
      "explanation": ""
    },
    {
      "no": 3,
      "question": "이산화탄소 소화약제는 부식되지 않음",
      "options": [],
      "answer": null,
      "explanation": ""
    },
    {
      "no": 48,
      "question": "78\n[해설작성자 : 내맘대로]\n[해설작성자 : 곰순맘]\n수질대기산안기님이 말한건 액화상태 일때고 문제에선 기화상태\n[오류신고 반론]\n일때를 말하고있기에 3번문제가 틀린겁니다.\n예문사 2021년 9개년문제풀이\n[해설작성자 : 문장을꼼꼼히!]\n1+2+2/(1/1.1)+(2/5.0)+(2/2.7)=2.439224704=2.44[vol%]\n정답맞습니다!! 곰순맘님...\n이산화탄소 소화기는 반응성이 매우 낮아 부식성이 거의 없어\n[해설작성자 : comcbt.com 이용자]\n소화대상물을 오염,손상시키지 않는다.\n[해설작성자 : 화나화니]\n[추가 오류 신고]\n1)100 / (1/1.1 + 2/5.0 + 2/2.7 + 95/(무한대)) = 48.78449 =",
      "options": [],
      "answer": null,
      "explanation": ""
    },
    {
      "no": 89,
      "question": "산업안전보건기준에 관한 규칙 중 급성 독성물질에 관한 기",
      "options": [],
      "answer": null,
      "explanation": ""
    },
    {
      "no": 48,
      "question": "78\n준 중 일부이다. (A)와 (B)에 알맞은 수치를 옳게 나타낸 것\n위 계산 방식은 공기 95 vol%가 포함되어 있으므로, 공기의 폭\n은?\n발하한계를 무한대(∞)로 간주한 혼합가스 전체의 폭발하한계 값\n입니다.\n2)1+2+2/(1/1.1)+(2/5.0)+(2/2.7)=2.439224704=2.44[vol%]\n이 방식은 가연성 가스만 고려하여 폭발하한계를 계산하는 방법\n으로 공기를 제외한 계산입니다.\n결과적으로 문제에는 공기 95 vol%로 된 혼합가스의 폭발하한\n계 값(vol%)은 얼마인가 묻는 문제이므로 정답은 4번 입니다.\n[해설작성자 : 닥터김]",
      "options": [
        "A : 1000, B : 300 ② A : 1000, B : 1000",
        "A : 300, B : 300 ④ A : 300, B : 1000"
      ],
      "answer": null,
      "explanation": ""
    },
    {
      "no": 36,
      "question": "25로 해당 문제는 4번 48.78도 아니므로 정답이 없는 문제\n가스 2500ppm\n오류 입니다.\n증기 10mg/L\n[해설작성자 : 닥터김]\n분진 1mg/L\n[해설작성자 : comcbt.com 이용자]\n[오류신고 반론]\n닥터김님 95/(무한대) = 0 이므로 계산하면, 48.78 나옵니다.\n경구 = 먹는거\n[해설작성자 : 김치즈전 ]\n경피 = 피부접촉\n당연히 직접 먹는게 약효가 쎄겟죠 보기에 양은 나와있으니 경\n[추가 오류 신고]\n구가 작은값 경피가 큰값 이겟내요\nkosha guide P-179-2022 에 따르면 인화성 가스 100% 가 아\n[해설작성자 : 보라매 오키토키]\n닌 산화성 가스 혹은 불활성 가스가 포함될 경우 수정된 폭발하\n한계 값을 구하여 계산합니다..수정된 폭발하한계를 구할 수 있 90. 분진폭발을 방지하기 위하여 첨가하는 불활성첨가물로 적합\n는 데이터가 없으니 문제에 주어진 폭발하한계를 사용하면 되 하지 않는 것은?\n기출문제 해설은 최강 자격증 기출문제 전자문제집 CBT : www.comcbt.com 통해서 실시간으로 변경됩니다.\n본 해설집은 최강 자격증 기출문제 전자문제집 CBT 해설달기 프로젝트에 의해서 만들어진 자료입니다. 해설을 제공해 주신 모든 분들께 감사 드립니다.\n산업안전기사 ◐ 2019년 03월 03일 필기 기출문제 및 해설집◑ 전자문제집 CBT :www.comcbt.com",
      "options": [
        "탄산칼슘 ② 모래"
      ],
      "answer": null,
      "explanation": ""
    },
    {
      "no": 93,
      "question": "다음 중 인화성 가스가 아닌 것은?\n③ 석분 ④ 마그네슘",
      "options": [
        "석분 ④ 마그네슘",
        "부탄 ② 메탄",
        "수소 ④ 산소"
      ],
      "answer": null,
      "explanation": ""
    },
    {
      "no": 91,
      "question": "다음 중 가연성 가스이며 독성 가스에 해당하는 것은? [해설작성자 : 빡고수박교수]",
      "options": [
        "수소 ② 프로판"
      ],
      "answer": null,
      "explanation": ""
    },
    {
      "no": 94,
      "question": "다음 중 자연 발화의 방지법으로 가장 거리가 먼 것은?\n③ 산소 ④ 일산화탄소",
      "options": [
        "산소 ④ 일산화탄소",
        "직접 인화할 수 있는 불꽃과 같은 점화원만 제거하면 된",
        "저장소 등의 주위 온도를 낮게 한다.",
        "습기가 많은 곳에는 저장하지 않는다.",
        "통풍이나 저장법을 고려하여 열의 축척을 방지한다."
      ],
      "answer": null,
      "explanation": ""
    },
    {
      "no": 95,
      "question": "인화성 가스가 발생할 우려가 있는 지하작업장에서 작업을\n할 경우 폭발이나 화재를 방지하기 위한 조치사항 중 가스\n불나면 불에 타죽는게 아니고 일산화탄소에 증독되어 죽습니다\n의 농도를 측정하는 기준으로 적절하지 않은 것은?\n오래전 부터 연탄불 가스에 사망사고가 많았죠 그게 무서운 일",
      "options": [
        "매일 작업을 시작하기 전에 측정한다.",
        "가스의 누출이 의심되는 경우 측정한다.",
        "장시간 작업할 때에는 매 8시간마다 측정한다.",
        "가스가 발생하거나 정체할 위험이 있는 장소에 대하여"
      ],
      "answer": null,
      "explanation": ""
    },
    {
      "no": 92,
      "question": "위험물질을 저장하는 방법으로 틀린 것은?\n측정한다.",
      "options": [
        "황인은 물속에 저장",
        "나트륨은 석유 속에 저장",
        "칼륨은 석유 속에 저장",
        "리튬은 물속에 저장"
      ],
      "answer": null,
      "explanation": ""
    },
    {
      "no": 96,
      "question": "다음 중 가연성가스가 밀폐된 용기 안에서 폭발할 때 최대\n폭발압력에 영향을 주는 인자로 가장 거리가 먼 것은?\n[추가 해설]",
      "options": [
        "가연성가스의 농도(몰수)",
        "가연성가스의 초기온도",
        "가연성가스의 유속",
        "가연성가스의 초기압력"
      ],
      "answer": null,
      "explanation": ""
    },
    {
      "no": 1,
      "question": "혼합농도에서 최대가 된다\n물속에 저장한다는 소리 자체가 말이 안된다고 보면 된다.",
      "options": [],
      "answer": null,
      "explanation": ""
    },
    {
      "no": 2,
      "question": "초기온도가 높을수록 감소가 된다\n[해설작성자 : 럭래]",
      "options": [],
      "answer": null,
      "explanation": ""
    },
    {
      "no": 3,
      "question": "용기의 형태,부피,유속 등에는 큰 영향을 받지 않는다",
      "options": [],
      "answer": null,
      "explanation": ""
    },
    {
      "no": 4,
      "question": "초기 압력이 상승할수록 증가한다\n물속에 넣으면 부글부글 끓다가 폭발한다\n[해설작성자 : 남돌]\n[해설작성자 : 보라돌이]",
      "options": [],
      "answer": null,
      "explanation": ""
    },
    {
      "no": 97,
      "question": "물이 관 속을 흐를 때 유동하는 물 속의 어느 부분의 정압\n이황 물속에 들어간 김에 ---> 이황화탄소, 황린 : 물속 저장 이 그 때의 물의 증기압보다 낮을 경우 물이 증발하여 부분\n니트입고 술독(알콜)에 빠져보자 ---> 니트로셀룰로오스 : 알콜 적으로 증기가 발생되어 배관의 부식을 초래하는 경우가 있\n속 저장 다. 이러한 현상을 무엇이라 하는가?\n벤댕이속 알2개를 안주삼고 ---> 벤젠액속 : 알킬알루미늄",
      "options": [
        "서어징(surging)",
        "공동현상(cavitation)",
        "비말동반(entrainment)",
        "수격작용(water hammering)"
      ],
      "answer": null,
      "explanation": ""
    },
    {
      "no": 100,
      "question": "공기 중에서 A 가스의 폭발하한계는 2.2vol%이다. 이 폭발\n계속되면 유체관로를 연결하는 기계나 장치의 파손을 초래.\n하한계 값을 기준으로 하여 표준 상태에서 A 가스와 공기\n비말동반 : 증기속에 존재하는 작은방울. 용액의 비등시 생성되\n의 혼합기체 1m3 에 함유되어 있는 A 가스의 질량을 구하\n는 증기 중에 작은 액체 방울이 섞여 증기와 더불어 증발관 밖\n면 약 몇 g 인가? (단, A가스의 분자량은 26 이다.)\n으로 함께 배출되는 현상",
      "options": [
        "19.02 ② 25.54",
        "29.02 ④ 35.54"
      ],
      "answer": null,
      "explanation": ""
    },
    {
      "no": 98,
      "question": "메탄이 공기 중에서 연소될 때의 이론혼합비(화학양론조성) 공식은 모르겠고 분자량 26g/mol 하한값이 2.2vol% 이므로\n는 약 몇 vol% 인가? 혼합기체 1000L 이므로 1000*0.022=22L 모든기체는",
      "options": [
        "2.21 ② 4.03 22.4L/mol 이므로 22/22.4*26 = 25.5357",
        "5.76 ④ 9.50 [해설작성자 : Dacku]"
      ],
      "answer": null,
      "explanation": ""
    },
    {
      "no": 101,
      "question": "산업안전보건법령에 따른 거푸집동바리를 조립하는 경우의",
      "options": [],
      "answer": null,
      "explanation": ""
    },
    {
      "no": 4,
      "question": "77 1.19 2.38\n준수사항으로 옳지 않은 것은?\n공식",
      "options": [
        "개구부 상부에 동바리를 설치하는 경우에는 상부하중을",
        "동바리의 이음은 맞댄이음이나 장부이음으로 하고 같은",
        "강재와 강재의 접속부 및 교차부는 철선을 사용하여 단"
      ],
      "answer": null,
      "explanation": ""
    },
    {
      "no": 99,
      "question": "고압의 환경에서 장시간 작업하는 경우에 발생할 수 있는 단히 연결할 것\n잠함병(潛函病) 또는 잠수병(潛水病)은 다음 중 어떤 물질에 ④ 거푸집이 곡면인 경우에는 버팀대의 부착 등 그 거푸집\n의하여 중독현상이 일어나는가? 의 부상(浮上)을 방지하기 위한 조치를 할 것",
      "options": [
        "거푸집이 곡면인 경우에는 버팀대의 부착 등 그 거푸집",
        "질소 ② 황화수소 <문제 해설>",
        "일산화탄소 ④ 이산화탄소 철선이 아닌 볼트, 클램프 등 전용철물"
      ],
      "answer": null,
      "explanation": ""
    },
    {
      "no": 102,
      "question": "타워 크레인(Tower Crane)을 선정하기 위한 사전 검토사\n달비계 작업발판의 폭 : 최소 40 cm 이상\n항으로서 가장 거리가 먼 것은?\n[해설작성자 : ^~^]",
      "options": [
        "붐의 모양 ② 인양능력",
        "작업반경 ④ 붐의 높이 106. 건설업 중 교량건설 공사의 유해위험방지계획서를 제출하",
        "최대 지간길이가 40m 이상인 교량건설등 공사",
        "최대 지간길이가 50m 이상인 교량건설등 공사",
        "최대 지간길이가 60m 이상인 교량건설등 공사",
        "최대 지간길이가 70m 이상인 교량건설등 공사"
      ],
      "answer": null,
      "explanation": ""
    },
    {
      "no": 103,
      "question": "건설현장에서 근로자의 추락재해를 예방하기 위한 안전난\n간을 설치하는 경우 그 구성요소와 거리가 먼 것은?\n지상높이가 31미터 이상인 건축물 또는 인공구조물",
      "options": [
        "상부난간대 ② 중간난간대",
        "사다리 ④ 발끝막이판"
      ],
      "answer": null,
      "explanation": ""
    },
    {
      "no": 104,
      "question": "달비계(곤돌라의 달비계는 제외)의 최대적재하중을 정하는\n들도 유해위험방지계획서를 제출해야함\n경우에 사용하는 안전계수의 기준으로 옳은 것은?(관련 규\n[해설작성자 : 둥빠]\n정 개정전 문제로 여기서는 기존 정답인 4번을 누르면 정\n답 처리됩니다. 자세한 내용은 해설을 참고하세요.)\n연면적 5천제곱미터 이상인 시설로서 문화 및 집회시설, 판매시",
      "options": [
        "달기체인의 안전계수 : 10 이상",
        "달기강대와 달비계의 하부 및 상부지점의 안전계수(목재",
        "달기와이어로프의 안전계수 : 5 이상"
      ],
      "answer": null,
      "explanation": ""
    },
    {
      "no": 107,
      "question": "구축물이 풍압·지진 등에 의하여 붕괴 또는 전도하는 위험\n④ 달기강선의 안전계수 : 10 이상\n을 예방하기 위한 조치와 가장 거리가 먼 것은?\n<문제 해설>",
      "options": [
        "달기강선의 안전계수 : 10 이상",
        "설계도서에 따라 시공했는지 확인",
        "건설공사 시방서에 따라 시공했는지 확인"
      ],
      "answer": null,
      "explanation": ""
    },
    {
      "no": 1,
      "question": "달기와이어로프 및 달기강선의 안전계수 : 10\n③ 「건축물의 구조기준 등에 관한 규칙」에 따른 구조기준\n을 준수했는지 확인",
      "options": [
        "「건축물의 구조기준 등에 관한 규칙」에 따른 구조기준"
      ],
      "answer": null,
      "explanation": ""
    },
    {
      "no": 2,
      "question": "달기체인 및 달기훅의 안전계수 : 5\n④ 보호구 및 방호장치의 성능검정 합격품을 사용했는지 확\n인",
      "options": [
        "보호구 및 방호장치의 성능검정 합격품을 사용했는지 확"
      ],
      "answer": null,
      "explanation": ""
    },
    {
      "no": 3,
      "question": "달기강대와 달비계의 하부 및 상부지점 목재 안전계수 : 5\n<문제 해설>\n강재 안전계수 :\n보호구를 착용하는 것은 붕괴 또는 전도로 인한 피해나 재해를",
      "options": [],
      "answer": null,
      "explanation": ""
    },
    {
      "no": 2,
      "question": "5\n막는 것입니다.\n[해설작성자 : shiner]\n[해설작성자 : 안전모는 닥터스트레인지가 아니다]\n산업안전보건에 관한 규칙 제55조(작업발판의 최대적재하중)\n산업안전보건기준에 관한 규칙\n사업주는 비계의 구조 및 재료에 따라 작업발판의 최대적재하중\n제51조(구축물 또는 이와 유사한 시설물등의 안전유지) 사업주\n을 정하고, 이를 초과하여 실어서는 안 된다.[전문개정\n는 구축물 또는 이와유사한 시설물에 대하여 자중(自重), 적재하\n2024.6.28.]\n중, 적설, 풍압(風壓), 지진이나 진동 및 충격등에 의하여 전도,\n기존 달비계 안전계수 항목이 삭제되었음(규정된 답이 없음)\n폭발하거나 무너지는 등의 위험을 예방하기 위하여 다음 각 호\n의 조치를 하여야 한다.<개정 2019. 1.31>",
      "options": [],
      "answer": null,
      "explanation": ""
    },
    {
      "no": 105,
      "question": "달비계의 구조에서 달비계 작업발판의 폭은 최소 얼마 이",
      "options": [],
      "answer": null,
      "explanation": ""
    },
    {
      "no": 1,
      "question": "설계도서에 따라 시공했는지 확인\n상 이어야 하는가?",
      "options": [],
      "answer": null,
      "explanation": ""
    },
    {
      "no": 2,
      "question": "건설공사 시방서(示方書)에 따라 시공했는지 확인",
      "options": [
        "30 cm ② 40 cm"
      ],
      "answer": null,
      "explanation": ""
    },
    {
      "no": 3,
      "question": "「건축물의 구조기준 등에 관한 규칙」에 따는 구조기준을\n③ 50 cm ④ 60 cm\n기출문제 해설은 최강 자격증 기출문제 전자문제집 CBT : www.comcbt.com 통해서 실시간으로 변경됩니다.\n본 해설집은 최강 자격증 기출문제 전자문제집 CBT 해설달기 프로젝트에 의해서 만들어진 자료입니다. 해설을 제공해 주신 모든 분들께 감사 드립니다.\n산업안전기사 ◐ 2019년 03월 03일 필기 기출문제 및 해설집◑ 전자문제집 CBT :www.comcbt.com\n준수했는지 확인 ④ (가) 1.57%, (나) 4,411,000원\n[해설작성자 : Rainman] <문제 해설>\n[기존]",
      "options": [
        "50 cm ④ 60 cm",
        "(가) 1.57%, (나) 4,411,000원"
      ],
      "answer": null,
      "explanation": ""
    },
    {
      "no": 108,
      "question": "철골건립준비를 할 때 준수하여야 할 사항과 가장 거리가",
      "options": [],
      "answer": null,
      "explanation": ""
    },
    {
      "no": 1,
      "question": "5억원 미만 : 2.93%\n먼 것은?",
      "options": [],
      "answer": null,
      "explanation": ""
    },
    {
      "no": 2,
      "question": "5억원 이상 50억원 미만 : 1.86% , 기초액 5,349,000원",
      "options": [
        "지상 작업장에서 건립준비 및 기계기구를 배치할 경우에"
      ],
      "answer": null,
      "explanation": ""
    },
    {
      "no": 3,
      "question": "50억원 이상 : 1.97%\n는 낙하물의 위험이 없는 평탄한 장소를 선정하여 정비\n[해설작성자 : 상도]\n하고 경사지에는 작업대나 임시발판 등을 설치하는 등\n안전조치를 한 후 작업하여야 한다.\n23년 개정 24년 1.1 개정으로\n② 건립작업에 다소 지장이 있다하더라도 수목은 제거하여\n공사종류가 '건축, 토목, 중건설, 특수건설'로 변경되어 해당 문\n서는 안된다.\n제는 넘어가면 될 것 같습니다.\n③ 사용전에 기계기구에 대한 정비 및 보수를 철저히 실시\n[해설작성자 : comcbt.com 이용자]\n하여야 한다.\n④ 기계에 부착된 앵커 등 고정장치와 기초구조 등을 확인 111. 중량물을 운반할 때의 바른 자세로 옳은 것은?\n하여야 한다.",
      "options": [
        "건립작업에 다소 지장이 있다하더라도 수목은 제거하여",
        "사용전에 기계기구에 대한 정비 및 보수를 철저히 실시",
        "기계에 부착된 앵커 등 고정장치와 기초구조 등을 확인 111. 중량물을 운반할 때의 바른 자세로 옳은 것은?",
        "허리를 구부리고 양손으로 들어올린다.",
        "중량은 보통 체중의 60%가 적당하다.",
        "물건은 최대한 몸에서 멀리 떼어서 들어올린다.",
        "길이가 긴 물건은 앞쪽을 높게 하여 운반한다."
      ],
      "answer": null,
      "explanation": ""
    },
    {
      "no": 109,
      "question": "건설현장에서 높이 5m 이상인 콘크리트 교량의 설치작업\n앞쪽을 높게하고 뒷부분을 끌면서 이동한다\n을 하는 경우 재해예방을 위해 준수해야 할 사항으로 옳지\n않은 것은?\n[추가 해설]",
      "options": [
        "작업을 하는 구역에는 관계 근로자가 아닌 사람의 출입"
      ],
      "answer": null,
      "explanation": ""
    },
    {
      "no": 1,
      "question": "허리를 피고 다리만 움직여 일어난다, 이동한다\n② 재료, 기구 또는 공구 등을 올리거나 내릴 경우에는 근",
      "options": [
        "재료, 기구 또는 공구 등을 올리거나 내릴 경우에는 근"
      ],
      "answer": null,
      "explanation": ""
    },
    {
      "no": 2,
      "question": "남자는 40%, 여자는 24%\n로자로 하여금 크레인을 이용하도록 하고, 달줄, 달포대",
      "options": [],
      "answer": null,
      "explanation": ""
    },
    {
      "no": 3,
      "question": "물거은 가급적 몸에서 가깝게 들어올린다\n등의 사용을 금하도록 할 것\n[해설작성자 : 윤쁘]\n③ 중량물 부재를 크레인 등으로 인양하는 경우에는 부재에\n인양용 고리를 견고하게 설치하고, 인양용 로프는 부재 112. 추락방지용 방망의 그물코의 크기가 10cm인 신품 매듭방\n에 두 군데 이상 결속하여 인양하여야 하며, 중량물이 망사의 인장강도는 몇 킬로그램 이상이어야 하는가?\n안전하게 거치되기 전까지는 걸이로프를 해제시키지 아",
      "options": [
        "중량물 부재를 크레인 등으로 인양하는 경우에는 부재에",
        "80 ② 110",
        "150 ④ 200",
        "자재나 부재의 낙하·전도 또는 붕괴 등에 의하여 근로자 <문제 해설>"
      ],
      "answer": null,
      "explanation": ""
    },
    {
      "no": 110,
      "question": "일반건설공사(갑)로서 대상액이 5억원 이상 50억원 미만인 113. 다음 중 방망에 표시해야할 사항이 아닌 것은?\n경우에 산업안전보건관리비의 비율(가) 및 기초액(나)으로",
      "options": [
        "방망의 신축성 ② 제조자명",
        "제조년월 ④ 재봉 치수",
        "(가) 1.86%, (나) 5,349,000원 1. 제조회사",
        "(가) 1.99%, (나) 5,499,000원 2. 제조연월",
        "(가) 2.35%, (나) 5,400,000원 3. 방망규격"
      ],
      "answer": null,
      "explanation": ""
    },
    {
      "no": 4,
      "question": "그물코의 크기 ③ 90 cm ④ 100 cm",
      "options": [
        "90 cm ④ 100 cm"
      ],
      "answer": null,
      "explanation": ""
    },
    {
      "no": 5,
      "question": "방망사의 강도 (신품) <문제 해설>\n[해설작성자 : 빡고수박교수] 비계재료 연결,해체 작업 - 20cm 이상\n사다리 통로, 수직방향 철골부재 답단 간격 - 30cm 이상\n방망은 안늘어나요 작업발판, 통로발판 - 40cm 이상\n[해설작성자 : 연둥이] 부두/안벽의 통로, 경사로의 폭 -90cm 이상\n[해설작성자 : 태워닝]",
      "options": [],
      "answer": null,
      "explanation": ""
    },
    {
      "no": 114,
      "question": "강관비계 조립시의 준수사항으로 옳지 않은 것은?",
      "options": [
        "비계기둥에는 미끄러지거나 침하하는 것을 방지하기 위 117. 건설작업장에서 근로자가 상시 작업하는 장소의 작업면 조",
        "지상높이 4층 이하 또는 12m 이하인 건축물의 해체 및 를 취급하는 작업장의 경우는 제외)",
        "초정밀 작업 : 600럭스(lux) 이상",
        "교차가새로 보강한다. ② 정밀작업 : 300럭스(lux) 이상",
        "외줄비계·쌍줄비계 또는 돌출비계에 대해서는 벽이음 및 ③ 보통작업 : 150럭스(lux) 이상",
        "초정밀, 정밀, 보통작업을 제외한 기타 작업 : 75럭스"
      ],
      "answer": null,
      "explanation": ""
    },
    {
      "no": 115,
      "question": "사다리식 통로 등을 설치하는 경우 고정식 사다리식 통로 118. 승강기 강선의 과다감기를 방지하는 장치는?\n의 기울기는 최대 몇 도 이하로 하여야 하는가?",
      "options": [
        "비상정지장치",
        "60도 ② 75도 ② 권과방지장치",
        "80도 ④ 90도 ③ 해지장치",
        "과부하방지장치"
      ],
      "answer": null,
      "explanation": ""
    },
    {
      "no": 2,
      "question": "재료는 심한 손상.부식 등이 없을 것. 양중기 : 크레인 호이스트, 이동식 크레인, 리프트, 승강기, 곤돌",
      "options": [],
      "answer": null,
      "explanation": ""
    },
    {
      "no": 3,
      "question": "발판의 간격은 동일하게 할 것. 라",
      "options": [],
      "answer": null,
      "explanation": ""
    },
    {
      "no": 4,
      "question": "발판과 벽과의 사이는 15cm이상의 간격을 유지할 것. 위의 양중기들의 공통방호장치 : 권과방지장치, 과부하방지장치,",
      "options": [],
      "answer": null,
      "explanation": ""
    },
    {
      "no": 5,
      "question": "폭은 30cm 이상으로 할 것. 제동장치, 비상정지장치",
      "options": [],
      "answer": null,
      "explanation": ""
    },
    {
      "no": 6,
      "question": "사다리가 넘어지거나 미끄러지는 것을 방지하기 위한 조치를 *권과방지장치 : 문제의 설명대로 승강기 강선의 과다감기를 방\n할 것. 지하는 장치.",
      "options": [],
      "answer": null,
      "explanation": ""
    },
    {
      "no": 7,
      "question": "사다리의 상단은 걸쳐놓은 지점으로부터 60cm 이상 올라가 - 훅 버킷 등 달기구(달려있는 기구라고 생각하시는 게)의 윗면\n도록 할 것. 이 드럼, 상부 도르래, 트롤리 프레임 등 권상장치 하부와 접촉",
      "options": [],
      "answer": null,
      "explanation": ""
    },
    {
      "no": 8,
      "question": "사다리식 통로의 길이가 10m 이상인 경우에는 5m 이내마다 할 우려가 있는 경우 간격을 0.25m 이상(직동식 0.05m) 되도록\n계단참을 설치할 것. 조정함",
      "options": [],
      "answer": null,
      "explanation": ""
    },
    {
      "no": 9,
      "question": "사다리식 통로의 기울기는 75˚ 이하로 할 것. 다만, 고정식 [해설작성자 : 나는무너꿈을꾸는무너어~]\n사다리식 통로의 기울기는 90˚이하로 하고\n높이 7m 이상인 경우 바닥으로부터 높이가 2.5m 되는 지 한자를 알면 좋습니다.\n점부터 등 받이울을 설치 할 것. 권 = 말릴 권 > 춘권 생각하시면 됩니다..말린 전병모양",
      "options": [],
      "answer": null,
      "explanation": ""
    },
    {
      "no": 10,
      "question": "접이식 사다리 기둥은 사용 시 접혀지거나 펼쳐지지 않도록​ 권과 = 말림이 과다하게 되는 것\n철물 등을 사용하여 견고하게 조치할 것. [해설작성자 : comcbt.com 이용자]\n[해설작성자 : 다즈]",
      "options": [],
      "answer": null,
      "explanation": ""
    },
    {
      "no": 119,
      "question": "흙막이 지보공을 설치하였을 때 정기적으로 점검하여야 할\n사항과 거리가 먼 것은?\n사다리식 : 75도",
      "options": [
        "경보장치의 작동상태",
        "부재의 손상·변형·부식·변위 및 탈락의 유무와 상태",
        "버팀대의 긴압(緊壓)의 정도"
      ],
      "answer": null,
      "explanation": ""
    },
    {
      "no": 116,
      "question": "부두·안벽 등 하역작업을 하는 장소에서 부두 또는 안벽의 ④ 부재의 접속부·부착부 및 교차부의 상태\n선을 따라 통로를 설치하는 경우에는 폭을 최소 얼마 이상 <문제 해설>\n으로 해야 하는가? 흙막이 지보공을 설치하였을 때 정기적으로 점검하여야 할 사항",
      "options": [
        "부재의 접속부·부착부 및 교차부의 상태",
        "70 cm ② 80 cm 1. 침하의 정도"
      ],
      "answer": null,
      "explanation": ""
    },
    {
      "no": 2,
      "question": "부재의 손상·변형·부식·변위 및 탈락의 유무와 상태",
      "options": [],
      "answer": null,
      "explanation": ""
    },
    {
      "no": 3,
      "question": "버팀대의 긴압(緊壓)의 정도",
      "options": [],
      "answer": null,
      "explanation": ""
    },
    {
      "no": 4,
      "question": "부재의 접속부·부착부 및 교차부의 상태\n[해설작성자 : ^~^]",
      "options": [],
      "answer": null,
      "explanation": ""
    },
    {
      "no": 120,
      "question": "사질지반 굴착 시, 굴착부와 지하수위차가 있을 때 수두차\n에 의하여 삼투압이 생겨 흙막이벽 근입부분을 침식하는\n동시에 모래가 액상화되어 솟아오르는 현상은?",
      "options": [
        "동상현상 ② 연화현상",
        "보일링현상 ④ 히빙현상",
        "③ ③ ① ④ ① ① ④ ④ ③",
        "② ④ ③ ① ③ ④ ② ③ ①",
        "③ ② ③ ② ① ④ ③ ② ④",
        "① ③ ② ③ ④ ① ① ④ ④",
        "④ ③ ② ② ② ① ④ ① ②",
        "③ ① ③ ③ ② ④ ④ ④ ①",
        "③ ② ① ④ ③ ③ ④ ② ②",
        "② ② ③ ② ④ ③ ④ ① ②",
        "④ ④ ③ ④ ② ① ③ ④ ④",
        "④ ④ ① ③ ③ ② ④ ① ②",
        "① ③ ④ ② ② ④ ② ② ①",
        "④ ① ② ④ ③ ① ② ① ③"
      ],
      "answer": null,
      "explanation": ""
    }
  ]
}