{
  "title": "산업안전기사20180819(해설집) (2).pdf",
  "questions": [
    {
      "no": 1,
      "question": "집단에서의 인간관계 메커니즘(Mechanism)과 가장 거리가\n3) 매 반응마다 피드백이 주어지기 때문에 학습자가 흥미를 가\n먼 것은?\n질 수 있다",
      "options": [
        "모방, 암시",
        "분열, 강박",
        "동일화, 일체화",
        "커뮤니케이션, 공감"
      ],
      "answer": null,
      "explanation": ""
    },
    {
      "no": 1,
      "question": "동일화 : 다른사람의 행동 양식이나 태도를 투입시키거나\n4) 학습에 많은 시간이 걸린다\n다른 사람 가운데서 자기와 비슷한 점을 발견하는 것\n​[해설작성자 : 사랑해조현]",
      "options": [],
      "answer": null,
      "explanation": ""
    },
    {
      "no": 2,
      "question": "투사 : 자기속의 억압된 것을 다른사람의 것으로 생각하는\n것",
      "options": [],
      "answer": null,
      "explanation": ""
    },
    {
      "no": 4,
      "question": "산업안전보건법령에 따른 근로자 안전·보건교육 중 근로자 정",
      "options": [],
      "answer": null,
      "explanation": ""
    },
    {
      "no": 3,
      "question": "커뮤니케이션 : 갖가지 행동양식이나 기호를 매개로 하여\n기 안전·보건교육의 교육내용에 해당하지 않는 것은? (단, 산\n어떤 사람으로부터 다른 사람에게 전달되는 과정\n업안전보건법 및 일반관리에 관한 사항은 제외한다.)",
      "options": [],
      "answer": null,
      "explanation": ""
    },
    {
      "no": 4,
      "question": "모방 : 남의 행동이나 판단을 표본으로 하여 그것과 같거나",
      "options": [
        "건강증진 및 질병 예방에 관한 사항",
        "산업보건 및 직업병 예방에 관한 사항"
      ],
      "answer": null,
      "explanation": ""
    },
    {
      "no": 5,
      "question": "암시 : 다른 사람으로부터의 판단이나 행동을 무비판적으로\n③ 유해·위험 작업환경 관리에 관한 사항\n논리적 사실적 근거 없이 받아들이는 것\n④ 작업공정의 유해·위험과 재해 예방대책에 관한 사항\n[해설작성자 : sthy]\n<문제 해설>\n- 근로자 정기안전 보건교육의 교육내용\n인간관계 매커니즘 : 모방(lmitation), 암시(suggestion), 동일화",
      "options": [
        "유해·위험 작업환경 관리에 관한 사항",
        "작업공정의 유해·위험과 재해 예방대책에 관한 사항"
      ],
      "answer": null,
      "explanation": ""
    },
    {
      "no": 1,
      "question": "산업안전 및 사고 예방에 관한 사항\n(ldentification), 커뮤니케이션",
      "options": [],
      "answer": null,
      "explanation": ""
    },
    {
      "no": 2,
      "question": "산업보건 및 직업병 예방에 관한 사항\n[해설작성자 : 산업안전초보]",
      "options": [],
      "answer": null,
      "explanation": ""
    },
    {
      "no": 3,
      "question": "건강증진 및 질병 예방에 관한 사항",
      "options": [],
      "answer": null,
      "explanation": ""
    },
    {
      "no": 4,
      "question": "유해 위험 작업환경 관리에 관한 사항",
      "options": [],
      "answer": null,
      "explanation": ""
    },
    {
      "no": 2,
      "question": "산업안전보건법령에 따른 안전보건관리규정에 포함되어야 할\n세부 내용이 아닌 것은?\n- 작업공정의 유해 위험과 재해 예방대책에 관한 사항 : 관리감",
      "options": [
        "위험성 감소대책 수립 및 시행에 관한 사항",
        "하도급 사업장에 대한 안전·보건관리에 관한 사항",
        "질병자의 근로 금지 및 취업 제한 등에 관한 사항",
        "물질안전보건자료에 관한 사항"
      ],
      "answer": null,
      "explanation": ""
    },
    {
      "no": 5,
      "question": "최대사용전압이 교류(실효값) 500V 또는 직류 750V인 내전\n[해설작성자 : 사랑해조현]\n압용 절연장갑의 등급은?",
      "options": [
        "00 ② 0"
      ],
      "answer": null,
      "explanation": ""
    },
    {
      "no": 3,
      "question": "안전교육 중 프로그램 학습법의 장점이 아닌 것은?\n③ 1 ④ 2",
      "options": [
        "1 ④ 2",
        "학습자의 학습과정을 쉽게 알 수 있다.",
        "여러 가지 수업 매체를 동시에 다양하게 활용할 수 있다.",
        "지능, 학습속도 등 개인차를 충분히 고려할 수 있다.",
        "매 반응마다 피드백이 주어지기 때문에 학습자가 흥미를"
      ],
      "answer": null,
      "explanation": ""
    },
    {
      "no": 6,
      "question": "산업재해 기록·분류에 관한 지침에 따른 분류기준 중 다음의\n법의 단점\n( ) 안에 알맞은 것은?\n[해설작성자 : 나는 바보인가봐]\n기출문제 해설은 최강 자격증 기출문제 전자문제집 CBT : www.comcbt.com 통해서 실시간으로 변경됩니다.\n본 해설집은 최강 자격증 기출문제 전자문제집 CBT 해설달기 프로젝트에 의해서 만들어진 자료입니다. 해설을 제공해 주신 모든 분들께 감사 드립니다.\n산업안전기사 ◐ 2018년 08월 19일 필기 기출문제 및 해설집◑ 전자문제집 CBT :www.comcbt.com",
      "options": [],
      "answer": null,
      "explanation": ""
    },
    {
      "no": 9,
      "question": "안전교육의 학습경험선정 원리에 해당되지 않는 것은?",
      "options": [
        "계속성의 원리",
        "가능성의 원리",
        "동기유발의 원리",
        "넘어짐 ② 끼임",
        "다목적 달성의 원리",
        "깔림 ④ 절단"
      ],
      "answer": null,
      "explanation": ""
    },
    {
      "no": 1,
      "question": "동기유발의 원리\n상해결과 또는 피해를 크게 유발한 형태로 분류.",
      "options": [],
      "answer": null,
      "explanation": ""
    },
    {
      "no": 2,
      "question": "기회의 원리\n끼여서 절단되었으므로 정답은 끼임.",
      "options": [],
      "answer": null,
      "explanation": ""
    },
    {
      "no": 3,
      "question": "가능성의 원리\n[해설작성자 : 토끼]",
      "options": [],
      "answer": null,
      "explanation": ""
    },
    {
      "no": 4,
      "question": "전이의 원리",
      "options": [],
      "answer": null,
      "explanation": ""
    },
    {
      "no": 5,
      "question": "다목적 달성의 원리\n재해발생형태: 끼임\n[해설작성자 : comcbt.com 이용자]\n상해종류: 절단\n산업'재해' 기록, 분류에 관한 지침 -> 끼임\n앞글자를 따서 \"동기가 쩐다\"로 외우세용 ^^\n[해설작성자 : 코라나개x끼]\n[해설작성자 : 22년 3월 12일 합격 하자 ^^]\n상해를 입게된 요인이 원인임 결론적으로 끼임으로 인해 절단까\n계속성은 파블로그의 조건반사설에 해당한다\n지 이루워졌으므로 끼임 사고임\n[해설작성자 : 아가새]\n[해설작성자 : 보라매 오키톡끼]",
      "options": [],
      "answer": null,
      "explanation": ""
    },
    {
      "no": 10,
      "question": "재해사례연구의 진행순서로 옳은 것은?",
      "options": [],
      "answer": null,
      "explanation": ""
    },
    {
      "no": 7,
      "question": "산업안전보건법령에 따라 사업주가 사업장에서 중대재해가",
      "options": [
        "재해 상황 파악 → 사실의 확인 → 문제점 발견 → 근본",
        "사실의 확인 → 재해 상황 파악 → 문제점 발견 → 근본",
        "지체 없이 ② 12시간 이내",
        "재해 상황 파악 → 사실의 확인 → 근본적 문제점 결정",
        "24시간 이내 ④ 48시간 이내",
        "사실의 확인 → 재해 상황 파악 → 근본적 문제점 결정"
      ],
      "answer": null,
      "explanation": ""
    },
    {
      "no": 11,
      "question": "산업안전보건법령에 따른 특정행위의 지시 및 사실의 고지\n에 사용되는 안전·보건표지의 색도기준으로 옳은 것은?",
      "options": [],
      "answer": null,
      "explanation": ""
    },
    {
      "no": 8,
      "question": "유기화합물용 방독마스크의 시험가스가 아닌 것은?",
      "options": [
        "2.5G 4/10 ② 2.5PB 4/10",
        "염소증기(Cl )",
        "5Y 8.5/12 ④ 7.5R 4/14",
        "디메틸에테르(CH OCH )",
        "시클로헥산(C H )"
      ],
      "answer": null,
      "explanation": ""
    },
    {
      "no": 1,
      "question": "안내\n④ 이소부탄(C H )\n4 10",
      "options": [
        "이소부탄(C H )"
      ],
      "answer": null,
      "explanation": ""
    },
    {
      "no": 2,
      "question": "지시\n<문제 해설>",
      "options": [],
      "answer": null,
      "explanation": ""
    },
    {
      "no": 3,
      "question": "경고\n염소가스 또는 증기는 할로겐 시험",
      "options": [],
      "answer": null,
      "explanation": ""
    },
    {
      "no": 4,
      "question": "금지\n[해설작성자 : 크립토나이트]\n[추가 해설]\n유기-> 탄소(C)\n금지.경고 빨강 7.5R 4/14\n[해설작성자 : 조선소]\n경고 노랑 5Y 8.5/12\n기출문제 해설은 최강 자격증 기출문제 전자문제집 CBT : www.comcbt.com 통해서 실시간으로 변경됩니다.\n본 해설집은 최강 자격증 기출문제 전자문제집 CBT 해설달기 프로젝트에 의해서 만들어진 자료입니다. 해설을 제공해 주신 모든 분들께 감사 드립니다.\n산업안전기사 ◐ 2018년 08월 19일 필기 기출문제 및 해설집◑ 전자문제집 CBT :www.comcbt.com\n지시 파랑 2.5PB 4/10 대량발언\n안내 녹색 2.5G 4/10 [해설작성자 : 지누끄]\n[해설작성자 : comcbt.com 이용자]\n[관리자 입니다.\n파지(B)/노경(Y)/적금(R)/안녹(G-신호등) 2024년부터\n[해설작성자 : 허찬] 브레인스토밍 기법이\n시험범위에서 제외되었습니다.",
      "options": [],
      "answer": null,
      "explanation": ""
    },
    {
      "no": 12,
      "question": "부주의에 대한 사고방지대책 중 기능 및 작업측면의 대책이\n참고용으로만 이용 부탁 드립니다.]\n아닌 것은?",
      "options": [
        "작업표준의 습관화 15. 주의의 특성에 해당되지 않는 것은?",
        "적성배치 ① 선택성 ② 변동성",
        "안전의식의 제고 ③ 가능성 ④ 방향성",
        "작업조건의 개선 <문제 해설>"
      ],
      "answer": null,
      "explanation": ""
    },
    {
      "no": 3,
      "question": "변동성 : 주의에는 리듬이 있어서 언제나 일정한 수준을 유지",
      "options": [],
      "answer": null,
      "explanation": ""
    },
    {
      "no": 13,
      "question": "버드(Bird)의 신연쇄성 이론 중 재해발생의 근원적 원인에\n할 수 없다..보통의 조건에서 단일의 변화하지 않는 자극을 명료\n해당하는 것은?\n하게 의식하고 있을 수 있는 시간은 기껏해야 수초에 불과하다..",
      "options": [
        "상해 발생 ② 징후 발생",
        "접촉 발생 ④ 관리의 부족",
        "특별한 교재·교구·설비 등을 이용하는 것이 가능하다.",
        "외부의 전문가를 위촉하여 전문교육을 실시할 수 있다.",
        "직장의 실정에 맞는 구체적이고 실제적인 지도 교육이",
        "다수의 근로자들에게 조직적 훈련이 가능하다."
      ],
      "answer": null,
      "explanation": ""
    },
    {
      "no": 14,
      "question": "브레인스토밍(Brain-storming) 기법의 4원칙에 관한 설명으\n<문제 해설>\n로 옳은 것은?(관련 규정 개정전 문제로 여기서는 기존 정\nOJT는 현장감독자 등 직속 상사가 작업현장에서 작업을 통해\n답인 4번을 누르면 정답 처리됩니다. 자세한 내용은 해설을\n개별지도, 교육하는 것이며 이용하는 범위가 넓다..작업요령, 급\n참고하세요.)\n소를 잘 이해해서 올바른 방법을 체득하여 무리, 낭비 불균형이",
      "options": [
        "주제와 관련이 없는 내용은 발표할 수 없다.",
        "동료의 의견에 대하여 좋고 나쁨을 평가한다.",
        "발표 순서를 정하고, 동일한 발표기회를 부여한다.",
        "타인의 의견에 대하여는 수정하여 발표할 수 있다."
      ],
      "answer": null,
      "explanation": ""
    },
    {
      "no": 1,
      "question": "양에 포커스를 맞춘다..2. 비판.비난 자제 3. 특이한 아이디어",
      "options": [
        "20건 ② 22건",
        "24건 ④ 26건"
      ],
      "answer": null,
      "explanation": ""
    },
    {
      "no": 18,
      "question": "산업안전보건법령상 안전검사 대상 유해·위험 기계등에 해\n[해설작성자 : 제발 합격하자]\n당하는 것은?",
      "options": [
        "정격 하중이 2톤 미만인 크레인 20. 관리 그리드 이론에서 인간관계 유지에는 낮은 관심을 보이",
        "이동식 국소 배기장치 지만 과업에 대해서는 높은 관심을 가지는 리더십의 유형",
        "밀폐형 구조 롤러기 은?",
        "산업용 원심기 ① 1.1형 ② 1.9형",
        "9.1형 ④ 9.9형"
      ],
      "answer": null,
      "explanation": ""
    },
    {
      "no": 1,
      "question": "프레스 쉽게 세로-과업",
      "options": [],
      "answer": null,
      "explanation": ""
    },
    {
      "no": 2,
      "question": "전단기 가로-인기",
      "options": [],
      "answer": null,
      "explanation": ""
    },
    {
      "no": 3,
      "question": "크레인(정격 하중이 2톤 미만인 것은 제외한다) [해설작성자 : 공부한다!]",
      "options": [],
      "answer": null,
      "explanation": ""
    },
    {
      "no": 4,
      "question": "리프트",
      "options": [],
      "answer": null,
      "explanation": ""
    },
    {
      "no": 5,
      "question": "압력용기 x 과업",
      "options": [],
      "answer": null,
      "explanation": ""
    },
    {
      "no": 6,
      "question": "곤돌라 y 인기",
      "options": [],
      "answer": null,
      "explanation": ""
    },
    {
      "no": 7,
      "question": "국소 배기장치(이동식은 제외한다) [해설작성자 : ㅁ]",
      "options": [],
      "answer": null,
      "explanation": ""
    },
    {
      "no": 8,
      "question": "원심기(산업용만 해당한다)",
      "options": [],
      "answer": null,
      "explanation": ""
    },
    {
      "no": 9,
      "question": "롤러기(밀폐형 구조는 제외한다) 인기 - ㅇㄱ - 일구 - 1,9",
      "options": [],
      "answer": null,
      "explanation": ""
    },
    {
      "no": 10,
      "question": "사출성형기[형 체결력(型 締結力) 294킬로뉴턴(KN) 미만은 과업 - ㄱㅇ - 구일 - 9,1\n제외한다] [해설작성자 : 조선소]",
      "options": [],
      "answer": null,
      "explanation": ""
    },
    {
      "no": 11,
      "question": "고소작업대(「자동차관리법」 제3조제3호 또는 제4호에 따\n른 화물자동차 또는 특수자동차에 탑재한 고소작업대로 한정한 인기랑 과업형이랑 헷갈렸는데 인기형은 19금이라 인기 많다고\n다) 외웟어여",
      "options": [],
      "answer": null,
      "explanation": ""
    },
    {
      "no": 12,
      "question": "컨베이어 [해설작성자 : 왕짱곰도리]",
      "options": [],
      "answer": null,
      "explanation": ""
    },
    {
      "no": 13,
      "question": "산업용 로봇\n[해설작성자 : iykim71]\n2과목 : 인간공학 및 시스템안전공학",
      "options": [],
      "answer": null,
      "explanation": ""
    },
    {
      "no": 21,
      "question": "고용노동부 고시의 근골격계부담작업의 범위에서 근골격계\n액체·고체 사이에서의 분리 또는 이 물질들 중 최소 2개를 분리\n부담작업에 대한 설명으로 틀린 것은?\n하기 위한 목적으로 쓰이는 동력에 의해 작동되는 산업용 원심",
      "options": [
        "하루에 10회 이상 25kg 이상의 물체를 드는 작업",
        "하루에 총 2시간 이상 쪼그리고 앉거나 무릎을 굽힌 자",
        "하루에 총 2시간 이상 집중적으로 자료입력 등을 위해",
        "하루에 총 2시간 이상 지지되지 않은 상태에서 4.5kg 이"
      ],
      "answer": null,
      "explanation": ""
    },
    {
      "no": 19,
      "question": "안전교육 방법의 4단계의 순서로 옳은 것은? <문제 해설>",
      "options": [
        "도입 → 확인 → 적용 → 제시 키보드, 마우스 작업은 4시간 이상임.",
        "도입 → 제시 → 적용 → 확인 [해설작성자 : 환경안전팀]",
        "제시 → 도입 → 적용 → 확인"
      ],
      "answer": null,
      "explanation": ""
    },
    {
      "no": 22,
      "question": "양립성(compatibility)에 대한 설명 중 틀린 것은?\n④ 제시 → 확인 → 도입 → 적용",
      "options": [
        "제시 → 확인 → 도입 → 적용",
        "개념양립성, 운동양립성, 공간양립성 등이 있다.",
        "인간의 기대에 맞는 자극과 반응의 관계를 의미한다.",
        "양립성의 효과가 크면 클수록, 코딩의 시간이나 반응의 된다..일정시간간격으로 분해수리(Overhaul)나 부품교체 등의 예",
        "양립성이 인간의 예상과 어느 정도 일치하는 것을 의미 주기에 따라 고장률이 감소하였다가 다시 증가하는 형태가 된"
      ],
      "answer": null,
      "explanation": ""
    },
    {
      "no": 25,
      "question": "시력에 대한 설명으로 맞는 것은?\n운동양립성 : 조종기를 조작하여 표시장치상의 정보가 움직일",
      "options": [
        "배열시력(vernier acuity) - 배경과 구별하여 탐지할 수",
        "동적시력(dynamic visual acuity) - 비슷한 두 물체가 다",
        "입체시력(stereoscopic acuity) - 거리가 있는 한 물체에",
        "최소지각시력(minimum perceptible acuity) - 하나의 수"
      ],
      "answer": null,
      "explanation": ""
    },
    {
      "no": 23,
      "question": "정보처리과정에서 부적절한 분석이나 의사결정의 오류에 의 에 탐지할 수 있는 최소 측변방위\n하여 발생하는 행동은? <문제 해설>",
      "options": [
        "규칙에 기초한 행동(rule-based behavior) 배열시력 : 둘 혹은 그 이상의 물체들을 평면에 배열하여 놓고",
        "기능에 기초한 행동(skill-based behavior) 그것이 일열로 서있는 지의 여부를 판별하는 능력",
        "지식에 기초한 행동(knowledge-based behavior)",
        "무의식에 기초한 행동(unconsciousness-based 입체시력 : 양안으로 사물을 입체적으로 볼수 있는 시력 단일"
      ],
      "answer": null,
      "explanation": ""
    },
    {
      "no": 24,
      "question": "욕조곡선의 설명으로 맞는 것은?",
      "options": [
        "마모고장 기간의 고장 형태는 감소형이다. 26. 인간의 귀의 구조에 대한 설명으로 틀린 것은?(문제 오류로",
        "디버깅(Debugging) 기간은 마모고장에 나타난다. 가답안 발표시 2번으로 발표되었지만 확정답안 발표시 2, 4",
        "부식 또는 산화로 인하여 초기고장이 일어난다. 번이 정답 처리 되었습니다. 여기서는 가답안인 2번을 누르",
        "우발고장기간은 고장률이 비교적 낮고 일정한 현상이 나 면 정답 처리 됩니다.)",
        "외이는 귓바퀴와 외이도로 구성된다.",
        "고막은 중이와 내이의 경계부위에 위치해 있으며 음파를"
      ],
      "answer": null,
      "explanation": ""
    },
    {
      "no": 1,
      "question": "초기고장기간 : 주로 표준 이하의 재료의 사용 및 불충분한 진동으로 바꾼다.\n작업, 불충분한 디버깅(Debugging), 부적절한 설치 등에 의해 ③ 중이에는 인두와 교통하여 고실 내압을 조절하는 유스타\n고장이 발생하게 된다..전수검사를 통한 Burn-in 시험을 실시하 키오관이 존재한다.\n여 초기 고장을 경감시켜야 한다. ④ 내이는 신체의 평형감각수용기인 반규관과 청각을 담당\n하는 전정기관 및 와우로 구성되어 있다.",
      "options": [
        "중이에는 인두와 교통하여 고실 내압을 조절하는 유스타",
        "내이는 신체의 평형감각수용기인 반규관과 청각을 담당"
      ],
      "answer": null,
      "explanation": ""
    },
    {
      "no": 2,
      "question": "우발고장기간 : 주로 제품에 가해지는 스트레스(부하)가 높거 <문제 해설>\n나, 사용자의 과도한 사용 및 사용자의 오용, 디버깅과 Burn-in 고막은 외의와 중이의 경계에 위치하는 막, 소리를 중이의 귓속\n등과 같은 초기고장기간의 시험 등에서도 발견되지 않은 원인들 뼈로 진동시켜 달팽이관으로 전달\n로 발생한다..이러한 고장을 예방하기 위해선 제품 사용의 극한 [해설작성자 : 현딩]\n상황을 고려한 설계, 안전계수(Safety Margin)이나 Derating을\n고려한 설계 등이 필요하며 주로 로트의 합부판정을 수행하는 4번 보기가 \"신체의 평형감각수용기관인 반규관,전정기관 및 청\n신뢰성 샘풀링 검사가 적용된다. 각을 담당하는 와우로 구성되어 있다\"가 맞습니다.\n실제 시험에서도 2번 4번 두 개 모두 복수 정답으로 인정 되었",
      "options": [],
      "answer": null,
      "explanation": ""
    },
    {
      "no": 3,
      "question": "마모고장기간 : 제품의 부식, 산화, 마모, 피로, 노화, 퇴화 습니다.\n등에 의해 발생하는 고장으로 표본을 추출하여 마모 고장이 시 [해설작성자 : 수질대기산안기]\n작되는 시점이나 제품의 퇴역시기를 결정하는 내구시험이 실시\n기출문제 해설은 최강 자격증 기출문제 전자문제집 CBT : www.comcbt.com 통해서 실시간으로 변경됩니다.\n본 해설집은 최강 자격증 기출문제 전자문제집 CBT 해설달기 프로젝트에 의해서 만들어진 자료입니다. 해설을 제공해 주신 모든 분들께 감사 드립니다.\n산업안전기사 ◐ 2018년 08월 19일 필기 기출문제 및 해설집◑ 전자문제집 CBT :www.comcbt.com\n-위험감축(Reduction)",
      "options": [],
      "answer": null,
      "explanation": ""
    },
    {
      "no": 27,
      "question": "FTA를 수행함에 있어 기본사상들의 발생이 서로 독립인가\n-위험보류(Retention)\n아닌가의 여부를 파악하기 위해서는 어느 값을 계산해 보는\n-위험회피(Avoidance)\n것이 가장 적합한가?\n-전가(Transfer)",
      "options": [
        "공분산 ② 분산",
        "고장률 ④ 발생확률"
      ],
      "answer": null,
      "explanation": ""
    },
    {
      "no": 28,
      "question": "산업안전보건법령에 따라 제출된 유해·위험방지계획서의 심\n사 결과에 따른 구분·판정결과에 해당하지 않는 것은?",
      "options": [
        "적정 ② 일부 적정",
        "부적정 ④ 조건부 적정",
        "최소 패스셋 : ｛1｝,｛2｝,｛3, 4｝",
        "최소 패스셋 : ｛1｝,｛2｝,｛3, 4｝"
      ],
      "answer": null,
      "explanation": ""
    },
    {
      "no": 1,
      "question": "적정\nR(t) = 0.9981",
      "options": [],
      "answer": null,
      "explanation": ""
    },
    {
      "no": 2,
      "question": "부적정\n③ 최소 패스셋 : ｛1, 2, 3｝,｛1, 2, 4｝",
      "options": [
        "최소 패스셋 : ｛1, 2, 3｝,｛1, 2, 4｝"
      ],
      "answer": null,
      "explanation": ""
    },
    {
      "no": 3,
      "question": "조건부 적정\nR(t) = 0.9081\n[해설작성자 : 예린하린]\n④ 최소 패스셋 : ｛1, 2, 3｝,｛1, 2, 4｝\nR(t) = 0.9981",
      "options": [
        "최소 패스셋 : ｛1, 2, 3｝,｛1, 2, 4｝"
      ],
      "answer": null,
      "explanation": ""
    },
    {
      "no": 29,
      "question": "일반적으로 기계가 인간보다 우월한 기능에 해당되는 것은?\n<문제 해설>\n(단, 인공지능은 제외한다.)\nMinimal Cut Set 주워진 결함수에서 구하며 AND(곱하기)에 OR",
      "options": [
        "귀납적으로 추리한다.",
        "원칙을 적용하여 다양한 문제를 해결한다.",
        "다양한 경험을 토대로 하여 의사 결정을 한다.",
        "명시된 절차에 따라 신속하고, 정량적인 정보처리를 한"
      ],
      "answer": null,
      "explanation": ""
    },
    {
      "no": 30,
      "question": "섬유유연제 생산 공정이 복잡하게 연결되어 있어 작업자의 하고 Minimal Cut Set는 주워진도식에서 구하세요\n불안전한 행동을 유발하는 상황이 발생하고 있다. 이것을 {AND(*),OR(+)}\n해결하기 위한 위험처리 기술에 해당하지 않는 것은? [해설작성자 : 허찬]",
      "options": [
        "Transfer(위험전가)",
        "Retention(위험보류) 문제 이상없습니다 신뢰도가 0.9이므로 고장 확률은 0.1이죠",
        "Reduction(위험감축) 논리합, 곱응 서로 바꾸던가 고장 확률로 계산하면 됩니다",
        "Rearrange(작업순서의 변경 및 재배열) [해설작성자 : 예스맨]"
      ],
      "answer": null,
      "explanation": ""
    },
    {
      "no": 32,
      "question": "3개 공정의 소음수준 측정 결과 1공정은 100dB에서 1시간,\n위험전가 : 보험이나 외주 등으로 잠재적 위험을 제3자에게 전\n2공정은 95dB에서 1시간, 3공정은 90dB에서 1시간이 소요\n가하는 방법이다..\n될 때 총 소음량(TND)과 소음설계의 적합성을 맞게 나열한\n위험감축 : 위험을 감소시킬 대책을 마련하는것. 비용이 많이 드\n것은? (단, 90dB에 8시간 노출될 때를 허용기준으로 하며,\n니 비용분석을 실시한다..\n5dB증가할 때 허용시간은 1/2로 감소되는 법칙을 적용한\n위험수용 : 위험의 잠재 손실비용을 감수하는것\n다.)\n위험회피 : 위험이 존재하는 사업, 프로세스를 진행하지 않는것",
      "options": [
        "TND = 0.785, 적합",
        "TND = 0.875, 적합",
        "TND = 0.985, 적합",
        "TND = 1.085, 부적합 3단계: 정량적평가"
      ],
      "answer": null,
      "explanation": ""
    },
    {
      "no": 35,
      "question": "다음 내용의 ( )안에 들어갈 내용을 순서대로 정리한 것은?\nTND<1:적합\nTND>1:부적합\n[해설작성자 : 덕이]\n90dB에서 8시간 노출될 때를 허용기준으로 하며\n5dB이 증가할 때마다 허용시간은 1/2로 감소합니다.",
      "options": [
        "A: 근막, B: 마이오신, C: 액틴",
        "A: 근막, B: 액틴, C: 마이오신",
        "A: 근원섬유, B: 근막, C: 근섬유",
        "A: 근원섬유, B: 액틴, C: 마이오신"
      ],
      "answer": null,
      "explanation": ""
    },
    {
      "no": 33,
      "question": "인간공학에 있어 기본적인 가정에 관한 설명으로 틀린 것 <문제 해설>\n은? 근섬유의 수축단위는 (근원섬유)라 하는데, 이것은 두 가지 기본",
      "options": [
        "인간 기능의 효율은 인간 – 기계 시스템의 효율과 연계 형의 단백질 필라멘트로 구성되어 있으며, (액틴)이 (마이오신)",
        "인간에게 적절한 동기부여가 된다면 좀 더 나은 성과를 한다"
      ],
      "answer": null,
      "explanation": ""
    },
    {
      "no": 36,
      "question": "소음 발생에 있어 음원에 대한 대책으로 볼 수 없는 것은?\n③ 개인이 시스템에서 효과적으로 기능을 하지 못하여도 시",
      "options": [
        "개인이 시스템에서 효과적으로 기능을 하지 못하여도 시",
        "설비의 격리",
        "적절한 재배치",
        "장비, 물건, 환경 특성이 인간의 수행도와 인간 – 기계",
        "저소음 설비 사용",
        "귀마개 및 귀덮개 사용"
      ],
      "answer": null,
      "explanation": ""
    },
    {
      "no": 37,
      "question": "인간공학적 의자 설계의 원리로 가장 적합하지 않은 것은?\n거죠!! 그러니 답은 3번",
      "options": [
        "자세고정을 줄인다.",
        "요부측만을 촉진한다.",
        "디스크 압력을 줄인다.",
        "등근육의 정적 부하를 줄인다."
      ],
      "answer": null,
      "explanation": ""
    },
    {
      "no": 1,
      "question": "일정한 자세 고정을 줄인다.\n[해설작성자 : 보라매 오키톡끼]",
      "options": [],
      "answer": null,
      "explanation": ""
    },
    {
      "no": 2,
      "question": "요부(요추)의 전만을 유도할 것",
      "options": [],
      "answer": null,
      "explanation": ""
    },
    {
      "no": 3,
      "question": "디스크의 압력을 줄이는 구조",
      "options": [],
      "answer": null,
      "explanation": ""
    },
    {
      "no": 34,
      "question": "안전성 평가의 기본원칙 6단계에 해당되지 않는 것은?",
      "options": [],
      "answer": null,
      "explanation": ""
    },
    {
      "no": 4,
      "question": "등근육의 정적부하를 감소시키는 구조",
      "options": [
        "안전대책",
        "정성적 평가",
        "작업환경 평가",
        "관계 자료의 정비검토"
      ],
      "answer": null,
      "explanation": ""
    },
    {
      "no": 41,
      "question": "어떤 양중기에서 3000kg의 질량을 가진 물체를 한쪽이 45°\n[해설작성자 : 허찬 ]\n인 각도로 그림과 같이 2개의 와이어로프로 직접 들어올릴",
      "options": [],
      "answer": null,
      "explanation": ""
    },
    {
      "no": 38,
      "question": "FTA에서 사용되는 논리게이트 중 입력과 반대되는 현상으 때, 안전율이 고려된 가장 적절한 와이어로프 지름을 표에\n로 출력되는 것은? 서 구하면?(단, 안전율은 산업안전보건법령을 따르고, 두 와",
      "options": [
        "부정 게이트 이어로프의 지름은 동일하며, 기준을 만족하는 가장 작은",
        "억제 게이트 지름을 선정한다.)",
        "배타적 OR 게이트",
        "우선적 AND 게이트"
      ],
      "answer": null,
      "explanation": ""
    },
    {
      "no": 1,
      "question": "부정게이트:입력에 반대현상이 나타난다.",
      "options": [],
      "answer": null,
      "explanation": ""
    },
    {
      "no": 2,
      "question": "억제게이트:입력이 게이트 조건에 만족할 때 발생한다.",
      "options": [],
      "answer": null,
      "explanation": ""
    },
    {
      "no": 3,
      "question": "배타적 OR게이트: OR 게이트이지만 2개 또는 2이상의 입력이\n동시에 존재하는 경우에는 출력이 생기지 않는다.\n4:우선적 AND게이트: 여러 개의 입력 사상이 정해진 순서에 따\n라 순차적으로 발생해야만 결과가 출력이 생긴다.\n[해설작성자 : 큐넷접수노예]",
      "options": [],
      "answer": null,
      "explanation": ""
    },
    {
      "no": 39,
      "question": "다음 그림에서 시스템 위험분석 기법 중 PHA(예비위험분석)\n가 실행되는 사이클의 영역으로 맞는 것은?",
      "options": [
        "10mm ② 12mm",
        "14mm ④ 16mm",
        "㉠ ② ㉡",
        "㉢ ④ ㉣"
      ],
      "answer": null,
      "explanation": ""
    },
    {
      "no": 40,
      "question": "인간과 기계의 신뢰도가 인간 0.40, 기계 0.95인 경우, 병렬\n따라서 정답 14mm , 110kN\n작업 시 전체 신뢰도는?\n[해설작성자 : www.comcbt.com 이용자]",
      "options": [
        "0.89 ② 0.92",
        "0.95 ④ 0.97"
      ],
      "answer": 0,
      "explanation": ""
    },
    {
      "no": 42,
      "question": "다음 중 금형 설치·해체작업의 일반적인 안전사항으로 틀린\n윗분들 해설내용 풀어쓰면 포집형은 위험 장소에 대한 방호 장\n것은?\n치가 아니고 위험원에 대한 방호 장치",
      "options": [
        "금형을 설치하는 프레스의 T홈 안길이는 설치 볼트 직경",
        "금형의 설치용구는 프레스의 구조에 적합한 형태로 한 45. 다음 ( )안의 A와 B의 내용을 옳게 나타낸 것은?",
        "고정볼트는 고정 후 가능하면 나사산이 3~4개 정도 짧",
        "금형 고정용 브래킷(물림판)을 고정시킬 때 고정용 브래",
        "A: 7, B: 5 ② A: 3, B: 1",
        "A: 5, B: 5 ④ A: 5, B: 3"
      ],
      "answer": null,
      "explanation": ""
    },
    {
      "no": 43,
      "question": "휴대용 동력드릴의 사용 시 주의해야 할 사항에 대한 설명 46. 크레인의 로프에 질량 100kg인 물체를 5m/s2의 가속도로\n으로 옳지 않은 것은? 감아올릴 때, 로프에 걸리는 하중은 약 몇 N인가?",
      "options": [
        "드릴 작업 시 과도한 진동을 일으키면 즉시 작업을 중단 ① 500 N ② 1480 N",
        "2540N ④ 4900 N",
        "드릴이나 리머를 고정하거나 제거할 때는 금속성 망치 <문제 해설>",
        "절삭하기 위하여 구멍에 드릴날을 넣거나 뺄 때는 팔을 동하중=--------x가속도= -------x5=51020",
        "작업 중에는 드릴을 구멍에 맞추거나 하기 위해서 드릴"
      ],
      "answer": null,
      "explanation": ""
    },
    {
      "no": 44,
      "question": "방호장치를 분류할 때는 크게 위험장소에 대한 방호장치와\n총하중=정하중x(가속도+중력9.8)\n위험원에 대한 방호장치로 구분할 수 있는데, 다음 중 위험\n중력은 문제에 따로 없으면 9.8로 계산!!!\n장소에 대한 방호장치가 아닌 것은?\n[해설작성자 : ㄲㅏㅇㄲㅏㅇ]",
      "options": [
        "격리형 방호장치",
        "접근거부형 방호장치",
        "접근반응형 방호장치",
        "포집형 방호장치"
      ],
      "answer": null,
      "explanation": ""
    },
    {
      "no": 49,
      "question": "다음 중 선반에서 사용하는 바이트와 관련된 방호장치는?",
      "options": [
        "심압대 ② 터릿"
      ],
      "answer": null,
      "explanation": ""
    },
    {
      "no": 1,
      "question": "동하중(W2) = 정하중/9.8(m/s2) × 가속도 = 100/9.8 x 5=\n③ 칩 브레이커 ④ 주축대",
      "options": [
        "칩 브레이커 ④ 주축대"
      ],
      "answer": null,
      "explanation": ""
    },
    {
      "no": 51,
      "question": "0204....\n<문제 해설>",
      "options": [],
      "answer": null,
      "explanation": ""
    },
    {
      "no": 2,
      "question": "총하중(W) = 정하중(W1)+동하중\n칩브레이커: 바이트 경사면에 붙여 선반작업시 길어진 칩의 절\n(W2)=100+51.2=151.0204.....\n단이 쉽게하는것",
      "options": [],
      "answer": null,
      "explanation": ""
    },
    {
      "no": 3,
      "question": "장력(N) = 총하중×중력가속도=151.2x9.8=1480\n[해설작성자 : 김한방]\n[해설작성자 : 2012년3회 출제문제]",
      "options": [],
      "answer": null,
      "explanation": ""
    },
    {
      "no": 50,
      "question": "프레스기를 사용하여 작업을 할 때 작업시작 전 점검사항으",
      "options": [],
      "answer": null,
      "explanation": ""
    },
    {
      "no": 47,
      "question": "침투탐상검사에서 일반적인 작업 순서로 옳은 것은?\n로 틀린 것은?",
      "options": [
        "전처리 → 침투처리 → 세척처리 → 현상처리 → 관찰",
        "클러치 및 브레이크의 기능",
        "압력방출장치의 기능",
        "전처리 → 세척처리 → 침투처리 → 현상처리 → 관찰",
        "크랭크축·플라이휠·슬라이드·연결봉 및 연결나사의 풀림",
        "전처리 → 현상처리 → 침투처리 → 세척처리 → 관찰",
        "금형 및 고정 볼트의 상태",
        "전처리 → 침투처리 → 현상처리 → 세척처리 → 관찰"
      ],
      "answer": null,
      "explanation": ""
    },
    {
      "no": 48,
      "question": "연삭기 덮개의 개구부 각도가 그림과 같이 150° 이하여야\n하는 연삭기의 종류로 옳은 것은? 압력방출장치는 보일러 방호장치\n[해설작성자 : 윤쁘]\n프레스(압력)라고 했다고 압력방출장치가 맞다 생각해서 틀리게\n하는게 출제자의의도 입니다.\n압력방출장치는 보일러의 방호장치입니다.\n[해설작성자 : 회상]",
      "options": [],
      "answer": null,
      "explanation": ""
    },
    {
      "no": 51,
      "question": "다음 중 기계 설비에서 재료 내부의 균열결함을 확인할 수",
      "options": [
        "센터리스 연삭기",
        "탁상용 연삭기",
        "육안검사",
        "내면 연삭기",
        "초음파탐상검사",
        "평면 연삭기",
        "피로검사",
        "액체침투탐상검사"
      ],
      "answer": null,
      "explanation": ""
    },
    {
      "no": 1,
      "question": "육안검사",
      "options": [],
      "answer": null,
      "explanation": ""
    },
    {
      "no": 2,
      "question": "지분 탐상시험\n탁상용 연식가는 125°이고 60°는 연삭숫돌의 상부사용 목적일때\n기출문제 해설은 최강 자격증 기출문제 전자문제집 CBT : www.comcbt.com 통해서 실시간으로 변경됩니다.\n본 해설집은 최강 자격증 기출문제 전자문제집 CBT 해설달기 프로젝트에 의해서 만들어진 자료입니다. 해설을 제공해 주신 모든 분들께 감사 드립니다.\n산업안전기사 ◐ 2018년 08월 19일 필기 기출문제 및 해설집◑ 전자문제집 CBT :www.comcbt.com",
      "options": [],
      "answer": null,
      "explanation": ""
    },
    {
      "no": 3,
      "question": "액체침투 탐상시험 동되고, 다른 압력방출장치는 최고사용압력 1.05배 이하에서 작",
      "options": [],
      "answer": null,
      "explanation": ""
    },
    {
      "no": 4,
      "question": "와전류 탐상시험 동되도록 부착하여야 한다.\n내부 결함 검출을 위한 비파괴시험 ② 제1항의 압력방출장치는 매년 1회 이상 「국가표준기본법」",
      "options": [
        "제1항의 압력방출장치는 매년 1회 이상 「국가표준기본법」"
      ],
      "answer": null,
      "explanation": ""
    },
    {
      "no": 1,
      "question": "방사선 투과시험 제14조제3항에 따라 산업통상자원부장관의 지정을 받은 국가교",
      "options": [],
      "answer": null,
      "explanation": ""
    },
    {
      "no": 2,
      "question": "음향 방출시험 정업무 전담기관(이하 “국가교정기관”이라 한다)에서 교정을 받",
      "options": [],
      "answer": null,
      "explanation": ""
    },
    {
      "no": 3,
      "question": "초음파 탐상시험 은 압력계를 이용하여 설정압력에서 압력방출장치가 적정하게\n작동하는지를 검사한 후 납으로 봉인하여 사용하여야 한다..다",
      "options": [],
      "answer": null,
      "explanation": ""
    },
    {
      "no": 52,
      "question": "다음은 프레스 제작 및 안전기준에 따라 높이 2m 이상인\n만, 영 제43조에 따른 공정안전보고서 제출 대상으로서 고용노\n작업용 발판의 설치 기준을 설명한 것이다. ( )안에 알맞은\n동부장관이 실시하는 공정안전보고서 이행상태 평가결과가 우수\n말은?\n한 사업장은 압력방출장치에 대하여 4년마다 1회 이상 설정압력\n에서 압력방출장치가 적정하게 작동하는지를 검사할 수 있\n다. <개정 2013. 3. 23., 2019. 12. 26.>\n[해설작성자 : 납봉인,일반1년,우수4년,2개면 1.05배]",
      "options": [],
      "answer": null,
      "explanation": ""
    },
    {
      "no": 54,
      "question": "목재가공용 둥근톱 기계에서 가동식 접촉예방장치에 대한\n요건으로 옳지 않은 것은?",
      "options": [
        "덮개의 하단이 송급되는 가공재의 상면에 항상 접하는",
        "가. 90 cm 나. 10 cm 방식의 것이고 절단작업을 하고 있지 않을 때에는 톱날",
        "가. 60 cm 나. 10 cm 에 접촉되는 것을 방지할 수 있어야 한다.",
        "가. 90 cm 나. 20 cm ② 절단작업 중 가공재의 절단에 필요한 날 이외의 부분을",
        "가. 60 cm 나. 20 cm 항상 자동적으로 덮을 수 있는 구조여야 한다.",
        "지지부는 덮개의 위치를 조정할 수 있고 체결볼트에는",
        "톱날이 보이지 않게 완전히 가려진 구조이어야 한다."
      ],
      "answer": null,
      "explanation": ""
    },
    {
      "no": 53,
      "question": "다음 중 산업안전보건법령상 보일러 및 압력용기에 관한 사 55. 다음 중 기계설비에서 반대로 회전하는 두 개의 회전체가\n항으로 틀린 것은? 맞닿는 사이에 발생하는 위험점을 무엇이라 하는가?",
      "options": [
        "공정안전보고서 제출 대상으로서 이행상태 평가결과가 ① 물림점(nip point)",
        "협착점(squeeze pint)",
        "접선물림점(tangential point)",
        "회전말림점(trapping point)",
        "보일러의 안전한 가동을 위하여 보일러 규격에 맞는 압 <문제 해설>",
        "보일러의 과열을 방지하기 위하여 최고사용압력과 상용 끼임점 : 회전 또는 직선운동 + 고정부 고정부와 회전하는 동작",
        "압력용기에서는 이를 식별할 수 있도록 하기 위하여 그 에서 위험이 초래되는것",
        "사업주는 보일러의 안전한 가동을 위 [해설작성자 : comcbt.com 이용자]"
      ],
      "answer": null,
      "explanation": ""
    },
    {
      "no": 56,
      "question": "롤러의 가드 설치방법 중 안전한 작업공간에서 사고를 일으\n키는 공간함정(trap)을 막기위해 확보해야할 신체 부위별 최\n[관리자 입니다.\n소 틈새가 바르게 짝지어진 것은?\n문제지 사진원본 확인해 봤는데",
      "options": [
        "다리: 240mm ② 발: 180mm",
        "손목: 150mm ④ 손가락: 25mm"
      ],
      "answer": null,
      "explanation": ""
    },
    {
      "no": 57,
      "question": "지게차가 부하상태에서 수평거리가 12m이고, 수직높이가",
      "options": [],
      "answer": null,
      "explanation": ""
    },
    {
      "no": 1,
      "question": "5m인 오르막길을 주행할 때 이 지게차의 전후 안정도와\n[오류신고 반론]\n지게차 안정도 기준의 전후 안정도와 지게차 안정도 기준의\n보기 오류 아닙니다..상기 문제해설 맞아요.\n만족여부로 옳은 것은?\n[해설작성자 : 챈짱]",
      "options": [
        "지게차 전후 안정도는 12.5%이고 안정도 기준을 만족하"
      ],
      "answer": null,
      "explanation": ""
    },
    {
      "no": 58,
      "question": "사출성형기에서 동력작동시 금형고정장치의 안전사항에 대\n② 지게차 전후 안정도는 12.5%이고 안정도 기준을 만족한\n한 설명으로 옳지 않은 것은?\n다.",
      "options": [
        "지게차 전후 안정도는 12.5%이고 안정도 기준을 만족한",
        "금형 또는 부품의 낙하를 방지하기 위해 기계적 억제장",
        "지게차 전후 안정도는 25%이고 안정도 기준을 만족하지",
        "지게차 전후 안정도는 25%이고 안정도 기준을 만족한",
        "자석식 금형 고정장치는 상·하(좌·우) 금형의 정확한 위",
        "상·하(좌·우)의 두 금형 중 어느 하나가 위치를 이탈하는",
        "전자석 금형 고정장치를 사용하는 경우에는 전자기파에"
      ],
      "answer": null,
      "explanation": ""
    },
    {
      "no": 59,
      "question": "인장강도가 250N/mm2인 강판의 안전율이 4 라면 이 강판\n아래와 같은 오류 신고가 있었습니다. 의 허용응력(N/mm2)은 얼마인가?\n여러분들의 많은 의견 부탁 드립니다.",
      "options": [
        "42.5 ② 62.5",
        "82.5 ④ 102.5"
      ],
      "answer": null,
      "explanation": ""
    },
    {
      "no": 60,
      "question": "다음 설명 중 ( )안에 알맞은 내용은?",
      "options": [
        "㉠비례, ㉡반비례, ㉢전류의 세기, ㉣시간",
        "㉠반비례, ㉡비례, ㉢전류의 세기, ㉣시간",
        "㉠비례, ㉡반비례, ㉢전압, ㉣시간",
        "1/2 ② 1/4",
        "㉠반비례, ㉡비례, ㉢전압, ㉣시간",
        "1/3 ④ 1/2.5"
      ],
      "answer": null,
      "explanation": ""
    },
    {
      "no": 64,
      "question": "폭발 위험장소 분류 시 분진폭발위험장소의 종류에 해당하\n지 않는 것은?\n4과목 : 전기위험방지기술",
      "options": [
        "20종 장소 ② 21종 장소"
      ],
      "answer": null,
      "explanation": ""
    },
    {
      "no": 61,
      "question": "심장의 맥동주기 중 어느 때에 전격이 인가되면 심실세동을\n③ 22종 장소 ④ 23종 장소\n일으킬 확률이 크고, 위험한가?\n<문제 해설>",
      "options": [
        "22종 장소 ④ 23종 장소",
        "심방의 수축이 있을 때",
        "심실의 수축이 있을 때",
        "심실의 수축 종료 후 심실의 휴식이 있을 때",
        "심실의 수축이 있고 심방의 휴식이 있을 때",
        "작업장 등은 분진이 퇴적하지 않는 형상으로 한다."
      ],
      "answer": null,
      "explanation": ""
    },
    {
      "no": 62,
      "question": "교류 아크 용접기의 전격방지장치에서 시동감도를 바르게\n② 분진 취급 장치에는 유효한 집진 장치를 설치한다.\n정의한 것은?\n③ 분체 프로세스 장치는 밀폐화하고 누설이 없도록 한다.",
      "options": [
        "분진 취급 장치에는 유효한 집진 장치를 설치한다.",
        "분체 프로세스 장치는 밀폐화하고 누설이 없도록 한다.",
        "용접봉을 모재에 접촉시켜 아크를 발생시킬 때 전격방지",
        "분진 폭발의 우려가 있는 작업장에는 감독자를 상주시킨",
        "안전전압(24V 이하)이 2차측 전압(85~95V)으로 얼마나",
        "용접봉을 모재로부터 분리시킨 후 주접점이 개로 되어",
        "용접봉에서 아크를 발생시키고 있을 때 누설전류가 발생 접촉한 경우 전격을 당하게 되는데 이 때 물체에 유도된 전",
        "②",
        "④"
      ],
      "answer": null,
      "explanation": ""
    },
    {
      "no": 63,
      "question": "다음 ( )안에 들어갈 내용으로 옳은 것은?\n(물체 유도전압) = (송전선~물체 정전용량) / (정전용량 총합 =\n기출문제 해설은 최강 자격증 기출문제 전자문제집 CBT : www.comcbt.com 통해서 실시간으로 변경됩니다.\n본 해설집은 최강 자격증 기출문제 전자문제집 CBT 해설달기 프로젝트에 의해서 만들어진 자료입니다. 해설을 제공해 주신 모든 분들께 감사 드립니다.\n산업안전기사 ◐ 2018년 08월 19일 필기 기출문제 및 해설집◑ 전자문제집 CBT :www.comcbt.com\n송전선~물체 + 물체~대지) * (송전선~대지 전압) 헷갈리게 쓸거면 쓰지 마세요. 쓸거면 내용을 자세히 쓰세요\n[해설작성자 : 나는 바보인가봐] [해설작성자 : Rivolo]",
      "options": [],
      "answer": null,
      "explanation": ""
    },
    {
      "no": 67,
      "question": "화염일주한계에 대해 가장 잘 설명한 것은? 70. 가수전류(Let-go Current)에 대한 설명으로 옳은 것은?",
      "options": [
        "화염이 발화온도로 전파될 가능성의 한계값이다. ① 마이크 사용 중 전격으로 사망에 이른 전류",
        "화염이 전파되는 것을 저지할 수 있는 틈새의 최대 간격 ② 전격을 일으킨 전류가 교류인지 직류인지 구별할 수 없",
        "폭발성 가스와 공기가 혼합되어 폭발한계내에 있는 상태 ③ 충전부로부터 인체가 자력으로 이탈할 수 있는 전류",
        "몸이 물에 젖어 전압이 낮은 데도 전격을 일으킨 전류",
        "폭발성 분위기가 전기 불꽃에 의하여 화염을 일으킬 수 <문제 해설>"
      ],
      "answer": null,
      "explanation": ""
    },
    {
      "no": 68,
      "question": "정전기 발생의 일반적인 종류가 아닌 것은?\n최소감지전류 약 1mA",
      "options": [
        "마찰 ② 중화",
        "박리 ④ 유동"
      ],
      "answer": null,
      "explanation": ""
    },
    {
      "no": 1,
      "question": "마찰대전: 두 물체사이의 마찰로 인한 접촉\n[해설작성자 : 마이크사용중전격개꿀잼]",
      "options": [],
      "answer": null,
      "explanation": ""
    },
    {
      "no": 2,
      "question": "유동대전: 액체류가 파이프 등 내부에서 유동시 관벽과 액체\n사이에서 발생\n아래와 같은 오류 신고가 있었습니다.",
      "options": [],
      "answer": null,
      "explanation": ""
    },
    {
      "no": 3,
      "question": "박리대전: 밀착된 물체가 떨어지면서 자유전자의 이동으로 발\n여러분들의 많은 의견 부탁 드립니다.\n생\n추후 여러분들의 의견을 반영하여 정답을 수정하도록 하겠습니",
      "options": [],
      "answer": null,
      "explanation": ""
    },
    {
      "no": 4,
      "question": "충돌대전: 입자와 다른 고체와의 충돌과 급속한 분리에 의해\n다.\n발생\n참고로 정답 변경은 오류 신고 5회 이상일 경우 수정합니다.",
      "options": [],
      "answer": null,
      "explanation": ""
    },
    {
      "no": 5,
      "question": "분출대전: 기체, 액체, 분체류가 단면적이 작은 분출구를 통\n과할 때 발생\n[오류 신고 내용]",
      "options": [],
      "answer": null,
      "explanation": ""
    },
    {
      "no": 6,
      "question": "파괴대전: 고체, 분체류와 같은 물체가 파괴 됐을 때 전하분\n마이크사용중전격개꿀잼님 설명 중 가수전류와 불수전류 설명에\n리 또는 전하의 균형이 깨지면서 정전기가 발생\n오류가 있어용\n[해설작성자 : 부자아빠]\n(2021에듀윌 설명기준입니다)",
      "options": [],
      "answer": null,
      "explanation": ""
    },
    {
      "no": 69,
      "question": "전기기계·기구의 조작 시 안전조치로서 사업주는 근로자가\n[상용주파 60hz 기준]\n안전하게 작업할 수 있도록 전기 기계·기구로부터 폭 얼마\n* 최소감지전류 : 1mA\n이상의 작업공간을 확보하여야 하는가?\n* 고통한계전류 : 7~8mA",
      "options": [
        "30cm ② 50cm",
        "70cm ④ 100cm"
      ],
      "answer": null,
      "explanation": ""
    },
    {
      "no": 71,
      "question": "정전 작업 시 작업 전 안전조치사항으로 가장 거리가 먼 것\n[추가 해설]\n은?\n방염처리된 작업복이나 난연성능을 가진 작업복착용",
      "options": [
        "단락 접지",
        "잔류 전하 방전",
        "절연 보호구 수리",
        "검전기에 의한 정전확인"
      ],
      "answer": null,
      "explanation": ""
    },
    {
      "no": 75,
      "question": "정전기 방전에 의한 폭발로 추정되는 사고를 조사함에 있어\n[해설작성자 : 뇌피셜 폭격기]\n서 필요한 조치로서 가장 거리가 먼 것은?",
      "options": [
        "가연성 분위기 규명",
        "사고현장의 방전흔적 조사",
        "방전에 따른 점화 가능성 평가",
        "전하발생 부위 및 축적 기구 규명"
      ],
      "answer": null,
      "explanation": ""
    },
    {
      "no": 1,
      "question": "전하발생부위 및 축적기구 규명\n충전여부",
      "options": [],
      "answer": null,
      "explanation": ""
    },
    {
      "no": 2,
      "question": "가연성 분위기 규명\n[해설작성자 : 허찬]",
      "options": [],
      "answer": null,
      "explanation": ""
    },
    {
      "no": 3,
      "question": "방전에 따른 점화 가능성 평가",
      "options": [],
      "answer": null,
      "explanation": ""
    },
    {
      "no": 72,
      "question": "감전사고의 방지 대책으로 가장 거리가 먼 것은? [해설작성자 : comcbt.com 이용자]",
      "options": [
        "전기 위험부의 위험 표시",
        "충전부가 노출된 부분에 절연방호구 사용 외우기 쉽게",
        "충전부에 접근하여 작업하는 작업자 보호구착용 전하(께서)",
        "사고발생 시 처리프로세스 작성 및 조치 과연(가연)"
      ],
      "answer": null,
      "explanation": ""
    },
    {
      "no": 4,
      "question": "사고 발생 후 처리\n[해설작성자 : 커트라인] 전전기 방전에 의한 폭발 추정 조치 사항",
      "options": [],
      "answer": null,
      "explanation": ""
    },
    {
      "no": 1,
      "question": "가연성 분위기 규명",
      "options": [],
      "answer": null,
      "explanation": ""
    },
    {
      "no": 73,
      "question": "위험방지를 위한 전기기계·기구의 설치 시 고려할 사항으로",
      "options": [],
      "answer": null,
      "explanation": ""
    },
    {
      "no": 2,
      "question": "방전에 따른 점화 가능성 평과\n거리가 먼 것은?\n3, 전하발생 부위 및 축적 기구 규명",
      "options": [
        "전기기계·기구의 충분한 전기적 용량 및 기계적 강도",
        "전기기계·기구의 안전효율을 높이기 위한 시간 가동율",
        "습기·분진 등 사용장소의 주위 환경 76. 감전쇼크에 의해 호흡이 정지되었을 경우 일반적으로 약 몇",
        "전기적·기계적 방호수단의 적정성 분 이내에 응급처치를 개시하면 95% 정도를 소생시킬 수",
        "1분 이내 ② 3분 이내"
      ],
      "answer": null,
      "explanation": ""
    },
    {
      "no": 1,
      "question": "전기기계,기구의 충분한 전기적 용량 및 기계적강도 ③ 5분 이내 ④ 7분 이내",
      "options": [
        "5분 이내 ④ 7분 이내"
      ],
      "answer": null,
      "explanation": ""
    },
    {
      "no": 2,
      "question": "습기,분진 등 사용장소의 주위환경 <문제 해설>",
      "options": [],
      "answer": null,
      "explanation": ""
    },
    {
      "no": 3,
      "question": "전기적,기계적 방호수단의 적정성 1분 이내 : 95%\n[해설작성자 : 합격날개] 2분 이내 : 90%\n3분 이내 : 75%",
      "options": [],
      "answer": null,
      "explanation": ""
    },
    {
      "no": 74,
      "question": "200A의 전류가 흐르는 단상 전로의 한 선에서 누전되는 최\n4분 이내 : 50%\n소 전류(mA)의 기준은?\n5분 이내 : 25%",
      "options": [
        "100 ② 200",
        "10 ④ 20",
        "본질안전 방폭구조",
        "고압 방폭구조",
        "압력 방폭구조",
        "내압 방폭구조"
      ],
      "answer": null,
      "explanation": ""
    },
    {
      "no": 80,
      "question": "인체의 전기저항이 5000Ω이고, 세동전류와 통전시간과의\n유입 방폭구조 (Ex o) 전기불꽃, 아크, 고온 발생붑분을 기름으\n로 채워 폭발성 가스 또는 증기에 인화되지 않도록 한 구조\n관계를 라 할 경우, 심실세동을 일으키는 위험",
      "options": [],
      "answer": null,
      "explanation": ""
    },
    {
      "no": 78,
      "question": "전선의 절연 피복이 손상되어 동선이 서로 직접 접촉한 경 에너지는 약 몇 J인가? (단, 통전시간은 1초로 한다)\n우를 무엇이라 하는가?",
      "options": [
        "5 ② 30",
        "절연 ② 누전 ③ 136 ④ 825",
        "접지 ④ 단락 <문제 해설>"
      ],
      "answer": null,
      "explanation": ""
    },
    {
      "no": 79,
      "question": "이상적인 피뢰기가 가져야 할 성능으로 틀린 것은?\n됩니다.",
      "options": [
        "제한전압이 낮을 것",
        "방전개시전압이 낮을 것",
        "뇌전류 방전능력이 적을 것",
        "속류차단을 확실하게 할 수 있을 것",
        "설비의 상단 ② 설비의 하단",
        "설비의 측면 ④ 설비의 조작부"
      ],
      "answer": null,
      "explanation": ""
    },
    {
      "no": 66,
      "question": "66...",
      "options": [],
      "answer": null,
      "explanation": ""
    },
    {
      "no": 82,
      "question": "다음 중 자연발화가 쉽게 일어나는 조건으로 틀린 것은?\n즉 8% NaOH = 33.33..., 5% NaOH = 66.66....",
      "options": [
        "주위온도가 높을수록",
        "열 축적이 클수록",
        "적당량의 수분이 존재할 때 84. 사업주는 산업안전보건기준에 관한 규칙에서 정한 위험물을",
        "표면적이 작을수록 기준량 이상으로 제조하거나 취급하는 특수화학설비를 설치",
        "부탄 – 25m3 ② 부탄 - 150m3",
        "시안화수소 – 5kg ④ 시안화수소 – 200kg"
      ],
      "answer": null,
      "explanation": ""
    },
    {
      "no": 83,
      "question": "8% NaOH 수용액과 5% NaOH 수용액을 반응기에 혼합하\n여 6% 100kg의 NaOH 수용액을 만들려면 각각 약 몇 kg의 85. 폭발의 위험성을 고려하기 위해 정전에너지 값을 구하고자\nNaOH 수용액이 필요한가? 한다. 다음 중 정전에너지를 구하는 식은? (단, E는 정전에",
      "options": [
        "5% NaOH 수용액: 33.3kg, 너지, C는 정전 용량, V는 전압을 의미한다)",
        "5% NaOH 수용액: 56.8kg, ① ②",
        "5% NaOH 수용액: 66.7kg,",
        "④",
        "5% NaOH 수용액: 43.2kg, <문제 해설>"
      ],
      "answer": null,
      "explanation": ""
    },
    {
      "no": 86,
      "question": "다음 중 유류화재에 해당하는 화재의 급수는?\nx1=0.08*y1, x2=0.05*y2;",
      "options": [
        "A급 ② B급",
        "C급 ④ D급"
      ],
      "answer": null,
      "explanation": ""
    },
    {
      "no": 0,
      "question": "08y1+0.05y2=0.06*(y1+y2) 정리하면 0.02*y1-0.01*y2=0,\nD급 - 금속화재, 표시색 무색 OR 표시없음\n2*y1-y1=0;\n[해설작성자 : comcbt.com 이용자]\ny1+y2=100;와2*y1-y1=0;를 연립하면 y1=33.3 y2=66.7\n[해설작성자 : 공부한다!]\nA : 보편적, 일반\nB : OIL BANK , 정유사 (B)ank 기억\n풀어봤으면 익숙하겠지만 6은 8과 거리가 2고, 5와 거리가 1이\nC : C(YBER) 사이버 , 전기\n다..따라서 5-6-8에서 1:2일 때 사용된 용액의 비율은\nD : 딱딱한 금속 (DDAK DDAK)\n뒤집어줘서 2:1이다..따라서 5% => 100*2/3=66.6 이고 8% =>\n[해설작성자 : 야해야 잘외워짐]\n100*1/3=33.3 이다.\n[해설작성자 : ㅇ] 87. 할론 소화약제 중 Halon 2402 의 화학식으로 옳은 것은?",
      "options": [
        "C F Br ② C H Br",
        "C Br H ④ C Br F"
      ],
      "answer": null,
      "explanation": ""
    },
    {
      "no": 0,
      "question": "08a + 0.05b = 6 ← 100곱하기 탄소(C), 불소(F), 염소(Cl), 브롬(Br)\n8a + 5b = 600 ← 5 나누기 [해설작성자 : 맑갑]\n(8/5)a + b = 120\n(3/5)a + a + b = 120 ←a + b = 100 대입 Halon 뒤 숫자 4개가 차례대로 탄소 수, 불소 수, 염소 수, 브롬\n기출문제 해설은 최강 자격증 기출문제 전자문제집 CBT : www.comcbt.com 통해서 실시간으로 변경됩니다.\n본 해설집은 최강 자격증 기출문제 전자문제집 CBT 해설달기 프로젝트에 의해서 만들어진 자료입니다. 해설을 제공해 주신 모든 분들께 감사 드립니다.\n산업안전기사 ◐ 2018년 08월 19일 필기 기출문제 및 해설집◑ 전자문제집 CBT :www.comcbt.com\n수 ③ 제6류 위험물과 같은 산화제와 혼합되지 않도록 격리,\n즉 2402면 탄소 2개 불소 4개 브롬 2개 C2F4Br2 저장한다.\n[해설작성자 : 수질대기산안기] ④ 일단 연소하면 소화가 곤란하지만 초기 소화 또는 소규\n모 화재 시 물, CO2소화설비를 이용하여 소화한다.\n***브롬을 냄새가나는원소라고 해서 취소(취화)라고 하며 <문제 해설>\n할로겐 소화 약제 2402을 읽을때 뒤에서 부터 읽어나갑니다. 마그네슘은 물, 산과 접촉시 발화를 일으킨다.\n이취화사불화 에탄(C가 하나면 메탄/C가 두개면 에탄)\n1211->일취화일염화이불화메탄 [추가 해설]\n1301->일취화삼불화메탄 마그네슘 소화는 건조사로 합니다.\n*** 중요 암기법: 이스탄불 염소이름이 브롬이래요**** [해설작성자 : 허찬]\n기호나 원소기호로 암기하면 금방 까먹는데 이스탄불 염소이름",
      "options": [
        "제6류 위험물과 같은 산화제와 혼합되지 않도록 격리,",
        "일단 연소하면 소화가 곤란하지만 초기 소화 또는 소규"
      ],
      "answer": null,
      "explanation": ""
    },
    {
      "no": 91,
      "question": "다음 중 분진이 발화 폭발하기 위한 조건으로 거리가 먼 것\n브롬으로 읽기만해도 자연히 튀어나와요\n은?\n(할로겐 소화약제 번호 기재순서:C->F->CL->Br)",
      "options": [
        "불연성질",
        "미분상태",
        "점화원의 존재"
      ],
      "answer": null,
      "explanation": ""
    },
    {
      "no": 88,
      "question": "위험물의 저장방법으로 적절하지 않은 것은? ④ 지연성가스 중에서의 교반과 운동",
      "options": [
        "지연성가스 중에서의 교반과 운동",
        "탄화칼슘은 물 속에 저장한다. <문제 해설>",
        "벤젠은 산화성 물질과 격리시킨다. 불연은 불에 타지 아니하는 성질을 가진 것을 말합니다.",
        "금속나트륨은 석유 속에 저장한다. 불연재료로는 콘크리트, 석재, 벽돌, 기와, 철강, 알루미늄, 유리",
        "질산은 갈색병에 넣어 냉암소에 보관한다. 등이 있습니다."
      ],
      "answer": null,
      "explanation": ""
    },
    {
      "no": 92,
      "question": "다음 중 산업안전보건법령상 산화성 액체 또는 산화성 고체\n[해설작성자 : 화하기가 젤 쉬운]\n에 해당하지 않는 것은?",
      "options": [],
      "answer": null,
      "explanation": ""
    },
    {
      "no": 89,
      "question": "다음 중 산업안전보건법령상 공정안전 보고서의 안전운전",
      "options": [
        "질산 ② 중크롬산",
        "과산화수소 ④ 질산에스테르",
        "안전작업허가 ② 안전운전지침서 <문제 해설>",
        "가동 전 점검지침 ④ 비상조치계획에 따른 교육계획 질산에스테르 : 폭발성물질"
      ],
      "answer": null,
      "explanation": ""
    },
    {
      "no": 93,
      "question": "열교환기의 열 교환 능률을 향상시키기 위한 방법이 아닌\n4번은 비상조치계획에 포함되는 내용이다.\n것은?",
      "options": [],
      "answer": null,
      "explanation": ""
    },
    {
      "no": 90,
      "question": "마그네슘의 저장 및 취급에 관한 설명으로 틀린 것은?",
      "options": [
        "유체의 유속을 적절하게 조절한다.",
        "화기를 엄금하고, 가열, 충격, 마찰을 피한다. ② 유체의 흐르는 방향을 병류로 한다.",
        "분말이 비산하지 않도록 밀봉하여 저장한다. ③ 열교환하는 유체의 온도차를 크게 한다.",
        "열전도율이 높은 재료를 사용한다. ③ 파열판과 안전밸브를 직렬로 설치한 경우",
        "열팽창에 의하여 상승된 압력을 낮추기 위한 목적으로"
      ],
      "answer": null,
      "explanation": ""
    },
    {
      "no": 96,
      "question": "위험물안전관리법령에서 정한 제3류 위험물에 해당하지 않\n는 것은?\n[추가 해설]",
      "options": [
        "나트륨",
        "알킬알루미늄",
        "황린"
      ],
      "answer": null,
      "explanation": ""
    },
    {
      "no": 94,
      "question": "다음 중 고체의 연소방식에 관한 설명으로 옳은 것은? ④ 니트로글리세린",
      "options": [
        "니트로글리세린",
        "분해연소란 고체가 표면의 고온을 유지하며 타는 것을 <문제 해설>",
        "표면연소란 고체가 가열되어 열분해가 일어나고 가연성 [해설작성자 : 크립토나이트]"
      ],
      "answer": null,
      "explanation": ""
    },
    {
      "no": 97,
      "question": "다음 [표]를 참조하여 메탄 70vol%, 프로판 21vol%, 부탄\n③ 자기연소란 공기 중 산소를 필요로 하지 않고 자신이 분\n9vol%인 혼합가스의 폭발범위를 구하면 약 몇 vol%인가?\n해되며 타는 것을 말한다.\n④ 분무연소란 고체가 가열되어 가연성가스를 발생시키며\n타는 것을 말한다.\n<문제 해설>",
      "options": [
        "자기연소란 공기 중 산소를 필요로 하지 않고 자신이 분",
        "분무연소란 고체가 가열되어 가연성가스를 발생시키며"
      ],
      "answer": null,
      "explanation": ""
    },
    {
      "no": 1,
      "question": "표면연소",
      "options": [],
      "answer": null,
      "explanation": ""
    },
    {
      "no": 2,
      "question": "분해연소",
      "options": [],
      "answer": null,
      "explanation": ""
    },
    {
      "no": 4,
      "question": "증발연소\n[해설작성자 : 맑갑]",
      "options": [
        "3.45~9.11 ② 3.45~12.58",
        "3.85~9.11 ④ 3.85~12.58",
        "NH H PO ② Na CO",
        "Na SO ④ K CO"
      ],
      "answer": null,
      "explanation": ""
    },
    {
      "no": 95,
      "question": "사업주는 안전밸브등의 전단·후단에 차단밸브를 설치해서는 99. 공기 중 아세톤의 농도가 200ppm(TLV 500ppm), 메틸에틸\n아니 된다. 다만, 별도로 정한 경우에 해당할 때는 자물쇠형 케톤(MEK)의 농도가 100ppm(TLV 200ppm)일 때 혼합물질\n또는 이에 준하는 형식의 차단밸브를 설치할 수 있다. 이에 의 허용농도는 약 몇 ppm인가? (단, 두 물질은 서로 상가\n해당하는 경우가 아닌 것은? 작용을 하는 것으로 가정한다.)",
      "options": [
        "화학설비 및 그 부속설비에 안전밸브등이 복수방식으로 ① 150 ② 200",
        "270 ④ 333",
        "예비용 설비를 설치하고 각각의 설비에 안전밸브등이 설 <문제 해설>"
      ],
      "answer": null,
      "explanation": ""
    },
    {
      "no": 2,
      "question": "R= (200/500)+(100/200) = 0.9 -발주자가 재료를 제공하거나 물품이 완제품의 형태로 제작 또",
      "options": [],
      "answer": null,
      "explanation": ""
    },
    {
      "no": 3,
      "question": "허용농도= (200+100)/0.9 = 333.333.. = 333[ppm] 는 납품되어 설치되는 경우에 해당 재료비 또는 완제품의 가액\n[해설작성자 : 루까꿍스] 을 대상액에 포함시킬\n경우의 안전관리비는 해당 재료비 또는 완제품의 가액을 포함시\nTLV(Threshold Limit Values) : 허용농도 키지 않은 대상액을 기준으로 계상한 안전관리비의 1.2배를 초\n[해설작성자 : iykim71] 과 할 수 없다",
      "options": [],
      "answer": null,
      "explanation": ""
    },
    {
      "no": 1,
      "question": "안전관리자 등의 인건비 및 각종 업무수당",
      "options": [],
      "answer": null,
      "explanation": ""
    },
    {
      "no": 100,
      "question": "다음의 설명에 해당하는 안전장치는?",
      "options": [],
      "answer": null,
      "explanation": ""
    },
    {
      "no": 2,
      "question": "안전시설비",
      "options": [],
      "answer": null,
      "explanation": ""
    },
    {
      "no": 3,
      "question": "개인보호구 및 안전장구 구입비",
      "options": [],
      "answer": null,
      "explanation": ""
    },
    {
      "no": 4,
      "question": "사업장의 안전진단비",
      "options": [],
      "answer": null,
      "explanation": ""
    },
    {
      "no": 5,
      "question": "안전보건교육비 및 행사비",
      "options": [],
      "answer": null,
      "explanation": ""
    },
    {
      "no": 6,
      "question": "근로자의 건강관리비",
      "options": [
        "파열판 ② 안전밸브"
      ],
      "answer": null,
      "explanation": ""
    },
    {
      "no": 7,
      "question": "건설재해예방 기술지도비\n③ 스팀트랩 ④ 긴급차단장치",
      "options": [
        "스팀트랩 ④ 긴급차단장치"
      ],
      "answer": null,
      "explanation": ""
    },
    {
      "no": 8,
      "question": "본사사용비\n<문제 해설>\n[해설작성자 : 부자아빠]\n이상상태가 발생할 때 밸브를 정지시켜 원료공급을 차단 = 긴급\n차단장치\n아래와 같은 오류 신고가 있었습니다.\n[해설작성자 : comcbt.com 이용자]\n여러분들의 많은 의견 부탁 드립니다.\n추후 여러분들의 의견을 반영하여 정답을 수정하도록 하겠습니\n파열판 : 밀폐된 압력용기나 화학설비 등이 설정압력 이상으로\n다.\n급격하게 압력이 상승하면 파열되면서 압력을 토출하는 장치\n참고로 정답 변경은 오류 신고 5회 이상일 경우 수정합니다.\n안전밸브 : 설비나 배관의 압력이 설정압력을 초과하는 경우 작\n동하여 내부압력을 분출하는 장치\n[오류 신고 내용]\n스팀트랩 : 증기배관 내에 생성하는 응축수는 송기상 지장이 되\n산업안전보건관리비의 사용불가 항목을 나열한 법령이 삭제됨에\n어 제거할 필요가 있는데, 이때 증기가 도망가지 않도록 이 응\n따라 정답이 없는 문제 입니다\n축수를 자동적으로 배출하기 위한 장치\n에듀윌\n[해설작성자 : ㄱㅌ]\n[해설작성자 : 버티기]\n6과목 : 건설안전기술 [관리자 입니다.\n문제지 사진원본 확인해 봤는데",
      "options": [],
      "answer": null,
      "explanation": ""
    },
    {
      "no": 101,
      "question": "단관비계의 도괴 또는 전도를 방지하기 위하여 사용하는\n정답은 4번이네요.\n벽이음의 간격기준으로 옳은 것은?\n관련 규정이 개정 되었을 경우 개정된 법령집 내용 및 링크 삽",
      "options": [
        "수직방향 5m 이하, 수평방향 5m 이하",
        "수직방향 6m 이하, 수평방향 6m 이하",
        "수직방향 7m 이하, 수평방향 7m 이하",
        "수직방향 8m 이하, 수평방향 8m 이하"
      ],
      "answer": null,
      "explanation": ""
    },
    {
      "no": 102,
      "question": "건설업 산업안전보건관리비 내역 중 계상비용에 해당되지 [추가 오류 신고]\n않는 것은? 25. 5. 8. 작성일기준 현행법상 건설재해예방 기술지도는 발주",
      "options": [
        "근로자 건강관리비 청에서 계약하게 되어있어 2,4번이 답 입니다.",
        "건설재해예방 기술지도비 [해설작성자 : ㅎㅎ]",
        "개인보호구 및 안전장구 구입비"
      ],
      "answer": null,
      "explanation": ""
    },
    {
      "no": 103,
      "question": "다음은 산업안전보건법령에 따른 동바리로 사용하는 파이\n④ 외부비계, 작업발판 등의 가설구조물 설치 소요비\n프 서포트에 관한 사항이다. ( )안에 들어갈 내용을 순서대\n<문제 해설>\n로 옳게 나타낸 것은?\n안전관리비 계상기준\n기출문제 해설은 최강 자격증 기출문제 전자문제집 CBT : www.comcbt.com 통해서 실시간으로 변경됩니다.\n본 해설집은 최강 자격증 기출문제 전자문제집 CBT 해설달기 프로젝트에 의해서 만들어진 자료입니다. 해설을 제공해 주신 모든 분들께 감사 드립니다.\n산업안전기사 ◐ 2018년 08월 19일 필기 기출문제 및 해설집◑ 전자문제집 CBT :www.comcbt.com\n③ 위험성평가 기록물의 보존기간은 2년이다.\n④ 위험성평가 기록물에는 평가대상의 유해·위험요인, 위험\n성결정의 내용 등이 포함된다.\n<문제 해설>\n위험성평가기록물의 보존기간은 3년이다.\n[해설작성자 : 산안기대장]",
      "options": [
        "외부비계, 작업발판 등의 가설구조물 설치 소요비",
        "위험성평가 기록물의 보존기간은 2년이다.",
        "위험성평가 기록물에는 평가대상의 유해·위험요인, 위험",
        "A: 2개, B: 2개 ② A: 3개, B: 4개",
        "A: 4개, B: 3개 ④ A: 4개, B: 4개 107. 철골작업에서의 승강로 설치기준 중 ( )안에 알맞은 것은?",
        "20cm ② 30cm",
        "40cm ④ 50cm"
      ],
      "answer": null,
      "explanation": ""
    },
    {
      "no": 104,
      "question": "화물취급 작업 시 준수사항으로 옳지 않은 것은? [해설작성자 : 엄정규]",
      "options": [
        "꼬임이 끊어지거나 심하게 부식된 섬유로프는 화물운반",
        "섬유로프 등을 사용하여 화물취급작업을 하는 경우에 해 보통 계단한개의 높이 생각해보시면 30센티 정도 됩니",
        "차량 등에서 화물을 내리는 작업을 하는 경우에 해당 작"
      ],
      "answer": null,
      "explanation": ""
    },
    {
      "no": 108,
      "question": "사다리식 통로 등을 설치하는 경우 폭은 최소 얼마 이상으\n업에 종사하는 근로자에게 쌓여 있는 화물의 중간에서\n로 하여야 하는가?\n필요한 화물을 빼낼 수 있도록 허용한다.",
      "options": [
        "30cm ② 40cm",
        "하역작업을 하는 장소에서 작업장 및 통로의 위험한 부",
        "50cm ④ 60cm"
      ],
      "answer": null,
      "explanation": ""
    },
    {
      "no": 105,
      "question": "시스템 비계를 사용하여 비계를 구성하는 경우의 준수사항\n으로 옳지 않은 것은? 가설통로: 40, 사다리식 통로: 30",
      "options": [
        "수직재·수평재·가새재를 견고하게 연결하는 구조가 되도 [해설작성자 : 헬스장 그만둔 지운영]"
      ],
      "answer": null,
      "explanation": ""
    },
    {
      "no": 109,
      "question": "추락재해에 대한 예방차원에서 고소작업의 감소를 위한 근\n② 수평재는 수직재와 직각으로 설치하여야 하며, 체결 후\n본적인 대책으로 옳은 것은?\n흔들림이 없도록 견고하게 설치할 것",
      "options": [
        "수평재는 수직재와 직각으로 설치하여야 하며, 체결 후",
        "방망 설치",
        "비계 밑단의 수직재와 받침철물은 밀착 되도록 설치하",
        "지붕트러스의 일체화 또는 지상에서 조립",
        "안전대 사용",
        "비계 등에 의한 작업대 설치",
        "벽 연결재의 설치간격은 시공자가 안전을 고려하여 임의"
      ],
      "answer": null,
      "explanation": ""
    },
    {
      "no": 106,
      "question": "건설공사 위험성평가에 관한 내용으로 옳지 않은 것은? 고소작업 감소의 근본적인 작업이므로 말 그대로 높은곳에서 작",
      "options": [
        "건설물, 기계·기구, 설비 등에 의한 유해·위험요인을 찾 업하지 말고 지상에서 조립하거나 지붕트러스를 일체화시켜버리",
        "사업주는 위험성평가의 실시내용 및 결과를 기록·보존하"
      ],
      "answer": null,
      "explanation": ""
    },
    {
      "no": 112,
      "question": "다음 중 운반작업 시 주의사항으로 옳지 않은 것은?\n근본적대책 : 해당작업의 삭제혹은 다른방향성 제시",
      "options": [
        "운반 시의 시선은 진행방향을 향하고 뒷걸음 운반을 하"
      ],
      "answer": null,
      "explanation": ""
    },
    {
      "no": 110,
      "question": "다음 중 건설공사 유해·위험방지계획서 제출대상 공사가 ② 무거운 물건을 운반할 때 무게 중심이 높은 화물은 인력\n아닌 것은? 으로 운반하지 않는다.",
      "options": [
        "무거운 물건을 운반할 때 무게 중심이 높은 화물은 인력",
        "지상높이가 50m인 건축물 또는 인공구조물 건설공사 ③ 어깨높이보다 높은 위치에서 화물을 들고 운반하여서는",
        "연면적이 3,000m2인 냉동·냉장창고시설의 설비공사 안 된다.",
        "최대 지간길이가 60m인 교량건설공사 ④ 단독으로 긴 물건을 어깨에 메고 운반할 때에는 뒤쪽을",
        "터널건설공사 위로 올린 상태로 운반한다."
      ],
      "answer": null,
      "explanation": ""
    },
    {
      "no": 1,
      "question": "높이 31m 이상 건축물 4.단독으로 긴 물건을 어깨에 메고 운반할 때에는 앞쪽!!을 위로",
      "options": [],
      "answer": null,
      "explanation": ""
    },
    {
      "no": 2,
      "question": "면적 30000m^2 이상 건축물, 5000m^2 이상 문화~냉장 등 올린 상태로 운반한다.\n시설 [해설작성자 : 합격하고 배그하자]",
      "options": [],
      "answer": null,
      "explanation": ""
    },
    {
      "no": 3,
      "question": "지간 50m 이상 다리",
      "options": [],
      "answer": null,
      "explanation": ""
    },
    {
      "no": 113,
      "question": "다음 중 직접기초의 터파기 공법이 아닌 것은?",
      "options": [],
      "answer": null,
      "explanation": ""
    },
    {
      "no": 4,
      "question": "터널",
      "options": [
        "개착 공법"
      ],
      "answer": null,
      "explanation": ""
    },
    {
      "no": 5,
      "question": "2천만원 이상 용수댐\n② 시트 파일 공법",
      "options": [
        "시트 파일 공법"
      ],
      "answer": null,
      "explanation": ""
    },
    {
      "no": 6,
      "question": "10m 이상 굴착공사\n③ 트렌치 컷 공법\n[해설작성자 : 모르면 책을 피자..]\n④ 아일랜드 컷 공법",
      "options": [
        "트렌치 컷 공법",
        "아일랜드 컷 공법"
      ],
      "answer": null,
      "explanation": ""
    },
    {
      "no": 111,
      "question": "겨울철 공사중인 건축물의 벽체 콘크리트 타설 시 거푸집 <문제 해설>\n이 터져서 콘크리트 쏟아지는 사고가 발생하였다. 이 사고 개착공법( open cut) : 주변에 건물이나 지장물이 없을때 경사\n의 발생 원인으로 추정 가능한 사안 중 가장 타당한 것은? 면을 만들면서 파 내려가는 방법 주로 산간지나 도로에서 산을",
      "options": [
        "콘크리트의 타설속도가 빨랐다. 통과 할시 절도공사에 사용하는 것으로 흙의 자유경사각을 이용",
        "진동기를 사용하지 않았다. 하여 ↘___↙ 형식으로 파 내려가는 방식",
        "철근 사용량이 많았다.",
        "콘크리트의 슬럼프가 작았다. 아일랜드공법 : 터파기 중앙부분을 개착공법 형식으로 파 내려"
      ],
      "answer": null,
      "explanation": ""
    },
    {
      "no": 1,
      "question": "철골, 철근량 적을수록 측압이 크다",
      "options": [],
      "answer": null,
      "explanation": ""
    },
    {
      "no": 2,
      "question": "외기온도 낮을수록 측압이 크다 트랜치 컷 공법 : 아일랜드공법과는 반대로 먼저 둘레부분에 흙",
      "options": [],
      "answer": null,
      "explanation": ""
    },
    {
      "no": 3,
      "question": "타설속도 빠를수록 측압이 크다 막이 가시설을 이용하여 구조물을 선 시공하고 선시공된 구조물",
      "options": [],
      "answer": null,
      "explanation": ""
    },
    {
      "no": 4,
      "question": "콘크리트 비중 클수록 측압이 크다 을 흙막이로 이용하여 가운데 부분을 파내어 시공해 나가는 방",
      "options": [],
      "answer": null,
      "explanation": ""
    },
    {
      "no": 5,
      "question": "습도가 낮을수록 측압이 크다 식\n[해설작성자 : 부자아빠]\n[추가 해설]\n습도가 낮다는 것은 건조하다는 것(저습도=건조) 시트파일은 흙막이공법\n온습도,철근량만 반비례(낮을 때 측압이 큽니다) [해설작성자 : 흙을막으면뭐하겠노]\n[해설작성자 : 허찬]",
      "options": [],
      "answer": null,
      "explanation": ""
    },
    {
      "no": 114,
      "question": "건설재해대책의 사면보호공법 중 식물을 생육시켜 그 뿌리\n로 사면의 표층토를 고정하여 빗물에 의한 침식, 동상, 이",
      "options": [],
      "answer": null,
      "explanation": ""
    },
    {
      "no": 1,
      "question": "타설높이 : 타설높이가 높을수록 측압이 커진다.\n완 등을 방지하고, 녹화에 의한 경관조성을 목적으로 시공",
      "options": [],
      "answer": null,
      "explanation": ""
    },
    {
      "no": 2,
      "question": "타설속도 : 타설속도가 빠를수록 측압이 커진다.\n하는 것은?",
      "options": [],
      "answer": null,
      "explanation": ""
    },
    {
      "no": 3,
      "question": "슬럼프 : 슬럼프가 크고 액상에 가까울수록 측압이 커진다.",
      "options": [
        "식생공 ② 쉴드공"
      ],
      "answer": null,
      "explanation": ""
    },
    {
      "no": 4,
      "question": "거푸집 표면상태 : 거푸집 표면 평활도가 클수록 측압이 커진\n③ 뿜어 붙이기공 ④ 블럭공\n다.\n<문제 해설>",
      "options": [
        "뿜어 붙이기공 ④ 블럭공"
      ],
      "answer": null,
      "explanation": ""
    },
    {
      "no": 5,
      "question": "온도 : 타설 시 외기온도가 낮을수록 측압이 커진다.\n식생 = 식물을 생육시킴",
      "options": [],
      "answer": null,
      "explanation": ""
    },
    {
      "no": 6,
      "question": "습도 : 높을수록 측압이 커진다.\n[해설작성자 : 애플마소알파벳]",
      "options": [],
      "answer": null,
      "explanation": ""
    },
    {
      "no": 7,
      "question": "철근량 : 철근량이 적을수록 측압이 커진다.",
      "options": [],
      "answer": null,
      "explanation": ""
    },
    {
      "no": 8,
      "question": "콘크리트비중 : 콘크리트 비중이 클수록 측압이 커진다.",
      "options": [],
      "answer": null,
      "explanation": ""
    },
    {
      "no": 115,
      "question": "훅걸이용 와이어로프 등이 훅으로부터 벗겨지는 것을 방지",
      "options": [],
      "answer": null,
      "explanation": ""
    },
    {
      "no": 9,
      "question": "진동기 사용 : 진동기 사용 시 측압이 커진다.\n하기 위한 장치는?\n모르면 혼동주지마세요 ^^",
      "options": [
        "해지장치",
        "권과방지장치",
        "과부하방지장치 항으로 옳지 않은 것은?",
        "턴버클 ① 굴착 깊이가 10m를 초과하는 경우에는 해당 작업장소와",
        "산소 결핍의 우려가 있는 경우에는 산소의 농도를 측정",
        "근로자가 안전하게 승강하기 위한 설비를 설치한다.",
        "측정 결과 산소의 결핍이 인정될 경우에는 송기를 위한"
      ],
      "answer": null,
      "explanation": ""
    },
    {
      "no": 119,
      "question": "이동식비계를 조립하여 작업을 하는 경우의 준수사항으로\n[해설작성자 : 보라매 오키토키]\n옳지 않은 것은?",
      "options": [],
      "answer": null,
      "explanation": ""
    },
    {
      "no": 116,
      "question": "장비가 위치한 지면보다 낮은 장소를 굴착하는 데 적합한",
      "options": [
        "비계의 최상부에서 작업을 하는 경우에는 안전난간을 설",
        "트럭크레인 ② 파워쇼벨 ② 작업발판은 항상 수평을 유지하고 작업발판 위에서 안전",
        "백호우 ④ 진폴 난간을 딛고 작업을 하거나 받침대 또는 사다리를 사용",
        "작업발판의 최대적재하중은 150kg을 초과하지 않도록"
      ],
      "answer": null,
      "explanation": ""
    },
    {
      "no": 1,
      "question": "파워셔블 할 것\n: 기계가 서 있는 지반면보다 높은 곳의 땅파기에 적합하다. ④ 이동식비계의 바퀴에는 뜻밖의 갑작스러운 이동 또는 전",
      "options": [
        "이동식비계의 바퀴에는 뜻밖의 갑작스러운 이동 또는 전"
      ],
      "answer": null,
      "explanation": ""
    },
    {
      "no": 2,
      "question": "드래그셔블(백호우) 도를 방지하기 위하여 브레이크·쐐기 등으로 바퀴를 고\n: 기계가 서 있는 지면보다 낮은 장소의 굴착 및 수중굴착이 가 정시킨 다음 비계의 일부를 견고한 시설물에 고정하거나\n능(굳은 지반의 토질도 정확히 굴착 된다.) 아웃트리거(outrigger)를 설치하는 등 필요한 조치를 할",
      "options": [],
      "answer": null,
      "explanation": ""
    },
    {
      "no": 3,
      "question": "드래그라인 것\n: 기계가 서 있는 위치보다 낮은 장소의 굴착 및 수중굴착 가능 <문제 해설>\n(연약한 지반의 굴착에 적합) 작업발판의 최대적재하중은 250kg을 초과하지 않을것.",
      "options": [],
      "answer": null,
      "explanation": ""
    },
    {
      "no": 4,
      "question": "클램셸 [해설작성자 : 산안기대장]\n: 가장 협소하고 깊은 굴착이 가능하며 호퍼에 적당(연약지반이",
      "options": [],
      "answer": null,
      "explanation": ""
    },
    {
      "no": 120,
      "question": "항타기 또는 항발기의 권상장치 드럼축과 권상장치로부터\n나 수중굴착 가능)\n첫 번째 도르래의 축 간의 거리는 권상장치 드럼폭의 몇\n[해설작성자 : 코로오롱]\n배 이상으로 하여야 하는가?",
      "options": [],
      "answer": null,
      "explanation": ""
    },
    {
      "no": 117,
      "question": "추락방지용 방망 중 그물코의 크기가 5cm인 매듭방망 신",
      "options": [
        "5배 ② 8배",
        "10배 ④ 15배",
        "60 ② 110 <문제 해설>",
        "150 ④ 200 사업주는 항타기 또는 항발기의 권상장치의 드럼축과 권상장치"
      ],
      "answer": null,
      "explanation": ""
    },
    {
      "no": 118,
      "question": "잠함 또는 우물통의 내부에서 굴착작업을 할 때의 준수사\n기출문제 해설은 최강 자격증 기출문제 전자문제집 CBT : www.comcbt.com 통해서 실시간으로 변경됩니다.\n본 해설집은 최강 자격증 기출문제 전자문제집 CBT 해설달기 프로젝트에 의해서 만들어진 자료입니다. 해설을 제공해 주신 모든 분들께 감사 드립니다.\n산업안전기사 ◐ 2018년 08월 19일 필기 기출문제 및 해설집◑ 전자문제집 CBT :www.comcbt.com\n본 해설집의 저작권은 www.comcbt.com에 있으며\n카페, 블로그 등의 업로드 및 개인적 활용 이외에\n문서의 수정 및 DB 저장, 기타 금전적 이익을 취하는\n일체의 행위를 금지 합니다.\n전자문제집 CBT 홈페이지 : www.comcbt.com\n기출문제 및 해설집 다운로드 : www.comcbt.com/xe\n전자문제집 CBT 앱(구글플레이) : [다운로드]\n전자문제집 CBT란?\n인터넷으로 종이 없이 문제를 풀고 자동채점하는 프로그램으로\n워드, 컴활, 기능사 등의 상설검정에서 사용하는 실제 프로그램\n방식입니다.\n해설을 제공하며 PC 버전 및 모바일 버전 완벽 연동\n교사용/학생용 관리기능도 제공합니다.\n오답 및 오탈자가 수정된 최신 자료와 해설은 전자문제집 CBT\n에서 확인하세요.\n1 2 3 4 5 6 7 8 9 10\n② ④ ② ④",
      "options": [
        "④ ② ④ ① ② ① ① ① ①",
        "③ ④ ④ ③ ③ ③ ④ ② ③",
        "③ ③ ④ ③ ② ① ② ④ ④",
        "② ③ ③ ④ ④ ② ① ① ④",
        "① ② ④ ④ ② ① ④ ③ ②",
        "① ① ④ ① ④ ② ③ ② ③",
        "① ① ④ ④ ① ② ② ③ ③",
        "④ ② ① ② ① ② ④ ③ ③",
        "④ ③ ③ ① ② ① ① ④ ④",
        "④ ② ③ ③ ④ ② ① ④ ④",
        "④ ② ③ ④ ③ ② ① ② ②",
        "④ ② ① ① ③ ② ① ③ ④"
      ],
      "answer": null,
      "explanation": ""
    }
  ]
}