{
  "title": "산업안전기사20200822(해설집) (2).pdf",
  "questions": [
    {
      "no": 1,
      "question": "레빈(Lewin)의 인간 행동 특성을 다음과 같이 표현하였다. 변\n대책을 토의\n수 'E'가 의미하는 것은?\n패널 디스커션: (배심토의) 특정 주제에 대해 의견을 달리하는\n3~6인의 참가자들이 사회자의 진행에 따라 청중 앞에서 토의\n[해설작성자 : 공방카페]",
      "options": [
        "연령 ② 성격",
        "환경 ④ 지능"
      ],
      "answer": null,
      "explanation": ""
    },
    {
      "no": 5,
      "question": "안전점검의 종류 중 태풍, 폭우 등에 의한 침수, 지진 등의\nB : behavior(행동)\n천재지변이 발생한 경우나 이상사태 발생시 관리자나 감독자\nf : function(함수)\n가 기계, 기구, 설비 등의 기능상 이상 유무에 대하여 점검하\nP : person(사람)\n는 것은?\nE : environment(환경)",
      "options": [
        "일상점검 ② 정기점검",
        "특별점검 ④ 수시점검"
      ],
      "answer": null,
      "explanation": ""
    },
    {
      "no": 2,
      "question": "다음 중 안전교육의 형태 중 OJT(On The Job of training)",
      "options": [],
      "answer": null,
      "explanation": ""
    },
    {
      "no": 1,
      "question": "일상점검 : 매일 수시로 작업 전/중/후 실시 ( = 수시점검 )\n교육에 대한 설명과 거리가 먼 것은?",
      "options": [],
      "answer": null,
      "explanation": ""
    },
    {
      "no": 2,
      "question": "정기점검 : 매월 1회 주기로 설비의 손상 점검 ( = 계획점검",
      "options": [
        "다수의 근로자에게 조직적 훈련이 가능하다.",
        "직장의 실정에 맞게 실제적인 훈련이 가능하다."
      ],
      "answer": null,
      "explanation": ""
    },
    {
      "no": 3,
      "question": "특별점검 : 설비 신설/변경 시, 천재지변 등\n③ 훈련에 필요한 업무의 지속성이 유지된다.",
      "options": [
        "훈련에 필요한 업무의 지속성이 유지된다."
      ],
      "answer": null,
      "explanation": ""
    },
    {
      "no": 4,
      "question": "임시점검 : 갑작스런 이상 시 진행\n④ 직장의 직속상사에 의한 교육이 가능하다.\n[해설작성자 : succ9491]\n<문제 해설>\nOJT는 on the job training으로 개별교육에 적합하다",
      "options": [
        "직장의 직속상사에 의한 교육이 가능하다."
      ],
      "answer": null,
      "explanation": ""
    },
    {
      "no": 6,
      "question": "다음 중 산업재해의 원인으로 간접적 원인에 해당되지 않는\n* OFF JT의 경우 외부강사를 초청하여 근로자를 일정한 장소이\n것은?\n집합시켜 실시하는 교육으로, 단체교육에 적합하다..",
      "options": [
        "기술적 원인 ② 물적 원인",
        "관리적 원인 ④ 교육적 원인"
      ],
      "answer": null,
      "explanation": ""
    },
    {
      "no": 3,
      "question": "다음 중 안전교육의 기본 방향과 가장 거리가 먼 것은?\n물적 원인, 인적 원인 : 직접적인 원인",
      "options": [
        "생산성 향상을 위한 교육",
        "사고사례중심의 안전교육",
        "안전작업을 위한 교육"
      ],
      "answer": null,
      "explanation": ""
    },
    {
      "no": 7,
      "question": "산업안전보건법령상 안전보건관리책임자 등에 대한 교육시간\n④ 안전의식 향상을 위한 교육\n기준으로 틀린 것은?\n<문제 해설>",
      "options": [
        "안전의식 향상을 위한 교육",
        "보건관리자, 보건관리전문기관의 종사자 보수교육 : 24시"
      ],
      "answer": null,
      "explanation": ""
    },
    {
      "no": 1,
      "question": "사고사례 중심의 안전교육\n② 안전관리자, 안전관리전문기관의 종사자 신규교육 : 34시",
      "options": [
        "안전관리자, 안전관리전문기관의 종사자 신규교육 : 34시"
      ],
      "answer": null,
      "explanation": ""
    },
    {
      "no": 2,
      "question": "안전작업(표준작업)을 위한 안전교육\n간 이상",
      "options": [],
      "answer": null,
      "explanation": ""
    },
    {
      "no": 3,
      "question": "안전의식 향상을 위한 안전교육\n③ 안전보건관리책임자 보수교육 : 6시간 이상\n[해설작성자 : 민트초코쿠키]\n④ 건설재해예방전문지도기관의 종사자 신규교육 : 24시간\n이상",
      "options": [
        "안전보건관리책임자 보수교육 : 6시간 이상",
        "건설재해예방전문지도기관의 종사자 신규교육 : 24시간"
      ],
      "answer": null,
      "explanation": ""
    },
    {
      "no": 4,
      "question": "다음 설명의 학습지도 형태는 어떤 토의법 유형인가?\n<문제 해설>\n교육시간\n신규\n보수\n가. 안전보건관리책임자 6시간이상",
      "options": [
        "포럼(Forum)",
        "버즈세션(Buzz session)",
        "케이스 메소드(case method)",
        "패널 디스커션(Panel Discussion)"
      ],
      "answer": null,
      "explanation": ""
    },
    {
      "no": 8,
      "question": "매슬로우(Maslow)의 욕구단계 이론 중 제2단계 욕구에 해당\n보기 (1)은 원인연계랑 손실우연을 합친것으로\n하는 것은?\n낚으려고 낸 문제임",
      "options": [
        "자아실현의 욕구",
        "안전에 대한 욕구",
        "사회적 욕구",
        "생리적 욕구",
        "생리적욕구 ② 안전의욕구 ③ 사회적요구 ④ 인정받으려는욕 아닌 것은?",
        "자아실현의욕구 ① 일관성의 원리 ② 계속성의 원리",
        "준비성의 원리 ④ 강도의 원리"
      ],
      "answer": null,
      "explanation": ""
    },
    {
      "no": 9,
      "question": "다음 중 재해예방의 4원칙과 관련이 가장 적은 것은?\n(3) 시간의 원리",
      "options": [
        "모든 재해의 발생 원인은 우연적인 상황에서 발생한다.",
        "재해손실은 사고가 발생할 때 사고 대상의 조건에 따라",
        "재해예방을 위한 가능한 안전대책은 반드시 존재한다. 11. 인간의 동작특성 중 판단과정의 착오요인이 아닌 것은?",
        "재해는 원칙적으로 원인만 제거되면 예방이 가능하다. ① 합리화 ② 정서불안정",
        "작업조건불량 ④ 정보부족",
        "물적 불안전 상태",
        "잠재된 위험의 상태"
      ],
      "answer": null,
      "explanation": ""
    },
    {
      "no": 12,
      "question": "산업안전보건법령상 안전/보건표지의 색채와 사용사례의 연\n[해설작성자 : 또오리]\n결로 틀린 것은?",
      "options": [
        "노란색 – 정지신호, 소화설비 및 그 장소, 유해행위의 금 15. 허즈버그(Herzberg)의 위생-동기 이론에서 동기요인에 해당",
        "파란색 – 특정 행위의 지시 및 사실의 고지 ① 감독 ② 안전",
        "빨간색 – 화학물질 취급장소에서의 유해/위험 경고 ③ 책임감 ④ 작업조건",
        "녹색 – 비상구 및 피난소, 사람 또는 차량의 통행표지 <문제 해설>",
        "조직의 정책과 방침",
        "작업조건",
        "대인관계",
        "임금, 신분, 지위",
        "감독 등",
        "직무상의 성취",
        "인정",
        "성장 또는 발전",
        "책임의 증대"
      ],
      "answer": null,
      "explanation": ""
    },
    {
      "no": 13,
      "question": "산업안전보건법령상 안전/보건표지의 종류 중 다음 표지의\n⑤ 도전\n명칭은? (단, 마름모 테두리는 빨간색이며, 안의 내용은 검\n⑥ 직무내용자체(보람된 직무) 등\n은색이다.)\n[해설작성자 : DoubleM2]\n히즈버크의 2요인론",
      "options": [
        "도전"
      ],
      "answer": null,
      "explanation": ""
    },
    {
      "no": 1,
      "question": "위생요인(직무환경): 안전,작업조건, 임금 지위 대인관계(개인\n상호간의 관계) 회사 정책과 관리 감독 등으로 환경적 요인을\n뜻한다.",
      "options": [],
      "answer": null,
      "explanation": ""
    },
    {
      "no": 2,
      "question": "동기요인(직무내용): 성취감 인정 작업 자체 책임감 성장과",
      "options": [
        "폭발성물질 경고 발전, 도전감 등으로 직무 만족과 생산력 증가에 영향을 준다",
        "산화성물질 경고 [해설작성자 : 밍]",
        "부식성물질 경고",
        "급성독성물질 경고 * 위생적요인 : 사람의 불만족을 제거하기 위한 것"
      ],
      "answer": null,
      "explanation": ""
    },
    {
      "no": 14,
      "question": "하인리히의 재해발생 이론이 다음과 같이 표현될 때, α가\n의미하는 것으로 옳은 것은? * 동기적요인 : 사람의 만족을 위한 것\n- 동기적 요인은 모두 내적인 만족을 위한 것\n- 인정 받고, 성취한다고 외적요인(돈과 성공)이 따라오는 것",
      "options": [
        "노출된 위험의 상태 은 아니다.",
        "재해의 직접적인 원인 [해설작성자 : 합격하자]"
      ],
      "answer": null,
      "explanation": ""
    },
    {
      "no": 16,
      "question": "재해분석도구 중 재해발생의 유형을 어골상(魚骨像)으로 분\n[해설작성자 : comcbt.com 이용자]\n류하여 분석하는 것은?",
      "options": [
        "파레토도 ② 특성요인도",
        "관리도 ④ 클로즈분석",
        "사망 및 영구 전노동불능(신체장해등급 1~3급)의 근로손",
        "신체장해등급 중 제14급은 근로손실일수를 50일로 환산",
        "영구 일부 노동불능은 신체 장해등급에 따른 근로손실일",
        "일시 전노동 불능은 휴업일수에 300/365를 곱하여 근로"
      ],
      "answer": null,
      "explanation": ""
    },
    {
      "no": 17,
      "question": "다음 중 안전모의 성능시험에 있어서 AE, ABE종에만 한하\n여 실시하는 시험은? 20. 다음 중 브레인 스토밍의 4원칙과 가장 거리가 먼 것은?",
      "options": [
        "내관통성시험, 충격흡수성시험 ① 자유로운 비평",
        "난연성시험, 내수성시험 ② 자유분방한 발언",
        "난연성시험, 내전압성시험 ③ 대량적인 발언",
        "내전압성시험, 내수성시험 ④ 타인 의견의 수정 발언"
      ],
      "answer": null,
      "explanation": ""
    },
    {
      "no": 21,
      "question": "화학설비의 안전성 평가에서 정량적 평가의 항목에 해당되\n련)\n지 않는 것은?\n내관통성, 내전압성, 내수성 총 3가지 시험을(포함) 합니다.",
      "options": [
        "훈련 ② 조작",
        "취급물질 ④ 화학설비용량"
      ],
      "answer": null,
      "explanation": ""
    },
    {
      "no": 18,
      "question": "플리커 검사(flicker test)의 목적으로 가장 적절한 것은? <문제 해설>",
      "options": [
        "혈중 알코올농도 측정 정량적평가(안전성 평가 제 3단계)",
        "체내 산소량 측정 ① 각 구성요소의 물질",
        "작업강도 측정 ② 화학설비의 용량",
        "피로의 정도 측정 ③ 온도",
        "압력",
        "조작"
      ],
      "answer": null,
      "explanation": ""
    },
    {
      "no": 22,
      "question": "인간 에러(human error)에 관한 설명으로 틀린 것은?",
      "options": [
        "omission error : 필요한 작업 또는 절차를 수행하지 않",
        "commission error : 필요한 작업 또는 절차의 수행지연",
        "extraneous error : 불필요한 작업 또는 절차를 수행함으",
        "sequential error : 필요한 작업 또는 절차의 순서 착오로",
        "부품 X ② 부품 X",
        "부품 X ④ 부품 X"
      ],
      "answer": null,
      "explanation": ""
    },
    {
      "no": 1,
      "question": "생략 오류(Omission Error)\n(1+1+1)*(1+0)*(1+0)=1*1*1=1",
      "options": [],
      "answer": null,
      "explanation": ""
    },
    {
      "no": 2,
      "question": "작위 오류(Commission Error): 불필요하거나 잘못된 행동을\n4)X4가 복구될 때\n수행하여 발생하는 오류입니다..예를 들어, 잘못된 버튼을 누르\n(1+1+1)*(1+1)*(1+0)=1*1*1=1\n거나 절차를 잘못 이해하여 실행하는 경우입니다.\n5)X5가 복구될 때",
      "options": [],
      "answer": null,
      "explanation": ""
    },
    {
      "no": 3,
      "question": "순서 오류(Sequence Error)\n(1+1+1)*(1+1)*(1+1)=1*1*1=1",
      "options": [],
      "answer": null,
      "explanation": ""
    },
    {
      "no": 4,
      "question": "시간 오류(Timing Error)\n부품을 1부터 5까지 순차적으로 복구 할 때, X3을 복구하는 시\n[해설작성자 : 닥터김]\n점부터 신호1이 출력됨",
      "options": [],
      "answer": null,
      "explanation": ""
    },
    {
      "no": 23,
      "question": "다음은 유해위험방지계획서의 제출에 관한 설명이다. ( )안 [해설작성자 : 전기3기사]\n의 들어갈 내용으로 옳은 것은?\n간단하게 푸는방법\n- 셋다 OR 게이트 (합게이트, 아무거나 하나만 동작하면 된다고\n생각) 이므로 3개의 or 게이트들이 모두 움직일 수 있는 상태가\n순서대로 123이 최소 수리되었을때 부터 동작 가능함\n번외로 AND 게이트는 곱게이트이므로 하나만 0이여도 동작이\n불가능하다고 구분하면 쉬움\n[해설작성자 : comcbt.com 이용자]",
      "options": [],
      "answer": null,
      "explanation": ""
    },
    {
      "no": 25,
      "question": "눈과 물체의 거리가 23cm, 시선과 직각으로 측정한 물체의",
      "options": [
        "㉠ : 7일전, ㉡ : 2",
        "㉠ : 7일전, ㉡ : 4",
        "㉠ : 15일전, ㉡ : 2"
      ],
      "answer": null,
      "explanation": ""
    },
    {
      "no": 57,
      "question": "3과 60을 모두 적용하여 계산하도록 한다.)\n④ ㉠ : 15일전, ㉡ : 4",
      "options": [
        "㉠ : 15일전, ㉡ : 4",
        "0.001 ② 0.007",
        "4.48 ④ 24.55"
      ],
      "answer": null,
      "explanation": ""
    },
    {
      "no": 0,
      "question": "03/23=각도(단위:rad)\n[해설작성자 : 채시호수]\n이를 분(m)으로 환산하기 위해서",
      "options": [],
      "answer": null,
      "explanation": ""
    },
    {
      "no": 24,
      "question": "그림과 같이 FTA로 분석된 시스템에서 현재 모든 기본사상\n(0.03 / 23) * 180 / pi * 60 (180/pi = 57.3)\n에 대한 부품이 고장난 상태이다. 부품 X 부터 부품 X 까\n1 5",
      "options": [],
      "answer": null,
      "explanation": ""
    },
    {
      "no": 0,
      "question": "03 / 23 * 57.3 * 60 = 4.48xxx\n지 순서대로 복구한다면 어느 부품을 수리 완료하는 시점에\n[해설작성자 : DoubleM2]\n서 시스템이 정상가동 되는가?\n기출문제 해설은 최강 자격증 기출문제 전자문제집 CBT : www.comcbt.com 통해서 실시간으로 변경됩니다.\n본 해설집은 최강 자격증 기출문제 전자문제집 CBT 해설달기 프로젝트에 의해서 만들어진 자료입니다. 해설을 제공해 주신 모든 분들께 감사 드립니다.\n산업안전기사 ◐ 2020년 08월 22일 필기 기출문제 및 해설집◑ 전자문제집 CBT :www.comcbt.com\n여러분들의 많은 의견 부탁 드립니다.\n위에 해설 보기 힘들어서 다시 적음 추후 여러분들의 의견을 반영하여 정답을 수정하도록 하겠습니",
      "options": [],
      "answer": null,
      "explanation": ""
    },
    {
      "no": 57,
      "question": "3 x 60 x 0.03 다.\n시각 = ----------------- = 4.484 참고로 정답 변경은 오류 신고 5회 이상일 경우 수정합니다.\n23\n[해설작성자 : 띠꾸리루디] [오류 신고 내용]\n답 1번아닌가요?\n이 문제에서 나오는 각도 단위는 총 3개 냄새의확산제어가능할수있다\nrad, ˚, 분\n성안당1 번\nrad -> ˚으로 바꾸는 상수 57.3 [해설작성자 : 최재서1]\n˚ -> 분으로 바꾸는 상수 60\n[오류신고 반론]\ntan 생각하면 각도(rad)= 크기/거리 네이버 찾아보니 답4번인것같습니다 다른 분들의견올려주십쇼\n이 값에 2번 환산해주면 답. [해설작성자 : 최재서1]\n[해설작성자 : Rivolo]\n[추가 오류 신고]\n각도 단위변환 성안당 답 1번입니다.\n360도분법의 1도를 60등분한게 1분 이라는군요.. 산업안전하고 23년도 교재입니다.\n밀접한 단위변환? [해설작성자 : 가능하다아입니까]\n구하는 각도 = tan^-1 (0.03/ 23) [degree] *\n[60min/1degree] [추가 오류 신고]\n= tan^-1 (0.03/ 23) *60[min] 부취제는 경보장치가 아닙니다..1번이 정답\n= 4.48[min] [해설작성자 : comcbt.com 이용자]\n[해설작성자 : comcbt.com 이용자]\n[오류신고 반론]",
      "options": [],
      "answer": null,
      "explanation": ""
    },
    {
      "no": 26,
      "question": "Sanders와 McCormick의 의자 설계의 일반적인 원칙으로\n구민사, 4번 정답으로 표기됨, 설명은 \"다른 표시장치와 보조수\n옳지 않은 것은?\n단으로 사용될 수 있다.\"",
      "options": [
        "요부 후반을 유지한다.",
        "조정이 용이해야 한다.",
        "등근육의 정적부하를 줄인다.",
        "디스크가 받는 압력을 줄인다."
      ],
      "answer": 3,
      "explanation": ""
    },
    {
      "no": 1,
      "question": "요추의 전만곡선을 유지할것\n나 일부 형태에서 경보장치로 사용된다(ex. 농약의 불쾌한 냄새)",
      "options": [],
      "answer": null,
      "explanation": ""
    },
    {
      "no": 2,
      "question": "디스크의 압력을 줄인다\n[해설작성자 : 감자도리]",
      "options": [],
      "answer": null,
      "explanation": ""
    },
    {
      "no": 3,
      "question": "등근육의 정격부하를 감소",
      "options": [],
      "answer": null,
      "explanation": ""
    },
    {
      "no": 4,
      "question": "자세고정을 줄인다.\n[오류신고 반론]",
      "options": [],
      "answer": null,
      "explanation": ""
    },
    {
      "no": 5,
      "question": "쉽게조절 할수 있도록 설계\n2024 구민사\n[해설작성자 : jeon]\n광부들에게 긴급대피를 알려주기 위하여 악취시스템 사용\n환기계통에 악취 주입하여 즉시 갱내에 퍼지도록한다.",
      "options": [],
      "answer": null,
      "explanation": ""
    },
    {
      "no": 27,
      "question": "후각적 표시장치(olfactory display)와 관련된 내용으로 옳지\n[해설작성자 : 네번째기사]\n않은 것은?",
      "options": [
        "냄새의 확산을 제어할 수 없다.",
        "시각적 표시장치에 비해 널리 사용되지 않는다.",
        "냄새에 대한 민감도의 개별적 차이가 존재한다.",
        "경보 장치로서 실용성이 없기 때문에 사용되지 않는다."
      ],
      "answer": null,
      "explanation": ""
    },
    {
      "no": 4,
      "question": "경보장치로서 실용성이 없기 때문에 사용되지 않는다 → 부",
      "options": [],
      "answer": null,
      "explanation": ""
    },
    {
      "no": 28,
      "question": "그림과 같은 FT도에서 F = 0.015, F = 0.02, F = 0.05\n1 2 3\n취제로 도시가스에 악취가 나게 하는 것으로 활용 중\n이면, 정상사상 T가 발생할 확률은 약 얼마인가?\n[해설작성자 : DoubleM2]\n아래와 같은 오류 신고가 있었습니다.\n기출문제 해설은 최강 자격증 기출문제 전자문제집 CBT : www.comcbt.com 통해서 실시간으로 변경됩니다.\n본 해설집은 최강 자격증 기출문제 전자문제집 CBT 해설달기 프로젝트에 의해서 만들어진 자료입니다. 해설을 제공해 주신 모든 분들께 감사 드립니다.\n산업안전기사 ◐ 2020년 08월 22일 필기 기출문제 및 해설집◑ 전자문제집 CBT :www.comcbt.com\nFM : 빈도계수\nCM : 커플링계수\n[해설작성자 : 취업도힘든데자격증시험좀쉽게내주면안돼?]",
      "options": [],
      "answer": null,
      "explanation": ""
    },
    {
      "no": 30,
      "question": "인간공학을 기업에 적용할 때의 기대효과로 볼 수 없는 것\n은?",
      "options": [
        "노사 간의 신뢰 저하",
        "작업손실시간의 감소",
        "제품과 작업의 질 향상",
        "작업자의 건강 및 안전 향상",
        "0.0002 ② 0.0283"
      ],
      "answer": null,
      "explanation": ""
    },
    {
      "no": 1,
      "question": "산업재해의 감소\n③ 0.0503 ④ 0.9500",
      "options": [
        "0.0503 ④ 0.9500"
      ],
      "answer": null,
      "explanation": ""
    },
    {
      "no": 2,
      "question": "생산원가의 절감\n<문제 해설>",
      "options": [],
      "answer": null,
      "explanation": ""
    },
    {
      "no": 3,
      "question": "재해로 인한 손실 감소\nA는 AND회로 F1*F2 = 0.0003",
      "options": [],
      "answer": null,
      "explanation": ""
    },
    {
      "no": 4,
      "question": "직무 만족도의 향상\nT는 OR회로 A+F3 = 0.0003+0.05 = 0.0503",
      "options": [],
      "answer": null,
      "explanation": ""
    },
    {
      "no": 5,
      "question": "기업의 이미지와 상품선호도 향상\n[해설작성자 : DoubleM2]",
      "options": [],
      "answer": null,
      "explanation": ""
    },
    {
      "no": 6,
      "question": "노사간의 신뢰구축\n아래와 같은 오류 신고가 있었습니다.\n따라서 1번\n여러분들의 많은 의견 부탁 드립니다.\n[해설작성자 : 무야호]\n추후 여러분들의 의견을 반영하여 정답을 수정하도록 하겠습니\n다. 31. THERP(Technique for Human Error Rate Prediction)의 특\n참고로 정답 변경은 오류 신고 5회 이상일 경우 수정합니다. 징에 대한 설명으로 옳은 것을 모두 고른 것은?\n[오류 신고 내용]\nor회로 계산이 잘못된것 같아요\n병렬계산으로\n1-(1-0.0003)(1-0.05)=0.050285 약 0.0503이 맞는것 같습니\n다.\n[해설작성자 : 산업안전기사어린이]\n[추가 오류 신고]",
      "options": [
        "㉠, ㉡ ② ㉠, ㉢",
        "㉡, ㉢ ④ ㉠, ㉡, ㉢"
      ],
      "answer": null,
      "explanation": ""
    },
    {
      "no": 29,
      "question": "NOISH lifting guideline에서 권장무게한계(RWL) 산출에 사\n[해설작성자 : DoubleM2]\n용되는 계수가 아닌 것은?",
      "options": [
        "휴식 계수 ② 수평 계수",
        "수직 계수 ④ 비대칭 계수",
        "차폐음과 배음의 주파수가 가까울 때 차폐효과가 크다.",
        "헤어드라이어 소음 때문에 전화 음을 듣지 못한 것과 관",
        "유의적 신호와 배경 소음의 차이를 신호/소음(S/N) 비로",
        "차폐효과는 어느 한 음 때문에 다른 음에 대한 감도가",
        "0.0091 ② 0.0595",
        "0.9405 ④ 0.9811"
      ],
      "answer": null,
      "explanation": ""
    },
    {
      "no": 0,
      "question": "95 * [1-{(1-0.9)*(1-0.9)}]= 0.9405",
      "options": [],
      "answer": null,
      "explanation": ""
    },
    {
      "no": 33,
      "question": "산업안전보건기준에 관한 규칙상 '강렬한 소음 작업'에 해당 실패확률을 구해야하므로, 1-0.9405 = 0.0595\n하는 기준은? [해설작성자 : 갈맥이]",
      "options": [
        "85데시벨 이상의 소음이 1일 4시간 이상 발생하는 작업"
      ],
      "answer": null,
      "explanation": ""
    },
    {
      "no": 36,
      "question": "인간이 기계보다 우수한 기능으로 옳지 않은 것은? (단, 인\n② 85데시벨 이상의 소음이 1일 8시간 이상 발생하는 작업\n공지능은 제외한다.)\n③ 90데시벨 이상의 소음이 1일 4시간 이상 발생하는 작업",
      "options": [
        "85데시벨 이상의 소음이 1일 8시간 이상 발생하는 작업",
        "90데시벨 이상의 소음이 1일 4시간 이상 발생하는 작업",
        "암호화된 정보를 신속하게 대량으로 보관할 수 있다.",
        "90데시벨 이상의 소음이 1일 8시간 이상 발생하는 작업",
        "관찰을 통해서 일반화하여 귀납적으로 추리한다.",
        "항공사진의 피사체나 말소리처럼 상황에 따라 변화하는"
      ],
      "answer": null,
      "explanation": ""
    },
    {
      "no": 1,
      "question": "소음작업 : 하루8시간 동안 85dB 이상의 소음이 발생하는 작\n복잡한 자극의 형태를 식별할 수 있다.\n업\n④ 수신 상태가 나쁜 음극선관에 나타나는 영상과 같이 배",
      "options": [
        "수신 상태가 나쁜 음극선관에 나타나는 영상과 같이 배"
      ],
      "answer": null,
      "explanation": ""
    },
    {
      "no": 2,
      "question": "강렬한 소음 작업\n경 잡음이 심한 경우에도 신호를 인지할 수 있다.\n1) 8시간(일) 90db 이상 2) 4시간(일) 95db 이상\n<문제 해설>\n3) 2시간(일) 100db 이상 4) 1시간(잃) 105db 이상\n기계는 정보의 저장 능력이 매우 뛰어나다.\n5) 30분(일) 110db 이상 6) 15분(일) 115db 이상\n[해설작성자 : gunner]\n[해설작성자 : comcbt.com 이용자]\n정보 저장은 인간 기계 다 우수함. 구별은 “암호화된” 정보가\n최대치를 90db 에 8 시간으로 잡고, 5db 올라갈 때마다 시간이\n나오면 기계가 우수\n반으로 줄어듬\n[해설작성자 : 정종대짱]\n[해설작성자 : comcbt.com 이용자]",
      "options": [],
      "answer": null,
      "explanation": ""
    },
    {
      "no": 37,
      "question": "FTA에서 사용되는 최소 컷셋에 대한 설명으로 옳지 않은",
      "options": [],
      "answer": null,
      "explanation": ""
    },
    {
      "no": 34,
      "question": "HAZOP 기법에서 사용하는 가이드 워드와 의미가 잘못 연\n것은?\n결된 것은?",
      "options": [
        "일반적으로 Fussell Algorithm을 이용한다.",
        "No/Not – 설계 의도의 완전한 부정",
        "정상사상(Top event)을 일으키는 최소한의 집합이다.",
        "More/Less – 정량적인 증가 또는 감소",
        "반복되는 사건이 많은 경우 Limnios와 Ziani Algorithm을",
        "Part of – 성질상의 감소",
        "Other than – 기타 환경적인 요인",
        "시스템에 고장이 발생하지 않도록 하는 모든 사상의 집"
      ],
      "answer": null,
      "explanation": ""
    },
    {
      "no": 38,
      "question": "직무에 대하여 청각적 자극 제시에 대한 음성 응답을 하도\n록 할 때 가장 관련 있는 양립성은?",
      "options": [],
      "answer": null,
      "explanation": ""
    },
    {
      "no": 35,
      "question": "그림과 같이 신뢰도가 95%인 펌프 A가 각각 신뢰도 90%인",
      "options": [
        "공간적 양립성 ② 양식 양립성",
        "운동 양립성 ④ 개념적 양립성"
      ],
      "answer": null,
      "explanation": ""
    },
    {
      "no": 42,
      "question": "롤러기의 급정지장치에 관한 설명으로 가장 적절하지 않은\n이와 비슷하게 시각적 부호에서의 부호의 양립성(인간의 기대와\n것은?\n모순되지 않아야 한다.) 와 같음",
      "options": [
        "복부 조작식은 조작부 중심점을 기준으로 밑면으로부터"
      ],
      "answer": null,
      "explanation": ""
    },
    {
      "no": 1,
      "question": "2 ~ 1.4m 이내의 높이로 설치한다.\n② 손 조작식은 조작부 중심점을 기준으로 밑면으로부터\n청각, 음성 - 양식 양립성",
      "options": [
        "손 조작식은 조작부 중심점을 기준으로 밑면으로부터"
      ],
      "answer": null,
      "explanation": ""
    },
    {
      "no": 1,
      "question": "8m이내의 높이로 설치한다.\n청양 고추 라 외우면 쉬움^^\n③ 급정지장치의 조작부에 사용하는 줄은 사용중에 늘어져\n[해설작성자 : 루처]\n서는 안된다.",
      "options": [
        "급정지장치의 조작부에 사용하는 줄은 사용중에 늘어져"
      ],
      "answer": null,
      "explanation": ""
    },
    {
      "no": 39,
      "question": "컴퓨터 스크린 상에 있는 버튼을 선택하기 위해 커서를 이 ④ 급정지장치의 조작부에 사용하는 줄은 충분한 인장강도\n동시키는데 걸리는 시간을 예측하는 가장 적합한 법칙은? 를 가져야 한다.",
      "options": [
        "급정지장치의 조작부에 사용하는 줄은 충분한 인장강도",
        "Fitts의 법칙 ② Lewin의 법칙 <문제 해설>",
        "Hick의 법칙 ④ Weber의 법칙 복부조작식 : 0.8~1.1"
      ],
      "answer": null,
      "explanation": ""
    },
    {
      "no": 43,
      "question": "연삭기의 안전작업수칙에 대한 설명 중 가장 거리가 먼 것\nF1 보시는 분들은 피트 스탑 연계해서 외우시면 되실 것 같아요\n은?\n피트 스탑은 얼마나 빠르게 하는지가 중요하니까",
      "options": [
        "숫돌의 정면에 서서 숫돌 원주면을 사용한다.",
        "숫돌 교체시 3분 이상 시운전을 한다."
      ],
      "answer": null,
      "explanation": ""
    },
    {
      "no": 40,
      "question": "설비의 고장과 같이 발생확률이 낮은 사건의 특정시간 또는 ③ 숫돌의 회전은 최고 사용 원주속도를 초과하여 사용하지\n구간에서의 발생횟수를 측정하는 데 가장 적합한 확률분포 않는다.\n는? ④ 연삭숫돌에 충격을 가하지 않는다.",
      "options": [
        "숫돌의 회전은 최고 사용 원주속도를 초과하여 사용하지",
        "연삭숫돌에 충격을 가하지 않는다.",
        "이항분포(Binomial distribution) <문제 해설>",
        "푸아송분포(Poisson distribution) 작업자는 숫돌 측면에 서서 사용하여야하나 숫돌 측면을 사용하",
        "와이블분포(Weibulll distribution) 면 파괴되니 헷갈리지 말것",
        "지수분포(Exponential distribution) [해설작성자 : 윤짱]"
      ],
      "answer": null,
      "explanation": ""
    },
    {
      "no": 44,
      "question": "롤러기의 가드와 위험점간의 거리가 100mm일 경우 ILO 규\n푸아송 분포 : 확률론에서 단위 시간 안에 어떤 사건이 몇 번\n정에 의한 가드 개구부의 안전간격은?\n발생한 것 인지를 표현하는 이산 확률 분포이다.",
      "options": [
        "11mm ② 21mm",
        "26mm ④ 31mm"
      ],
      "answer": null,
      "explanation": ""
    },
    {
      "no": 41,
      "question": "산업안전보건법령상 양중기를 사용하여 작업하는 운전자 또 X : 가드와 위험점간의 거리(안전거리) [mm] 단, X < 160\n는 작업자가 보기 쉬운 곳에 해당 양중기에 대해 표시하여 Y : 가드 개구부 간격(안전거리) [mm] 단, X ≥ 160이면 Y=30\n야할 내용으로 가장 거리가 먼 것은? (단, 승강기는 제외한 [해설작성자 : 갈맥이]\n다.)",
      "options": [
        "정격 하중 ② 운전 속도 6+(0.15*100)=21mm",
        "경고 표시 ④ 최대 인양 높이 [해설작성자 : 루피]"
      ],
      "answer": null,
      "explanation": ""
    },
    {
      "no": 45,
      "question": "지게차의 포크에 적재된 화물이 마스트 후방으로 낙하함으\n양중기에는 산업안전보건 기준에 관한규칙 제133조(정격하중등\n로서 근로자에게 미치는 위험을 방지하기 위하여 설치하는\n의 표시)에 의거 정격하중, 운전속도, 경고표시 등을 부착하여야\n것은?\n한다.",
      "options": [
        "헤드가드",
        "백레스트 ④ 침투탐상검사",
        "낙하방지장치 <문제 해설>",
        "과부하방지장치 인장검사는 시편이 파괴 됩니다"
      ],
      "answer": null,
      "explanation": ""
    },
    {
      "no": 49,
      "question": "산업안전보건법령상 아세틸렌 용접장치를 사용하여 금속의\n[해설작성자 : 허찬]\n용접·용단 또는 가열작업을 하는 경우 게이지 압력은 얼마",
      "options": [],
      "answer": null,
      "explanation": ""
    },
    {
      "no": 46,
      "question": "산업안전보건법령상 프레스 및 전단기에서 안전 블록을 사 를 초과하는 압력의 아세틸렌을 발생시켜 사용하면 안되는\n용해야 하는 작업으로 가장 거리가 먼 것은? 가?",
      "options": [
        "금형 가공작업 ② 금형 해체작업 ① 98 kPa ② 127 kPa",
        "금형 부착작업 ④ 금형 조정작업 ③ 147 kPa ④ 196 kPa"
      ],
      "answer": null,
      "explanation": ""
    },
    {
      "no": 50,
      "question": "산업안전보건법령상 산업용 로봇으로 인하여 근로자에게 발\n[해설작성자 : 양파한망]\n생할 수 있는 부상 등의 위험이 있는 경우 위험을 방지하기\n위하여 울타리를 설치할 때 높이는 최소 몇 m이상으로 해\n금형을 부착, 해체, 조정 작업할 때 신체 일부가 위험점 내에서\n야하는가? (단, 산업표준화법 및 국제적으로 통용되는 안전\n슬라이드 불시 하강으로 인한 위험을 방지할 목적으로 안전블럭\n기준은 제외한다.)\n을 설치한다.(금형 '수리'작업은 해당되지 않는다)",
      "options": [
        "1.8 ② 2.1",
        "2.4 ④ 1.2"
      ],
      "answer": null,
      "explanation": ""
    },
    {
      "no": 51,
      "question": "크레인의 사용 중 하중이 정격을 초과하였을 때 자동적으로",
      "options": [],
      "answer": null,
      "explanation": ""
    },
    {
      "no": 47,
      "question": "다음 중 기계 설비의 안전조건에서 안전화의 종류로 가장\n상승이 정지되는 장치는?\n거리가 먼 것은?",
      "options": [
        "해지장치",
        "재질의 안전화 ② 작업의 안전화",
        "이탈방지장치",
        "기능의 안전화 ④ 외형의 안전화",
        "아우트리거",
        "과부하방지장치"
      ],
      "answer": null,
      "explanation": ""
    },
    {
      "no": 1,
      "question": "외관상 안전화\n과부화방지장치 : 크레인의 사용 중 하중이 정격을 초과하였을",
      "options": [],
      "answer": null,
      "explanation": ""
    },
    {
      "no": 2,
      "question": "기능적 안전화\n때 자동으로 상승이 정지되는 장치",
      "options": [],
      "answer": null,
      "explanation": ""
    },
    {
      "no": 3,
      "question": "구조의 안전화\n[해설작성자 : 제발따자]",
      "options": [],
      "answer": null,
      "explanation": ""
    },
    {
      "no": 4,
      "question": "작업의 안전화",
      "options": [],
      "answer": null,
      "explanation": ""
    },
    {
      "no": 5,
      "question": "보수유지의 안전화",
      "options": [],
      "answer": null,
      "explanation": ""
    },
    {
      "no": 52,
      "question": "인간이 기계 등의 취급을 잘못해도 그것이 바로 사고나 재",
      "options": [],
      "answer": null,
      "explanation": ""
    },
    {
      "no": 6,
      "question": "표준화\n해와 연결되는 일이 없는 기능을 의미하는 것은?\n[해설작성자 : 갈맥이]",
      "options": [
        "fail safe ② fail active",
        "fail operational ④ fool proof"
      ],
      "answer": null,
      "explanation": ""
    },
    {
      "no": 48,
      "question": "다음 중 비파괴검사법으로 틀린 것은?",
      "options": [
        "인장검사",
        "자기탐상검사",
        "초음파탐상검사"
      ],
      "answer": null,
      "explanation": ""
    },
    {
      "no": 53,
      "question": "산업안전보건법령상 컨베이어를 사용하여 작업을 할 때 작\n업시작 전 점검사항으로 가장 거리가 먼 것은?\n회회물 회전 회전 물림점",
      "options": [
        "원동기 및 풀리(pulley) 기능의 이상 유무",
        "이탈 등의 방지장치 기능의 이상 유무",
        "유압장치의 기능의 이상 유무",
        "비상정지장치 기능의 이상 유무"
      ],
      "answer": null,
      "explanation": ""
    },
    {
      "no": 1,
      "question": "원동기 및 풀리기능의 이상 유무 55. 선반 작업 시 안전수칙으로 가장 적절하지 않은 것은?",
      "options": [],
      "answer": null,
      "explanation": ""
    },
    {
      "no": 2,
      "question": "이탈등의 방지장치 기능 이상 유무",
      "options": [
        "기계에 주유 및 청소 시 반드시 기계를 정지시키고 한"
      ],
      "answer": null,
      "explanation": ""
    },
    {
      "no": 3,
      "question": "비상정지장치 기능의 이상 유무 다.",
      "options": [],
      "answer": null,
      "explanation": ""
    },
    {
      "no": 4,
      "question": "회전축등의 덮개 또는 울 등의 이상유무 ② 칩 제거시 브러시를 사용한다.\n[해설작성자 : jeon] ③ 바이트에는 칩 브레이커를 설치한다.\n④ 선반의 바이트는 끝을 길게 장치한다.\n컨베이어는 유압장치로 작동 되는것이 아닌 모터로 작동되기 때 <문제 해설>\n문에 정답은 3번이 된다. 바이트는 가급적 짧고 단단하게 고정한다.\n[해설작성자 : 현제 모의고사 점수30점] [해설작성자 : 갈맥이]",
      "options": [
        "칩 제거시 브러시를 사용한다.",
        "바이트에는 칩 브레이커를 설치한다.",
        "선반의 바이트는 끝을 길게 장치한다."
      ],
      "answer": null,
      "explanation": ""
    },
    {
      "no": 54,
      "question": "다음 중 기계설비에서 반대로 회전하는 두 개의 회전체가 56. 산업안전보건법령상 산업용 로봇의 작업 시작 전 점검 사항\n맞닿는 사이에 발생하는 위험점으로 가장 적절한 것은? 으로 가장 거리가 먼 것은?",
      "options": [
        "물림점 ② 협착점 ① 외부 전선의 피복 또는 외장의 손상 유무",
        "끼임점 ④ 절단점 ② 압력방출장치의 이상 유무",
        "매니퓰레이터 작동 이상 유무"
      ],
      "answer": null,
      "explanation": ""
    },
    {
      "no": 1,
      "question": "왕복운동 : 협착점 2. 고정부분과 회전하는 동작 사이 : 끼 ④ 제동장치 및 비상정지 장치의 기능\n임점(연삭숫돌) <문제 해설>",
      "options": [
        "제동장치 및 비상정지 장치의 기능"
      ],
      "answer": null,
      "explanation": ""
    },
    {
      "no": 3,
      "question": "회전하는 운동부 자체(날,커터) : 절단점 4. 회전하는 두개의 로봇의 작업시작 전 점검사항\n회전체 물려들어가는 위험(롤러) : 물림점 1. 외부전선의 피복 또는 외장의 손상 유무",
      "options": [],
      "answer": null,
      "explanation": ""
    },
    {
      "no": 5,
      "question": "회전하는 부분의 접선 방향으로 물려 들어가는 위험(벨트와 풀 2. 매니퓰레이터 작동의 이상 유무\n리) 접선 물림점 3. 제동장치 및 비상정지장치의 기능\n[해설작성자 : comcbt.com 이용자] [해설작성자 : 민트초코쿠키]\n협착 = 왕복+고정 압력방출은 보일러\n절단 = 회전 날 [해설작성자 : 방구뿡]\n물림 = 회전+회전",
      "options": [],
      "answer": null,
      "explanation": ""
    },
    {
      "no": 57,
      "question": "산업안전보건법령상 보일러의 과열을 방지하기 위하여 최고\n끼임 = 회전+고정\n사용압력과 상용압력 사이에서 보일러의 버너 연소를 차단\n[해설작성자 : 똘마이콩]\n하여 정상 압력으로 유도하는 방호장치로 가장 적절한 것\n은?\n연상되는 작업형태를 설정하여 암기하시면 편합니다.",
      "options": [
        "압력방출장치",
        "고저수위조절장치",
        "언로우드밸브",
        "압력제한스위치",
        "램 ④ 아버"
      ],
      "answer": null,
      "explanation": ""
    },
    {
      "no": 58,
      "question": "프레스 작동 후 슬라이드가 하사점에 도달할 때까지의 소요\n다\n시간이 0.5s일 때 양수기동식 방호장치의 안전거리는 최소\n[해설작성자 : 김툴툴]\n얼마인가?",
      "options": [
        "200mm ② 400mm",
        "600mm ④ 800mm",
        "제한전압이 낮아야 한다.",
        "상용 주파 방전 개시 전압이 높아야 한다."
      ],
      "answer": null,
      "explanation": ""
    },
    {
      "no": 1,
      "question": "6 × (0.5×1000)ms = 800mm ③ 충격방전 개시전압이 높아야 한다.\n④ 속류 차단 능력이 충분하여야 한다.\n양수조작식 방호장치 <문제 해설>\n안전거리(cm) = 160 × 프레스 작동 후 작업점까지의 도달시간 1.반복동작이 가능할것\n(s) 2.구조가 견고하며 특성이 변하지 않을 것\n[해설작성자 : 양파한망] 3.점검,보수가 간단할것",
      "options": [
        "충격방전 개시전압이 높아야 한다.",
        "속류 차단 능력이 충분하여야 한다."
      ],
      "answer": null,
      "explanation": ""
    },
    {
      "no": 4,
      "question": "충격방전 개시 전압과 제한 전압이 낮을것\n윗분이 양수기동식이건 양수조작식 공식을 2가지 기록해 주셨는 5.뇌전류의 방전능력이 크고 속류의 차단이 확실하게 될 것\n데,단위(mm, cm) 차이일 뿐 둘다 공식입니다 [해설작성자 : jeon]\n표준단위계인 MKS(Meter Kilogram Second) 단위계로 전환하면\n안전거리(meter) = 1.6 * 초(second) 충격방전 개시전압이 높아야 한다..=> 낮아야 한다.\n따라서 1.6 하나만 기억하면 됩니다 [해설작성자 : 갈맥이]\n문제에 적용해보면 상용주파 방전 개시전압: 선로에 정격 주파수에 해당하는 정격",
      "options": [],
      "answer": null,
      "explanation": ""
    },
    {
      "no": 1,
      "question": "6 * 0.5초(s) = 0.8(m) = 800mm 전압(계통의 정격전압)에서 방전이 시작되는 전압을 의미함.\n[해설작성자 : 떠든아이] 이 때 방전이 발생하면 정상상태에서 지락사고가 발생하게 되므\n로 방전개시전압을 높여서 방전이 일어나지 않게 해야 한다.",
      "options": [],
      "answer": null,
      "explanation": ""
    },
    {
      "no": 59,
      "question": "둥근톱기계의 방호장치 중 반발예방장치의 종류로 틀린 것\n충격방전 개시 전압: 충격시 차단하는 전압으로, 기기의 손상을\n은?\n막기 위해 빠른 차단이 필요하므로 전압이 낮아야 한다!",
      "options": [
        "분할날 ② 반발방지 기구(finger)",
        "보조 안내판 ④ 안전덮개"
      ],
      "answer": null,
      "explanation": ""
    },
    {
      "no": 1,
      "question": "날접촉 예방장치 : 덥개 62. 다음 중 정전기의 발생 현상에 포함되지 않는 것은?",
      "options": [],
      "answer": null,
      "explanation": ""
    },
    {
      "no": 2,
      "question": "반발예방장치 : 분활날, 반발방지기구(finger), 반발방지 롤러",
      "options": [
        "파괴에 의한 발생",
        "분출에 의한 발생",
        "전도 대전",
        "유동에 의한 대전"
      ],
      "answer": null,
      "explanation": ""
    },
    {
      "no": 60,
      "question": "산업안전보건법령상 형삭기(slotter, shaper)의 주요 구조부\n정전기 대전의 종류 : 파충류 마빡에 침과 분을 교반하면 대전\n로 가장 거리가 먼 것은? (단, 수치제어식은 제외)\n된다",
      "options": [
        "공구대 ② 공작물 테이블",
        "위험물 건조설비",
        "화약류 제조설비",
        "위험기구의 제전설비"
      ],
      "answer": null,
      "explanation": ""
    },
    {
      "no": 63,
      "question": "방폭기기에 별도의 주위 온도 표시가 없을 때 방폭기기의\n조치가 따로 필요치 않다.\n주위 온도 범위는? (단, 기호 “X\"의 표시가 없는 기기이다.)\n[해설작성자 : 산안기합격빠탱]",
      "options": [
        "20℃ ~ 40℃ ② -20℃ ~ 40℃",
        "10℃ ~ 50℃ ④ -10℃ ~ 50℃",
        "600 ② 450",
        "300 ④ 150"
      ],
      "answer": null,
      "explanation": ""
    },
    {
      "no": 66,
      "question": "산업안전보건기준에 관한 규칙 제319조에 따라 감전될 우려\n-온도 -20~+60\n가 있는 장소에서 작업을 하기 위해서는 전로를 차단하여야\n-압력 80~110kpa\n한다. 전로 차단을 위한 시행 절차 중 틀린 것은?\n-산소함유율 21%",
      "options": [
        "전기기기 등에 공급되는 모든 전원을 관련 도면, 배선도",
        "각 단로기를 개방한 후 전원 차단",
        "단로기 개방 후 차단장치나 단로기 등에 잠금장치 및 꼬",
        "잔류전하 방전 후 검전기를 이용하여 작업 대상기기가"
      ],
      "answer": null,
      "explanation": ""
    },
    {
      "no": 67,
      "question": "유자격자가 아닌 근로자가 방호되지 않은 충전전로 인근의",
      "options": [],
      "answer": null,
      "explanation": ""
    },
    {
      "no": 64,
      "question": "정전기로 인한 화재 및 폭발을 방지하기 위하여 조치가 필\n높은 곳에서 작업할 때에 근로자의 몸은 충전전로에서 몇\n요한 설비가 아닌 것은?\ncm 이내로 접근할 수 없도록 하여야 하는가? (단, 대지전압",
      "options": [
        "드라이클리닝 설비",
        "50 ② 100 사용, T4는 T4~6사용, T3은 T3~6 사용 가능함",
        "200 ④ 300 문제에서 발화온도가 120℃이므로 장비 표면 온도는 120℃을"
      ],
      "answer": null,
      "explanation": ""
    },
    {
      "no": 68,
      "question": "다음 중 정전기의 재해방지 대책으로 틀린 것은?\n해설 기능을 할수 있는 반론만 남겨 두겠습니다.",
      "options": [
        "설비의 도체 부분을 접지",
        "작업자는 정전화를 착용",
        "작업장의 습도를 30% 이하로 유지",
        "배관 내 액체의 유속제한"
      ],
      "answer": null,
      "explanation": ""
    },
    {
      "no": 1,
      "question": "접지(단 부도체는 효과없다) 압 220V인 공장에서 외함을 제3종 접지공사를 한 전동기가",
      "options": [],
      "answer": null,
      "explanation": ""
    },
    {
      "no": 2,
      "question": "도전성 재료 사용 (절연성 재료 절대 사용 금지) 운전 중에 누전되었을 경우에 작업자가 접촉될 수 있는 최",
      "options": [],
      "answer": null,
      "explanation": ""
    },
    {
      "no": 3,
      "question": "대전 방지제 사용 (외부용 일시성 대전방지제(음이온계),양이 소전압은 약 몇 V인가? (단, 1선 지락전류 10A, 제3종 접지\n온계,비이온계) 저항 30Ω, 인체저항 : 10000Ω이다.)(관련 규정 개정전 문제",
      "options": [],
      "answer": null,
      "explanation": ""
    },
    {
      "no": 4,
      "question": "제전기 사용 로 여기서는 기존 정답인 3번을 누르면 정답 처리됩니다.",
      "options": [],
      "answer": null,
      "explanation": ""
    },
    {
      "no": 5,
      "question": "유속조절(석유류 1m/s 이하) 자세한 내용은 해설을 참고하세요.)",
      "options": [],
      "answer": null,
      "explanation": ""
    },
    {
      "no": 6,
      "question": "습기부여(공기중 습도 60-70% 이상 유지)",
      "options": [
        "116.7 ② 127.5",
        "146.7 ④ 165.6"
      ],
      "answer": null,
      "explanation": ""
    },
    {
      "no": 69,
      "question": "가스(발화온도 120℃)가 존재하는 지역에 방폭기기를 설치\n제 2종 접지저항 = 150/1선지락전류 = 150/10 =15Ω\n하고자 한다. 설치가 가능한 기기의 온도 등급은?",
      "options": [
        "T2 ② T3",
        "T4 ④ T5"
      ],
      "answer": null,
      "explanation": ""
    },
    {
      "no": 0,
      "question": "01467A\n<문제 해설>\nVm = Im*Rm = 146.7V\n<가연성 가스 발화도 범위에 따른 방폭 전기기기의 온도등급>\n[해설작성자 : 화이팅]\n450℃ 초과 - T1\n300℃ 초과 450℃ 이하 - T2\n[규정 개정]\n200℃ 초과 300℃ 이하 - T3\n2021년 한국전기설비규정(KEC) 개정으로 인하여\n135℃ 초과 200℃ 이하 - T4\n접지대상에 따라 일괄 적용한 종별접지는 폐지되었습니다.\n100℃ 초과 135℃ 이하 - T5\n본 문제는 참고용으로만 이용 하시기 바랍니다.\n85℃ 초과 100℃ 이하 - T6\n[해설작성자 : 갈맥이] 71. 제전기의 종류가 아닌 것은?",
      "options": [
        "전압인가식 제전기",
        "정전식 제전기",
        "방사선식 제전기",
        "자기방전식 제전기"
      ],
      "answer": null,
      "explanation": ""
    },
    {
      "no": 72,
      "question": "정전기 방전현상에 해당되지 않는 것은? 76. Dalziel에 의하여 동물 실험을 통해 얻어진 전류값을 인체에",
      "options": [
        "연면방전 ② 코로나 방전 적용했을 때 심실세동을 일으키는 전기에너지(J)는 약 얼마",
        "낙뢰방전 ④ 스팀방전 인가? (단, 인체 전기저항은 500Ω으로 보며, 흐르는 전류"
      ],
      "answer": null,
      "explanation": ""
    },
    {
      "no": 1,
      "question": "코로나방전\nmA로 한다.)",
      "options": [],
      "answer": null,
      "explanation": ""
    },
    {
      "no": 2,
      "question": "브러쉬방전",
      "options": [
        "9.8 ② 13.6"
      ],
      "answer": null,
      "explanation": ""
    },
    {
      "no": 3,
      "question": "불꽃방전\n③ 19.6 ④ 27",
      "options": [
        "19.6 ④ 27"
      ],
      "answer": null,
      "explanation": ""
    },
    {
      "no": 4,
      "question": "연면방전\n<문제 해설>",
      "options": [],
      "answer": null,
      "explanation": ""
    },
    {
      "no": 5,
      "question": "스파크방전\nJ=I^2*T*R",
      "options": [],
      "answer": null,
      "explanation": ""
    },
    {
      "no": 6,
      "question": "낙뢰방전\nI=165mA=0.165A\n[해설작성자 : 해쉬스완]\nJ=0.165^2*1*500=13.6125\n[해설작성자 : 자몽]\n방전현상은 코브라(낙)불연소(스) 코브라는 불에타지않는다\n[해설작성자 : 보라매 오키토키]",
      "options": [],
      "answer": null,
      "explanation": ""
    },
    {
      "no": 77,
      "question": "전기설비의 방폭구조의 종류가 아닌 것은?",
      "options": [
        "근본 방폭구조"
      ],
      "answer": null,
      "explanation": ""
    },
    {
      "no": 73,
      "question": "전로에 지락이 생겼을 때에 자동적으로 전로를 차단하는 장\n② 압력 방폭구조\n치를 시설해야하는 전기기계의 사용전압 기준은? (단, 금속\n③ 안전증 방폭구조\n제 외함을 가지는 저압의 기계 기구로서 사람이 쉽게 접촉\n④ 본질안전 방폭구조\n할 우려가 있는 곳에 시설되어 있다.)\n<문제 해설>",
      "options": [
        "압력 방폭구조",
        "안전증 방폭구조",
        "본질안전 방폭구조",
        "30V 초과 ② 50V 초과",
        "90V 초과 ④ 150V 초과"
      ],
      "answer": null,
      "explanation": ""
    },
    {
      "no": 78,
      "question": "작업자가 교류전압 7000V 이하의 전로에 활선 근접작업시\n[해설작성자 : 캘시퍼]\n감전사고 방지를 위한 절연용 보호구는?",
      "options": [
        "고무절연관 ② 절연시트"
      ],
      "answer": null,
      "explanation": ""
    },
    {
      "no": 74,
      "question": "정전용량 C=20μF, 방전 시 전압 V=2kV일 때 정전에너지(J)\n③ 절연커버 ④ 절연안전모\n는 얼마인가?\n<문제 해설>",
      "options": [
        "절연커버 ④ 절연안전모",
        "40 ② 80",
        "400 ④ 800"
      ],
      "answer": null,
      "explanation": ""
    },
    {
      "no": 75,
      "question": "전로에 시설하는 기계기구의 금속제 외함에 접지공사를 하\n지 않아도 되는 경우로 틀린 것은? 1,2,3번은 절연용 방호구임",
      "options": [
        "저압용의 기계기구를 건조한 목재의 마루 위에서 취급하 [해설작성자 : comcbt.com 이용자]",
        "외함 주위에 적당한 절연대를 설치한 경우 \"보호구\" : 사람을 보호함",
        "교류 대지 전압이 300V 이하인 기계기구를 건조한 곳에 \"방호구\" : 전선을 보호함",
        "전기용품 및 생활용품 안전관리법의 적용을 받는 2중 절"
      ],
      "answer": null,
      "explanation": ""
    },
    {
      "no": 79,
      "question": "방폭전기기기에 “Ex ia ⅡC T4 Ga”라고 표시되어 있다. 해\n5과목 : 화학설비위험방지기술\n당 기기에 대한 설명으로 틀린 것은?",
      "options": [
        "정상 작동, 예상된 오작동에 또는 드문 오작동 중에 점 81. 다음 중 압축기 운전시 토출압력이 갑자기 증가하는 이유로",
        "온도 등급이 T4이므로 최고표면온도가 150℃를 초과해 ① 윤활유의 과다",
        "피스톤 링의 가스 누설",
        "본질안전 방폭구조로 0종 장소에서 사용이 가능하다. ③ 토출관 내에 저항 발생",
        "수소 및 아세틸렌 등의 가스가 존재하는 곳에 사용이 가 ④ 저장조 내 가스압의 감소"
      ],
      "answer": null,
      "explanation": ""
    },
    {
      "no": 82,
      "question": "진한 질산이 공기 중에서 햇빛에 의해 분해되었을 때 발생\n[해설작성자 : ㅈㅅㅇ]\n하는 갈색증기는?",
      "options": [
        "N ② NO",
        "NH ④ NH"
      ],
      "answer": 1,
      "explanation": ""
    },
    {
      "no": 80,
      "question": "전기기계·기구의 기능 설명으로 옳은 것은?",
      "options": [
        "CB는 부하전류를 개폐시킬 수 있다. NO2 이산화질소",
        "ACB는 진공 중에서 차단동작을 한다. NH3 암모니아",
        "DS는 회로의 개폐 및 대용량부하를 개폐시킨다. [해설작성자 : comcbt.com 이용자]",
        "피뢰침은 뇌나 계통의 개폐에 의해 발생하는 이상 전압"
      ],
      "answer": null,
      "explanation": ""
    },
    {
      "no": 83,
      "question": "고온에서 완전 열분해하였을 때 산소를 발생하는 물질은?\n[해설작성자 : 갈맥이]",
      "options": [
        "황화수소 ② 과염소산칼륨",
        "메틸리튬 ④ 적린"
      ],
      "answer": null,
      "explanation": ""
    },
    {
      "no": 84,
      "question": "다음 중 분진 폭발에 관한 설명으로 틀린 것은?\n충격방전개시전압이 낮아야하는 이유로 이상전압을 줄이고 변압",
      "options": [
        "폭발한계 내에서 분진의 휘발성분이 많으면 폭발 위험성",
        "분진이 발화 폭발하기 위한 조건은 가연성, 미분상태, 공",
        "가스폭발과 비교하여 연소의 속도나 폭발의 압력이 크",
        "폭발한계는 입자의 크기, 입도분포, 산소농도, 함유수분, 생되는 물질은?",
        "금속나트륨 ② 알루미늄 분발",
        "인화칼슘 ④ 수소화리튬"
      ],
      "answer": null,
      "explanation": ""
    },
    {
      "no": 88,
      "question": "대기압에서 사용하나 증발에 의한 액체의 손실을 방지함과\n동시에 액면 위의 공간에 폭발성 위험가스를 형성할 위험이\n2021.03.07 1회차 산업안전기사 시험\n적은 구조의 저장탱크는?\n91번. 분진폭발의 특징에 관한 설명으로 옳은 것은? 정답 3번",
      "options": [
        "유동형 지붕 탱크"
      ],
      "answer": 2,
      "explanation": ""
    },
    {
      "no": 1,
      "question": "가스폭발보다 발생에너지가 작다.\n② 원추형 지붕 탱크",
      "options": [
        "원추형 지붕 탱크"
      ],
      "answer": null,
      "explanation": ""
    },
    {
      "no": 2,
      "question": "폭발압력과 연소속도는 가스폭발보다 크다.\n③ 원통형 저장 탱크",
      "options": [
        "원통형 저장 탱크"
      ],
      "answer": null,
      "explanation": ""
    },
    {
      "no": 3,
      "question": "입자의 크기, 부유성 등이 분진폭발에 영향을 준다.\n④ 구형 저장탱크",
      "options": [
        "구형 저장탱크"
      ],
      "answer": null,
      "explanation": ""
    },
    {
      "no": 4,
      "question": "불완전연소로 인한 가스중독의 위험성은 작다.\n<문제 해설>\n유동형 지붕 탱크\n정답은 3번이고, 2번 보기인 \"폭발압력과 연소속도는 가스폭발",
      "options": [
        "탱크 천정이 tank shell에 고정되어 있지 않고 기름과 같이",
        "tamk shell과 roof 사이에는 seal로써 밀폐시켜 공기와 탄화"
      ],
      "answer": null,
      "explanation": ""
    },
    {
      "no": 85,
      "question": "다음 중 유류화재의 화재급수에 해당하는 것은? 이는 원통 탱크",
      "options": [
        "A급 ② B급 이러한 구조로 증발에 의한 액체 손실을 방지하고 액면 위의 공",
        "C급 ④ D급 간에 폭발성 위험가스를 형성할 위험이 적음"
      ],
      "answer": null,
      "explanation": ""
    },
    {
      "no": 86,
      "question": "증기 배관 내에 생성하는 응축수를 제거할 때 증기가 배출\n되지 않도록 하면서 응축수를 자동적으로 배출하기 위한 장 89. 자동화재탐지설비의 감지기 종류 중 열감지기가 아닌 것은?\n치를 무엇이라 하는가?",
      "options": [
        "차동식 ② 정온식",
        "Vent stack ② Steam trap ③ 보상식 ④ 광전식",
        "Blow down ④ Relief valve <문제 해설>"
      ],
      "answer": null,
      "explanation": ""
    },
    {
      "no": 87,
      "question": "다음 중 수분(H O)과 반응하여 유독성 가스인 포스핀이 발\n2\n기출문제 해설은 최강 자격증 기출문제 전자문제집 CBT : www.comcbt.com 통해서 실시간으로 변경됩니다.\n본 해설집은 최강 자격증 기출문제 전자문제집 CBT 해설달기 프로젝트에 의해서 만들어진 자료입니다. 해설을 제공해 주신 모든 분들께 감사 드립니다.\n산업안전기사 ◐ 2020년 08월 22일 필기 기출문제 및 해설집◑ 전자문제집 CBT :www.comcbt.com\n먼 것은?",
      "options": [],
      "answer": null,
      "explanation": ""
    },
    {
      "no": 90,
      "question": "산업안전보건법령에서 규정하고 있는 위험물질의 종류 중",
      "options": [
        "산소결핍이나 유해가스로 인한 질식의 우려가 있으면 진",
        "염산 ② 아세트산",
        "해당 작업장을 적정한 공기상태로 유지되도록 환기하여",
        "불산 ④ 수산화칼륨",
        "그 장소에 근로자를 입장시킬 때와 퇴장시킬 때마다 인",
        "그 작업장과 외부의 감시인 간에 항상 연락을 취할 수"
      ],
      "answer": null,
      "explanation": ""
    },
    {
      "no": 91,
      "question": "인화점이 각 온도 범위에 포함되지 않는 물질은?",
      "options": [
        "-30℃미만 : 디에틸에테르",
        "-30℃ 이상 0℃ 미만 : 아세톤",
        "0℃ 이상 30℃미만 : 벤젠",
        "30℃ 이상 65℃ 이하 : 아세트산"
      ],
      "answer": null,
      "explanation": ""
    },
    {
      "no": 92,
      "question": "다음 중 아세틸렌을 용해가스로 만들 때 사용되는 용제로",
      "options": [],
      "answer": null,
      "explanation": ""
    },
    {
      "no": 95,
      "question": "산업안전보건법령상 폭발성 물질을 취급하는 화학설비를 설\n가장 적합한 것은?\n치하는 경우에 단위공정설비로부터 다른 단위공정설비 사이",
      "options": [
        "아세톤 ② 메탄",
        "부탄 ④ 프로판",
        "10 ② 15",
        "20 ④ 30"
      ],
      "answer": null,
      "explanation": ""
    },
    {
      "no": 93,
      "question": "다음 중 산업안전보건법령상 화학설비의 부속설비로만 이루 단위공정시설 및 설비로부터 다른 단위공정시설 및 설비의 사이\n어진 것은? - 설비의 바깥면으로부터 10m",
      "options": [
        "사이클론, 백필터, 전기집진기 등 분진처리설비 산안기가 외울게 더럽게 많으니 벽과 벽사이에 공간있어요로 외",
        "응축기, 냉각기, 가열기, 증발기 등 열교환기류 움 됨 1 - 0 - 1 뒤에 1빼버리면 됨",
        "고로 등 점화기를 직접 사용하는 열교환기류 나머지는 다 20m임 (플레어스택, 위험물질, 사무실연구실 실험",
        "혼합기, 발포기, 압출기 등 화학제품 가공설비 실 정비실 또는 식당등"
      ],
      "answer": null,
      "explanation": ""
    },
    {
      "no": 96,
      "question": "탄화수소 증기의 연소하한값 추정식은 연료의 양론농도\n1 -> 화학부속설비\n(Cst)의 0.55배이다. 프로판 1몰의 연소반응식이 다음과 같\n[해설작성자 : 크롬만세]\n을 때 연소하한값은 약 몇 vol%인가?",
      "options": [],
      "answer": null,
      "explanation": ""
    },
    {
      "no": 94,
      "question": "다음 중 밀폐 공간 내 작업시의 조치사항으로 가장 거리가\n기출문제 해설은 최강 자격증 기출문제 전자문제집 CBT : www.comcbt.com 통해서 실시간으로 변경됩니다.\n본 해설집은 최강 자격증 기출문제 전자문제집 CBT 해설달기 프로젝트에 의해서 만들어진 자료입니다. 해설을 제공해 주신 모든 분들께 감사 드립니다.\n산업안전기사 ◐ 2020년 08월 22일 필기 기출문제 및 해설집◑ 전자문제집 CBT :www.comcbt.com",
      "options": [],
      "answer": null,
      "explanation": ""
    },
    {
      "no": 98,
      "question": "프로판과 메탄의 폭발하한계가 각각 2.5, 5.0vol% 이라고\n할 때 프로판과 메탄이 3:1의 체적비로 혼합되어 있다면 이",
      "options": [
        "2.22 ② 4.03 혼합가스의 폭발하한계는 약 몇 vol%인가? (단, 상온, 상압",
        "4.44 ④ 8.06 상태이다.)",
        "2.9 ② 3.3",
        "3.8 ④ 4.0"
      ],
      "answer": null,
      "explanation": ""
    },
    {
      "no": 2,
      "question": "211 답은 1번 )\n[해설작성자 : comcbt.com 이용자] => 혼합가스의 폭발하한계 = (3+1) / ( 3/2.5 + 1/5 )\n= 2.85714 (2.9)\n양론농도 구하기 식은 [해설작성자 : 당근이좋아]\n연료 몰수*100/(연료몰수+산소몰수/0.21) 이라고 나옵니다..\n계산하면 연료몰수 1 산소몰수 5 두 기체의 폭발하한계의 \"조화평균\"을 구한다고 알고계시면 공식\n1*100/(1+5/0.21)=4.03 은 따로 외우지 않아도 됩니다.",
      "options": [],
      "answer": null,
      "explanation": ""
    },
    {
      "no": 4,
      "question": "03*0.55=2.2165 =2.22 [해설작성자 : comcbt.com 이용자]\n[해설작성자 : 화이팅]\nV/L = V1/L1 + V2/L2\n너무 어려우면 시험장에서 생각이 안납니다. (3+1)/L = (3/2.5) + (1/5.0)\n양론농도=연료몰수 나누기 (연료몰수+산소몰수/연료몰수) L=2.857\n공학용 계산기 나누기 그림으로 외우면 금방 외워집니다. [해설작성자 : 눈오리]\n양론농도=1/1+(5/0.21)=0.040 더 간단하게 계산하려면\n연소하한값(%)=양론농도*0.55*100=2.22 프로판:메탄 체적 3:1이므로\n[해설작성자 : 오룡] 프로판100*(3/4)= 75%, 메탄은 100*(1/4)=25% 만큼 비율가짐\n따라서 100/(75/2.5+25/5)=2.857\n양론농도=연료몰수 나누기 (연료몰수+산소몰수/연료몰수)가 아 [해설작성자 : 우리둘다합격]\n닌",
      "options": [],
      "answer": null,
      "explanation": ""
    },
    {
      "no": 99,
      "question": "다음 중 소화약제로 사용되는 이산화탄소에 관한 설명으로\n양론농도=연료몰수 / 연료몰수+(산소몰수/0.21) 입니다.\n틀린 것은?\n[해설작성자 : comcbt.com 이용자]",
      "options": [
        "사용 후에 오염의 영향이 거의 없다."
      ],
      "answer": null,
      "explanation": ""
    },
    {
      "no": 97,
      "question": "에틸알콜(C H OH) 1몰이 완전연소할 때 생성되는 CO 의 ② 장시간 저장하여도 변화가 없다.\n2 5 2\n몰수로 옳은 것은? ③ 주된 소화효과는 억제소화이다.",
      "options": [
        "장시간 저장하여도 변화가 없다.",
        "주된 소화효과는 억제소화이다.",
        "1 ② 2 ④ 자체 압력으로 방사가 가능하다.",
        "3 ④ 4 <문제 해설>"
      ],
      "answer": null,
      "explanation": ""
    },
    {
      "no": 100,
      "question": "다음 중 물질의 자연발화를 촉진시키는 요인으로 가장 거\n[해설작성자 : 운릿]\n리가 먼 것은?",
      "options": [
        "표면적이 넓고, 발열량이 클 것",
        "열전도율이 클 것",
        "주위 온도가 높을 것",
        "적당한 수분을 보유할 것"
      ],
      "answer": null,
      "explanation": ""
    },
    {
      "no": 101,
      "question": "콘크리트 타설을 위한 거푸집 동바리의 구조검토 시 가장\n선행되어야 할 작업은?",
      "options": [
        "A : 75, B : 30 ② A : 75, B : 40",
        "각 부재에 생기는 응력에 대하여 안전한 단면을 산정한",
        "A : 85, B : 30 ④ A : 85, B : 40",
        "가설물에 작용하는 하중 및 외력의 종류, 크기를 산정한"
      ],
      "answer": null,
      "explanation": ""
    },
    {
      "no": 1,
      "question": "지주부재 하단에는 미끄럼 방지장치를 하고, 양측 끝부분에\n③ 하중 및 외력에 의하여 각 부재에 생기는 응력을 구한\n올라 서서 작업하지 아니하도록 할 것\n다.",
      "options": [
        "하중 및 외력에 의하여 각 부재에 생기는 응력을 구한"
      ],
      "answer": null,
      "explanation": ""
    },
    {
      "no": 2,
      "question": "지주부재와 수평면과의 기울기를 75도 이하로 하고, 지주부\n④ 사용할 거푸집동바리의 설치간격을 결정한다.\n재와 지주부재 사이를 고정시키는 보조부재를 설치할 것\n<문제 해설>",
      "options": [
        "사용할 거푸집동바리의 설치간격을 결정한다."
      ],
      "answer": null,
      "explanation": ""
    },
    {
      "no": 3,
      "question": "말비계의 높이가 2m를 초과할 경우에는 작업발판의 폭을\n건츅물 크기 용량 외략 산정이 젤 먼저 ㅎㅎ\n40cm 이상으로 할 것\n[해설작성자 : 15학번 조현수]\n[해설작성자 : 민트초코쿠키]\n거푸집 동바리의 일반적인 구조검토 순서 105. 산업안전보건관리비계상기준에 따른 일반건설공사(갑), 대",
      "options": [],
      "answer": null,
      "explanation": ""
    },
    {
      "no": 1,
      "question": "하중계산 : (2) (정답) 상액 「5억원 이상 ~ 50억원 미만」의 안전관리비 비율",
      "options": [],
      "answer": null,
      "explanation": ""
    },
    {
      "no": 2,
      "question": "응력계산 : (3) 및 기초액으로 옳은 것은?(관련 규정 개정전 문제로 여기",
      "options": [],
      "answer": null,
      "explanation": ""
    },
    {
      "no": 3,
      "question": "단면, 배치 간격 계산 : (1), (4) 서는 기존 정답인 1번을 누르면 정답 처리됩니다. 자세한\n[해설작성자 : 펩제라] 내용은 해설을 참고하세요.)",
      "options": [
        "비율 : 1.86%, 기초액 : 5,349,000원"
      ],
      "answer": null,
      "explanation": ""
    },
    {
      "no": 102,
      "question": "다음 중 해체작업용 기계 기구로 가장 거리가 먼 것은?\n② 비율 : 1.99%, 기초액 : 5,499,000원",
      "options": [
        "비율 : 1.99%, 기초액 : 5,499,000원",
        "압쇄기 ② 핸드 브레이커",
        "비율 : 2.35%, 기초액 : 5,400,000원",
        "철제 햄머 ④ 진동롤러",
        "비율 : 1.57%, 기초액 : 4,411,000원"
      ],
      "answer": null,
      "explanation": ""
    },
    {
      "no": 103,
      "question": "거푸집동바리 등을 조립하는 경우에 준수하여야할 안전조 [해설작성자 : comcbt.com 이용자]\n치기준으로 옳지 않은 것은?",
      "options": [
        "동바리로 사용하는 강관은 높이 2m 이내마다 수평연결 법 개정으로 공사종류에서 일반건설공사(갑)삭제됨",
        "동바리로 사용하는 파이프 서포트는 3개 이상이어서 사 해당 문제의 정답을 유지하려면 일반건설공사(갑) > 건축공사로",
        "동바리로 사용하는 파이프 서포트를 이어서 사용하는 경 [해설작성자 : comcbt.com 이용자]",
        "동바리로 사용하는 강관틀과 강관틀 사이에는 교차가새 적용"
      ],
      "answer": null,
      "explanation": ""
    },
    {
      "no": 106,
      "question": "터널작업 시 자동경보장치에 대하여 당일의 작업시작 전\n[해설작성자 : 띠꾸리비루디]\n점검하여야 할 사항으로 옳지 않은 것은?",
      "options": [],
      "answer": null,
      "explanation": ""
    },
    {
      "no": 104,
      "question": "다음은 말비계를 조립하여 사용하는 경우에 관한 준수사항",
      "options": [
        "검지부의 이상 유무",
        "조명시설의 이상 유무 건지 : 1:0.5 ~ 1:1.0",
        "경보장치의 작동 상태"
      ],
      "answer": null,
      "explanation": ""
    },
    {
      "no": 109,
      "question": "동력을 사용하는 항타기 또는 항발기에 대하여 무너짐을\n④ 계기의 이상 유무\n방지하기 위하여 준수하여야 할 기준으로 옳지 않은 것\n<문제 해설>\n은?(관련 규정 개정전 문제로 여기서는 기존 정답인 4번을\n조명시설과 자동경보장치는 연관없음\n누르면 정답 처리됩니다. 자세한 내용은 해설을 참고하세\n[해설작성자 : comcbt.com 이용자]\n요.)",
      "options": [
        "계기의 이상 유무",
        "연약한 지반에 설치하는 경우에는 각부(脚部)나 가대(架"
      ],
      "answer": null,
      "explanation": ""
    },
    {
      "no": 1,
      "question": "계기의 이상 유무\n② 각부나 가대가 미끄러질 우려가 있는 경우에는 말뚝 또",
      "options": [
        "각부나 가대가 미끄러질 우려가 있는 경우에는 말뚝 또"
      ],
      "answer": null,
      "explanation": ""
    },
    {
      "no": 2,
      "question": "검지부의 이상 유무\n는 쐐기 등을 사용하여 각부나 가대를 고정시킬 것",
      "options": [],
      "answer": null,
      "explanation": ""
    },
    {
      "no": 3,
      "question": "경보장치의 작동상태\n③ 버팀대만으로 상단부분을 안정시키는 경우에는 버팀대는\n[해설작성자 : 시험탈락할듯]\n3개 이상으로 하고 그 하단 부분은 견고한 버팀·말뚝 또",
      "options": [
        "버팀대만으로 상단부분을 안정시키는 경우에는 버팀대는"
      ],
      "answer": null,
      "explanation": ""
    },
    {
      "no": 107,
      "question": "다음은 강관틀비계를 조립하여 사용하는 경우 준수해야할 는 철골 등으로 고정시킬 것\n기준이다. ( )안에 알맞은 숫자를 나열한 것은? ④ 버팀줄만으로 상단 부분을 안정시키는 경우에는 버팀줄\n을 2개 이상으로 하고 같은 간격으로 배치할 것\n<문제 해설>",
      "options": [
        "버팀줄만으로 상단 부분을 안정시키는 경우에는 버팀줄"
      ],
      "answer": null,
      "explanation": ""
    },
    {
      "no": 4,
      "question": "버팀줄만으로 상단 부분을 안정시키는 경우에는 버팀줄을 2\n개 이상으로 하고 같은 간격으로 배치할 것 -> 버팀줄을 3개",
      "options": [
        "A:4, B:10, C:5 ② A:4, B:10, C:10 이상",
        "A:5, B:10, C:5 ④ A:5, B:10, C:10 [해설작성자 : 갈맥이]"
      ],
      "answer": null,
      "explanation": ""
    },
    {
      "no": 1,
      "question": "밑둥에는 밑받침철물을 사용하여야 하며 항상 수평 및 수직 제209조(무너짐의 방지) 사업주는 동력을 사용하는 항타기 또는\n을 유지 항발기에 대하여 무너짐을 방지하기 위하여 다음 각 호의 사항",
      "options": [],
      "answer": null,
      "explanation": ""
    },
    {
      "no": 2,
      "question": "높이가 20m를 초과하거나 중량물의 적재를 수반하는 작업은 을 준수해야 한다..<개정 2019. 1. 31., 2022. 10. 18., 2023.\n주틀간의 간격이 1.8m 이하 11. 14.>",
      "options": [],
      "answer": null,
      "explanation": ""
    },
    {
      "no": 3,
      "question": "주틀간에 교차가새 설치, 최상층 및 5층 이내마다 수평재 설 1. 연약한 지반에 설치하는 경우에는 아웃트리거ㆍ받침 등 지지\n치 구조물의 침하를 방지하기 위하여 깔판ㆍ받침목 등을 사용할 것",
      "options": [],
      "answer": null,
      "explanation": ""
    },
    {
      "no": 4,
      "question": "벽이음 간격(조립간격) : 수직방향 6m, 수평방향 8m 이내마 2. 시설 또는 가설물 등에 설치하는 경우에는 그 내력을 확인하\n다 고 내력이 부족하면 그 내력을 보강할 것",
      "options": [],
      "answer": null,
      "explanation": ""
    },
    {
      "no": 5,
      "question": "길이가 띠장방향으로 4m 이하이고 높이가 10m를 초과하는 3. 아웃트리거ㆍ받침 등 지지구조물이 미끄러질 우려가 있는 경\n경우 : 10m 이내마다 띠장방향으로 버팀기둥 설치 우에는 말뚝 또는 쐐기 등을 사용하여 해당 지지구조물을 고정\n[해설작성자 : 민트초코쿠키] 시킬 것",
      "options": [],
      "answer": null,
      "explanation": ""
    },
    {
      "no": 4,
      "question": "궤도 또는 차로 이동하는 항타기 또는 항발기에 대해서는 불",
      "options": [],
      "answer": null,
      "explanation": ""
    },
    {
      "no": 108,
      "question": "지반의 종류가 다음과 같을 때 굴착면의 기울기 기준으로 시에 이동하는 것을 방지하기 위하여 레일 클램프(rail clamp)\n옳은 것은?(2023년 11월 14일 적용됨) 및 쐐기 등으로 고정시킬 것",
      "options": [],
      "answer": null,
      "explanation": ""
    },
    {
      "no": 5,
      "question": "상단 부분은 버팀대ㆍ버팀줄로 고정하여 안정시키고, 그 하단\n부분은 견고한 버팀ㆍ말뚝 또는 철골 등으로 고정시킬 것",
      "options": [
        "1:0.5 ~ 1:1.0 ② 1:1.0 ~ 1:1.5 6. 삭제 <2022. 10. 18.>",
        "1 : 1.0 ④ 1 : 0.8 7. 삭제 <2022. 10. 18.>"
      ],
      "answer": null,
      "explanation": ""
    },
    {
      "no": 110,
      "question": "운반작업을 인력운반작업과 기계운반작업으로 분류할 때\n[별표11])\n기계운반작업으로 실시하기에 부적당한 대상은?\n굴착면의 기울기 기준 (제 339조제1항 관련)",
      "options": [
        "단순하고 반복적인 작업",
        "표준화되어 있어 지속적이고 운반량이 많은 작업",
        "취급물의 형상, 성질, 크기 등이 다양한 작업",
        "취급물이 중량인 작업"
      ],
      "answer": null,
      "explanation": ""
    },
    {
      "no": 3,
      "question": "취급물의 형상, 성질, 크기 등이 다양한 작업 → 인력운반이\n----------보통흙----------\n적합하다.\n습지 : 1:1.0 ~ 1:1.5\n기출문제 해설은 최강 자격증 기출문제 전자문제집 CBT : www.comcbt.com 통해서 실시간으로 변경됩니다.\n본 해설집은 최강 자격증 기출문제 전자문제집 CBT 해설달기 프로젝트에 의해서 만들어진 자료입니다. 해설을 제공해 주신 모든 분들께 감사 드립니다.\n산업안전기사 ◐ 2020년 08월 22일 필기 기출문제 및 해설집◑ 전자문제집 CBT :www.comcbt.com\n[해설작성자 : 정유나] 1) 매듭 있는 망 : 110kgf 이상(폐기 60kgf 이상)\n2) 매듭 없는 망 : X",
      "options": [],
      "answer": null,
      "explanation": ""
    },
    {
      "no": 111,
      "question": "터널등의 건설작업을 하는 경우에 낙반 등에 의하여 근로\n[해설작성자 : 산안기린이]\n자가 위험해질 우려가 있는 경우에 필요한 직접적인 조치\n사항과 거리가 먼 것은?\n그물코의 크기 / 매듭없는 망(폐기기준) / 매듭방망(폐기기준)",
      "options": [
        "터널지보공 설치 ② 부석의 제거",
        "울 설치 ④ 록볼트 설치"
      ],
      "answer": null,
      "explanation": ""
    },
    {
      "no": 1,
      "question": "터널지보공 설치",
      "options": [],
      "answer": null,
      "explanation": ""
    },
    {
      "no": 2,
      "question": "부석의 제거 115. 타워크레인을 자립고(自立高) 이상의 높이로 설치할 때 지",
      "options": [],
      "answer": null,
      "explanation": ""
    },
    {
      "no": 3,
      "question": "록볼트 설치 지벽체가 없어 와이어로프로 지지하는 경우의 준수사항으\n[해설작성자 : ㅈㄱㅇ] 로 옳지 않은 것은?",
      "options": [
        "와이어로프를 고정하기 위한 전용 지지프레임을 사용할",
        "와이어로프 설치각도는 수평면에서 60° 이내로 하되, 지"
      ],
      "answer": null,
      "explanation": ""
    },
    {
      "no": 112,
      "question": "장비 자체보다 높은 장소의 땅을 굴착하는 데 적합한 장비\n③ 와이어로프와 그 고정부위는 충분한 강도와 장력을 갖도\n는?\n록 설치하되, 와이어로프를 클립·샤클(shackle) 등의 기",
      "options": [
        "와이어로프와 그 고정부위는 충분한 강도와 장력을 갖도",
        "파워 쇼벨(Power Shovel)",
        "불도저(Bulldozer)",
        "와이어로프가 가공전선에 근접하지 않도록 할 것",
        "드래그라인(Drag line)",
        "클램쉘(Clam Shell)"
      ],
      "answer": null,
      "explanation": ""
    },
    {
      "no": 113,
      "question": "사다리식 통로의 길이가 10m 이상일 때 얼마 이내마다 계",
      "options": [
        "베인테스트(Vane Test)",
        "표준관입시험(SPT)",
        "3m 이내마다 ② 4m 이내마다",
        "하중재하시험",
        "5m 이내마다 ④ 6m 이내마다",
        "삼축압축시험"
      ],
      "answer": null,
      "explanation": ""
    },
    {
      "no": 114,
      "question": "추락방지망 설치 시 그물코의 크기가 10cm인 매듭 있는\n방망의 신품에 대한 인장강도 기준으로 옳은 것은?",
      "options": [],
      "answer": null,
      "explanation": ""
    },
    {
      "no": 117,
      "question": "비계의 부재 중 기둥과 기둥을 연결시키는 부재가 아닌 것",
      "options": [
        "100kgf 이상 ② 200kgf 이상",
        "300kgf 이상 ④ 400kgf 이상",
        "띠장 ② 장선",
        "가새 ④ 작업발판"
      ],
      "answer": null,
      "explanation": ""
    },
    {
      "no": 118,
      "question": "항만하역작업에서의 선박승강설비 설치기준으로 옳지 않은\n것은?",
      "options": [
        "200톤급 이상의 선박에서 하역작업을 하는 경우에 근로",
        "현문 사다리는 견고한 재료로 제작된 것으로 너비는",
        "현문 사다리의 양측에는 82cm 이상의 높이로 울타리를",
        "현문 사다리는 근로자의 통행에만 사용하여야 하며, 화",
        "사업주는 300톤급 이상의 선박에서 하역작업을 하는 경우에"
      ],
      "answer": null,
      "explanation": ""
    },
    {
      "no": 119,
      "question": "다음 중 유해위험방지계획서 제출 대상 공사가 아닌 것은?\n전자문제집 CBT란?",
      "options": [
        "지상높이가 30m인 건축물 건설공사",
        "최대지간길이가 50m인 교량건설공사",
        "터널 건설공사",
        "깊이가 11m인 굴착공사"
      ],
      "answer": null,
      "explanation": ""
    },
    {
      "no": 120,
      "question": "본 터널(main tunnel)을 시공하기 전에 터널에서 약간 떨 에서 확인하세요.\n어진 곳에 지질조사, 환기, 배수, 운반 등의 상태를 알아보\n기 위하여 설치하는 터널은? 1 2 3 4 5 6 7 8 9 10",
      "options": [
        "프리패브(prefab) 터널 ③ ① ① ② ③ ② ④ ② ① ③",
        "사이드(side) 터널",
        "① ④ ④ ③ ② ④ ④ ③ ①",
        "쉴드(shield) 터널",
        "파일럿(pilot) 터널",
        "② ③ ② ③ ① ④ ③ ① ①",
        "④ ④ ④ ② ① ④ ② ① ②",
        "① ① ② ② ① ① ① ② ①",
        "④ ③ ① ④ ② ④ ④ ④ ④",
        "③ ② ④ ④ ② ④ ③ ④ ③",
        "④ ② ① ③ ② ① ④ ② ①",
        "② ② ③ ② ② ③ ① ④ ④",
        "① ① ① ① ① ② ① ③ ②",
        "④ ③ ② ① ② ② ② ④ ③",
        "① ③ ② ③ ① ④ ① ① ④"
      ],
      "answer": null,
      "explanation": ""
    }
  ]
}