{
  "title": "산업안전기사20170507(해설집) (1).pdf",
  "questions": [
    {
      "no": 1,
      "question": "산업안전보건법상 안전관리자의 업무에 해당되지 않는 것은?",
      "options": [],
      "answer": null,
      "explanation": ""
    },
    {
      "no": 3,
      "question": "산업안전보건법상 사업 내 안전·보건교육 중 관리감독자 정기",
      "options": [
        "업무수행 내용의 기록·유지",
        "산업재해에 관한 통계의 유지·관리·분석을 위한 보좌 및",
        "유해·위험 작업환경 관리에 관한 사항",
        "표준안전작업방법 및 지도 요령에 관한 사항",
        "법 또는 법에 따른 명령으로 정한 안전에 관한 사항의 이",
        "작업공정의 유해·위험과 재해 예방대책에 관한 사항",
        "기계·기구의 위험성과 작업의 순서 및 동선에 관한 사항",
        "작업장 내에서 사용되는 전체 환기장치 및 국소 배기장치"
      ],
      "answer": null,
      "explanation": ""
    },
    {
      "no": 4,
      "question": "작업장 내에서 사용되는 전체 환기장치 및 국소 배기장치 등\n산업보건 및 직업병 예방에 관한 사항\n에 관한 설비의 점검과 작업방법의 공학적 개선에 관한 보좌 및\n유해.위험 작업환경 관리에 관한 사항\n조언은 보건관리자의 업무 입니다.\n산업안전보건법 및 일반관리에 관한 사항\n[해설작성자 : 얍얍]\n[추가 해설]\n[안전관리자의 업무]\n기계 기구의 위험성과 작업의 순서 및 동선에 관한 사항은",
      "options": [],
      "answer": null,
      "explanation": ""
    },
    {
      "no": 1,
      "question": "사업장 안전교육계획의 수립 및 안전교육 실시에 관한 보좌\n채용 시 및 작업내용 변경 시 교육 내용 중 하나입니다.\n및 조언,지도\n[해설작성자 : 빡고수박교수]",
      "options": [],
      "answer": null,
      "explanation": ""
    },
    {
      "no": 2,
      "question": "사업장 순회점검, 지도 및 조치의 건의",
      "options": [],
      "answer": null,
      "explanation": ""
    },
    {
      "no": 3,
      "question": "산업재해발생의 원인조사 분석 및 재발방지를 위한 기술적\n[2021년 최신 내용입니다]\n보좌 및 조언지도\n관리감독자 정기교육",
      "options": [],
      "answer": null,
      "explanation": ""
    },
    {
      "no": 4,
      "question": "산업재해에 관한 통계의 유지관리분석을 위한 보좌 및 조언",
      "options": [],
      "answer": null,
      "explanation": ""
    },
    {
      "no": 1,
      "question": "산업안전 및 사고 예방 에 관한 사항\n지도",
      "options": [],
      "answer": null,
      "explanation": ""
    },
    {
      "no": 2,
      "question": "산업보건 및 직업병 예방 “",
      "options": [],
      "answer": null,
      "explanation": ""
    },
    {
      "no": 5,
      "question": "안전인증대상 기계 기구등 과 자율안전확인 대상 기계기구등",
      "options": [],
      "answer": null,
      "explanation": ""
    },
    {
      "no": 3,
      "question": "유해,위험 작업환경 관리 “\n구입시 적격품의 선정에 관한 보좌 및 조언지도",
      "options": [],
      "answer": null,
      "explanation": ""
    },
    {
      "no": 4,
      "question": "산업안전보건법령 및 산업재해보상보험 제도",
      "options": [],
      "answer": null,
      "explanation": ""
    },
    {
      "no": 6,
      "question": "위험성 평가에 관한 보좌 및 조언 지도",
      "options": [],
      "answer": null,
      "explanation": ""
    },
    {
      "no": 5,
      "question": "직무스트레스 예방 및 관리 “",
      "options": [],
      "answer": null,
      "explanation": ""
    },
    {
      "no": 7,
      "question": "안전에 관한 사항의 이행에 관한 보좌 및 조언 지도",
      "options": [],
      "answer": null,
      "explanation": ""
    },
    {
      "no": 6,
      "question": "직장 내 괴롭힘, 고객의 폭언 등으로 인한 건강장해 예방 및",
      "options": [],
      "answer": null,
      "explanation": ""
    },
    {
      "no": 8,
      "question": "산업안전보건위원회 또는 노사협의체 안전보건 관리규정\n관리",
      "options": [],
      "answer": null,
      "explanation": ""
    },
    {
      "no": 9,
      "question": "업무수행 내용의 기록 유지",
      "options": [],
      "answer": null,
      "explanation": ""
    },
    {
      "no": 7,
      "question": "작업공정의 유해,위험과 재해 예방대책 “",
      "options": [],
      "answer": null,
      "explanation": ""
    },
    {
      "no": 10,
      "question": "그밖의 안전에 관한 사항으로 노동부 장관이 정하는 사항.",
      "options": [],
      "answer": null,
      "explanation": ""
    },
    {
      "no": 8,
      "question": "표준안전 작업방법 및 지도 요령 “\n[해설작성자 : 강남대학교]\n9관리감독자의 역할과 임무 “",
      "options": [],
      "answer": null,
      "explanation": ""
    },
    {
      "no": 10,
      "question": "안전보건교육 능력 배양 “",
      "options": [],
      "answer": null,
      "explanation": ""
    },
    {
      "no": 2,
      "question": "버드(Bird)의 재해분포에 따르면 20건의 경상(물적, 인적상해)\n[해설작성자 : 조통]\n사고가 발생했을 때 무상해, 무사고(위험순간) 고장은 몇 건\n이 발생하겠는가?",
      "options": [],
      "answer": null,
      "explanation": ""
    },
    {
      "no": 4,
      "question": "산업안전보건법상 방독마스크 사용이 가능한 공기 중 최소",
      "options": [
        "600건 ② 800건",
        "1200건 ④ 1600건",
        "14% ② 16%",
        "18% ④ 20%"
      ],
      "answer": null,
      "explanation": ""
    },
    {
      "no": 2,
      "question": "등급 및 형태 분류\n버드\n비고 : 방독마스크는 산소농도가 18% 이상인 장소에서 사용하\n1(중상):10(경상):30(무상해_물적손실):600(무상해,무사고_위험순\n여야 하고, 고농도와 중농도에서 사용하는 방독마스크는 전면형\n기출문제 해설은 최강 자격증 기출문제 전자문제집 CBT : www.comcbt.com 통해서 실시간으로 변경됩니다.\n본 해설집은 최강 자격증 기출문제 전자문제집 CBT 해설달기 프로젝트에 의해서 만들어진 자료입니다. 해설을 제공해 주신 모든 분들께 감사 드립니다.\n산업안전기사 ◐ 2017년 05월 07일 필기 기출문제 및 해설집◑ 전자문제집 CBT :www.comcbt.com\n(격리식, 직결식)을 사용해야한다.",
      "options": [],
      "answer": null,
      "explanation": ""
    },
    {
      "no": 9,
      "question": "아담스(Edward Adams)의 사고연쇄 반응이론 중 관리자가\n고농도/중농도/저농도 및 최저농도 등급은 가스 또는 증기의 농\n의사결정을 잘못하거나 감독자가 관리적 잘못을 하였을 때의\n도를 기준으로 한다..산소와는 별개임.\n단계에 해당되는 것은?\n[해설작성자 : iykim71]",
      "options": [
        "사고 ② 작전적 에러"
      ],
      "answer": null,
      "explanation": ""
    },
    {
      "no": 5,
      "question": "시몬즈(Simonds)의 재해 손실비용 산정 방식에 있어 비보험 ③ 관리구조 결함 ④ 전술적 에러\n코스트에 포함되지 않는 것은? <문제 해설>",
      "options": [
        "관리구조 결함 ④ 전술적 에러",
        "영구 전노동불능 상해 1단계-관리구조",
        "영구 부분노동불능 상해 2단계-작전적 에러 (관리자나 감독자에 의해 만들어진 에러)",
        "일시 전노동불능 상해 3단계-전술적 에러 (불안전한 행동, 불안전한 상태)",
        "일시 부분노동불능 상해 4단계-사고(무상해사고, 물적손실사고)"
      ],
      "answer": null,
      "explanation": ""
    },
    {
      "no": 10,
      "question": "재해조사의 목적에 해당되지 않는 것은?\n통원상해. 구급조치. 무상해사고. 휴업상해",
      "options": [
        "재해발생 원인 및 결함 규명"
      ],
      "answer": null,
      "explanation": ""
    },
    {
      "no": 6,
      "question": "하인리히 사고예방대책의 기본원리 5단계로 옳은 것은? ② 재해관련 책임자 문책",
      "options": [
        "재해관련 책임자 문책",
        "조직→사실의 발견→분석→시정방법의 선정→시정책의 적 ③ 재해예방 자료수집",
        "동종 및 유사재해 재발방지",
        "조직→분석→사실의 발견→시정방법의 선정→시정책의 적 <문제 해설>",
        "사실의 발견→조직→분석→시정방법의 선정→시정책의 적 예방 자료를 수집하여",
        "사실의 발견→분석→조직→시정방법의 선정→시정책의 적 이 있다."
      ],
      "answer": null,
      "explanation": ""
    },
    {
      "no": 11,
      "question": "주의의 특성에 관한 설명 중 틀린 것은?\n안전조직->사실의발견->분석->시정방법 선정->시정책 적용",
      "options": [
        "한 지점에 주의를 집중하면 다른 곳에의 주의는 약해진"
      ],
      "answer": null,
      "explanation": ""
    },
    {
      "no": 7,
      "question": "교육훈련의 4단계를 올바르게 나열한 것은? ② 장시간 주의를 집중하려 해도 주기적으로 부주의의 리듬",
      "options": [
        "장시간 주의를 집중하려 해도 주기적으로 부주의의 리듬",
        "도입 → 적용 → 제시 → 확인 이 존재한다.",
        "도입 → 확인 → 제시 → 적용 ③ 의식이 과잉상태인 경우 최고의 주의집중이 가능해진다.",
        "적용 → 제시 → 도입 → 확인 ④ 여러 자극을 지각할 때 소수의 현란한 자극에 선택적 주",
        "도입 → 제시 → 적용 → 확인 의를 기울이는 경향이 있다."
      ],
      "answer": null,
      "explanation": ""
    },
    {
      "no": 8,
      "question": "직무적성검사의 특징과 가장 거리가 먼 것은?",
      "options": [
        "재현성 ② 객관성 12. 무재해운동의 기본이념 3원칙 중 다음에서 설명하는 것은?",
        "타당성 ④ 표준화 (관련 규정 개정전 문제로 여기서는 기존 정답인 1번을 누",
        "무의 원칙 ② 선취의 원칙",
        "참가의 원칙 ④ 확인의 원칙",
        "무(zero)의 원칙 : 재해는 물론 일체의 잠재요인을 사전에발견 한 근로자가 한 작업장에서 평생 동안(40년) 작업을 할 때 당할",
        "선취 안전제일(,해결 의 원칙):작업장의 위험요인을 행동하기 근로시간이 12만인 경우 0.12, 10만이면 0.1, 이 문제에서처럼",
        "참가의 원칙 작업에 따른 잠재적인 위험요인을 발견:,해결하기 [해설작성자 : 내가뭘안다고그래]"
      ],
      "answer": null,
      "explanation": ""
    },
    {
      "no": 15,
      "question": "토의법의 유형 중 다음에서 설명하는 것은?\n2024년부터 무재해운동이 시험범위에서 제외되었습니다.\n참고 문제로만 이용 부탁 드립니다.]",
      "options": [],
      "answer": null,
      "explanation": ""
    },
    {
      "no": 13,
      "question": "위험예지훈련 중 작업현장에서 그 때 그 장소의 상황에 즉\n응하여 실시하는 것은?",
      "options": [
        "자문자답 위험예지훈련",
        "T.B.M 위험예지훈련",
        "시나리오 역할연기훈련 ① 포럼 ② 심포지엄",
        "1인 위험예지훈련 ③ 자유토의 ④ 패널 디스커션"
      ],
      "answer": null,
      "explanation": ""
    },
    {
      "no": 16,
      "question": "레빈(Lewin)은 인간의 행동 특성을 다음과 같이 표현하였다.\n변수 “E\"가 의미하는 것은?\n아래와 같은 오류 신고가 있었습니다.\n여러분들의 많은 의견 부탁 드립니다.\n추후 여러분들의 의견을 반영하여 정답을 수정하도록 하겠습니",
      "options": [
        "연령 ② 성격",
        "작업환경 ④ 지능"
      ],
      "answer": null,
      "explanation": ""
    },
    {
      "no": 14,
      "question": "도수율이 12.5인 사업장에서 근로자 1명에게 평생 동안 약 P : Personality 성격\n몇 건의 재해가 발생하겠는가? (단, 평생근로년수는 40년, E : Environment 환경\n평생근로시간은 잔업시간 4000시간을 포함하여 80000시간",
      "options": [],
      "answer": null,
      "explanation": ""
    },
    {
      "no": 17,
      "question": "산업안전보건법상 안전·보건표지의 종류 중 보안경 착용이\n으로 가정한다.)\n표시된 안전·보건표지는?",
      "options": [
        "1건 ② 2건",
        "안내표지 ② 금지표지",
        "4건 ④ 12건",
        "경고표지 ④ 지시표지"
      ],
      "answer": null,
      "explanation": ""
    },
    {
      "no": 18,
      "question": "off.J.T 교육의 특징에 해당되는 것은?\n기출문제 해설은 최강 자격증 기출문제 전자문제집 CBT : www.comcbt.com 통해서 실시간으로 변경됩니다.\n본 해설집은 최강 자격증 기출문제 전자문제집 CBT 해설달기 프로젝트에 의해서 만들어진 자료입니다. 해설을 제공해 주신 모든 분들께 감사 드립니다.\n산업안전기사 ◐ 2017년 05월 07일 필기 기출문제 및 해설집◑ 전자문제집 CBT :www.comcbt.com",
      "options": [
        "많은 지식, 경험을 교류할 수 있다.",
        "교육 효과가 업무에 신속히 반영된다. 이 문제는 개정 후로 풀어도 정답은 4번입니다.",
        "현장의 관리 감독자가 강사가 되어 교육을 한다. [해설작성자 : 침산동불주먹]",
        "다수의 대상자를 일괄적으로 교육하기 어려운점이 있다."
      ],
      "answer": null,
      "explanation": ""
    },
    {
      "no": 20,
      "question": "안전점검표(check list)에 포함되어야 할 사항이 아닌 것은?\n<문제 해설>",
      "options": [
        "점검대상 ② 판정기준",
        "점검방법 ④ 조치결과"
      ],
      "answer": null,
      "explanation": ""
    },
    {
      "no": 1,
      "question": "개개인에게 적절한 훈련 2과목 : 인간공학 및 시스템안전공학",
      "options": [],
      "answer": null,
      "explanation": ""
    },
    {
      "no": 2,
      "question": "직장의 실정에 맞는 훈련",
      "options": [],
      "answer": null,
      "explanation": ""
    },
    {
      "no": 21,
      "question": "A 제지회사의 유아용 화장지 생산 공정에서 작업자의 불안",
      "options": [],
      "answer": null,
      "explanation": ""
    },
    {
      "no": 3,
      "question": "교육효과가 즉시 업무에 연결\n전한 행동을 유발하는 상황이 자주 발생하고 있다. 이를 해",
      "options": [],
      "answer": null,
      "explanation": ""
    },
    {
      "no": 4,
      "question": "업무의 계속성이 끊어지지 않음.\n결하기 위한 개선의 ECRS에 해당하지 않는 것은?",
      "options": [],
      "answer": null,
      "explanation": ""
    },
    {
      "no": 5,
      "question": "신뢰 이해도가 높다",
      "options": [
        "Combine ② Standard",
        "Eliminate ④ Rearrange"
      ],
      "answer": null,
      "explanation": ""
    },
    {
      "no": 1,
      "question": "다수의 근로자들에게 훈련\nECRS의 4가지 원칙",
      "options": [],
      "answer": null,
      "explanation": ""
    },
    {
      "no": 2,
      "question": "훈련에만 전념",
      "options": [],
      "answer": null,
      "explanation": ""
    },
    {
      "no": 1,
      "question": "제거(elininate)",
      "options": [],
      "answer": null,
      "explanation": ""
    },
    {
      "no": 3,
      "question": "특별설비기구 이용",
      "options": [],
      "answer": null,
      "explanation": ""
    },
    {
      "no": 2,
      "question": "결합(combine)",
      "options": [],
      "answer": null,
      "explanation": ""
    },
    {
      "no": 4,
      "question": "많은 지식이나 경험을 교류",
      "options": [],
      "answer": null,
      "explanation": ""
    },
    {
      "no": 3,
      "question": "재조정(rearrange)",
      "options": [],
      "answer": null,
      "explanation": ""
    },
    {
      "no": 5,
      "question": "집단적 노력이 흐트러 질 수 있다.",
      "options": [],
      "answer": null,
      "explanation": ""
    },
    {
      "no": 4,
      "question": "단순화(simplify)\n[해설작성자 : 가자고오]\n[해설작성자 : 얍줌마]",
      "options": [],
      "answer": null,
      "explanation": ""
    },
    {
      "no": 19,
      "question": "산업안전보건법상 안전보건관리책임자 등에 대한 교육시간\n기준으로 틀린 것은?(2018년 03월 30일 개정된 규정 적용",
      "options": [],
      "answer": null,
      "explanation": ""
    },
    {
      "no": 22,
      "question": "결함수분석법에서 path set에 관한 설명으로 맞는 것은?\n됨)",
      "options": [
        "시스템의 약점을 표현한 것이다.",
        "보건관리자, 보건관리전문기관의 종사자 보수교육 : 24",
        "Top사상을 발생시키는 조합이다.",
        "시스템이 고장 나지 않도록 하는 사상의 조합이다.",
        "안전관리자, 안전관리전문기관의 종사자 신규교육 : 34",
        "시스템고장을 유발시키는 필요불가결한 기본사상들의 집",
        "안전보건관리책임자의 보수교육 : 6시간 이상",
        "재해예방 전문지도기관의 종사자 신규교육 : 24시간 이"
      ],
      "answer": null,
      "explanation": ""
    },
    {
      "no": 4,
      "question": "재해예방 전문지도기관 종사자 \"보수\"교육 : 24시간 이상 23. 고령자의 정보처리 과업을 설계할 경우 지켜야 할 지침으로\n[해설작성자 : 얍줌마] 틀린 것은?",
      "options": [
        "표시 신호를 더 크게 하거나 밝게 한다."
      ],
      "answer": null,
      "explanation": ""
    },
    {
      "no": 4,
      "question": "재해예방 전문지도기관 종사자 \"신규\"교육 : 34시간 이상- ② 개념, 공간, 운동 양립성을 높은 수준으로 유지한다.\n2018.3.30. 개정(시행규칙 별표 8 참조) ③ 정보처리 능력에 한계가 있으므로 시분할 요구량을 늘린\n[추가 해설] 다.\n④ 제어표시장치를 설계할 때 불필요한 세부내용을 줄인다.\n<교육시간> <문제 해설>\n~책임자:신규6hr, 보수6hr 운동양립성 : 작업자가 무언가를 조작하여을 경우 의도한 방향\n~종사자:신규34hr, 보수24hr 되로 움직운동이게 설계\n~담당자:보수8hr (신규X) 공간양립성 : 물리적 형태나 공간적인 배치에서 사용자의 기대\n[해설작성자 : 원] 와 일치하는 설계로 되어있어야 한다..\n기출문제 해설은 최강 자격증 기출문제 전자문제집 CBT : www.comcbt.com 통해서 실시간으로 변경됩니다.\n본 해설집은 최강 자격증 기출문제 전자문제집 CBT 해설달기 프로젝트에 의해서 만들어진 자료입니다. 해설을 제공해 주신 모든 분들께 감사 드립니다.\n산업안전기사 ◐ 2017년 05월 07일 필기 기출문제 및 해설집◑ 전자문제집 CBT :www.comcbt.com\n개념양립성 : 작업자의 개념적 연상과 작동이 일치하게 설계 [해설작성자 : 허찬]\n[해설작성자 : comcbt.com 이용자]",
      "options": [
        "개념, 공간, 운동 양립성을 높은 수준으로 유지한다.",
        "정보처리 능력에 한계가 있으므로 시분할 요구량을 늘린",
        "제어표시장치를 설계할 때 불필요한 세부내용을 줄인다."
      ],
      "answer": null,
      "explanation": ""
    },
    {
      "no": 25,
      "question": "결함수분석법(FTA)에서의 미니멀 컷셋과 미니멀 패스셋에\n관한 설명으로 맞는 것은?\n시분할 요구량이란 분할 시간당 요구되는 정보처리량을 의미합",
      "options": [
        "미니멀 컷셋은 시스템의 신뢰성을 표시하는 것이다.",
        "미니멀 패스셋은 시스템의 위험성을 표시하는 것이다.",
        "미니멀 패스셋은 시스템의 고장을 발생시키는 최소의 패"
      ],
      "answer": null,
      "explanation": ""
    },
    {
      "no": 24,
      "question": "자극과 반응의 실험에서 자극 A가 나타날 경우 1로 반응하 ④ 미니멀 컷셋은 정상사상(top event)을 일으키기 위한 최\n고 자극 B가 나타날 경우 2로 반응하는 것으로 하고, 100회 소한의 컷셋이다.\n반복하여 표와 같은 결과를 얻었다. 제대로 전달된 정보량 <문제 해설>\n을 계산하면 약 얼마인가? 미니멀 컷셋(minimal cut set): 정상사상을 일으키기 위한필요\n최소한의 컷셋.\n미니멀 패스 셋(minimal pass set): 정상사상을 일으키지 않은\n필요 최소한의 컷셋.\n[해설작성자 : 신중환]\n정상사상이란 사고를 일으키는 사상임. 혼동 하지맙시다.",
      "options": [
        "미니멀 컷셋은 정상사상(top event)을 일으키기 위한 최",
        "0.610 ② 0.871",
        "1.000 ④ 1.361"
      ],
      "answer": null,
      "explanation": ""
    },
    {
      "no": 1,
      "question": "시스템의 신뢰성을 표시 -> 미니멀 패스셋\n1) 전달된 정보량 : 자극정보량+반응정보량-결합정보량",
      "options": [],
      "answer": null,
      "explanation": ""
    },
    {
      "no": 2,
      "question": "시스템의 위험성을 표시 -> 미니멀 컷셋\n2) 자극정보량 : 자극A, 자극B로 나타내고 있으므로 A자극의 합",
      "options": [],
      "answer": null,
      "explanation": ""
    },
    {
      "no": 3,
      "question": "시스템의 고장을 발생시키는 최소의 셋 -> 미니멀 컷셋\n인 50, B자극의 합인 50 이용해 확률이 0.5,0.5가됨(표에서 가\n[해설작성자 : 가자고오]\n로로더한값)\n3) 반응정보량 : 반응1, 반응2로 나타내고 있으므로 반응1의 합",
      "options": [],
      "answer": null,
      "explanation": ""
    },
    {
      "no": 26,
      "question": "자극-반응 조합의 관계에서 인간의 기대와 모순되지 않는\n인 60, 반응2의 합인 40 이용해 확률이 0.6,0.4가됨(표에서 세\n성질을 무엇이라 하는가?\n로로 더한값)",
      "options": [
        "양립성 ② 적응성",
        "변별성 ④ 신뢰성"
      ],
      "answer": null,
      "explanation": ""
    },
    {
      "no": 0,
      "question": "5,0.1,0.4 가됨 (표에 나와있는 값들)\n<문제 해설>\n양립성: 자극-반응의 관계가 인간의 기대와 모순되지 않는 성질\n확률*log2(1/확률) 공식 이용하여 값 대입하고 계산\n[해설작성자 : 모닝젤리]\n[해설작성자 : 산안기합격빠탱]",
      "options": [],
      "answer": null,
      "explanation": ""
    },
    {
      "no": 27,
      "question": "인간-기계시스템에 관한 내용으로 틀린 것은?\nH(A)자극정보량(가로변 계산)=0.5Log아래첨자2 1/0.5+0.5Log아",
      "options": [
        "인간 성능의 고려는 개발의 첫 단계에서부터 시작되어야",
        "기능 할당 시에 인간 기능에 대한 초기의 주의가 필요하",
        "평가 초점은 인간 성능의 수용가능한 수준이 되도록 시",
        "인간-컴퓨터 인터페이스 설계는 인간보다 기계의 효율이"
      ],
      "answer": null,
      "explanation": ""
    },
    {
      "no": 0,
      "question": "1Log아래첨자2 1/0.1+0.4Log아래첨자2 1/0.4->표에 나와 있 사람이 이용하기 위해 만들어진거니 당연 기계보다 사람 중심이\n는 값(0.5,0.4,0.1) 되어야겠죠.\n-->0.1Log아래첨자2 1/0.1=0.3322 [해설작성자 : 이번엔합격]\nT(A,B)전달된 정보량=자극정보량+반응전보량-결합정보량 28. 반사율이 85%, 글자의 밝기가 400cd/m2 인 VDT 화면에\n=H(A)+H(B)-H(A,B)=1+0.9710-1.3609=0.6101 350lx의 조명이 있다면 대비는 약 얼마인가?\n본자료는 성안당 출판사와 산안기합격빠탱님의 자료 발취",
      "options": [
        "-2.8 ② -4.2",
        "-5.0 ④ -6.0"
      ],
      "answer": null,
      "explanation": ""
    },
    {
      "no": 30,
      "question": "근섬유의 직경이 작아서 큰 힘을 발휘하지 못하지만 장시간\n문제를 쉽게 말해서 설명드리자면..\n지속시키고 피로가 쉽게 발생하지 않는 골격근의 근섬유는\n모니터 화면에 글자가 써져있고, 방 안의 조명도 켜져있다고 보\n무엇인가?\n시면 됩니다.",
      "options": [
        "Type S 근섬유 ② TypeⅡ 근섬유",
        "Type F 근섬유 ④ TypeⅢ 근섬유"
      ],
      "answer": null,
      "explanation": ""
    },
    {
      "no": 31,
      "question": "의자 설계의 인간공학적 원리로 틀린 것은?\n조도",
      "options": [
        "쉽게 조절할 수 있도록 한다.",
        "추간판의 압력을 줄일 수 있도록 한다."
      ],
      "answer": null,
      "explanation": ""
    },
    {
      "no": 1,
      "question": "조명의 광속발산도 = 0.85 * 350\n③ 등근육의 정적 부하를 줄일 수 있도록 한다.\n= 297.5rlx\n④ 고정된 자세로 장시간 유지할 수 있도록 한다.\n<문제 해설>",
      "options": [
        "등근육의 정적 부하를 줄일 수 있도록 한다.",
        "고정된 자세로 장시간 유지할 수 있도록 한다."
      ],
      "answer": null,
      "explanation": ""
    },
    {
      "no": 2,
      "question": "조명의 휘도 = 광속발산도 / π",
      "options": [],
      "answer": null,
      "explanation": ""
    },
    {
      "no": 4,
      "question": "아무리 좋은 자세라도 계속 일정 자세로 고정하면 영양물 공\n= 297.5 / π = 94.70nt (= 94.70cd/m2)\n급이 감소되고, 장기적으로는 디스크의 퇴행과정이 촉진된다.",
      "options": [],
      "answer": null,
      "explanation": ""
    },
    {
      "no": 3,
      "question": "총 휘도 = {글자의 밝기(휘도) + 조명의 휘도}\n[추가 해설]\n= 400nt + 94.70nt = 494.70nt\n원래 군대에서도 정자세로 움직이지 않고 가만히 서있는 얼차려\n를 줌. 힘듬",
      "options": [],
      "answer": null,
      "explanation": ""
    },
    {
      "no": 4,
      "question": "대비 = (조명의 휘도 - 총 휘도) / 조명의 휘도\n[해설작성자 : 라뗴는말이야]\n= (94.70nt - 494.70nt) / 94.70nt = -4.22\n[해설작성자 : 정락원짱짱맨123]\n*의자 설계의 일반적인 원리\n- 등근육의 정적 부하를 줄인다.",
      "options": [],
      "answer": null,
      "explanation": ""
    },
    {
      "no": 29,
      "question": "신호검출이론에 대한 설명으로 틀린 것은?\n- 디스크가 받는 압력을 줄인다.",
      "options": [
        "신호와 소음을 쉽게 식별할 수 없는 상황에 적용된다.",
        "일반적인 상황에서 신호 검출을 간섭하는 소음이 있다.",
        "통제된 실험실에서 얻은 결과를 현장에 그대로 적용 가",
        "긍정(hit), 허위(false alarm), 누락(miss), 부정(correct"
      ],
      "answer": null,
      "explanation": ""
    },
    {
      "no": 32,
      "question": "그림과 같은 시스템의 전체 신뢰도는 약 얼마인가? (단, 네\n<문제 해설>\n모 안의 수치는 각 구성요소의 신뢰도이다.)\n통제된 실험실이라는 것은 영향을 주는 요인을 차단한다는 것이\n다.\n외부 영향을 받는 현장에 그대로 적용한다는 것은 마치 우리들\n이 로또1등 행복회로를 돌리는 것과 같다.\n[해설작성자 : 뇌피셜 오지고 렛잇고]",
      "options": [
        "0.5275 ② 0.6616",
        "0.7575 ④ 0.8516"
      ],
      "answer": null,
      "explanation": ""
    },
    {
      "no": 33,
      "question": "시각적 부호의 유형과 내용으로 틀린 것은?",
      "options": [
        "임의적 부호 - 주의를 나타내는 삼각형",
        "명시적 부호 - 위험표지판의 해골과 뼈",
        "묘사적 부호 - 보도 표지판의 걷는 사람",
        "추상적 부호 - 별자리를 나타내는 12궁도 36. 부품에 고장이 있더라도 플레이너 공작기계를 가장 안전하"
      ],
      "answer": null,
      "explanation": ""
    },
    {
      "no": 2,
      "question": "묘사적 부호 - 위험표지판의 해골과 뼈",
      "options": [
        "fail - soft ② fail - active",
        "fail - passive ④ fail - operational"
      ],
      "answer": null,
      "explanation": ""
    },
    {
      "no": 1,
      "question": "묘사적 부호 : 사물이나 행동을 단순하고 정확하게 묘사한\n것. 예) 위험 표지판의 해골과 뼈, 보도 표지판의 걷는 사람 fail safe(soft는 없습니다) - 인간이나 기계의 과오에도 사고 발",
      "options": [],
      "answer": null,
      "explanation": ""
    },
    {
      "no": 2,
      "question": "추상적 부호 : 전언의 기본 요소를 도식적으로 압축한 부호, 생하지 않도록 2중 3중 통제장치\n원 개념과는 약간의 유사성만 존재. 예)황도십이궁 fail passive - 부품고장시 기계장치 정지(더 큰 사고 일어나지",
      "options": [],
      "answer": null,
      "explanation": ""
    },
    {
      "no": 3,
      "question": "임의적 부호 : 부호가 이미 고안되어 있어 이를 배워야 하는 않도록)\n부호. 예) 교통표지판에서 삼각형-주의, 원형-규제, 사각형-안내 fail active - 부품고장시 경보 울리고 짧은 시간동안 운전\n[해설작성자 : 합격을위하여] [해설작성자 : 토끼]\n명시적부호 라는건 없습니다 Fail soft : 기계설비 또는 장치의 일부가 고장났을때, 기능의 저\n[해설작성자 : 쉽게쉽게] 하가 되더라도 전체로서는 기능을 정지 시키지 않는 기법",
      "options": [],
      "answer": null,
      "explanation": ""
    },
    {
      "no": 34,
      "question": "병렬 시스템의 대한 특성이 아닌 것은?\nFail soft는 Fail safe기능에 포함되는 내용이 아니라 안전설계",
      "options": [
        "요소의 수가 많을수록 고장의 기회는 줄어든다.",
        "요소의 중복도가 늘어날수록 시스템의 수명은 길어진다.",
        "요소의 어느 하나라도 정상이면 시스템은 정상이다."
      ],
      "answer": null,
      "explanation": ""
    },
    {
      "no": 1,
      "question": "fail safe : 인간, 기계의 과오나 실수가 있더라도 다른 고장\n④ 시스템의 수명은 요소 중에서 수명이 가장 짧은 것으로\n의 발생을 방지하도록 2중, 3중으로 통제를 가하는 설계\n정해진다.",
      "options": [
        "시스템의 수명은 요소 중에서 수명이 가장 짧은 것으로"
      ],
      "answer": null,
      "explanation": ""
    },
    {
      "no": 2,
      "question": "Fool proof : 휴먼에러를 방지하여 고장이 발생되지 않도록\n<문제 해설>\n하는 설계\n병렬 시스템 : 시스템의 수명은 요소 중에서 수명이 가장 긴 것",
      "options": [],
      "answer": null,
      "explanation": ""
    },
    {
      "no": 3,
      "question": "Back up : 주기능 고장시 기능을 대신하는 설계\n으로 정해진다",
      "options": [],
      "answer": null,
      "explanation": ""
    },
    {
      "no": 4,
      "question": "Fail soft : 일부장치가 고장나거나 기능이 떨어지더라도 전체\n[해설작성자 : 합격하고 광명찾자]\n기능은 유지하는 설계",
      "options": [],
      "answer": null,
      "explanation": ""
    },
    {
      "no": 5,
      "question": "Redundancy : 중복설계를 도입, 시스템 일부의 고장이 전체",
      "options": [],
      "answer": null,
      "explanation": ""
    },
    {
      "no": 4,
      "question": "시스템의 수명은 요소 중에서 수명이 가장 짧은 것으로 정해\n의 고장이 되지 않도록 설계\n진다..(직렬시스템)",
      "options": [],
      "answer": null,
      "explanation": ""
    },
    {
      "no": 6,
      "question": "다중계화(병렬 작동) : 동일한 기능을 다중으로 설비하고 병\n[해설작성자 : 류여사]\n렬적으로 사용하는 설계",
      "options": [],
      "answer": null,
      "explanation": ""
    },
    {
      "no": 4,
      "question": "병렬연결되면 여러개가 고장나도 한개이상만 살아있으면 사\nFail safe의 3가지 단계\n용가능하므로 수명이 김.\nFail passive : 자동 감지, 부품 고장시 기계장치를 정지시킴\n하지만 직렬연결은 한개만 고장나도 사용 불가\nFail activity : 자동 제어, 부품 고장 발생시 경보장치가 작동,\n[해설작성자 : comcbt.com 이용자]\n단기간 운전 지속\nFail operational : 차단 및 조정, 부품 고장이 정지로 이어지지",
      "options": [],
      "answer": null,
      "explanation": ""
    },
    {
      "no": 35,
      "question": "적절한 온도의 작업환경에서 추운 환경으로 변할 때, 우리\n않고 다음 보수까지는 기능을 유지\n의 신체가 수행하는 조절작용이 아닌 것은?",
      "options": [
        "발한(發汗)이 시작된다.",
        "피부의 온도가 내려간다.",
        "직장온도가 약간 올라간다.",
        "혈액의 많은 양이 몸의 중심부를 순환한다."
      ],
      "answer": null,
      "explanation": ""
    },
    {
      "no": 37,
      "question": "산업안전보건법상 유해·위험방지계획서를 제출한 사업주는\n발한 : 피부의 땀샘에서 땀이 분비되는 현상\n건설공사 중 얼마 이내마다 관련법에 따라·유해·위험방지계\n추운데 땀이 나진 않겠죠.\n획서의 내용과 실제공사 내용이 부합하는지의 여부 등을 확\n기출문제 해설은 최강 자격증 기출문제 전자문제집 CBT : www.comcbt.com 통해서 실시간으로 변경됩니다.\n본 해설집은 최강 자격증 기출문제 전자문제집 CBT 해설달기 프로젝트에 의해서 만들어진 자료입니다. 해설을 제공해 주신 모든 분들께 감사 드립니다.\n산업안전기사 ◐ 2017년 05월 07일 필기 기출문제 및 해설집◑ 전자문제집 CBT :www.comcbt.com\n인받아야 하는가? FMEA: 귀납적, 정성적",
      "options": [
        "1개월 ② 3개월 ETA, DT: 귀납적, 정량적",
        "6개월 ④ 12개월 CA: 정량적"
      ],
      "answer": null,
      "explanation": ""
    },
    {
      "no": 40,
      "question": "FTA에서 사용하는 다음 사상기호에 대한 설명으로 맞는 것\n내마다 안전보건공단의 확인을 받아야 합니다.\n은?\n산안법 제48조제5항, 같은 법 시행규칙 제124조.\n[해설작성자 : 뀨뀨꺄꺆]",
      "options": [],
      "answer": null,
      "explanation": ""
    },
    {
      "no": 38,
      "question": "다음 설명에 해당하는 설비보전방식의 유형은?",
      "options": [
        "시스템 분석에서 좀 더 발전시켜야 하는 사상",
        "시스템의 정상적인 가동상태에서 일어날 것이 기대되는",
        "불충분한 자료로 결론을 내릴 수 없어 더 이상 전개 할",
        "주어진 시스템의 기본사상으로 고장원인이 분석되었기",
        "개량보전 ② 보전예방",
        "사후보전 ④ 일상보전"
      ],
      "answer": null,
      "explanation": ""
    },
    {
      "no": 1,
      "question": "개량보전 : CM이라고 불리며 기기 부품의 수명연장이나 고장\n난 경우의 수리시간 단축 등 설비에 개량대책을 세우는 방법\n마름모는 생략 사상으로 정보부족, 해석기술의 불충분 등으로",
      "options": [],
      "answer": null,
      "explanation": ""
    },
    {
      "no": 2,
      "question": "보전예방 : 설비를 새로 도입하여 신뢰성, 보전성, 조작성, 안\n인해\n전성 등을 고려함으로써 보전비나 열화손실을 줄이는 활동으로\n더 이상 전개할 수 없는 사상입니다.\n궁극적으로는 보전불요의 설비를 목표\n[해설작성자 : 빡고수박교수]",
      "options": [],
      "answer": null,
      "explanation": ""
    },
    {
      "no": 3,
      "question": "사후보전 : 경제성을 고려하여 고장정지 또는 유쾌한 성능저\n하를 가져온 후 에 수리하는 보전방식",
      "options": [],
      "answer": null,
      "explanation": ""
    },
    {
      "no": 4,
      "question": "예방보전, 일상보전 : 설비의 건강상태를 유지하고 고장이 일 3과목 : 기계위험방지기술\n어나지 않도록 열화를 방지하기 위한 일상보전, 열화를 측정하",
      "options": [],
      "answer": null,
      "explanation": ""
    },
    {
      "no": 41,
      "question": "반복응력을 받게 되는 기계구조부분의 설계에서 허용응력을\n기 위한 정기검사 또는 설비진단, 열화를 조기에 복원시키기 위\n결정하기 위한 기초강도로 가장 적합한 것은?\n한 정비 등을 하는 것",
      "options": [
        "항복점(Yield point)",
        "극한 강도(Ultimate strength)"
      ],
      "answer": null,
      "explanation": ""
    },
    {
      "no": 39,
      "question": "다음 설명 중 ( )안에 알맞은 용어가 올바르게 짝지어진 것\n③ 크리프 한도(Creep limit)\n은?\n④ 피로 한도(Fatigue limit)\n<문제 해설>\n반복 시험에서 어떤 응력도까지의 범위에서는 무한히 반복해도\n재료가 파괴하지 않는 한계가 있다..이 한계를 피로 한도 또는\n내구 한도라 한다..피로 한도는 온도 반복 응력의 주기 등에 좌\n우된다..응력도가 피로 한도 이상인 경우는 응력도가 커짐에 따\n라서 파괴까지의 반복 횟수가 감소한다.\n[해설작성자 : 예띠]",
      "options": [
        "크리프 한도(Creep limit)",
        "피로 한도(Fatigue limit)",
        "㉠ : PHA, ㉡ : ETA"
      ],
      "answer": null,
      "explanation": ""
    },
    {
      "no": 42,
      "question": "그림과 같이 목재가공용 둥근톱 기계에서 분할날(t2) 두께가\n② ㉠ : ETA, ㉡ : MORT",
      "options": [
        "㉠ : ETA, ㉡ : MORT"
      ],
      "answer": null,
      "explanation": ""
    },
    {
      "no": 4,
      "question": "0mm일 때 톱날 두께 및 톱날 진폭과의 관계로 옳은 것\n③ ㉠ : MORT, ㉡ : ETA\n은?\n④ ㉠ : MORT, ㉡ : PHA\n<문제 해설>",
      "options": [
        "㉠ : MORT, ㉡ : ETA",
        "㉠ : MORT, ㉡ : PHA"
      ],
      "answer": null,
      "explanation": ""
    },
    {
      "no": 1,
      "question": "관리,설계,생산,보전 등에 대한 넓은 범위에 걸쳐 안정성을 확\n보 -> MORT",
      "options": [],
      "answer": null,
      "explanation": ""
    },
    {
      "no": 2,
      "question": "귀납적이고 정량적인 시스템안전 프로그램 -> ETA, DT",
      "options": [
        "b > 4.0mm, t ≤ 3.6mm",
        "b > 4.0mm, t ≤ 4.0mm",
        "b < 4.0mm, t ≤ 4.4mm 6+0.15*60",
        "b > 4.0mm, t ≥ 3.6mm [해설작성자 : 신중환]"
      ],
      "answer": null,
      "explanation": ""
    },
    {
      "no": 1,
      "question": "1t <= t2 < b Y = 6 + 0.15 x X\n[해설작성자 : 빡고수박교수]",
      "options": [],
      "answer": null,
      "explanation": ""
    },
    {
      "no": 1,
      "question": "t2 < b ==> b > 4",
      "options": [],
      "answer": null,
      "explanation": ""
    },
    {
      "no": 2,
      "question": "t <= t2/1.1 = 4/1.1 = 3.6 ♥ X<160mm 인 경우, Y = 6 + 0.15X\n[해설작성자 : 쿠라니] ♥ X>=160mm 인 경우, Y = 30mm로 고정\n♥ 위험점이 전동체인 경우, Y = 6 + 0.1X\n분할날(t2)의 두께는 톱두께(t1)의 1.1배이상이며 치진폭(b)보다",
      "options": [],
      "answer": null,
      "explanation": ""
    },
    {
      "no": 46,
      "question": "지게차의 안정을 유지하기 위한 안정도 기준으로 틀린 것\n작을 것\n은?",
      "options": [],
      "answer": null,
      "explanation": ""
    },
    {
      "no": 1,
      "question": "1t1<=t2<b",
      "options": [
        "5톤 미만의 부하 상태에서 하역작업시의 전후안정도는"
      ],
      "answer": null,
      "explanation": ""
    },
    {
      "no": 43,
      "question": "컨베이어, 이송용 롤러 등을 사용하는 대에 정전, 전압강하 ② 부하 상태에서 하역작업시의 좌우 안정도는 10% 이내이\n등에 의한 위협을 방지하기 위하여 설치하는 안전장치는? 어야 한다.",
      "options": [
        "부하 상태에서 하역작업시의 좌우 안정도는 10% 이내이",
        "덮개 또는 울 ③ 무부하 상태에서 주행시의 좌우 안정도는 (15 +",
        "비상정지장치 1.1×V)% 이내이어야 한다.(단, V는 구내 최고속도",
        "과부하방지장치 [km/h])",
        "이탈 및 역주행 방지장치 ④ 부하 상태에서 주행시 전후 안정도는 18%이내이어야 한"
      ],
      "answer": null,
      "explanation": ""
    },
    {
      "no": 44,
      "question": "드릴링 머신에서 드릴의 지름이 20mm이고 원주속도가\n그림엔 짐이 안 실려있지만 기준부하상태라고 설명이 되어있습",
      "options": [],
      "answer": null,
      "explanation": ""
    },
    {
      "no": 62,
      "question": "8m/min 일 때 드릴의 회전수는 약 몇 rpm인가?\n니다",
      "options": [
        "500 rpm ② 1000 rpm",
        "2000 rpm ④ 3000 rpm"
      ],
      "answer": null,
      "explanation": ""
    },
    {
      "no": 45,
      "question": "롤러 작업 시 위험점에서 가드(guard) 개구부까지의 최단\n지게차가 세로로 길으니깐 전후 안정도는 이미 확보되어 있어서\n거리를 60mm라고 할 때, 최대로 허용할 수 있는 가드 개구\n낮아도 된다고 생각하셔도 될듯\n부 틈새는 약 몇 mm인가? (단, 위험점이 비전동체이다.)\n4 6 18 15 , 하역 전후좌우 주행 전후좌우",
      "options": [
        "6 mm ② 10 mm",
        "15 mm ④ 18 mm"
      ],
      "answer": null,
      "explanation": ""
    },
    {
      "no": 47,
      "question": "산업용 로봇에서 근로자에게 발생할 수 있는 부상 등의 위\n기출문제 해설은 최강 자격증 기출문제 전자문제집 CBT : www.comcbt.com 통해서 실시간으로 변경됩니다.\n본 해설집은 최강 자격증 기출문제 전자문제집 CBT 해설달기 프로젝트에 의해서 만들어진 자료입니다. 해설을 제공해 주신 모든 분들께 감사 드립니다.\n산업안전기사 ◐ 2017년 05월 07일 필기 기출문제 및 해설집◑ 전자문제집 CBT :www.comcbt.com\n험을 방지하기 위하여 방책을 세우고자 할 때 일반적으로 ④ 1행정 1정지기구·급정지장치 및 비상정지장치의 기능\n높이는 몇 m 이상으로 해야 하는가? <문제 해설>",
      "options": [
        "1행정 1정지기구·급정지장치 및 비상정지장치의 기능",
        "1.8 m ② 2.1 m *프레스의 작업시작전 점검사항",
        "2.4 m ④ 2.7 m 1. 클러치 및 브레이크"
      ],
      "answer": null,
      "explanation": ""
    },
    {
      "no": 4,
      "question": "슬라이드/칼날에 의한 위험방지기구",
      "options": [],
      "answer": null,
      "explanation": ""
    },
    {
      "no": 48,
      "question": "프레스 방호장치에서 수인식 방호장치를 사용하기에 가장",
      "options": [],
      "answer": null,
      "explanation": ""
    },
    {
      "no": 5,
      "question": "프레스 금형 및 고정볼트 상태\n적합한 기준은?",
      "options": [],
      "answer": null,
      "explanation": ""
    },
    {
      "no": 6,
      "question": "방호장치 기능",
      "options": [
        "슬라이드 행정길이가 100mm 이상, 슬라이드 행정수가"
      ],
      "answer": null,
      "explanation": ""
    },
    {
      "no": 7,
      "question": "전단기의 칼날 및 테이블 상태\n100spm 이하\n② 슬라이드 행정길이가 50mm 이상, 슬라이드 행정수가\n* 보기 1번의 압력방출장치는 공기압축기 가공시의 작업시작전\n100spm 이하\n점검사항이다.\n③ 슬라이드 행정길이가 100mm 이상, 슬라이드 행정수가\n[해설작성자 : 토끼]\n200spm 이하\n④ 슬라이드 행정길이가 50mm 이상, 슬라이드 행정수가 51. 산업안전보건법령에 따른 가스집합 용접장치의 안전에 관한\n200spm 이하 설명으로 옳지 않은 것은?\n<문제 해설>",
      "options": [
        "슬라이드 행정길이가 50mm 이상, 슬라이드 행정수가",
        "슬라이드 행정길이가 100mm 이상, 슬라이드 행정수가",
        "슬라이드 행정길이가 50mm 이상, 슬라이드 행정수가 51. 산업안전보건법령에 따른 가스집합 용접장치의 안전에 관한",
        "가스집합장치에 대해서는 화기를 사용하는 설비로부터",
        "가스집합 용접장치의 배관에서 플랜지, 밸브 등의 접합",
        "주관 및 분기관에 안전기를 설치해야 하며 이 경우 하나",
        "용해아세틸렌을 사용하는 가스집합 용접장치의 배관 및"
      ],
      "answer": null,
      "explanation": ""
    },
    {
      "no": 52,
      "question": "다음 중 안전율을 구하는 산식으로 옳은 것은?\n행정수 120spm 이하",
      "options": [
        "허용응력/기초강도"
      ],
      "answer": null,
      "explanation": ""
    },
    {
      "no": 49,
      "question": "숫돌지름이 60cm인 경우 숫돌 고정 장치인 평형 플랜지 지 ② 허용응력/인장강도\n름은 몇 cm 이상이어야 하는가? ③ 인장강도/허용응력",
      "options": [
        "허용응력/인장강도",
        "인장강도/허용응력",
        "10cm ② 20cm ④ 안전하중/파단하중",
        "30cm ④ 60cm <문제 해설>"
      ],
      "answer": null,
      "explanation": ""
    },
    {
      "no": 50,
      "question": "다음 중 산업안전보건법령상 프레스 등을 사용하여 작업을\n하중 ...\n할 때에 작업시작 전 점검 사항으로 볼 수 없는 것은?\n♥ B = 허용응력, 정격하중, 사용응력, 안전하중, 최대사용하중,",
      "options": [
        "압력방출장치의 기능",
        "클러치 및 브레이크의 기능",
        "프레스의 금형 및 고정볼트 상태",
        "5000N ④ 12000N"
      ],
      "answer": null,
      "explanation": ""
    },
    {
      "no": 53,
      "question": "다음 중 선반의 방호장치로 볼 수 없는 것은?\n5 * 1000",
      "options": [
        "실드(shield)",
        "슬라이딩(sliding)",
        "척커버(chuck cover)",
        "칩 브레이커(chip breaker)"
      ],
      "answer": null,
      "explanation": ""
    },
    {
      "no": 1,
      "question": "칩 브레이커\n극한강도=안전계수*허용하중",
      "options": [],
      "answer": null,
      "explanation": ""
    },
    {
      "no": 2,
      "question": "덮개\n[해설작성자 : 마중물]",
      "options": [],
      "answer": null,
      "explanation": ""
    },
    {
      "no": 3,
      "question": "브레이크",
      "options": [],
      "answer": null,
      "explanation": ""
    },
    {
      "no": 4,
      "question": "척 커버 57. 산업안전보건법령에 따른 아세틸렌 용접장치 발생기실의 구\n[해설작성자 : 빡고수박교수] 조에 관한 설명으로 옳지 않은 것은?",
      "options": [
        "벽은 불연성 재료로 할 것"
      ],
      "answer": null,
      "explanation": ""
    },
    {
      "no": 54,
      "question": "다음 중 프레스기에 사용되는 방호장치에 있어 원칙적으로\n② 지붕과 천장에는 얇은 철판과 같은 가벼운 불연성 재료\n급정지 기구가 부착되어야만 사용할 수 있는 방식은?\n를 사용할 것",
      "options": [
        "지붕과 천장에는 얇은 철판과 같은 가벼운 불연성 재료",
        "양수조작식 ② 손쳐내기식",
        "벽과 발생기 사이에는 작업에 필요한 공간을 확보할 것",
        "가드식 ④ 수인식",
        "배기통을 옥상으로 돌출시키고 그 개구부를 출입부로부",
        "급정지기구를 갖춘 마찰식 프레스에 적합",
        "누름버튼에서 손을 뗄 경우 급정지기구 작동, 손이 형"
      ],
      "answer": null,
      "explanation": ""
    },
    {
      "no": 4,
      "question": "바닥면적의 1/16이상의 면적을 가진 배기통을 옥상으로 돌출\n틀의 위험한계에 도달할 때까지 슬라이드 정지(핀클러\n시키고 개구부를 출입부로부터 1.5m 이상 떨어지게 할것\n치 방식일 경우 SPM120 이상)\n[해설작성자 : 갓]\n[해설작성자 : WY]\n4) 이내-> 이상\n일행정일정지 프레스:양수조작식, 게이트가드식\n[해설작성자 : 산안기합격빠탱]\n행정길이 40mm 이상, SPN 120이하 사용:손쳐내기식, 수인식\n슬라이드 작동 중 정지가능(급정지 장치):양수조작식, 광전자식 58. 지름 5cm 이상을 갖는 회전중인 연삭숫돌의 파괴에 대비하\n마찰식프레스 가능하나 크랭크식 프레스에는 불가능:감응식(광전 여 필요한 방호장치는?\n자식)",
      "options": [
        "받침대 ② 과부하 방지장치",
        "덮개 ④ 프레임"
      ],
      "answer": null,
      "explanation": ""
    },
    {
      "no": 55,
      "question": "다음 중 보일러의 방호장치와 가장 거리가 먼 것은?\n지름5cm 이상 연삭 방호장치 -> 덮개",
      "options": [
        "언로드밸브",
        "압력방출장치",
        "압력제한스위치 59. 다음 중 와전류비파괴검사법의 특징과 가장 거리가 먼 것",
        "고저수위조절장치 은?",
        "관, 환봉 등의 제품에 대해 자동화 및 고속화된 검사가",
        "검사 대상 이외의 재료적 인자(투자율, 열처리, 온도 등)",
        "가는 선, 얇은 판의 경우도 검사가 가능하다.",
        "표면 아래 깊은 위치에 있는 결함은 검출이 곤란하다."
      ],
      "answer": null,
      "explanation": ""
    },
    {
      "no": 1,
      "question": "압력방출 장치 <문제 해설>",
      "options": [],
      "answer": null,
      "explanation": ""
    },
    {
      "no": 2,
      "question": "압력제한 스위치 검사대상 이외의 재료적 인자에 의한 잡음에 의해 검사의 방해",
      "options": [],
      "answer": null,
      "explanation": ""
    },
    {
      "no": 3,
      "question": "고저 수위조절 장치 가 있을 수 있다.",
      "options": [],
      "answer": null,
      "explanation": ""
    },
    {
      "no": 4,
      "question": "화염 검출기 [해설작성자 : 쿠라니]\n[해설작성자 : 가자고오]",
      "options": [],
      "answer": null,
      "explanation": ""
    },
    {
      "no": 60,
      "question": "재료에 대한 시험 중 비파괴시험이 아닌 것은?",
      "options": [],
      "answer": null,
      "explanation": ""
    },
    {
      "no": 56,
      "question": "안전계수가 5인 체인의 최대설계하중이 1000N이라면 이 체",
      "options": [
        "방사선투과시험",
        "자분탐상시험",
        "200N ② 2000N ③ 초음파탐상시험",
        "피로시험 는 기존 정답인 1번을 누르면 정답 처리됩니다. 자세한 내",
        "10Ω 이하",
        "100Ω 이하",
        "106Ω 이하",
        "1kΩ 이하"
      ],
      "answer": null,
      "explanation": ""
    },
    {
      "no": 61,
      "question": "전기설비에 작업자의 직접 접촉에 의한 감전방지 대책이 아\n-제2종(고압 주상 변압기의 저압측 중성점: 150/1선지락 전류Ω)\n닌 것은?\n-제3종(400v 이하 저압기기의 외함:100Ω)",
      "options": [
        "충전부에 절연 방호망을 설치할 것",
        "충전부는 내구성이 있는 절연물로 완전히 덮어 감쌀 것",
        "충전부가 노출되지 않도록 폐쇄형 외함구조로 할 것",
        "관계자 외에도 쉽게 출입이 가능한 장소에 충전부를 설"
      ],
      "answer": null,
      "explanation": ""
    },
    {
      "no": 4,
      "question": "전주 위 및 철탑 위 등 격리되어 있는 장소로서 관계 근로자\n제3종(400V 이하 저압 기기의 외함): 단면적 2.5mm, 100옴\n가 아닌 사람이 접근할 우려가 없는 장소에 충전부를 설치할 것\n특별3종(400v를 넘는 저압 기기의 외함): 단면적 2.5mm, 10옴\n[해설작성자 : 부자아빠]",
      "options": [],
      "answer": null,
      "explanation": ""
    },
    {
      "no": 62,
      "question": "교류 아크용접기의 자동전격방지장치는 아크발생이 중단된\n후 출력측 무부하 전압을 1초 이내 몇 V 이하로 저하시켜야\n[규정 개정]\n하는가?\n2021년 한국전기설비규정(KEC) 개정으로 인하여",
      "options": [
        "25 ~ 30 ② 35 ~ 50",
        "55 ~ 75 ④ 80 ~ 100"
      ],
      "answer": null,
      "explanation": ""
    },
    {
      "no": 65,
      "question": "절연전선의 과전류에 의한 연소단계 중 착화단계의 전선전",
      "options": [
        "아크 발생을 정지시킬 때 주접점이 개로될 때까지의 시간은"
      ],
      "answer": null,
      "explanation": ""
    },
    {
      "no": 1,
      "question": "0초 이내일 것",
      "options": [
        "40 A/mm2 ② 50 A/mm2",
        "2차 무부하전압은 25[V] 이내일 것",
        "65 A/mm2 ④ 120 A/mm2"
      ],
      "answer": null,
      "explanation": ""
    },
    {
      "no": 63,
      "question": "그림과 같은 설비에 누전되었을 때 인체가 접촉하여도 안전\n인화단계(40~43) 착화단계(43~60) 발화단계(60~120) 순시용단\n하도록 ELV를 설치하려고 한다. 누전차단기 동작전류 및 시\n단계(120이상)\n간으로 가장 적당한 것은?\n[해설작성자 : 하얀꿈]\n인화단계(40~43MA)\n착화단계(43~60MA)\n발화단계( 발화후 융융(60~70MA, 융융과 동시에 발화\n(75~120MA)\n전선폭발(120MA)",
      "options": [
        "30mA, 0.1초 ② 60mA, 0.1초",
        "90mA, 0.1초 ④ 120mA, 0.1초"
      ],
      "answer": null,
      "explanation": ""
    },
    {
      "no": 64,
      "question": "고압 및 특고압의 전로에 시설하는 피뢰기의 접지저항은 몇\n운전 중에 누전되었을 경우에 작업자가 접촉될 수 있는 최\nΩ 이하로 하여야 하는가?(관련 규정 개정전 문제로 여기서\n기출문제 해설은 최강 자격증 기출문제 전자문제집 CBT : www.comcbt.com 통해서 실시간으로 변경됩니다.\n본 해설집은 최강 자격증 기출문제 전자문제집 CBT 해설달기 프로젝트에 의해서 만들어진 자료입니다. 해설을 제공해 주신 모든 분들께 감사 드립니다.\n산업안전기사 ◐ 2017년 05월 07일 필기 기출문제 및 해설집◑ 전자문제집 CBT :www.comcbt.com\n소전압은 약 몇 V 인가? (단, 1선 지락전류 10A, 제 3종 접",
      "options": [
        "2.5V 이하 ② 25V 이하",
        "50V 이하 ④ 제한없음",
        "116.7 V ② 127.5 V - 인체가 현저히 젖어있는 상태",
        "146.7 V ④ 165.6 V - 금속성의 전기 기계장치나 구조물에 인체의 일부가 상시 접촉"
      ],
      "answer": null,
      "explanation": ""
    },
    {
      "no": 67,
      "question": "전압은 저압, 고압 및 특별고압으로 구분되고 있다. 다음 중\n♥ 제 3종: 제 1종, 제 2종을 제외하고, 위험성이 높은 상태.\n저압에 대한 설명으로 가장 알맞은 것은?(2021년 개정된\n→ 허용 접촉 전압 = 50V 이하\nKEC 규정 적용됨)",
      "options": [
        "직류 750V 이하, 교류 600V 이하",
        "직류 750V 미만, 교류 600V 미만",
        "직류 1500V 이하, 교류 1000V 이하",
        "직류 15000V 미만, 교류 2000V 이하",
        "충돌대전 : 분체류와 같은 입자 상호간이나 입자와 고체",
        "유동대전 : 액체류가 파이프 등 내부에서 유동할 때 액"
      ],
      "answer": null,
      "explanation": ""
    },
    {
      "no": 68,
      "question": "대전의 완화를 나타내는데 중요한 인자인 시정수(time\n③ 박리대전 : 고체나 분체류와 같은 물체가 파괴되었을 때\nconstant)는 최초의 전하가 약 몇 %까지 완화되는 시간을\n전하분리에 의해 정전기가 발생되는 현상\n말하는가?\n④ 분출대전 : 분체류, 액체류, 기체류가 단면적이 작은 분",
      "options": [
        "박리대전 : 고체나 분체류와 같은 물체가 파괴되었을 때",
        "분출대전 : 분체류, 액체류, 기체류가 단면적이 작은 분",
        "20 % ② 37 %",
        "45 % ④ 50 %",
        "15 ~ 20 mA ② 10 ~ 15 mA"
      ],
      "answer": null,
      "explanation": ""
    },
    {
      "no": 69,
      "question": "금속성의 전기기계장치나 구조물에 인체의 일부가 상시 접\n③ 7 ~ 8 mA ④ 1mA\n촉되어 있는 상태의 허용접촉 전압으로 옳은 것은?\n<문제 해설>\n기출문제 해설은 최강 자격증 기출문제 전자문제집 CBT : www.comcbt.com 통해서 실시간으로 변경됩니다.\n본 해설집은 최강 자격증 기출문제 전자문제집 CBT 해설달기 프로젝트에 의해서 만들어진 자료입니다. 해설을 제공해 주신 모든 분들께 감사 드립니다.\n산업안전기사 ◐ 2017년 05월 07일 필기 기출문제 및 해설집◑ 전자문제집 CBT :www.comcbt.com\n*최소감지 전류 : 1 ~ 2mA ④ 정전기의 발생은 처음 접촉, 분리할 대가 최대로 되고\n*고통감지 전류 : 2 ~ 8mA 접촉, 분리가 반복됨에 따라 발생량은 감소한다.\n*이탈가능 전류 : 8 ~ 15mA <문제 해설>\n(가수전류) 물체의 분리속도가 빠를수록 발생량은 많아진다.\n*이탈불능 전류 : 15 ~ 50mA [해설작성자 : 멋진 승빈 아빠]\n(불수전류,교착전류)",
      "options": [
        "7 ~ 8 mA ④ 1mA",
        "정전기의 발생은 처음 접촉, 분리할 대가 최대로 되고"
      ],
      "answer": null,
      "explanation": ""
    },
    {
      "no": 74,
      "question": "분진방폭 배선시설에 분진침투 방지재료로 가장 적합한 것\n*심실세동 전류 : 100mA 이상\n은?\n[해설작성자 : 달프]",
      "options": [
        "분진침투 케이블",
        "컴파운드(compound)",
        "자기융착성 테이프",
        "씰링피팅(sealing fitting)"
      ],
      "answer": null,
      "explanation": ""
    },
    {
      "no": 75,
      "question": "인체의 저항을 1000Ω으로 볼 때 심실세동을 일으키는 전류",
      "options": [],
      "answer": null,
      "explanation": ""
    },
    {
      "no": 72,
      "question": "정상작동 상태에서 폭발 가능성이 없으나 이상상태에서 짧\n에서의 전기에너지는 약 몇 J 인가? (단, 심실세동전류는\n은 시간동안 폭발성 가스 또는 증기가 존재하는 지역에 사\n용 가능한 방폭용기를 나타내는 기호는?",
      "options": [
        "ib ② p 이며, 통전시간 T는 1초, 전원은 정현파 교류",
        "e ④ n",
        "13.6 J ② 27.2 J",
        "136.6 J ④ 272.2 J",
        "작업 전 전기설비의 잔류 전하를 확실히 방전한다.",
        "개로된 전로의 충전여부를 검전기구에 의하여 확인한다.",
        "개폐기에 시건장치를 하고 통전금지에 관한 표지판은 제"
      ],
      "answer": null,
      "explanation": ""
    },
    {
      "no": 73,
      "question": "정전기 발생에 영향을 주는 요인에 대한 설명으로 틀린 것\n④ 예비 동력원의 역송전에 의한 감전의 위험을 방지하기\n은?\n위해 단락접지 기구를 사용하여 단락 접지를 한다.",
      "options": [
        "예비 동력원의 역송전에 의한 감전의 위험을 방지하기",
        "물체의 분리속도가 빠를수록 발생량은 적어진다.",
        "접촉면적이 크고 접촉압력이 높을수록 발생량이 많아진",
        "물체 표면이 수분이나 기름으로 오염되면 산화 및 부식"
      ],
      "answer": null,
      "explanation": ""
    },
    {
      "no": 1,
      "question": "설비의 내부",
      "options": [],
      "answer": null,
      "explanation": ""
    },
    {
      "no": 77,
      "question": "300A의 전류가 흐르는 저압 가공전선로의 1(한)선에서 허용",
      "options": [],
      "answer": null,
      "explanation": ""
    },
    {
      "no": 2,
      "question": "인화성 또는 액체 PIT 상부\n가능한 누설전류는 몇 mA인가?\n[해설작성자 : otalee]",
      "options": [
        "600 mA ② 450 mA",
        "300 mA ④ 150 mA"
      ],
      "answer": null,
      "explanation": ""
    },
    {
      "no": 78,
      "question": "방폭 전기기기의 성능을 나타내는 기호표시로 EX P Ⅱ A\n소에 해당함\nT5를 나타내었을 때 관계가 없는 표시 내용은?\n0종장소? 정상상태에 있어서 폭발성 분위기가 연속적 또는 장기",
      "options": [
        "온도등급 ② 폭발성능",
        "방폭구조 ④ 폭발등급"
      ],
      "answer": null,
      "explanation": ""
    },
    {
      "no": 80,
      "question": "저압 전기기기의 누전으로 인한 감전재해의 방지대책이 아\n[해설작성자 : www.comcbt.com 이용자]\n닌 것은?",
      "options": [
        "보호접지",
        "안전전압의 사용",
        "비접지식 전로의 채용",
        "배선용차단기(MCCB)의 사용"
      ],
      "answer": null,
      "explanation": ""
    },
    {
      "no": 79,
      "question": "다음 중 1종 위험장소로 분류되지 않는 것은? 5과목 : 화학설비위험방지기술",
      "options": [
        "Floating roof tank 상의 shell 내의 부분"
      ],
      "answer": null,
      "explanation": ""
    },
    {
      "no": 81,
      "question": "다음 중 화학공장에서 주로 사용되는 불활성 가스는?\n② 인화성 액체의 용기 내부의 액면 상부의 공간부",
      "options": [
        "인화성 액체의 용기 내부의 액면 상부의 공간부",
        "수소 ② 수증기",
        "점검수리 작업에서 가연성 가스 또는 증기를 방출하는",
        "질소 ④ 일산화탄소",
        "탱크폴리, 드럼관 등이 인화성 액체를 충전하고 있는 경"
      ],
      "answer": null,
      "explanation": ""
    },
    {
      "no": 82,
      "question": "위험물안전관리법령에서 정한 위험물의 유형 구분이 나머지\n셋과 다른 하나는? 85. 다음 중 CO 소화약제의 장점으로 볼 수 없는 것은?\n2",
      "options": [
        "질산 ② 질산칼륨 ① 기체 팽창률 및 기화 잠열이 작다.",
        "과염소산 ④ 과산화수소 ② 액화하여 용기에 보관할 수 있다.",
        "전기에 대해 부도체이다.",
        "자체 증기압이 높기 때문에 자체 압력으로 방사가 가능"
      ],
      "answer": null,
      "explanation": ""
    },
    {
      "no": 83,
      "question": "다음 중 압축기 운전시 토출압력이 갑자기 증가하는 이유로\n가장 적절한 것은?\n기화잠열 : 물제가 기체로 변할 때 흡수하는 열",
      "options": [
        "윤활유의 과다",
        "피스톤 링의 가스 누설",
        "토출관 내에 저항 발생 86. 아세톤에 대한 설명으로 틀린 것은?",
        "저장조 내 가스압의 감소 ① 증기는 유독하므로 흡입하지 않도록 주의해야 한다.",
        "무색이고 휘발성이 강한 액체이다.",
        "비중이 0.79 이므로 물보다 가볍다.",
        "인화점이 20°C 이므로 여름철에 더 인화 위험이 높다."
      ],
      "answer": null,
      "explanation": ""
    },
    {
      "no": 87,
      "question": "다음 중 인화점이 가장 낮은 것은?\n윤활류 많으면 더 미끄러우니 압력이 증가할일이 없고 가스가누",
      "options": [
        "벤젠 ② 메탄올",
        "이황화탄소 ④ 경유"
      ],
      "answer": null,
      "explanation": ""
    },
    {
      "no": 84,
      "question": "프로판(C H ) 가스가 공기 중 연소할 때의 화학양론농도는 메탄올 11도씨\n3 8\n약 얼마인가? (단, 공기 중의 산소농도는 21vol% 이다.) 이황화탄소 -30도씨",
      "options": [
        "2.5vol% ② 4.0vol% 아세톤 -18도씨",
        "5.6vol% ④ 9.5vol% [해설작성자 : lucia]"
      ],
      "answer": null,
      "explanation": ""
    },
    {
      "no": 88,
      "question": "다음 중 왕복펌프에 속하지 않는 것은?",
      "options": [
        "피스톤 펌프 ② 플런저 펌프",
        "기어 펌프 ④ 격막 펌프"
      ],
      "answer": null,
      "explanation": ""
    },
    {
      "no": 4,
      "question": "773이 뭘까 의문이 가시는 분들이 있을건데 그냥 1/0.21 값이\n회전 펌프의 종류\n기출문제 해설은 최강 자격증 기출문제 전자문제집 CBT : www.comcbt.com 통해서 실시간으로 변경됩니다.\n본 해설집은 최강 자격증 기출문제 전자문제집 CBT 해설달기 프로젝트에 의해서 만들어진 자료입니다. 해설을 제공해 주신 모든 분들께 감사 드립니다.\n산업안전기사 ◐ 2017년 05월 07일 필기 기출문제 및 해설집◑ 전자문제집 CBT :www.comcbt.com\n기어펌프, 베인 펌프, 나사펌프, 스크류펌프 온도증가 : 하한계하강 상한계상승\n[해설작성자 : 믿거나 말거나]\n기어펌프는 베인펌프, 나사펌프와 같이 회전펌프로 분류됩니다..\n온도증가 : 하한값 변화없고 상한값 상승\n격막펌프는 현장에서는 다이어프람이라고 더 많이 사용되는데 [해설작성자 : 감만땅]\n보통 용적형 펌프로 분류됩니다..",
      "options": [],
      "answer": null,
      "explanation": ""
    },
    {
      "no": 93,
      "question": "고체 가연물의 일반적인 4가지 연소방식에 해당하지 않는\n[해설작성자 : 나다]\n것은?",
      "options": [],
      "answer": null,
      "explanation": ""
    },
    {
      "no": 89,
      "question": "다음 중 아세틸렌을 용해가스로 만들 때 사용되는 용제로",
      "options": [
        "분해연소 ② 표면연소",
        "확산연소 ④ 증발연소",
        "아세톤 ② 메탄 <문제 해설>",
        "부탄 ④ 프로판 확산연소 : 기체 연료가 공기에 확산하여 반응하는 연소"
      ],
      "answer": null,
      "explanation": ""
    },
    {
      "no": 90,
      "question": "다음 중 금속 산(acid)과 접촉하여 수소를 가장 잘 방출시키\n고체 연소\n는 원소는?",
      "options": [
        "칼륨 ② 구리",
        "수은 ④ 백금"
      ],
      "answer": null,
      "explanation": ""
    },
    {
      "no": 91,
      "question": "비점이 낮은 액체 저장탱크 주위에 화재가 발생했을 때 저\n분무연소, 증발연소\n장탱크 내부의 비등 현상으로인한 압력 상승으로 탱크가 파\n☞ 암기법 : 액등심은 '액'字로 시작하니까 액체, 액등심\n열되어 그 내용물이 증발, 팽창하면서 발생되는 폭발현상\n분무증발은 액체 연소\n은?",
      "options": [
        "Back Draft ② BLEVE"
      ],
      "answer": null,
      "explanation": ""
    },
    {
      "no": 94,
      "question": "산업안전보건법령에 따라 정변위 압축기 등에 대해서 과압\n③ Flash Over ④ UVCE\n에 따른 폭발을 방지하기 위하여 설치하여야 하는 것은?\n<문제 해설>",
      "options": [
        "Flash Over ④ UVCE",
        "역화방지기 ② 안전밸브",
        "감지기 ④ 체크밸브",
        "분해폭발",
        "수증기폭발",
        "전선폭발"
      ],
      "answer": null,
      "explanation": ""
    },
    {
      "no": 92,
      "question": "가연성가스의 폭발범위에 관한 설명으로 틀린 것은?\n④ 고상간의 전이에 의한 폭발",
      "options": [
        "고상간의 전이에 의한 폭발",
        "압력 증가에 따라 폭발 상한계와 하한계가 모두 현저히",
        "불활성가스를 주입하면 폭발범위는 좁아진다.",
        "온도의 상승과 함께 폭발범위는 넓어진다.",
        "산소 중에서의 폭발범위는 공기 중에서 보다 넓어진다."
      ],
      "answer": null,
      "explanation": ""
    },
    {
      "no": 1,
      "question": "수증기폭발\n폭발상한계는 증가한다.",
      "options": [],
      "answer": null,
      "explanation": ""
    },
    {
      "no": 2,
      "question": "증기폭발\n[해설작성자 : 쿠라니]",
      "options": [],
      "answer": null,
      "explanation": ""
    },
    {
      "no": 3,
      "question": "전선폭발\n[해설작성자 : lucia]\n압력증가 : 하한계불변 상한계상승\n기출문제 해설은 최강 자격증 기출문제 전자문제집 CBT : www.comcbt.com 통해서 실시간으로 변경됩니다.\n본 해설집은 최강 자격증 기출문제 전자문제집 CBT 해설달기 프로젝트에 의해서 만들어진 자료입니다. 해설을 제공해 주신 모든 분들께 감사 드립니다.\n산업안전기사 ◐ 2017년 05월 07일 필기 기출문제 및 해설집◑ 전자문제집 CBT :www.comcbt.com\n로 증대되고, 반응용기 내의 온도, 압력이 급격히 이상 상승\n응상폭발의 종류 되어 규정 조건을 벗어나고, 반응이 과격화되는 현상”",
      "options": [],
      "answer": null,
      "explanation": ""
    },
    {
      "no": 1,
      "question": "수증기폭발",
      "options": [
        "비등 ② 과열·과압"
      ],
      "answer": null,
      "explanation": ""
    },
    {
      "no": 2,
      "question": "증기폭발 ③ 폭발 ④ 반응폭주",
      "options": [
        "폭발 ④ 반응폭주"
      ],
      "answer": null,
      "explanation": ""
    },
    {
      "no": 3,
      "question": "고상간의 전이에 의한 폭발 <문제 해설>",
      "options": [],
      "answer": null,
      "explanation": ""
    },
    {
      "no": 4,
      "question": "전선 및 도선의 폭발 문제에서 \"반응이 과격화 되는 현상\"\n[해설작성자 : 빡고수박교수] = 반응폭주",
      "options": [],
      "answer": null,
      "explanation": ""
    },
    {
      "no": 98,
      "question": "분진폭발의 발생 순서로 옳은 것은?\n응상폭발은 물질의 고체 또는 액체 상태가 급격히 변하여 발생",
      "options": [
        "비산→분산→퇴적분진→발화원→2차폭발→전면폭발",
        "비산→퇴적분진→분산→발화원→2차폭발→전면폭발",
        "퇴적분진→발화원→분산→비산→전면폭발→2차폭발",
        "퇴적분진→비산→분산→발화원→전면폭발→2차폭발"
      ],
      "answer": null,
      "explanation": ""
    },
    {
      "no": 96,
      "question": "5% NaOH 수용액과 10% NaOH 수용액을 반응기에 혼합하 퇴적된 분진들이 비산하면서 여러방면으로 분산되고 분산된 분\n여 6% 100kg의 NaOH 수용액을 만들려면 각각 몇 kg의 진들이 발화원이 되어 전면폭발이 일어나고 2차 폭발이남!\nNaOH 수용액이 필요한가? [해설작성자 : 합격하자!]",
      "options": [
        "5% NaOH 수용액 : 33.3, 10% NaOH 수용액 : 66.7"
      ],
      "answer": null,
      "explanation": ""
    },
    {
      "no": 99,
      "question": "건축물 공사에 사용되고 있으나, 불에 타는 성질이 있어서\n② 5% NaOH 수용액 : 50, 10% NaOH 수용액 : 50\n화재 시 유독한 시안화수소 가스가 발생되는 물질은?\n③ 5% NaOH 수용액 : 66.7, 10% NaOH 수용액 : 33.3",
      "options": [
        "5% NaOH 수용액 : 50, 10% NaOH 수용액 : 50",
        "5% NaOH 수용액 : 66.7, 10% NaOH 수용액 : 33.3",
        "염화비닐 ② 염화에틸렌",
        "5% NaOH 수용액 : 80, 10% NaOH 수용액 : 20",
        "메타크릴산메틸 ④ 우레탄"
      ],
      "answer": null,
      "explanation": ""
    },
    {
      "no": 100,
      "question": "다음 중 밀폐 공간내 작업시의 조치사항으로 가장 거리가\n5% 수용액 양=x , 10% 수용액 양=y\n먼 것은?\n5x/100 x + 10y/100 = 6*100/100",
      "options": [
        "산소결핍이 우려되거나 유해가스 등의 농도가 높아서 폭",
        "해당 작업장을 적정한 공기상태로 유지되도록 환기하여",
        "해당 장소에 근로자를 입장시킬 때와 퇴장시킬 때에 각",
        "해당 작업장과 외부의 감시인 사이에 상시연락을 취할",
        "40% 이상 ② 50% 이상",
        "60% 이상 ④ 70% 이상"
      ],
      "answer": null,
      "explanation": ""
    },
    {
      "no": 97,
      "question": "다음 설명이 의미하는 것은? “온도, 압력 등 제어상태가 규\n<문제 해설>\n정의 조건을 벗어나는 것에 의해 반응속도가 지수함수적으\n공정율 : 50~70 70~90 90~\n기출문제 해설은 최강 자격증 기출문제 전자문제집 CBT : www.comcbt.com 통해서 실시간으로 변경됩니다.\n본 해설집은 최강 자격증 기출문제 전자문제집 CBT 해설달기 프로젝트에 의해서 만들어진 자료입니다. 해설을 제공해 주신 모든 분들께 감사 드립니다.\n산업안전기사 ◐ 2017년 05월 07일 필기 기출문제 및 해설집◑ 전자문제집 CBT :www.comcbt.com\n사용기준 : 50~ 70~ 90~ ③ 말비계의 높이가 2m를 초과할 경우에는 작업발판의 폭\n[해설작성자 : 쿠라니] 을 30cm 이상으로 한다.\n④ 지주부재와 지주부재 사이를 고정시키는 보조부재를 설\n70이하는 무조건 50이고 70이상은 해당되는 퍼센트랑 같음 치한다.\n[해설작성자 : 보라매 오키토키] <문제 해설>\n작업발판의 폭을 40cm 이상으로 할 것.\n공정율 : [해설작성자 : 쿠라니]\n50% ~ 70% = 50%",
      "options": [
        "말비계의 높이가 2m를 초과할 경우에는 작업발판의 폭",
        "지주부재와 지주부재 사이를 고정시키는 보조부재를 설"
      ],
      "answer": null,
      "explanation": ""
    },
    {
      "no": 105,
      "question": "흙막이 지보공의 안전조치로 옳지 않은 것은?\n70% ~ 90% = 70%",
      "options": [
        "굴착배면에 배수로 미설치",
        "지하매설물에 대한 조사 실시",
        "조립도의 작성 및 작업순서 준수",
        "흙막이 지보공에 대한 조사 및 점검 철저"
      ],
      "answer": null,
      "explanation": ""
    },
    {
      "no": 102,
      "question": "화물취급작업과 관련한 위험방지를 위해 조치하여야 할 사 [해설작성자 : lucia]\n항으로 옳지 않은 것은?",
      "options": [],
      "answer": null,
      "explanation": ""
    },
    {
      "no": 106,
      "question": "거푸집동바리등을 조립 또는 해체하는 작업을 하는 경우",
      "options": [
        "작업장 및 통로의 위험한 부분에는 안전하게 작업할 수",
        "재료, 기구 또는 공구 등을 올리거나 내리는 경우에는",
        "차량 등에서 화물을 내리는 작업을 하는 경우에 해당 작",
        "낙하·충격에 의한 돌발적 재해를 방지하기 위하여 버팀",
        "육상에서의 통로 및 작업장소로서 다리 또는 선거 갑문",
        "비, 눈, 그 밖의 기상상태의 불안정으로 날씨가 몹시 나",
        "부두 또는 안벽의 선을 따라 통로를 설치하는 경우에는",
        "해당 작업을 하는 구역에는 관계 근로자가 아닌 사람의"
      ],
      "answer": null,
      "explanation": ""
    },
    {
      "no": 4,
      "question": "부두 또는 안벽의 선을 따라 통로를 설치하는 경우에는 폭\n<문제 해설>\n을 90cm 이상으로 할 것\n달줄,달포대 등을 사용할 것\n[해설작성자 : 노스코]\n[해설작성자 : lucia]",
      "options": [],
      "answer": null,
      "explanation": ""
    },
    {
      "no": 103,
      "question": "타워크레인을 자립고(自立高) 이상의 높이로 설치할 때 지\n지벽체가 없어 와이어로프로 지지하는 경우의 준수사항으 달줄, 달포대 쓰지 말라는건 어제 회식 때 내가 그 사람한테 잘\n로 옳지 않은 것은? 못한게 있는지 의심해봐야 하는 부분입니다..",
      "options": [
        "와이어로프를 고정하기 위한 전용지지프레임을 사용할 [해설작성자 : 회상]"
      ],
      "answer": null,
      "explanation": ""
    },
    {
      "no": 107,
      "question": "로드(rod)·유압잭(jack) 등을 이용하여 거푸집을 연속적으\n② 와이어로프 설치각도는 수평면에서 60° 이내로 하되, 지\n로 이동시키면서 콘크리트를 타설할 때 사용되는 것으로\n지점은 4개소 이상으로 하고, 같은 각도로 설치할 것\nsilo 공사 등에 적합한 거푸집은?\n③ 와이어로프와 그 고정부위는 충분한 강도와 장력을 갖도",
      "options": [
        "와이어로프 설치각도는 수평면에서 60° 이내로 하되, 지",
        "와이어로프와 그 고정부위는 충분한 강도와 장력을 갖도",
        "메탈폼 ② 슬라이딩폼",
        "워플폼 ④ 페코빔",
        "와이어로프가 가공전선(架空電線)에 근접하지 않도록 할"
      ],
      "answer": null,
      "explanation": ""
    },
    {
      "no": 108,
      "question": "양중기에 사용하는 와이어로프에서 화물의 하중을 직접 지",
      "options": [],
      "answer": null,
      "explanation": ""
    },
    {
      "no": 104,
      "question": "말비계를 조립하여 사용할 때의 준수사항으로 옳지 않은\n지하는 달기와이어로프 또는 달기체인의 안전계수 기준은?\n것은?",
      "options": [
        "3이상 ② 4이상",
        "지주부재의 하단에는 미끄럼 방지장치를 한다.",
        "5이상 ④ 10이상",
        "지주부재와 수평면과의 기울기는 75° 이하로 한다.",
        "사업주는 양중기 다."
      ],
      "answer": null,
      "explanation": ""
    },
    {
      "no": 1,
      "question": "근로자가 탑승하는 운반구를 지지하는 달기와이어로프 또는\n달기체인의 경우: 10 이상 개정된거 아닌가 생각해봅니다",
      "options": [],
      "answer": null,
      "explanation": ""
    },
    {
      "no": 2,
      "question": "화물의 하중을 직접 지지하는 달기와이어로프 또는 달기체인 [해설작성자 : comcbt.com 이용자]\n의 경우: 5 이상",
      "options": [],
      "answer": null,
      "explanation": ""
    },
    {
      "no": 3,
      "question": "훅, 샤클, 클램프, 리프팅 빔의 경우: 3 이상 [오류신고 반론]",
      "options": [],
      "answer": null,
      "explanation": ""
    },
    {
      "no": 4,
      "question": "그 밖의 경우: 4 이상 오류 없습니다.\n② 사업주는 달기구의 경우 최대허용하중 등의 표식이 견고하게 산업안전보건법 시행규칙 제2절 안전인증 제107조(안전인증대상\n붙어 있는 것을 사용하여야 한다. 기계등)\n[해설작성자 : 있음 삭제된거 아님] 중략..",
      "options": [
        "사업주는 달기구의 경우 최대허용하중 등의 표식이 견고하게 산업안전보건법 시행규칙 제2절 안전인증 제107조(안전인증대상"
      ],
      "answer": null,
      "explanation": ""
    },
    {
      "no": 1,
      "question": "설치ㆍ이전하는 경우 안전인증을 받아야 하는 기계\n제 55조 작업발판의 최대적재하중에 있는 안전계수가 법령개정 가. 크레인\n이 되었고 나. 리프트\n\"양중기\" 내용의 안전계수는 제163조(와이어로프 등 달기구의 다..곤돌라\n안전계수) 에 있음 2. 주요 구조 부분을 변경하는 경우 안전인증을 받아야 하는 기\n삭제된게 아님, 문제가 작업발판이 아닌 양중기를 묻고 있음 계 및 설비\n[해설작성자 : \"양중기\" 문제임] 가. 프레스\n나. 전단기 및 절곡기(折曲機)",
      "options": [],
      "answer": null,
      "explanation": ""
    },
    {
      "no": 109,
      "question": "건설업의 산업안전보건관리비 사용항목에 해당되지 않는\n다..크레인\n것은?\n라. 리프트",
      "options": [
        "안전시설비",
        "근로자 건강관리비",
        "운반기계 수리비",
        "안전진단비"
      ],
      "answer": null,
      "explanation": ""
    },
    {
      "no": 111,
      "question": "유해·위험방지계획서 첨부서류에 해당되지 않는 것은?",
      "options": [],
      "answer": null,
      "explanation": ""
    },
    {
      "no": 110,
      "question": "설치·이전하는 경우 안전인증을 받아야 하는 기계·기구에",
      "options": [
        "안전관리를 위한 교육자료",
        "안전관리 조직표",
        "크레인 ② 리프트",
        "건설물, 사용 기계설비 등의 배치를 나타내는 도면",
        "곤돌라 ④ 고소작업대",
        "재해 발생 위험 시 연락 및 대피방법"
      ],
      "answer": null,
      "explanation": ""
    },
    {
      "no": 112,
      "question": "항타기 또는 항발기의 권상용 와이어로프의 사용금지기준\n기출문제 해설은 최강 자격증 기출문제 전자문제집 CBT : www.comcbt.com 통해서 실시간으로 변경됩니다.\n본 해설집은 최강 자격증 기출문제 전자문제집 CBT 해설달기 프로젝트에 의해서 만들어진 자료입니다. 해설을 제공해 주신 모든 분들께 감사 드립니다.\n산업안전기사 ◐ 2017년 05월 07일 필기 기출문제 및 해설집◑ 전자문제집 CBT :www.comcbt.com\n에 해당하지 않는 것은? ② 발판의 간격은 일정하게 할 것",
      "options": [
        "발판의 간격은 일정하게 할 것",
        "이음매가 없는 것 ③ 사다리의 상단은 걸쳐놓은 지점으로부터 60cm 이상 올",
        "지름의 감소가 공칭지름의 7%를 초과하는 것 라가도록 할 것",
        "꼬인 것 ④ 사다리식 통로의 길이가 10m 이상인 경우에는 3m 이내",
        "열과 전기충격에 의해 손상된 것 마다 계단참을 설치할 것"
      ],
      "answer": null,
      "explanation": ""
    },
    {
      "no": 113,
      "question": "철골 작업 시 기상조건에 따라 안전상 작업을 중지하여야 117. 흙막이 계측기의 종류 중 주변 지반의 변형을 측정하는 기\n하는 경우에 해당되는 기준으로 옳은 것은? 계는?",
      "options": [
        "강우량이 시간당 5mm 이상인 경우 ① Tilt meter ② Inclino meter",
        "강우량이 시간당 10mm 이상인 경우 ③ Strain gauge ④ Load cell",
        "풍속이 초당 10m 이상인 경우 <문제 해설>",
        "강설량이 시간당 20mm 이상인 경우 inclino meter:지중수평변위계"
      ],
      "answer": null,
      "explanation": ""
    },
    {
      "no": 114,
      "question": "가설통로의 구조에 관한 기준으로 옳지 않은 것은?\n[해설작성자 : 으라차차]",
      "options": [
        "경사가 15°를 초과하는 경우에는 미끄러지지 아니하는",
        "경사는 20° 이하로 할 것",
        "추락의 위험이 있는 장소에는 안전난간을 설치할 것",
        "수직갱에 가설된 통로의 길이가 15m 이상인 경우에는"
      ],
      "answer": null,
      "explanation": ""
    },
    {
      "no": 118,
      "question": "차량계 하역운반기계등에 화물을 적재하는 경우에 준수해\n수직갱에 가설된 통로의 길이가 15m 이상인 경우에는 10m 이 야 할 사항으로 옳지 않은 것은?\n내마다 계단참을 설치할 것 이거랑 햇갈리지 말아야 할게",
      "options": [
        "하중이 한쪽으로 치우치도록 하여 공간상 효율적으로 적",
        "구내운반차 또는 화물자동차의 경우 화물의 붕괴 또는"
      ],
      "answer": null,
      "explanation": ""
    },
    {
      "no": 115,
      "question": "동바리로 사용하는 파이프 서포트는 최대 몇 개 이상 이어\n③ 운전자의 시야를 가리지 않도록 화물을 적재할 것\n서 사용하지 않아야 하는가?\n④ 화물을 적재하는 경우 최대적재량을 초과하지 않을 것",
      "options": [
        "운전자의 시야를 가리지 않도록 화물을 적재할 것",
        "화물을 적재하는 경우 최대적재량을 초과하지 않을 것",
        "2개 ② 3개",
        "4개 ④ 5개"
      ],
      "answer": null,
      "explanation": ""
    },
    {
      "no": 116,
      "question": "건설현장에 설치하는 사다리식 통로의 설치기준으로 옳지",
      "options": [
        "안전그네 ② 벨트",
        "죔줄 ④ 버클",
        "발판과 벽과의 사이는 15cm 이상의 간격을 유지할 것"
      ],
      "answer": null,
      "explanation": ""
    },
    {
      "no": 120,
      "question": "터널공사의 전기발파작업에 관한 설명으로 옳지 않은 것\n은?",
      "options": [
        "전선은 점화하기 전에 화약류를 충진한 장소로부터 30m",
        "점화는 충분한 허용량을 갖는 발파기를 사용하고 규정된",
        "발파 후 발파기와 발파모선의 연결을 유지한 채 그 단부",
        "점화는 선임된 발파책임자가 행하고 발파기의 핸들을 점",
        "③ ④ ③ ① ① ④ ① ② ②",
        "① ② ① ① ③ ④ ① ④ ④",
        "③ ③ ① ④ ① ④ ② ③ ①",
        "② ② ④ ① ④ ③ ② ③ ③",
        "① ④ ② ③ ② ① ② ② ①",
        "③ ② ① ① ③ ④ ③ ② ④",
        "① ① ① ② ③ ③ ② ② ③",
        "④ ① ③ ② ③ ④ ② ② ④",
        "② ③ ② ① ④ ③ ③ ① ①",
        "① ③ ② ① ④ ④ ④ ④ ①",
        "④ ③ ③ ① ① ② ③ ③ ④",
        "① ③ ② ② ④ ② ① ① ③"
      ],
      "answer": null,
      "explanation": ""
    }
  ]
}