{
  "title": "산업안전기사20160508(해설집) (1).pdf",
  "questions": [
    {
      "no": 1,
      "question": "안전에 관한 기본 방침을 명확하게 해야 할 임무는 누구에게\n편견없이 받아들이는 성향, 타인과의 거리를 유지하며 사생활을\n있는가?\n즐기거나 창의적 성격으로 봉사, 특별히 좋아하는 사람과 긴밀",
      "options": [
        "안전관리자 ② 관리감독자",
        "근로자 ④ 사업주"
      ],
      "answer": null,
      "explanation": ""
    },
    {
      "no": 2,
      "question": "학습지도의 형태 중 토의법에 해당되지 않는 것은? 에서 소속감이랑 거리가 있지 않나 싶네요.",
      "options": [
        "패널 디스커션(panel discussion) 그래서 사회적 욕구 보단 자아실현의 욕구와 가까운것 같습니",
        "포럼(forum) 다.",
        "구안법(project method) [해설작성자 : DoubleM2]",
        "버즈 세션(buzz session)"
      ],
      "answer": null,
      "explanation": ""
    },
    {
      "no": 4,
      "question": "산업안전보건법상 중대재해에 해당하지 않는 것은?\n<문제 해설>",
      "options": [
        "사망자가 2명 발생한 재해",
        "6개월 요양을 요하는 부상자가 동시에 4명 발생한 재해"
      ],
      "answer": null,
      "explanation": ""
    },
    {
      "no": 1,
      "question": "포럼 :새로운 자료나 교재를 제시하거나 문제점을 피교육자로\n③ 부상자 또는 직업성 질병자가 동시에 12명 발생한 재해\n하여금 제시하게하고 의견을 발표하고 토의하는 법\n④ 3개월 요양을 요하는 부상자가 1명, 2개월 요양을 요하는",
      "options": [
        "부상자 또는 직업성 질병자가 동시에 12명 발생한 재해",
        "3개월 요양을 요하는 부상자가 1명, 2개월 요양을 요하는"
      ],
      "answer": null,
      "explanation": ""
    },
    {
      "no": 2,
      "question": "심포지엄 :전문가에 의해 과정에 관한 견해를 발표하고, 참가\n부상자가 4명 발생한 재해\n자로 하여금 의견이나 질문을 하게하는 토의법\n<문제 해설>",
      "options": [],
      "answer": null,
      "explanation": ""
    },
    {
      "no": 3,
      "question": "자유토의법 :참가자는 자유롭게 의견이나 태도를 말하고, 지식\n<중대재해>\n이나 정보를 상호제공하고 교환함으로, 견해의 차이를 조정하여",
      "options": [],
      "answer": null,
      "explanation": ""
    },
    {
      "no": 1,
      "question": "사망자가 1명 이상 발생한 재해.\n집단으로 의견을 요약해나가는 법.",
      "options": [],
      "answer": null,
      "explanation": ""
    },
    {
      "no": 2,
      "question": "3개월 이상의 요양이 필요한 부상자가 동시에 2명 이상 발생",
      "options": [],
      "answer": null,
      "explanation": ""
    },
    {
      "no": 4,
      "question": "패널 디스커션 :패널멤버(전문가 4~5명)가 피교육자 앞에서\n한 재해.\n자유롭게 토의하고 이후에 피교육자 전원이 참가해 사회자의 사",
      "options": [],
      "answer": null,
      "explanation": ""
    },
    {
      "no": 3,
      "question": "부상자/직업성질병자가 동시에 10명 이상 발생한 재해.\n회에 따라 토의하는 법.\n[해설작성자 : jyw3304]\n[해설작성자 : jyw3304]",
      "options": [],
      "answer": null,
      "explanation": ""
    },
    {
      "no": 5,
      "question": "고무제 안전화의 구비조건이 아닌 것은?\n새로운 자료 교재 - 포럼",
      "options": [
        "유해한 흠, 균열, 기포, 이물질 등이 없어야 한다.",
        "바닥, 발등, 발 뒤꿈치 등의 접착부분에 물이 들어오지 않",
        "에나멜 도포는 벗겨져야 하며, 건조가 완전하여야 한다.",
        "완성품의 성능은 압박감, 충격 등의 성능시험에 합격하여"
      ],
      "answer": null,
      "explanation": ""
    },
    {
      "no": 3,
      "question": "매슬로우의 욕구단계이론에서 편견없이 받아들이는 성향, 타\n<문제 해설>\n인과의 거리를 유지하며 사생활을 즐기거나 창의적 성격으로\n보호구 구비조건\n봉사, 특별히 좋아하는 사람과 긴밀한 관계를 유지하려는 인",
      "options": [],
      "answer": null,
      "explanation": ""
    },
    {
      "no": 1,
      "question": "착용이 간편할것\n간의 욕구에 해당하는 것은?",
      "options": [],
      "answer": null,
      "explanation": ""
    },
    {
      "no": 2,
      "question": "작업에 방해가 안 되도록 할 것",
      "options": [
        "생리적 욕구"
      ],
      "answer": null,
      "explanation": ""
    },
    {
      "no": 3,
      "question": "유해 위험 요소에 대한 방호성능이 충분히 있을 것\n② 사회적 욕구",
      "options": [
        "사회적 욕구"
      ],
      "answer": null,
      "explanation": ""
    },
    {
      "no": 4,
      "question": "재료의 품질이 양호 할 것\n③ 자아실현의 욕구",
      "options": [
        "자아실현의 욕구"
      ],
      "answer": null,
      "explanation": ""
    },
    {
      "no": 5,
      "question": "구조 및 표면가공이 우수할 것\n④ 안전에 대한 욕구",
      "options": [
        "안전에 대한 욕구"
      ],
      "answer": null,
      "explanation": ""
    },
    {
      "no": 5,
      "question": "외관이 보기 좋을 것\n<문제 해설>\n[해설작성자 : comcbt.com 이용자]\n매슬로우의 욕구단계이론",
      "options": [],
      "answer": null,
      "explanation": ""
    },
    {
      "no": 1,
      "question": "생리적 욕구 : 식욕, 성욕, 수면, 배설, 활동\n에나멜을 칠한 고무제 안전화는 에나멜이 벗겨지지 않아야 하며",
      "options": [],
      "answer": null,
      "explanation": ""
    },
    {
      "no": 2,
      "question": "안전의 욕구 : 위험 및 고통으로부터의 회피, 안정\n건조가 완전하여야 한다",
      "options": [],
      "answer": null,
      "explanation": ""
    },
    {
      "no": 3,
      "question": "사회적 욕구 : 애정, 친화, 소속감\n[해설작성자 : 면지링]",
      "options": [],
      "answer": null,
      "explanation": ""
    },
    {
      "no": 4,
      "question": "존경의 욕구 : 승인, 존경, 지위, 명예",
      "options": [],
      "answer": null,
      "explanation": ""
    },
    {
      "no": 5,
      "question": "자아실현의 욕구 : 자기 환성, 삶의 보람",
      "options": [],
      "answer": null,
      "explanation": ""
    },
    {
      "no": 6,
      "question": "다음 중 학습정도(Level of learning)의 4단계를 순서대로 옳\n기출문제 해설은 최강 자격증 기출문제 전자문제집 CBT : www.comcbt.com 통해서 실시간으로 변경됩니다.\n본 해설집은 최강 자격증 기출문제 전자문제집 CBT 해설달기 프로젝트에 의해서 만들어진 자료입니다. 해설을 제공해 주신 모든 분들께 감사 드립니다.\n산업안전기사 ◐ 2016년 05월 08일 필기 기출문제 및 해설집◑ 전자문제집 CBT :www.comcbt.com\n게 나열한 것은? 재해를 \"예방\"",
      "options": [
        "이해 → 적용 → 인지 → 지각 3.참가의 원칙 :잠재적 위험요인을 발견,해결하기 위해 전원이",
        "인지 → 지각 → 이해 → 적용 각각의 입장에서 적극적으로 위험을 \"해결\"",
        "지각 → 인지 → 적용 → 이해 [해설작성자 : jyw3304]",
        "적용 → 인지 → 지각 → 이해"
      ],
      "answer": null,
      "explanation": ""
    },
    {
      "no": 9,
      "question": "리더쉽의 유형에 해당되지 않는 것은?\n* 지각과 인지의 차이",
      "options": [
        "권위형 ② 민주형",
        "자유방임형 ④ 혼합형"
      ],
      "answer": null,
      "explanation": ""
    },
    {
      "no": 7,
      "question": "인간의 동작특성 중 판단과정의 착오요인이 아닌 것은? 3)집단중심적",
      "options": [
        "합리화 ② 정서불안정 4)상사와 부화의 사회적 간격은 좁다.",
        "작업조건불량 ④ 정보부족"
      ],
      "answer": null,
      "explanation": ""
    },
    {
      "no": 10,
      "question": "A 사업장의 연천인율이 10.8 인 경우 이 사업장의 도수율은",
      "options": [],
      "answer": null,
      "explanation": ""
    },
    {
      "no": 8,
      "question": "무재해 운동의 3원칙에 해당되지 않는 것은?(관련 규정 개정 약 얼마인가?\n전 문제로 여기서는 기존 정답인 3번을 누르면 정답 처리됩",
      "options": [
        "5.4 ② 4.5",
        "3.7 ④ 1.8",
        "무의 원칙 <문제 해설>",
        "참가의 원칙 [연천인율=도수율*2.4] 이므로",
        "대책선정의 원칙 도수율=연천인율/2.4",
        "선취의 원칙"
      ],
      "answer": null,
      "explanation": ""
    },
    {
      "no": 1,
      "question": "무의 원칙 :재해+잠재요인을 사전에 발견,파악,해결함으로 근",
      "options": [],
      "answer": null,
      "explanation": ""
    },
    {
      "no": 11,
      "question": "안전표시의 종류와 분류가 올바르게 연결된 것은?\n원적 산업재해 \"제거\"",
      "options": [
        "금연 - 금지표지"
      ],
      "answer": null,
      "explanation": ""
    },
    {
      "no": 2,
      "question": "선취의 원칙 :작업장의 위험요인을 미리 발견,파악,해결하여\n기출문제 해설은 최강 자격증 기출문제 전자문제집 CBT : www.comcbt.com 통해서 실시간으로 변경됩니다.\n본 해설집은 최강 자격증 기출문제 전자문제집 CBT 해설달기 프로젝트에 의해서 만들어진 자료입니다. 해설을 제공해 주신 모든 분들께 감사 드립니다.\n산업안전기사 ◐ 2016년 05월 08일 필기 기출문제 및 해설집◑ 전자문제집 CBT :www.comcbt.com\n② 낙하물 경고 - 지시표지 다.\n③ 안전모 착용 - 안내표지 5)1000명 이상의 대규모 사업장에 적용한다.\n④ 세안장치 - 경고표지 [해설작성자 : jyw3304]\n<문제 해설>",
      "options": [
        "낙하물 경고 - 지시표지 다.",
        "안전모 착용 - 안내표지 5)1000명 이상의 대규모 사업장에 적용한다.",
        "세안장치 - 경고표지 [해설작성자 : jyw3304]"
      ],
      "answer": null,
      "explanation": ""
    },
    {
      "no": 15,
      "question": "학습이론 중 자극과 반응이 이론이라 볼 수 없는 것은?",
      "options": [],
      "answer": null,
      "explanation": ""
    },
    {
      "no": 1,
      "question": "금지표지",
      "options": [
        "Kohler의 통찰설"
      ],
      "answer": null,
      "explanation": ""
    },
    {
      "no": 2,
      "question": "경고표지\n② Thorndike의 시행착오설",
      "options": [
        "Thorndike의 시행착오설"
      ],
      "answer": null,
      "explanation": ""
    },
    {
      "no": 3,
      "question": "지시표지\n③ Pavlov의 조건반사설",
      "options": [
        "Pavlov의 조건반사설"
      ],
      "answer": null,
      "explanation": ""
    },
    {
      "no": 4,
      "question": "안내표지\n④ Skinner의 조작적 조건화설\n[해설작성자 : jyw3304]\n<문제 해설>",
      "options": [
        "Skinner의 조작적 조건화설"
      ],
      "answer": null,
      "explanation": ""
    },
    {
      "no": 12,
      "question": "시몬즈(Simonds)의 재해코스트 산출방식에서 A, B, C, D는 <자극과 반응 이론>\n무엇을 뜻하는가? 1)Thorndike의 시행착오설\n2)Gutherie의 접근적 건화설\n3)Pavlov의 조건반사설\n4)Skinner의 조작적 조건화설",
      "options": [
        "직접손실비 ② 간접손실비 <형태설>",
        "보험 코스트 ④ 비보험 코스트 평균치 1) Lewin의 장설"
      ],
      "answer": null,
      "explanation": ""
    },
    {
      "no": 13,
      "question": "데이비스(K. Davis)의 동기부여이론 등식으로 옳은 것은?",
      "options": [
        "지식 × 기능 = 태도",
        "지식 × 상황 = 동기유발",
        "능력 × 상황 = 인간의 성과",
        "능력 × 동기유발 = 인간의 성과"
      ],
      "answer": null,
      "explanation": ""
    },
    {
      "no": 1,
      "question": "지식 × 기능 = 능력\n1) 돈다아크 의 학습의법칙 (시행착오설)",
      "options": [],
      "answer": null,
      "explanation": ""
    },
    {
      "no": 2,
      "question": "태도 × 상황 = 동기유발\n2) 파블로프의 조건반사설",
      "options": [],
      "answer": null,
      "explanation": ""
    },
    {
      "no": 3,
      "question": "인간의 성과 × 물질의 성과 = 경영의 성과\n3) 스키너의 조작전 조건화설 (강화의 원리)",
      "options": [],
      "answer": null,
      "explanation": ""
    },
    {
      "no": 4,
      "question": "능력 × 동기유발 = 인간의 성과\n4) 반두라의 사회학습이론\n[해설작성자 : jyw3304]\nGutherie의 접근적 건화설은 기제되어있지 않음",
      "options": [],
      "answer": null,
      "explanation": ""
    },
    {
      "no": 14,
      "question": "직계=참모식 조직의 특징에 대한 설명으로 옳은 것은?\n[해설작성자 : 123123]",
      "options": [
        "소규모 사업장에 적합하다.",
        "생산조직과는 별도의 조직과 기능을 갖고 활동한다."
      ],
      "answer": null,
      "explanation": ""
    },
    {
      "no": 16,
      "question": "안전교육 훈련에 있어 동기부여 방법에 대한 설명으로 가장\n③ 안전계획, 평가 및 조사는 스탭에서, 생산기술의 안전대\n거리가 먼 것은?\n책은 라인에서 실시한다.",
      "options": [
        "안전계획, 평가 및 조사는 스탭에서, 생산기술의 안전대",
        "안전 목표를 명확히 설정한다.",
        "안전업무가 표준화되어 직장에 정착하기 쉽다.",
        "결과를 알려준다.",
        "경쟁과 협동을 유발시킨다.",
        "동기유발 수준을 정도 이상으로 높인다.",
        "현상파악 ② 본질추구 1) 기계ㆍ기구의 위험성과 작업의 순서+동선에 관한 사항",
        "대책수립 ④ 원인결정 2) 물질안전보건자료에 관한 사항"
      ],
      "answer": null,
      "explanation": ""
    },
    {
      "no": 18,
      "question": "산업재해의 원인 중 기술적 원인에 해당하는 것은?\nㅇ근로자 채용/변경",
      "options": [
        "작업준비의 불충분",
        "안전장치의 기능 제거",
        "안전교육의 부족",
        "구조재료의 부적당"
      ],
      "answer": null,
      "explanation": ""
    },
    {
      "no": 19,
      "question": "안전점검 체크리스트에 포함되어야 할 사항이 아닌 것은?",
      "options": [
        "점검 대상 ② 점검 부분 2과목 : 인간공학 및 시스템안전공학",
        "점검 방법 ④ 점검 목적"
      ],
      "answer": null,
      "explanation": ""
    },
    {
      "no": 21,
      "question": "다음 그림과 같이 7개의 기기로 구성된 시스템의 신뢰도는\n<문제 해설>\n약 얼마인가?\n<체크리스트에 포함해야 할 사항>",
      "options": [
        "점검 부분 ② 점검 방법 ③ 점검 항목",
        "판정 기준",
        "점검 시기 ⑥ 판정 ⑦ 조치"
      ],
      "answer": null,
      "explanation": ""
    },
    {
      "no": 20,
      "question": "산업안전보건법상 사업 내 안전ㆍ보건교육 중 채용 시 교육\n및 작업내용 변경 시의 교육 내용이 아닌 것은?",
      "options": [
        "기계ㆍ기구의 위험성과 작업의 순서",
        "정리정돈 및 청소에 관한 사항",
        "물질안전보건자료에 관한 사항",
        "0.5427 ② 0.6234",
        "표준안전작업방법에 관한 사항",
        "0.5552 ④ 0.9740"
      ],
      "answer": null,
      "explanation": ""
    },
    {
      "no": 24,
      "question": "여러 사람이 사용하는 의자의 좌면높이는 어떤 기준으로 설\n=1-(0.01296)= 0.98704\n계하는 것이 가장 적절한가?\n이 값에 (A)와(G)를 직렬식으로 계산합니다.",
      "options": [
        "5% 오금높이 ② 50% 오금높이",
        "75% 오금높이 ④ 95% 오금높이"
      ],
      "answer": null,
      "explanation": ""
    },
    {
      "no": 0,
      "question": "75*(1-(1-0.8*0.8)(1-0.9)(1-(0.8*0.8)))*0.75\nㆍ자판 앞부분이 대퇴를 압박하지 않도록 오금높이보다 높지 않\n[해설작성자 : ???]\n아야한다\nㆍ치수는 5% 오금높이로한다\nA*[1-(1-BD)*(1-F)*(1-CE)]*G\n[해설작성자 : 서누아범]\n[해설작성자 : 합격하자!]",
      "options": [],
      "answer": null,
      "explanation": ""
    },
    {
      "no": 25,
      "question": "인간공학의 궁극적인 목적과 가장 관계가 깊은 것은?",
      "options": [],
      "answer": null,
      "explanation": ""
    },
    {
      "no": 22,
      "question": "전신육체적 작업에 대한 개략적 휴식시간의 산출공식으로",
      "options": [
        "경제성 향상",
        "인간 능력의 극대화",
        "설비의 가동율 향상",
        "안전성 및 효율성 향상",
        "<문제 해설>",
        ""
      ],
      "answer": null,
      "explanation": ""
    },
    {
      "no": 26,
      "question": "위험 및 운전성 검토(HAZOP)에서 사용되는 가이드 워드 중\n에서 성질상의 감소를 의미하는 것은?\n③",
      "options": [
        "① Part of ② More less",
        "No/Not ④ Other than",
        ""
      ],
      "answer": null,
      "explanation": ""
    },
    {
      "no": 1,
      "question": "NO 또는 NOT : 설계 의도의 완전한 부정을 의미\n<문제 해설>",
      "options": [],
      "answer": null,
      "explanation": ""
    },
    {
      "no": 2,
      "question": "AS Well AS : 성질상의 증가를 나타내는 것으로 설계의도와\n휴식시간의 산출공식\n운전조건 등 부가적인 행위와 함께 일어나는 것을 의미\nR = 60 x E - 4 / E - 1.5",
      "options": [],
      "answer": null,
      "explanation": ""
    },
    {
      "no": 3,
      "question": "PART OF : 성질상의 감소, 성취나 성취되지 않음을 나타냄\nR = 휴식시간",
      "options": [],
      "answer": null,
      "explanation": ""
    },
    {
      "no": 4,
      "question": "MORE LESS : 양의 증가 또는 양의 감소로 양과 성질을 함\nE = 1분당 작업의 평균에너지 x 산소소비량\n께 나타냄\n60(분) = 총작업시간",
      "options": [],
      "answer": null,
      "explanation": ""
    },
    {
      "no": 5,
      "question": "OTHER THAN : 완전한 대체를 의미",
      "options": [],
      "answer": null,
      "explanation": ""
    },
    {
      "no": 1,
      "question": "5(kcal/분) = 휴식시간중의 에너지 소비량",
      "options": [],
      "answer": null,
      "explanation": ""
    },
    {
      "no": 6,
      "question": "REVERSE : 설계의도와 논리적인 역을 의미\n4(kcal/분) = 작업에 대한 평균 에너지 값\n[해설작성자 : KKANG]\n[해설작성자 : comcbt.com 이용자]",
      "options": [],
      "answer": null,
      "explanation": ""
    },
    {
      "no": 27,
      "question": "시스템 안전분석 방법 중 예비위험분석(PHA) 단계에서 식별\n기초대사를 포함한 평균에너지:54kcal/분\n하는 4가지 범주에 속하지 않는 것은?\n기초대사를 제외한 경우:4kcal/분",
      "options": [
        "위기상태 ② 무시가능상태",
        "파국적상태 ④ 예비조처상태"
      ],
      "answer": null,
      "explanation": ""
    },
    {
      "no": 23,
      "question": "FT도에 사용하는 기호에서 3개의 입력현상 중 임의의 시간\nPHA 카테고리 분류\n에 2개가 발생하면 출력이 생기는 기호의 명칭은?",
      "options": [],
      "answer": null,
      "explanation": ""
    },
    {
      "no": 1,
      "question": "파국적 : 사망, 시스템손상",
      "options": [
        "억제 게이트 ② 조합 AND 게이트"
      ],
      "answer": null,
      "explanation": ""
    },
    {
      "no": 2,
      "question": "위기적 : 심각한 상해, 시스템 중대 손상\n③ 배타적 OR 게이트 ④ 우선적 AND 게이트",
      "options": [
        "배타적 OR 게이트 ④ 우선적 AND 게이트"
      ],
      "answer": null,
      "explanation": ""
    },
    {
      "no": 3,
      "question": "한계적 : 경미한 상해, 시스템 성능 저하\n<문제 해설>",
      "options": [],
      "answer": null,
      "explanation": ""
    },
    {
      "no": 4,
      "question": "무 시 : 경미한 상해 및 시스템 저하 없음\n우선적 AND 게이트 : 입력사상 중 어떤 사상이 다른 사상보다\n앞에 일어났을 때 출력사상이 발생한다.",
      "options": [],
      "answer": null,
      "explanation": ""
    },
    {
      "no": 28,
      "question": "첨단 경보기시스템의 고장율은 0이다. 경계의 효과로 조작\n기출문제 해설은 최강 자격증 기출문제 전자문제집 CBT : www.comcbt.com 통해서 실시간으로 변경됩니다.\n본 해설집은 최강 자격증 기출문제 전자문제집 CBT 해설달기 프로젝트에 의해서 만들어진 자료입니다. 해설을 제공해 주신 모든 분들께 감사 드립니다.\n산업안전기사 ◐ 2016년 05월 08일 필기 기출문제 및 해설집◑ 전자문제집 CBT :www.comcbt.com\n자 오류율은 0.01t/hr 이며, 인간의 실수율은 균질 <문제 해설>\n(homogeneous)한 것으로 가정한다. 또한, 이 시스템의 스 Cut set : FTA 에서 특정 조합의 기본사상들이 동시에 결함을\n위치 조작자는 1시간마다 스위치를 작동해야 하는데 인간오 발생하였을 때 정상사상을 일으키는 기본사상의 집합\n류확률(HEP: Human Error Probability)이 0.001 인 경우에 [해설작성자 : Ging]\n2시간에서 6시간 사이에 인간-기계 시스템의 신뢰도는 약",
      "options": [],
      "answer": null,
      "explanation": ""
    },
    {
      "no": 31,
      "question": "실험실 환경에서 수행하는 인간공학 연구의 장ㆍ단점에 대\n얼마인가?\n한 설명으로 맞는것은?",
      "options": [
        "0.938 ② 0.948",
        "변수의 통제가 용이하다.",
        "0.957 ④ 0.967",
        "주위 환경의 간섭에 영향 받기 쉽다.",
        "실험 참가자의 안전을 확보하기가 어렵다.",
        "피실험자의 자연스러운 반응을 기대할 수 있다."
      ],
      "answer": null,
      "explanation": ""
    },
    {
      "no": 1,
      "question": "변수형태 : 쉽다(용이)ㅣ 어렵다",
      "options": [],
      "answer": null,
      "explanation": ""
    },
    {
      "no": 0,
      "question": "9567593...",
      "options": [],
      "answer": null,
      "explanation": ""
    },
    {
      "no": 2,
      "question": "현 실 성 : 낮다 ㅣ 높다\n[해설작성자 : 신지훈]",
      "options": [],
      "answer": null,
      "explanation": ""
    },
    {
      "no": 3,
      "question": "동기부여 : 높다 ㅣ 낮다",
      "options": [],
      "answer": null,
      "explanation": ""
    },
    {
      "no": 4,
      "question": "안 전 성 : 높다 ㅣ 낮다\n인간의 신뢰도 = 1-(0.01+0.001)\n[해설작성자 : KKANG]\n=0.989\n4번 조작",
      "options": [],
      "answer": null,
      "explanation": ""
    },
    {
      "no": 32,
      "question": "다음의 그림과 같이 FTA 로 분석된 시스템에서 현재 모든",
      "options": [],
      "answer": null,
      "explanation": ""
    },
    {
      "no": 0,
      "question": "989*0.989*0.989*0.989=0.957\n기본사상에 대한 부품이 고장난 상태이다. 부품 X 부터 부\n1\n[해설작성자 : 갓꼬꼬]\n품 X 까지 순서대로 복구한다면 어느 부품을 수리 완료하\n5\n는 순간부터 시스템은 정상가동이 되겠는가?\n인간신뢰도=[1-(0.01+0.001)]^4\n=(1-0.011)^4\n=0.989^4\n=0.957\n*** 2시간에서 6시간 사이가 4시간이므로 4승을 곱함 ***\n[해설작성자 : 허찬]\n1) (1-0.01)^4 =0.961 2) (1-0.001)^4 =0.996\n= 0.961*0.996= 0.957\n[해설작성자 : 양평사나이]",
      "options": [
        "X ② X"
      ],
      "answer": null,
      "explanation": ""
    },
    {
      "no": 29,
      "question": "실내에서 사용하는 습구흑구온도(WBGT: Wet Bulb Globe ③ X ④ X\n3 4\nTemperature) 지수는? (단, NWB 는 자연습구, GT 는 흑구 <문제 해설>\n온도, DB 는 건구온도이다.) T 바로 아래 and가 동작하려면 그 밑에 있는 or이 다 동작해야",
      "options": [
        "X ④ X",
        "WBGT = 0.6NWB + 0.4GT 한다.",
        "WBGT = 0.7NWB + 0.3GT 그래서 숫자 순서대로 복구를 한다면 x3이 수리 됐을때 or 3개",
        "WBGT = 0.6NWB + 0.3GT + 0.1DB 가 다 동작하므로",
        "WBGT = 0.7NWB + 0.2GT + 0.1DB [해설작성자 : comcbt.com 이용자]",
        "태양직사광선이 있을 때 * 처음엔 and 게이트로 왼쪽, 가운데, 오른쪽 모두 정상화 되어",
        "실내 또는 태양직사광선이 없는 실외 수리 시작"
      ],
      "answer": null,
      "explanation": ""
    },
    {
      "no": 30,
      "question": "FTA 에서 특정 조합의 기본사상들이 동시에 결함을 발생하\n2) x2 수리 → 변화 없음 (or 게이트니깐 x2이 수리되면 x2 사\n였을 때 정상사상을 일으키는 기본사상의 집합을 무엇이라\n용하는 곳은 다 정상화)\n하는가?\n3) x3 수리 → 왼쪽 정상화",
      "options": [
        "cut set ② erroe set",
        "path set ④ success set",
        "적량의 규정",
        "주유방법의 통일화",
        "올바른 윤활법의 채용",
        "윤활기간의 올바른 준수"
      ],
      "answer": null,
      "explanation": ""
    },
    {
      "no": 2,
      "question": "적량을 규정",
      "options": [],
      "answer": null,
      "explanation": ""
    },
    {
      "no": 33,
      "question": "특정한 목적을 위해 시각적 암호, 부호 및 기호를 의도적으",
      "options": [],
      "answer": null,
      "explanation": ""
    },
    {
      "no": 3,
      "question": "윤활시기 준수\n로 사용할 때에 반드시 고려하여야 할 사항과 가장 거리가",
      "options": [],
      "answer": null,
      "explanation": ""
    },
    {
      "no": 4,
      "question": "바른 윤활법 채택하고, 따른다.\n먼 것은?",
      "options": [
        "검출성 ② 판별성",
        "양립성 ④ 심각성",
        "점자, 진동, 온도",
        "초인종, 점멸등, 점자"
      ],
      "answer": null,
      "explanation": ""
    },
    {
      "no": 34,
      "question": "산업안전보건법에 따라 유해위험방지계획서의 제출대상 사\n③ 신호등, 경보음, 점멸등\n업은 해당 사업으로서 전기 계약용량이 얼마 이상인 사업을\n④ 연기, 온도, 모스(Morse)부호\n말하는가?\n<문제 해설>",
      "options": [
        "신호등, 경보음, 점멸등",
        "연기, 온도, 모스(Morse)부호",
        "150kW ② 200kW",
        "300kW ④ 500kW"
      ],
      "answer": null,
      "explanation": ""
    },
    {
      "no": 1,
      "question": "표면 촉감을 사용하는 경우 - 점자, 진동, 온도\n<문제 해설>",
      "options": [],
      "answer": null,
      "explanation": ""
    },
    {
      "no": 2,
      "question": "형상을 구별하여 사용하는 경우\n유해위험방지계획서 제출대상은 300kw 이상 사업을 말합니다.",
      "options": [],
      "answer": null,
      "explanation": ""
    },
    {
      "no": 3,
      "question": "크기를 구별하여 사용하는 경우\n[해설작성자 : 전주 취준생]\n[해설작성자 : ysys9004]",
      "options": [],
      "answer": null,
      "explanation": ""
    },
    {
      "no": 35,
      "question": "국내 규정상 1일 노출회수가 100일 때 최대 음압수준이 몇",
      "options": [],
      "answer": null,
      "explanation": ""
    },
    {
      "no": 39,
      "question": "화학설비에 대한 안전성 평가방법 중 공장의 입지조건이나\ndB(A)를 초과하는 충격소음에 노출되어서는 아니 되는가?\n공장 내 배치에 관한 사항은 어느 단계에서 하는가?",
      "options": [
        "110 ② 120",
        "제1단계 : 관계자료의 작성 준비",
        "130 ④ 140",
        "제2단계 : 정성적 평가",
        "제3단계 : 정량적 평가",
        "제4단계 : 안전대책"
      ],
      "answer": null,
      "explanation": ""
    },
    {
      "no": 1,
      "question": "정성적 평가\n1,000 130\na. 설계 관계 : 입지 조건, 공장내 배치, 건조물, 소방설비\n10,000 120\nb. 운전 관계 : 원재료-중간체 제품, 공정, 수송-저장 등, 공정\n기기",
      "options": [],
      "answer": null,
      "explanation": ""
    },
    {
      "no": 36,
      "question": "인지 및 인식의 오류를 예방하기 위해 목표와 관련하여 작\n동을 계획해야 하는데 특수하고 친숙하지 않은 상황에서 발",
      "options": [],
      "answer": null,
      "explanation": ""
    },
    {
      "no": 2,
      "question": "정량적 평가\n생하며, 부적절한 분석이나 의사결정을 잘못하여 발생하는\n물질, 화학설비의 용량, 온도, 압력, 조작\n오류는?\n[해설작성자 : ysys9004]",
      "options": [
        "기능에 기초한 행동(Skill-based Behavior)",
        "규칙에 기초한 행동(Rule-based Behavior)",
        "사고에 기초한 행동(Accident-based Behavior)"
      ],
      "answer": null,
      "explanation": ""
    },
    {
      "no": 1,
      "question": "관계자료의 정비검토 2.정성적 평가 3.정량적 평가 4.안전대책\n④ 지식에 기초한 행동(Knowledge-based Behavior)\n수립 5.재해사례에 의한 평가 6.FTA에 의한 재평가\n<문제 해설>\n[해설작성자 : 안전손]\n부적절한 분석<< 내가 가지고 있는 지식을 가지고 분석함으로써\n발생되는 부분",
      "options": [
        "지식에 기초한 행동(Knowledge-based Behavior)"
      ],
      "answer": null,
      "explanation": ""
    },
    {
      "no": 40,
      "question": "다음 중 성격이 다른 정보의 제어 유형은?\n[해설작성자 : 분석하자분석하자]",
      "options": [
        "action ② selection",
        "setting ④ data entry"
      ],
      "answer": null,
      "explanation": ""
    },
    {
      "no": 37,
      "question": "기계설비가 설계 사양대로 성능을 발휘하기 위한 적정 윤활\n기출문제 해설은 최강 자격증 기출문제 전자문제집 CBT : www.comcbt.com 통해서 실시간으로 변경됩니다.\n본 해설집은 최강 자격증 기출문제 전자문제집 CBT 해설달기 프로젝트에 의해서 만들어진 자료입니다. 해설을 제공해 주신 모든 분들께 감사 드립니다.\n산업안전기사 ◐ 2016년 05월 08일 필기 기출문제 및 해설집◑ 전자문제집 CBT :www.comcbt.com\n<문제 해설> 시기에 우발적으로 일어나는 고장\n○ 정보처리 단계 예) 순간적 외력에 의한 파손\n⁍ 초기단계 : setting 3. 마모고장 : 피로, 마모, 열화, 노화현상 등에 의해 시간과 더\n⁍ 처리단계 : action 행동, selection 선별, data entry 입력 불어 고장이 커지는 고장\n[해설작성자 : ysys9004]\n3과목 : 기계위험방지기술",
      "options": [],
      "answer": null,
      "explanation": ""
    },
    {
      "no": 45,
      "question": "와이어로프의 구성요소가 아닌 것은?",
      "options": [],
      "answer": null,
      "explanation": ""
    },
    {
      "no": 41,
      "question": "크레인의 방호장치에 해당되지 않는 것은?",
      "options": [
        "소선 ② 클립",
        "권과방지장치 ③ 스트랜드 ④ 심강",
        "과부하방지장치 <문제 해설>",
        "자동보수장치 와이어로프의 구성",
        "비상정지장치 1. 소선(wire)"
      ],
      "answer": null,
      "explanation": ""
    },
    {
      "no": 1,
      "question": "크레인",
      "options": [],
      "answer": null,
      "explanation": ""
    },
    {
      "no": 2,
      "question": "이동식 크레인 타워크레인 와이어로프를 클립, 샤클등의 고정기구 사용하여 고",
      "options": [],
      "answer": null,
      "explanation": ""
    },
    {
      "no": 3,
      "question": "이삿짐운반용 리프트 정시켜 풀리지 아니하도록 한다.",
      "options": [],
      "answer": null,
      "explanation": ""
    },
    {
      "no": 4,
      "question": "간이리프트(자동차정비용 리프트는 제외한다.) [해설작성자 : 띠꾸리비루디]",
      "options": [],
      "answer": null,
      "explanation": ""
    },
    {
      "no": 5,
      "question": "곤돌라",
      "options": [],
      "answer": null,
      "explanation": ""
    },
    {
      "no": 46,
      "question": "이상온도, 이상기압, 과부하 등 기계의 부하가 안전 한계치",
      "options": [],
      "answer": null,
      "explanation": ""
    },
    {
      "no": 6,
      "question": "승강기\n를 초과하는 경우에 이를 감지하고 자동으로 안전상태가 되\n[해설작성자 : ysys9004]\n도록 조정하거나 기계의 작동을 중지시키는 방호장치는?",
      "options": [],
      "answer": null,
      "explanation": ""
    },
    {
      "no": 42,
      "question": "프레스작업에서 재해예방을 위한 재료의 자동송급 또는 자",
      "options": [
        "감지형 방호장치",
        "접근거부형 방호장치",
        "롤피더 ② 그리퍼피더 ③ 위치제한형 방호장치",
        "플라이어 ④ 셔블 이젝터 ④ 접근방호형 방호장치"
      ],
      "answer": null,
      "explanation": ""
    },
    {
      "no": 2,
      "question": "접근거부형 : 작업자의 신체부위가 위험한계내로 접근하였을",
      "options": [],
      "answer": null,
      "explanation": ""
    },
    {
      "no": 43,
      "question": "롤러기 급정지장치의 종류가 아닌 것은?\n때 기계적인 작용에 의하여 접근을 못하도록 저지하는 방호장치",
      "options": [
        "어깨조작식 ② 손조작식"
      ],
      "answer": null,
      "explanation": ""
    },
    {
      "no": 3,
      "question": "접근반응형 : 작업자의 신체부위가 위험한계 또는 그 인접한\n③ 복부조작식 ④ 무릎조작식\n거리내로 들어오면 이를 감지하여 그 즉시 기계의 동작을 정지\n<문제 해설>\n시키고 경보 등을 발하는 방호장치\n롤러기 급정지창치 종류",
      "options": [
        "복부조작식 ④ 무릎조작식"
      ],
      "answer": null,
      "explanation": ""
    },
    {
      "no": 4,
      "question": "포집형 : 연삭기 덮개나 반발예방장치 등과 같이 위험장소에\n-손조작식(1.8m이내)\n설치하여 위험원이 비산하거나 튀는 것을 포집하여 작업자로부\n-복부조작식(0.8m~1.1m이내)\n터 위험원을 차단하는 방호장치\n-무릎조작식(0.6m 이내)",
      "options": [],
      "answer": null,
      "explanation": ""
    },
    {
      "no": 5,
      "question": "감지형 : 이상온도, 이상기압, 과부하 등 기계의 부하가 안전\n[해설작성자 : 좽욱]\n한계치를 초과하는 경우에 이를 감지하고 자동으로 안전상태가\n되도록 조정하거나 기계의 작동을 중지시키는 방호장치",
      "options": [],
      "answer": null,
      "explanation": ""
    },
    {
      "no": 44,
      "question": "기계 고장률의 기본 모형이 아닌 것은?\n[해설작성자 : ysys9004]",
      "options": [
        "초기고장 ② 우발고장",
        "마모고장 ④ 수시고장"
      ],
      "answer": null,
      "explanation": ""
    },
    {
      "no": 47,
      "question": "연삭용 숫돌의 3요소가 아닌 것은?\n<문제 해설>",
      "options": [
        "조직 ② 입자",
        "결합제 ④ 기공"
      ],
      "answer": null,
      "explanation": ""
    },
    {
      "no": 1,
      "question": "초기고장 : 불량제조, 생산과정에서의 품질관리 미비, 설계미\n<문제 해설>\n숙 등으로 일어나는 고장\n연삭숫돌의 3요소",
      "options": [],
      "answer": null,
      "explanation": ""
    },
    {
      "no": 2,
      "question": "우발고장 : 초기고장시간을 지나 마모고장기간에 이르기 전의\n기출문제 해설은 최강 자격증 기출문제 전자문제집 CBT : www.comcbt.com 통해서 실시간으로 변경됩니다.\n본 해설집은 최강 자격증 기출문제 전자문제집 CBT 해설달기 프로젝트에 의해서 만들어진 자료입니다. 해설을 제공해 주신 모든 분들께 감사 드립니다.\n산업안전기사 ◐ 2016년 05월 08일 필기 기출문제 및 해설집◑ 전자문제집 CBT :www.comcbt.com",
      "options": [],
      "answer": null,
      "explanation": ""
    },
    {
      "no": 1,
      "question": "입자(Abrasive) : 공작물을 깎아내는 경도가 높은 광물질 결",
      "options": [
        "지름이 5cm 이상인 것",
        "지름이 10cm 이상인 것"
      ],
      "answer": null,
      "explanation": ""
    },
    {
      "no": 2,
      "question": "결합제(Bond) : 입자를 고정시킴 ③ 지름이 15cm 이상인 것",
      "options": [
        "지름이 15cm 이상인 것"
      ],
      "answer": null,
      "explanation": ""
    },
    {
      "no": 3,
      "question": "기공(Pore) : 절삭칩이 빠져나가는 길을 의미, 연삭열을 억제 ④ 지름이 20cm 이상인 것\n시킴 <문제 해설>\n[해설작성자 : 기사콜렉터입니다] 연삭기 안전수칙",
      "options": [
        "지름이 20cm 이상인 것"
      ],
      "answer": null,
      "explanation": ""
    },
    {
      "no": 1,
      "question": "직경이 5cm 이상인 숫돌에 덮개 설치\n암기법 : 2. 작업시작 전 1분, 숫돌 교체 후 3분 이상 시운전\n숫돌 입자를 결합할 때, 기공이 있어야 열이 빠져나간다. 3. 작업시작 전에 결함 유무를 확인\n[해설작성자 : 산업안전기사합격!!!] 4. 최고 사용회전속도를 초과 금지",
      "options": [],
      "answer": null,
      "explanation": ""
    },
    {
      "no": 5,
      "question": "측면사용 연삭숫돌외의 연삭숫돌은 측면 사용금지",
      "options": [],
      "answer": null,
      "explanation": ""
    },
    {
      "no": 48,
      "question": "산업용 로봇에 사용되는 안전 매트의 종류 및 일반구조에",
      "options": [],
      "answer": null,
      "explanation": ""
    },
    {
      "no": 6,
      "question": "연삭분 비산을 막기 위한 투명비산방지판 사용\n관한 설명으로 틀린 것은?",
      "options": [],
      "answer": null,
      "explanation": ""
    },
    {
      "no": 7,
      "question": "작업대와 숫돌과의 간격을 3mm이하로 유지할 것",
      "options": [
        "안전매트의 종류는 연결사용 가능여부에 따라 단일 감지"
      ],
      "answer": null,
      "explanation": ""
    },
    {
      "no": 8,
      "question": "덮개와 숫돌과의 간격은 3-10mm정도 유지할 것\n기와 복합 감지기가 있다.\n[해설작성자 : 휘바]\n② 단선경보장치가 부착되어 있어야 한다.\n③ 감응시간을 조절하는 장치가 부착되어 있어야 한다. 52. 동력프레스기의 No hand Die 방식의 안전대책으로 틀린 것\n④ 감응도 조절장치가 있는 경우 봉인되어 있어야 한다. 은?\n<문제 해설>",
      "options": [
        "단선경보장치가 부착되어 있어야 한다.",
        "감응시간을 조절하는 장치가 부착되어 있어야 한다. 52. 동력프레스기의 No hand Die 방식의 안전대책으로 틀린 것",
        "감응도 조절장치가 있는 경우 봉인되어 있어야 한다. 은?",
        "안전금형을 부착한 프레스",
        "양수조작식 방호방치의 설치",
        "안전울을 부착한 프레스",
        "전용프레스의 도입"
      ],
      "answer": null,
      "explanation": ""
    },
    {
      "no": 1,
      "question": "단선경보장치가 부착되어 있어야 한다 No hand in die - 본질적 안전화 방식 : 안전울 부착프레스, 안",
      "options": [],
      "answer": null,
      "explanation": ""
    },
    {
      "no": 2,
      "question": "감응시간을 조절하는 장치는 부착되어 있지 않아야 한다 전금형 부착프레스, 전용 프레스 도입, 자동프레스 도입",
      "options": [],
      "answer": null,
      "explanation": ""
    },
    {
      "no": 3,
      "question": "감응도 조절장치가 있는 경우 봉인되어 있어야 한다 Hand in die\n[해설작성자 : 초랭구] - 프레스기의 종류, 압류능력, 매분행정수, 행정길이 및 작업방\n법에 따른 방호장치 : 가드식 방호장치, 손쳐내기식 방호장치,",
      "options": [],
      "answer": null,
      "explanation": ""
    },
    {
      "no": 49,
      "question": "오스테나이트 계역 스테인리스 강판의 표면 균열발생을 검\n수인식 방호장치\n출하기 곤란한 비파괴 검사방법은?\n- 프레스기의 정지 성능에 상응하는 방호장치 : 양수조작식 방",
      "options": [
        "염료침투검사 ② 자분검사",
        "와류검사 ④ 형광침투검사"
      ],
      "answer": null,
      "explanation": ""
    },
    {
      "no": 1,
      "question": "오스테나이트 계열 스테인리스 강판은 비자석 강판이다. 53. 다음 중 선반작업에서 안전한 방법이 아닌 것은?",
      "options": [],
      "answer": null,
      "explanation": ""
    },
    {
      "no": 2,
      "question": "자석의 성질이 없기 때문에 자분검사는 불가능하다.",
      "options": [
        "보안경 착용",
        "칩 제거는 브러쉬를 사용",
        "작동 중 수시로 주유"
      ],
      "answer": null,
      "explanation": ""
    },
    {
      "no": 50,
      "question": "일반구조용 압연강판(SS400)으로 구조물을 설계할 때 허용\n④ 운전 중 백기어 사용금지\n응력을 10kg/mm2으로 정하였다. 이 때 적용된 안전율은?\n<문제 해설>",
      "options": [
        "운전 중 백기어 사용금지",
        "2 ② 4",
        "6 ④ 8",
        "아세틸렌 발생기로부터 5m 이내, 발생기실로부터 3m 이"
      ],
      "answer": null,
      "explanation": ""
    },
    {
      "no": 40,
      "question": "8/10 ≒ 4 내에는 흡연 및 화기사용을 금지한다.\n[해설작성자 : 초랭구] ② 역화가 일어나면 산소밸브를 즉시 잠그고 아세틸렌 밸브\n를 잠근다.",
      "options": [
        "역화가 일어나면 산소밸브를 즉시 잠그고 아세틸렌 밸브"
      ],
      "answer": null,
      "explanation": ""
    },
    {
      "no": 51,
      "question": "회전중인 연삭숫돌이 근로자에게 위험을 미칠 우려가 있을\n③ 아세틸렌 용기는 뉘어서 사용한다.\n시 덮개를 설치하여야 할 연삭숫돌의 최소 지름은?\n기출문제 해설은 최강 자격증 기출문제 전자문제집 CBT : www.comcbt.com 통해서 실시간으로 변경됩니다.\n본 해설집은 최강 자격증 기출문제 전자문제집 CBT 해설달기 프로젝트에 의해서 만들어진 자료입니다. 해설을 제공해 주신 모든 분들께 감사 드립니다.\n산업안전기사 ◐ 2016년 05월 08일 필기 기출문제 및 해설집◑ 전자문제집 CBT :www.comcbt.com\n④ 건식안전기에는 차단방법에 따라 소결급속식과 우회로식",
      "options": [
        "아세틸렌 용기는 뉘어서 사용한다.",
        "건식안전기에는 차단방법에 따라 소결급속식과 우회로식"
      ],
      "answer": null,
      "explanation": ""
    },
    {
      "no": 59,
      "question": "안전색채와 기계장비 또는 배관의 연결이 잘못된 것은?\n이 있다.",
      "options": [
        "시동스위치 - 녹색",
        "급정지스위치 - 황색",
        "고열기계 - 회청색",
        "증기배관 - 암적색"
      ],
      "answer": null,
      "explanation": ""
    },
    {
      "no": 55,
      "question": "물질 내 실제 입자의 진동이 규칙적일 경우 주파수의 단위",
      "options": [
        "시동 스위치:녹색 ②급정지 스위치:적색 ③물배관:청색",
        "공기배관:백색 ⑤가스배관:황색 ⑥대형기계:연녹색",
        "10000 ② 20000 [해설작성자 : noul]",
        "50000 ④ 100000"
      ],
      "answer": null,
      "explanation": ""
    },
    {
      "no": 60,
      "question": "지름이 D(mm)인 연삭기 숫돌의 회전수가 N(rpm)일 때 숫\n<문제 해설>\n돌의 원주속도(m/min)를 옳게 표시한 식은?\n가청 주파수는",
      "options": [
        "πDN/1000 ② πDN",
        "πDN/60 ④ DN/1000"
      ],
      "answer": null,
      "explanation": ""
    },
    {
      "no": 56,
      "question": "보일러 과열의 원인이 아닌 것은?",
      "options": [],
      "answer": null,
      "explanation": ""
    },
    {
      "no": 61,
      "question": "다음 설명과 가장 관계가 깊은 것은?",
      "options": [
        "수관과 본체의 청소 불량",
        "관수 부족 시 보일러의 가동",
        "드럼내의 물의 감소",
        "수격작용이 발생될 때",
        "충돌대전 ② 박리대전",
        "유동대전 ④ 분출대전"
      ],
      "answer": null,
      "explanation": ""
    },
    {
      "no": 57,
      "question": "프레스 양수조작식 방호장치에서 누름버튼 상호간 최소 내 한다.\n측거리로 옳은 것은? 충돌대전-입자와 다른 고체와의 충돌과 급속한 분리에 의해 발",
      "options": [
        "200 mm 이상 ② 250 mm 이상 생한다.",
        "300 mm 이상 ④ 400 mm 이상 분출대전-기체,액체,분체류가 단면적이 작은 분출구를 통과할"
      ],
      "answer": null,
      "explanation": ""
    },
    {
      "no": 62,
      "question": "분진폭발 방지대책으로 거리가 먼 것은?\n[해설작성자 : ^~^]",
      "options": [
        "작업장 등은 분진이 퇴적하지 않는 형상으로 한다."
      ],
      "answer": null,
      "explanation": ""
    },
    {
      "no": 58,
      "question": "다음 중 지브가 없는 크레인의 정격하중에 관한 정의로 옳 ② 분진 취급 장치에는 유효한 집진 장치를 설치한다.\n은 것은? ③ 분체 프로세스의 장치는 밀폐화하고 누설이 없도록 한",
      "options": [
        "분진 취급 장치에는 유효한 집진 장치를 설치한다.",
        "분체 프로세스의 장치는 밀폐화하고 누설이 없도록 한",
        "짐을 싣고 상승할 수 있는 최대하중 다.",
        "크레인의 구조 및 재료에 따라 들어올릴수 있는 최대하 ④ 분진 폭발의 우려가 있는 작업장에는 감독자를 상주 시",
        "권상하중에서 훅, 그랩 또는 버킷 등 달기구의 중량에 <문제 해설>",
        "짐을 싣지않고 상승할 수 있는 최대하중 [해설작성자 : 으닝]"
      ],
      "answer": null,
      "explanation": ""
    },
    {
      "no": 7,
      "question": "콘덴서의 전원측",
      "options": [],
      "answer": null,
      "explanation": ""
    },
    {
      "no": 63,
      "question": "피부의 전기저항 연구에 의하면 인체의 피부 중 1~2mm2\n[해설작성자 : 어메이징]\n정도의 적은 부분은 전기 자극에 의해 신경이 이상적으로\n흥분하여 다량의 피부지방이 분비되기 때문에 그 부분의 전\n문제에 피뢰기 나왔을때 저압 나오면 그게 틀린거\n기저항이 1/10 정도로 적어지는 피전점(皮電点)이 존재한다\n[해설작성자 : 띠꾸리비루디]\n고 한다. 이러한 피전점이 존재하는 부분은?",
      "options": [
        "머리 ② 손등 66. 전기설비의 방폭구조의 종류가 아닌 것은?",
        "손바닥 ④ 발바닥 ① 근본 방폭구조",
        "압력 방폭구조",
        "안전증 방폭구조"
      ],
      "answer": null,
      "explanation": ""
    },
    {
      "no": 1,
      "question": "손등 ④ 본질안전 방폭구조",
      "options": [
        "본질안전 방폭구조"
      ],
      "answer": null,
      "explanation": ""
    },
    {
      "no": 2,
      "question": "턱 <문제 해설>",
      "options": [],
      "answer": null,
      "explanation": ""
    },
    {
      "no": 3,
      "question": "볼 전기설비의 방폭구조",
      "options": [],
      "answer": null,
      "explanation": ""
    },
    {
      "no": 4,
      "question": "정강이 1. 내압 방폭구조 : 방폭함 내부의 폭발이 외부의 가연성물질을\n[해설작성자 : KKANG] 점화시키지 않도록 안전간극을 사용한 구조",
      "options": [],
      "answer": null,
      "explanation": ""
    },
    {
      "no": 2,
      "question": "압력 방폭구조 : 불활성가스(질소)를 사용하여 가연성가스가",
      "options": [],
      "answer": null,
      "explanation": ""
    },
    {
      "no": 64,
      "question": "코로나 방전이 발생할 경우 공기 중에 생성되는 것은?\n방폭함 내부로 들어오지 않도록 한 구조",
      "options": [
        "O ② O",
        "N ④ N"
      ],
      "answer": null,
      "explanation": ""
    },
    {
      "no": 4,
      "question": "안전증 방폭구조 : 안전도를 증가시켜 점화원의 발생확률을\n일상생활에서 코로나는 송전선 근처에서 볼 수 있으며 청각적\n낮춘 구조\n잡음과 전자적 잡음을 생성한다..또한 전력 손실을 발생하고, 대",
      "options": [],
      "answer": null,
      "explanation": ""
    },
    {
      "no": 5,
      "question": "몰드 방폭구조 : 콤파운드를 사용하여 가스침입 방지\n기 입자와 반응하여 오존과 NOx 화합물을 생성한다..이에 송전",
      "options": [],
      "answer": null,
      "explanation": ""
    },
    {
      "no": 6,
      "question": "본질안전 방폭구조 : 발생되는 스파크나 불꽃이 가스를 점화\n선이 지나가는 지역의 사람들의 건강에 해로울 수 있다고 주장\n시킬 수 없다는 것을 확인한 구조\n되고 있으나, 실제 코로나의 발생은 전력기기가 집중적으로 설",
      "options": [],
      "answer": null,
      "explanation": ""
    },
    {
      "no": 7,
      "question": "비점화 방폭구조 : 정상적인 상태에서 가스를 점화시키지 않\n치된 변전소에 비해 그 크기가 매우 미미하다..또한 송전선은 그\n도록 한 구조\n높이가 대부분 지상 15m 이상에 설치되며 건축물과 상당한 거",
      "options": [],
      "answer": null,
      "explanation": ""
    },
    {
      "no": 8,
      "question": "충전 방폭구조 : 방폭함 내부에 충전물을 채워 가연성가스가\n리를 두므로 송전선에 의한 코로나가 주변 거주인들의 건강에\n들어오지 못하게 한 구조\n영향을 미친다는 것은 입증된 바 없다..또한 송전 설비는 코로나\n[해설작성자 : 휘바]\n방전에 의한 전력손실을 줄이기 위해 코로나의 발생을 최소화하\n도록 설계 시공된다..코로나에 의한 전자적 잡음은 라디오나 TV 67. 대지를 접지로 이용하는 이유 중 가장 옳은 것은?\n의 수신에 영향을 미치기도 한다.",
      "options": [
        "대지는 토양의 주성분이 규소(SiO )이므로 저항이 영(0)",
        "대지는 토양의 주성분인 산화알미늄(Al O )이므로 저항이"
      ],
      "answer": null,
      "explanation": ""
    },
    {
      "no": 65,
      "question": "고압 및 특고압 전로에 시설하는 피뢰기의 설치장소로 잘못\n영(0)에 가깝다.\n된 곳은?\n③ 대지는 철분을 많이 포함하고 있기 때문에 전류를 잘 흘",
      "options": [
        "대지는 철분을 많이 포함하고 있기 때문에 전류를 잘 흘",
        "가공전선로와 지중전선로가 접속되는 곳",
        "발전소, 변전소의 가공전선 인입구 및 인출구",
        "대지는 넓어서 무수한 전류통로가 있기 때문에 저항이",
        "가공전선로에 접속하는 배전용 변압기의 저압측",
        "특고압 가공전선로로부터 공급 받는 수용장소의 인입구"
      ],
      "answer": null,
      "explanation": ""
    },
    {
      "no": 1,
      "question": "발전소 변전소 또는 이에 준하는 장소의 가공전선 입입구 및\n와 접지극은 연결된 선로로 보아서 병렬취급합니다.\n인출구\n회로적으로만 보아도 무수히 많은 병렬저항접속으로 인해 저항",
      "options": [],
      "answer": null,
      "explanation": ""
    },
    {
      "no": 2,
      "question": "가공전선로에 접속하는 배전용 변압기의 고압측 및 특고압측\n이 0에 가까워지게 됩니다.\n(문제에는 저압측이라 나와서 3번이 정답)\n[해설작성자 : 대략난감넌귤]",
      "options": [],
      "answer": null,
      "explanation": ""
    },
    {
      "no": 3,
      "question": "고압 또는 특고압의 가공전선으로부터 공급을 받는 수용장소\n의 인입구 68. 전기작업 안전의 기본 대책에 해당되지 않는 것은?",
      "options": [],
      "answer": null,
      "explanation": ""
    },
    {
      "no": 4,
      "question": "가공전선로와 지중전손로가 접속되는 곳",
      "options": [
        "취급자의 자세"
      ],
      "answer": null,
      "explanation": ""
    },
    {
      "no": 5,
      "question": "고압 가공전선으로부터 공급을 받는 수전전력의 용량이 ② 전기설비의 품질 향상\n500kW이상의 수용장소의 인입구 ③ 전기시설의 안전관리 확립",
      "options": [
        "전기설비의 품질 향상",
        "전기시설의 안전관리 확립"
      ],
      "answer": null,
      "explanation": ""
    },
    {
      "no": 6,
      "question": "배선 전로 차단기, 개폐기의 전원측 및 부하측 ④ 유지보수를 위한 부품 재사용\n기출문제 해설은 최강 자격증 기출문제 전자문제집 CBT : www.comcbt.com 통해서 실시간으로 변경됩니다.\n본 해설집은 최강 자격증 기출문제 전자문제집 CBT 해설달기 프로젝트에 의해서 만들어진 자료입니다. 해설을 제공해 주신 모든 분들께 감사 드립니다.\n산업안전기사 ◐ 2016년 05월 08일 필기 기출문제 및 해설집◑ 전자문제집 CBT :www.comcbt.com\n<문제 해설> ③ 부도체 작업대 접지 실시\n전기작업 안전의 기본 대책 ④ 작업장 도전성 매트 사용",
      "options": [
        "유지보수를 위한 부품 재사용",
        "부도체 작업대 접지 실시",
        "작업장 도전성 매트 사용"
      ],
      "answer": null,
      "explanation": ""
    },
    {
      "no": 1,
      "question": "취급자의 자세 <문제 해설>",
      "options": [],
      "answer": null,
      "explanation": ""
    },
    {
      "no": 2,
      "question": "전기설비의 품질 향상 정전기 위험 방지조치",
      "options": [],
      "answer": null,
      "explanation": ""
    },
    {
      "no": 3,
      "question": "전기시설의 안전관리 확립 1. 정전기용 안전화 착용\n[해설작성자 : ^~^] 2. 제전복 착용",
      "options": [],
      "answer": null,
      "explanation": ""
    },
    {
      "no": 3,
      "question": "정전기 제전용구 착용",
      "options": [],
      "answer": null,
      "explanation": ""
    },
    {
      "no": 69,
      "question": "폴리에스터, 나일론, 아크릴 등의 섬유에 정전기 대전방지",
      "options": [],
      "answer": null,
      "explanation": ""
    },
    {
      "no": 4,
      "question": "작업장 바닥 등에 도전성을 갖추도록 하는 등의 조치\n성능이 특히 효과가 있고, 섬유에의 균일 부착성과 열 안전\n[해설작성자 : 초랭구]\n성이 양호한 외부용 일시성 대전방지제로 옳은 것은?",
      "options": [
        "양ion계 활성제",
        "음ion계 활성제",
        "비ion계 활성제",
        "양성ion계 활성제 72. 50kW, 60Hz 3상 유도전동기가 380 V 전원에 접속된 경우"
      ],
      "answer": null,
      "explanation": ""
    },
    {
      "no": 1,
      "question": "음이온계 활성계",
      "options": [
        "82.24 ② 94.96",
        "값이 싸고 무독성이다. ③ 116.30 ④ 164.47",
        "섬유의 균일 부착성과 열안정성이 양호하다. <문제 해설>",
        "섬유의 원사 등에 사용된다. W = 루트3 *V*I"
      ],
      "answer": null,
      "explanation": ""
    },
    {
      "no": 2,
      "question": "양이온계 활성계 50000W = 1.732* 380 * I",
      "options": [
        "대전방지 성능이 뛰어나다. I = 50000/(1.732*380) / 역률",
        "비교적 고가이고 피부에 장해를 주며 섬유에 사용할 때에 , I = 50000/(1.732*380) / 0.8 = 94.96A",
        "내열성은 떨어지나 유연성이 뛰어나며 아크릴 섬유용으로"
      ],
      "answer": null,
      "explanation": ""
    },
    {
      "no": 3,
      "question": "비이온계 활성계 [해설작성자 : comcbt.com 이용자]",
      "options": [
        "단독사용으로는 효과가 적지만 열안전성이 우수하다.",
        "음이온계나 양이온계 또는 무기염과 병용해서 사용할 때에 W(부하) = 루트(N상) X V X I"
      ],
      "answer": null,
      "explanation": ""
    },
    {
      "no": 4,
      "question": "양성이온계 활성계 여기서 나온 I를 2000으로 나눠주면 누전전류의 한계를 알수있",
      "options": [
        "대전방지성능은 양이온계와 비슷한 것으로 매우 우수한 고",
        "베타인계는 그 효과가 매우 높다.",
        "다른 이온계 활성제와 병용도 가능하다. 루트3 X 380 X I = 50000"
      ],
      "answer": null,
      "explanation": ""
    },
    {
      "no": 75,
      "question": "967 / 역률 = 75.967/0.8 = 94.958 = 94.96",
      "options": [],
      "answer": null,
      "explanation": ""
    },
    {
      "no": 70,
      "question": "200 A의 전류가 흐르는 단상 전로의 한 선에서 누전되는\n[해설작성자 : 원조로미]\n최소 전류(mA)의 기준은?",
      "options": [
        "100 ② 200 73. 방폭지역에 전기기기를 설치할 때 그 위치로 적당하지 않은",
        "10 ④ 20 것은?",
        "운전ㆍ조작ㆍ조정이 편리한 위치",
        "수분이나 습기에 노출되지 않는 위치",
        "정비에 필요한 공간이 확보되는 위치",
        "부식성 가스발산구 주변 검지가 용이한 위치"
      ],
      "answer": null,
      "explanation": ""
    },
    {
      "no": 71,
      "question": "반도체 취급 시 정전기로 인한 재해 방지대책으로 거리가 74. 전자기기의 케이스를 전폐구조로 하며 접합면에는 일정치\n먼 것은? 이상의 깊이를 갖는 패킹을 사용하여 분진이 용기 내로 침",
      "options": [
        "작업자 정전화 착용 입하지 못하도록 한 방폭 구조는?",
        "작업자 제전복 착용 ① 보통방진 방폭구조",
        "분진특수 방폭구조 외우고 넘어가세요",
        "특수방진 방폭구조 [해설작성자 : lms]",
        "밀폐방진 방폭구조"
      ],
      "answer": null,
      "explanation": ""
    },
    {
      "no": 77,
      "question": "전기설비 화재의 경과 병 재해 중 가장 빈도가 높은 것은?\n- 특수방진방폭구조 : 전폐구조로서 틈새깊이를 일정치 이상으",
      "options": [
        "단락(합선) ② 누전",
        "접촉부 과열 ④ 정전기"
      ],
      "answer": null,
      "explanation": ""
    },
    {
      "no": 78,
      "question": "그림과 같은 전기설비에서 누전사고가 발생 하여 인체가 전\n기설비의 외함에 접촉하였을 때 인체통과 전류는 약 몇 mA\n보통반진 방폭구조의 진화형이 특수방진 방폭구조임 패킹나오면\n인가?\n이 둘을 유의할 것.\n[해설작성자 : 황병만]",
      "options": [],
      "answer": null,
      "explanation": ""
    },
    {
      "no": 75,
      "question": "화재대비 비상용 동력 설비에 포함되지 않는 것은?",
      "options": [
        "소화 펌프 ② 급수 펌프",
        "배연용 송풍기 ④ 스프링클러 펌프",
        "43.25 ② 51.24",
        "58.36 ④ 61.68"
      ],
      "answer": null,
      "explanation": ""
    },
    {
      "no": 76,
      "question": "Q=2×10-7C으로 대전하고 있는 반경 25cm 도체구의 전위 전체 전류*R3/R인+R3\n는 약 몇 kV 인가? 2.247*80/3000+80 >>> 0.5836A = 58.36mA",
      "options": [
        "7.2 ② 12.5 [해설작성자 : 이링]",
        "14.4 ④ 25"
      ],
      "answer": null,
      "explanation": ""
    },
    {
      "no": 81,
      "question": "다음 중 송풍기의 상사법칙으로 옳은 것은? (단, 송풍기의\nI1이라고 할 때\n크기와 공기의 비중량은 일정하다.)\n(I1 × R1) + {(I1 × R1) × (R2 ÷ R3)} = V",
      "options": [
        "풍압은 회전수에 반비례한다.",
        "풍량은 회전수의 제곱에 비례한다.",
        "소요동력은 회전수의 세제곱에 비례한다.",
        "풍압과 동력은 절대온도에 비례한다."
      ],
      "answer": null,
      "explanation": ""
    },
    {
      "no": 1,
      "question": "풍압은 회전수 제곱에 비례한다.",
      "options": [],
      "answer": null,
      "explanation": ""
    },
    {
      "no": 58,
      "question": "66... (mA)라는 숫자가 나오니, 제일 가까운 58.36mA를 고",
      "options": [],
      "answer": null,
      "explanation": ""
    },
    {
      "no": 2,
      "question": "풍량은 회전수에 비례한다.\n르면 됩니다.",
      "options": [],
      "answer": null,
      "explanation": ""
    },
    {
      "no": 3,
      "question": "소요동력은 회전수의 세제곱에 비례한다.\n[해설작성자 : 집에서는 일반물리학 공부가 안 돼]\n[해설작성자 : 미소]",
      "options": [],
      "answer": null,
      "explanation": ""
    },
    {
      "no": 79,
      "question": "전기누전 화재경보기의 시험 방법에 속하지 않는 것은?",
      "options": [
        "방수시험 ② 전류특성시험 송풍기 상사법칙",
        "접지저항시험 ④ 전압특성시험 L1/L2=(N1/N2)^3"
      ],
      "answer": null,
      "explanation": ""
    },
    {
      "no": 82,
      "question": "다음 중 가연성 가스의 연소 형태에 해당하는 것은?\n-전류특성시험",
      "options": [
        "분해연소 ② 자기연소",
        "표면연소 ④ 확산연소"
      ],
      "answer": null,
      "explanation": ""
    },
    {
      "no": 1,
      "question": "표면연소:코크스,목탄,금속분\n-진동시험",
      "options": [],
      "answer": null,
      "explanation": ""
    },
    {
      "no": 2,
      "question": "분해연소:목재,종이,석탄,플라스타등 일반가연물\n-과누전시험",
      "options": [],
      "answer": null,
      "explanation": ""
    },
    {
      "no": 3,
      "question": "증발연소:황,나프탈렌\n-충격시험 등",
      "options": [],
      "answer": null,
      "explanation": ""
    },
    {
      "no": 4,
      "question": "자기연소:니트로화합물,다이너마이트\n[해설작성자 : 원]\n[해설작성자 : 남돌]\n경보기들은 접지가 없음 30mA 이하로 작동되서 접지기준이 없\n가연성가스 연소 : 확산연소\n음\n액체의 연소 : 증발연소\n시중에 경보기들 보면 선 색깔이 2개만 있음 녹색->접지선은\n고체의 연소 : 자분증표\n없음\n[해설작성자 : 허찬]\n[해설작성자 : comcbt.com 이용자]",
      "options": [],
      "answer": null,
      "explanation": ""
    },
    {
      "no": 80,
      "question": "정전작업을 하기 위한 작업전 조치사항이 아닌 것은? 기체 확산 액체 증발 고체 분자증표",
      "options": [
        "단락접지 상태를 수시로 확인 [해설작성자 : comcbt.com 이용자]",
        "전로의 충전 여부를 검전기로 확인"
      ],
      "answer": null,
      "explanation": ""
    },
    {
      "no": 83,
      "question": "4% NaOH 수용액과 10% NaOH 수용액을 반응기에 혼합하\n③ 전력용 커패시터, 전력케이블 등 잔류전하방전\n여 6% 100kg의 NaOH 수용액을 만들려면 각각 몇 kg의\n④ 개로개폐기의 잠금장치 및 통전금지 표지판 설치\nNaOH 수용액이 필요한가?\n<문제 해설>",
      "options": [
        "전력용 커패시터, 전력케이블 등 잔류전하방전",
        "개로개폐기의 잠금장치 및 통전금지 표지판 설치",
        "4% NaOH 수용액 : 50, 10% NaOH 수용액 : 50",
        "4% NaOH 수용액 : 56.2, 10% NaOH 수용액 : 43.8",
        "4% NaOH 수용액 : 66.67, 10% NaOH 수용액 : 33.33",
        "4% NaOH 수용액 : 80, 10% NaOH 수용액 : 20"
      ],
      "answer": null,
      "explanation": ""
    },
    {
      "no": 0,
      "question": "04×a+0.10×b=0.06(a+b) ->a=2b\n[해설작성자 : ㅇㅈ]\na+b=100 -> a=66.7 b=33.3\n[해설작성자 : ???]\n[추가 해설]\nx+y=100\n1 단락접지 상태 수시확인은 정전작업 중일때 진행\n기출문제 해설은 최강 자격증 기출문제 전자문제집 CBT : www.comcbt.com 통해서 실시간으로 변경됩니다.\n본 해설집은 최강 자격증 기출문제 전자문제집 CBT 해설달기 프로젝트에 의해서 만들어진 자료입니다. 해설을 제공해 주신 모든 분들께 감사 드립니다.\n산업안전기사 ◐ 2016년 05월 08일 필기 기출문제 및 해설집◑ 전자문제집 CBT :www.comcbt.com\n4x=10y=600",
      "options": [],
      "answer": null,
      "explanation": ""
    },
    {
      "no": 86,
      "question": "산업안전보건법령상 특수화학설비 설치시 반드시 필요한 장\n위 식을 연립방정식으로 풀어본다\n치가 아닌 것은?\n[해설작성자 : 또깡이]",
      "options": [
        "원재료 공급의 긴급차단장치",
        "즉시 사용할 수 있는 예비동력원",
        "화재시 긴급대응을 위한 물분무소화장치",
        "온도계ㆍ유량계ㆍ등의 계측장치"
      ],
      "answer": null,
      "explanation": ""
    },
    {
      "no": 0,
      "question": "04x + 0.1(100-x) = 0.06*100\n원재료 공급의 긴급차단장치\nx= 66.67\n즉시 사용할 수 있는 예비동력원\n[해설작성자 : 가나다]\n온도계 유량계 압력계 등의 계측장치\n[해설작성자 : 우정짱짱걸]\n4와 10은 6으로부터 각각 2와 4만큼 떨어져있다. 농도비가 2:4\n일 때 가장 간단한 정수비로 바꾸면 1:2이고,\n물이랑 반응하면 폭발하는 성질가지고 작업중이였으면 다 죽겠\n질량비는 농도비를 뒤집어준다. 따라서 2:1이다.\n죠\n계산하면 전체 질량이 100kg이므로 4%는 100*(2/3) = 66.6...\n[해설작성자 : 황병만]\n10%는 33.3... 이 된다. 따라서 3번\n[해설작성자 : 빠꼼이충]",
      "options": [],
      "answer": null,
      "explanation": ""
    },
    {
      "no": 87,
      "question": "다음 중 냉각소화에 해당하는 것은?",
      "options": [
        "튀김 기름이 인화되었을 때 싱싱한 야채를 넣어 소화한"
      ],
      "answer": null,
      "explanation": ""
    },
    {
      "no": 84,
      "question": "일산화탄소에 대한 설명으로 틀린 것은?\n다.",
      "options": [
        "무색ㆍ무취의 기체이다.",
        "가연성 기체의 분출 화재시 주 밸브를 닫아서 연료 공급",
        "염소와는 촉매 존재하에 반응하여 포스겐이 된다.",
        "인체 내의 헤모글로빈과 결합하여 산소운반기능을 저하",
        "금속화재의 경우 불활성 물질로 가연물을 덮어 미연소",
        "불연성가스로서, 허용농도가 10ppm이다.",
        "촛불을 입으로 불어서 끈다."
      ],
      "answer": null,
      "explanation": ""
    },
    {
      "no": 1,
      "question": "냉각소화\n[해설작성자 : 뀨뀨꺄꺆]",
      "options": [],
      "answer": null,
      "explanation": ""
    },
    {
      "no": 2,
      "question": "제거소화",
      "options": [],
      "answer": null,
      "explanation": ""
    },
    {
      "no": 3,
      "question": "질식소화\n작업장 내 허용되는 일산화탄소의 농도는 작업 환경에 따라 다",
      "options": [],
      "answer": null,
      "explanation": ""
    },
    {
      "no": 4,
      "question": "제거소화\n르지만, 밀폐공간에서는 30 ppm 미만으로 유지되어야 하며, 이\n[해설작성자 : 남돌]\n는 한국 산업안전보건법에 따른 적정 공기 수준입니다.",
      "options": [],
      "answer": null,
      "explanation": ""
    },
    {
      "no": 85,
      "question": "폭발하한계를 L, 폭발상항계를 U라 할 경우 다음 중 위험도 식용류 화재시 주수소화를 금지하지만 아주작은 입자의 물분무\n(H)를 옳게 나타낸 것은? 형식의 소화는 가능함 미립자의 물이 식용류와 만나면서 냉각을\n하여 기름이 고체화 됨으로써 고체화된 기름이 식용류를 덮어\n질식효과가 생김(싱싱한 야채속의 수분이 식용류를 냉각시킴)",
      "options": [
        "②"
      ],
      "answer": null,
      "explanation": ""
    },
    {
      "no": 88,
      "question": "다음 중 Flashover의 방지(지연)대책으로 가장 적정한 것은?",
      "options": [
        "출입구 개방전 외부 공기 유입",
        "④",
        "실내의 가열",
        "가연성 건축자재 사용",
        "개구부 제한"
      ],
      "answer": null,
      "explanation": ""
    },
    {
      "no": 92,
      "question": "인화성액체 위험물을 액체상태로 저장하는 저장탱크를 설치\n화원의 크기 : 불이 처음 붙어을 때의 크기\n할 때, 위험물질이 누출되어 확산되는 것을 방지하기 위하\n실의 내표면적\n여 설치해야 하는 것은?\n[해설작성자 : 우정짱짱걸]",
      "options": [
        "방유제 ② 유막시스템",
        "방폭제 ④ 수막시스템"
      ],
      "answer": null,
      "explanation": ""
    },
    {
      "no": 1,
      "question": "온도상승\n방유제",
      "options": [],
      "answer": null,
      "explanation": ""
    },
    {
      "no": 2,
      "question": "열분해(483도~649도)\n: 액체상태로 저장하는 저장탱크를 설치할 때,",
      "options": [],
      "answer": null,
      "explanation": ""
    },
    {
      "no": 3,
      "question": "가스발생(CO:609도)\n위험물질이 누출되어 확산되는 것을 방지하기 위하여 설치햐야",
      "options": [],
      "answer": null,
      "explanation": ""
    },
    {
      "no": 4,
      "question": "전체화염\n하는 것 이다.",
      "options": [],
      "answer": null,
      "explanation": ""
    },
    {
      "no": 5,
      "question": "열반산율(10MW)\n[해설작성자 : ^~^]\n[해설작성자 : 허찬]",
      "options": [],
      "answer": null,
      "explanation": ""
    },
    {
      "no": 93,
      "question": "다음 중 산업안전보건법령상 공정안전보고서의 안전운전 계",
      "options": [],
      "answer": null,
      "explanation": ""
    },
    {
      "no": 89,
      "question": "다음 중 분진이 발화 폭발하기 위한 조건으로 거리가 먼 것\n획에 포함되지 않는 항목은?\n은?",
      "options": [
        "안전작업허가",
        "불연성 성질",
        "안전운전지침서",
        "미분상태",
        "가동 전 점검지침",
        "점화원의 존재",
        "비상조치계획에 따른 교육계획",
        "지연성가스 중에서의 교반과 운동"
      ],
      "answer": null,
      "explanation": ""
    },
    {
      "no": 1,
      "question": "안전운전지침서\n불연성 자체가 연소를 못하는 의미임",
      "options": [],
      "answer": null,
      "explanation": ""
    },
    {
      "no": 2,
      "question": "설비점검. 검사 및 보수계획, 유지계획 및 지침서\n[해설작성자 : 맑갑]",
      "options": [],
      "answer": null,
      "explanation": ""
    },
    {
      "no": 3,
      "question": "안전작업허가",
      "options": [],
      "answer": null,
      "explanation": ""
    },
    {
      "no": 90,
      "question": "관부속품 중 유로를 차단할 때 사용되는 것은? 4. 도급업체 안전관리계획",
      "options": [
        "유니온 ② 소켓 5. 근로자 등 교육계획",
        "플러그 ④ 엘보우 6. 가동 전 점검지침"
      ],
      "answer": null,
      "explanation": ""
    },
    {
      "no": 1,
      "question": "2개의 관연결 : 플랜지, 유니온, 커플링, 니플, 소켓 8. 자체감사 및 사고조사계획",
      "options": [],
      "answer": null,
      "explanation": ""
    },
    {
      "no": 2,
      "question": "관의 방향변경 : Y형 관이음쇠, 엘보, 티, 십자 [해설작성자 : ysys9004]",
      "options": [],
      "answer": null,
      "explanation": ""
    },
    {
      "no": 3,
      "question": "관의 직경변경 : 리듀셔, 부싱",
      "options": [],
      "answer": null,
      "explanation": ""
    },
    {
      "no": 4,
      "question": "유로차단 : 플러그, 밸브, 캡 [추가 해설]",
      "options": [],
      "answer": null,
      "explanation": ""
    },
    {
      "no": 5,
      "question": "지선연결 : Y형 관이음쇠, 티, 십자 공정안전보고서의 내용\n[해설작성자 : youngtae13] 1.공정안전자료",
      "options": [],
      "answer": null,
      "explanation": ""
    },
    {
      "no": 2,
      "question": "공정위험성 평가서\n플러그 뽑아버리자~ 3.안전운전계획\n[해설작성자 : 합격하자!] 4.비상조치계획",
      "options": [],
      "answer": null,
      "explanation": ""
    },
    {
      "no": 5,
      "question": "그 밖에 공정상의 안전과 관련하여 노동부장관이 필요하다고",
      "options": [],
      "answer": null,
      "explanation": ""
    },
    {
      "no": 91,
      "question": "공업용 가스의 용기가 주황색으로 도색되어 있을 때 용기\n인정하여 고시하는 사항\n안에는 어떠한 가스가 들어있는가?\n[해설작성자 : 부자아빠]",
      "options": [
        "수소 ② 질소",
        "암모니아 ④ 아세틸렌"
      ],
      "answer": null,
      "explanation": ""
    },
    {
      "no": 1,
      "question": "사업개요\n* 고압가스 용기의 도색",
      "options": [],
      "answer": null,
      "explanation": ""
    },
    {
      "no": 2,
      "question": "공정안전자료",
      "options": [],
      "answer": null,
      "explanation": ""
    },
    {
      "no": 1,
      "question": "산소 - 녹색",
      "options": [],
      "answer": null,
      "explanation": ""
    },
    {
      "no": 3,
      "question": "공정위험성평가",
      "options": [],
      "answer": null,
      "explanation": ""
    },
    {
      "no": 2,
      "question": "수소 - 주황색",
      "options": [],
      "answer": null,
      "explanation": ""
    },
    {
      "no": 4,
      "question": "안전운전계획",
      "options": [],
      "answer": null,
      "explanation": ""
    },
    {
      "no": 3,
      "question": "액화염소 - 갈색",
      "options": [],
      "answer": null,
      "explanation": ""
    },
    {
      "no": 5,
      "question": "비상조치계획",
      "options": [],
      "answer": null,
      "explanation": ""
    },
    {
      "no": 4,
      "question": "액화 탄산가스 - 청색\n따라서 공정안전보고서 목차의 안전운전계획에 대한 세부 사항",
      "options": [],
      "answer": null,
      "explanation": ""
    },
    {
      "no": 5,
      "question": "액화 석유가스 - 회색\n을 묻는 문제임",
      "options": [],
      "answer": null,
      "explanation": ""
    },
    {
      "no": 6,
      "question": "아세틸렌 : 황색\n[해설작성자 : 허찬]",
      "options": [],
      "answer": null,
      "explanation": ""
    },
    {
      "no": 7,
      "question": "액화 암모니아 - 백색\n기출문제 해설은 최강 자격증 기출문제 전자문제집 CBT : www.comcbt.com 통해서 실시간으로 변경됩니다.\n본 해설집은 최강 자격증 기출문제 전자문제집 CBT 해설달기 프로젝트에 의해서 만들어진 자료입니다. 해설을 제공해 주신 모든 분들께 감사 드립니다.\n산업안전기사 ◐ 2016년 05월 08일 필기 기출문제 및 해설집◑ 전자문제집 CBT :www.comcbt.com",
      "options": [],
      "answer": null,
      "explanation": ""
    },
    {
      "no": 94,
      "question": "위험물안전관리법령에 의한 위험물 분류에서 제1류 위험물 98. 다음 중 C급 화재에 해당하는 것은?\n은 산화성고체이다. 다음 중 산화성 고체 위험물에 해당하",
      "options": [
        "금속화재 ② 전기화재",
        "일반화재 ④ 유류화재",
        "과염소산칼륨 ② 황린 <문제 해설>",
        "마그네슘 ④ 나트륨 A급화재 - 일반화재"
      ],
      "answer": null,
      "explanation": ""
    },
    {
      "no": 1,
      "question": "과염소산칼륨 - 산화성 액체 및 산화성 고체 C급화재 - 전기화재",
      "options": [],
      "answer": null,
      "explanation": ""
    },
    {
      "no": 2,
      "question": "황린 - 물반응성 물질 및 인화성 고체 D급화재 - 금속화재",
      "options": [],
      "answer": null,
      "explanation": ""
    },
    {
      "no": 3,
      "question": "마그네슘 - 물반응성 물질 및 인화성 고체 [해설작성자 : ysys9004]",
      "options": [],
      "answer": null,
      "explanation": ""
    },
    {
      "no": 4,
      "question": "나트륨 - 물반응성 물질 및 인화성 고체",
      "options": [],
      "answer": null,
      "explanation": ""
    },
    {
      "no": 99,
      "question": "다음 중 인화점이 가장 낮은 물질은?\n[해설작성자 : 초랭구]",
      "options": [
        "등유 ② 아세톤",
        "이황화탄소 ④ 아세트산"
      ],
      "answer": null,
      "explanation": ""
    },
    {
      "no": 95,
      "question": "다음 중 Halon 2402 의 화학식으로 옳은 것은? [해설작성자 : 종훈아 힘내자]",
      "options": [
        "C I Br ② C F Br",
        "C Cl Br ④ C I Cl 문제 해설이 잘 나와 있는데 보기가 힘드네요"
      ],
      "answer": null,
      "explanation": ""
    },
    {
      "no": 96,
      "question": "다음 중 펌프의 사용 시 공동현상(cavitation)을 방지하고자\n[해설작성자 : 조금만 섬세하게]\n할 때의 조치사항으로 틀린 것은?",
      "options": [
        "펌프의 회전수를 높인다."
      ],
      "answer": null,
      "explanation": ""
    },
    {
      "no": 1,
      "question": "프로필렌 : -107도\n② 흡입비 속도를 작게 한다.",
      "options": [
        "흡입비 속도를 작게 한다."
      ],
      "answer": null,
      "explanation": ""
    },
    {
      "no": 2,
      "question": "황화수소 : -60도 이하\n③ 펌프의 흡입관의 두(head) 손실을 줄인다.",
      "options": [
        "펌프의 흡입관의 두(head) 손실을 줄인다."
      ],
      "answer": null,
      "explanation": ""
    },
    {
      "no": 3,
      "question": "에틸에테르(디에틸에테르) : -45도\n④ 펌프의 설치높이를 낮추어 흡입양정을 짧게 한다.",
      "options": [
        "펌프의 설치높이를 낮추어 흡입양정을 짧게 한다."
      ],
      "answer": null,
      "explanation": ""
    },
    {
      "no": 4,
      "question": "휘발류(가솔린) : -43도\n<문제 해설>",
      "options": [],
      "answer": null,
      "explanation": ""
    },
    {
      "no": 5,
      "question": "아세트알데하이드 :-39도\n1 회전수 낮춰야함",
      "options": [],
      "answer": null,
      "explanation": ""
    },
    {
      "no": 6,
      "question": "산화프로필렌 : -37도\n[해설작성자 : day]",
      "options": [],
      "answer": null,
      "explanation": ""
    },
    {
      "no": 5,
      "question": "이황화탄소 : -30도",
      "options": [],
      "answer": null,
      "explanation": ""
    },
    {
      "no": 6,
      "question": "아세틸렌과 아세톤 : -18도",
      "options": [],
      "answer": null,
      "explanation": ""
    },
    {
      "no": 97,
      "question": "다음 중 산업안전보건기준에 관한 규칙에서 규정한 위험물",
      "options": [],
      "answer": null,
      "explanation": ""
    },
    {
      "no": 7,
      "question": "벤젠 : -11도\n질에 종류에서 “물반응성 물질 및 인화성 고체”에 해당하는\n[해설작성자 : 허찬]\n것은?",
      "options": [
        "질산에스테르류"
      ],
      "answer": null,
      "explanation": ""
    },
    {
      "no": 100,
      "question": "다음 중 공기 속에서의 폭발하한계(vol%)값의 크기가 가장\n② 니트로화합물\n작은 것은?\n③ 칼륨ㆍ나트륨",
      "options": [
        "니트로화합물",
        "칼륨ㆍ나트륨",
        "H ② CH",
        "니트로소화합물",
        "CO ④ C H"
      ],
      "answer": null,
      "explanation": ""
    },
    {
      "no": 1,
      "question": "수소\n-리튬,칼류,나트륨,황,황린,황화인적린,셀로로이드류,마그네슘 분",
      "options": [],
      "answer": null,
      "explanation": ""
    },
    {
      "no": 2,
      "question": "메탄\n말,금속분말,알칼리금속,유기금속화합물,금속의수소화물,금속의인",
      "options": [],
      "answer": null,
      "explanation": ""
    },
    {
      "no": 3,
      "question": "일산화탄소\n화물,칼슘탄화물",
      "options": [],
      "answer": null,
      "explanation": ""
    },
    {
      "no": 4,
      "question": "아세틸렌\n,알루미늄 탄화물(니칼안물러)\n[해설작성자 : 부자아빠]\n폭발이 용이한 물질 = 폭발 3등급 = 수소, 아세틸렌\n수소(4%) < 아세틸렌(2.5%)\n니트로는 물반응성이 아님\n[해설작성자 : 초랭구]\n[해설작성자 : comcbt.com 이용자]\n기출문제 해설은 최강 자격증 기출문제 전자문제집 CBT : www.comcbt.com 통해서 실시간으로 변경됩니다.\n본 해설집은 최강 자격증 기출문제 전자문제집 CBT 해설달기 프로젝트에 의해서 만들어진 자료입니다. 해설을 제공해 주신 모든 분들께 감사 드립니다.\n산업안전기사 ◐ 2016년 05월 08일 필기 기출문제 및 해설집◑ 전자문제집 CBT :www.comcbt.com\n고려되었는지 확인하여야 하는 철골구조물의 기준으로 옳\n메탄 5% 지 않은 것은?\n일산화탄소 12.5%",
      "options": [
        "높이 20m 이상의 구조물",
        "구조물의 폭과 높이의 비가 1:4 이상인 구조물",
        "이음부가 공장 제작인 구조물",
        "연면적당 철골량이 50kg/m2 이하인 구조물"
      ],
      "answer": null,
      "explanation": ""
    },
    {
      "no": 101,
      "question": "신품의 추락방지망 중 그물코의 크기 10cm인 매듭방망의\n이음부가 공장 제작인 구조물-이음부가 현장용접인 구조물\n인장강도 기준으로 옳은 것은?\n[해설작성자 : 부자아빠]",
      "options": [
        "110kg 이상 ② 200kg 이상",
        "360kg 이상 ④ 400kg 이상"
      ],
      "answer": null,
      "explanation": ""
    },
    {
      "no": 5,
      "question": "기둥이 타이 플레이트형 구조물\n<문제 해설>",
      "options": [],
      "answer": null,
      "explanation": ""
    },
    {
      "no": 6,
      "question": "단면 구조에 현저한 차이가 있는 경우\n매듭방망 인장강도\n( 암기 내용 : 높이 20M / ( 폭:높이 ) 1:4 / 철골량 50Kg/m2 /\n그물코 10cm = 200kg\n타이플레이트 / 이음부 현장제작 )\n그물코 5cm = 110kg\n[해설작성자 : 허찬]\n매듭없는 방망 인장강도\n이음부가 현장용접인 구조물은 확인하여야 하지만 공장에서 이\n그물코 10cm = 240kg\n어온거는 확인 안해두 됨\n[해설작성자 : 초랭구]\n[해설작성자 : 보라매 오키토키]\n신품 매듭x 10cm 240kg",
      "options": [],
      "answer": null,
      "explanation": ""
    },
    {
      "no": 1,
      "question": "이음부가 현장 용접인 구조물\n매듭o 10cm 200kg 5cm 110kg",
      "options": [],
      "answer": null,
      "explanation": ""
    },
    {
      "no": 2,
      "question": "높이 20m 이상인 구조물\n폐기 매듭x 10cm 150kg",
      "options": [],
      "answer": null,
      "explanation": ""
    },
    {
      "no": 3,
      "question": "기둥이 타이플레이트형인 구조물\n매듭o 10cm 135kg 60kg",
      "options": [],
      "answer": null,
      "explanation": ""
    },
    {
      "no": 4,
      "question": "구조물의 폭과 높이의 비가 1:4 이상인 구조물\n[해설작성자 : 원조로미]",
      "options": [],
      "answer": null,
      "explanation": ""
    },
    {
      "no": 5,
      "question": "단위 면적당 철골량이 50kg/m2 이하인 구조물\n[해설작성자 : 간장공장장 좋아]",
      "options": [],
      "answer": null,
      "explanation": ""
    },
    {
      "no": 102,
      "question": "재해사고를 방지하기 위하여 크레인에 설치된 방호장치와\n거리가 먼 것은?",
      "options": [],
      "answer": null,
      "explanation": ""
    },
    {
      "no": 105,
      "question": "산업안전보건관리비의 효율적인 집행을 위하여 고용노동부",
      "options": [
        "공기정화장치 ② 비상정지장치",
        "제동장치 ④ 권과방지장치",
        "안전ㆍ보건에 관한 협의체 구성 및 운영",
        "공사의 진척 정도에 따른 사용기준"
      ],
      "answer": null,
      "explanation": ""
    },
    {
      "no": 1,
      "question": "과부하방지장치\n③ 사업의 규모별 사용방법 및 구체적인 내용\n제비과부(제동장치,비상정지장치,권과방지장치, 과부하방지장치)\n④ 사업의 종류별 사용방법 및 구체적인 내용\n<문제 해설>",
      "options": [
        "사업의 규모별 사용방법 및 구체적인 내용",
        "사업의 종류별 사용방법 및 구체적인 내용"
      ],
      "answer": null,
      "explanation": ""
    },
    {
      "no": 103,
      "question": "구조물 해체작업으로 사용되는 공법이 아닌 것은?\n산업안전보건관리비의 효율적인 집행을 위한 기준(산업안전보건",
      "options": [
        "압쇄공법 ② 잭공법",
        "절단공법 ④ 진공공법"
      ],
      "answer": null,
      "explanation": ""
    },
    {
      "no": 1,
      "question": "사업의 규모별, 종류별 계상 기준\n구조물 해체공법",
      "options": [],
      "answer": null,
      "explanation": ""
    },
    {
      "no": 2,
      "question": "건설공사의 진척 정도에 따른 사용비율 등 기준",
      "options": [],
      "answer": null,
      "explanation": ""
    },
    {
      "no": 1,
      "question": "압쇄공법\n[해설작성자 : 기사콜렉터입니다]",
      "options": [],
      "answer": null,
      "explanation": ""
    },
    {
      "no": 2,
      "question": "잭공법",
      "options": [],
      "answer": null,
      "explanation": ""
    },
    {
      "no": 3,
      "question": "절단공법",
      "options": [],
      "answer": null,
      "explanation": ""
    },
    {
      "no": 106,
      "question": "항타기 또는 항발기에 사용되는 권상용와이어로프의 안전",
      "options": [],
      "answer": null,
      "explanation": ""
    },
    {
      "no": 4,
      "question": "전도공법\n계수는 최소 얼마 이상이어야 하는가?",
      "options": [],
      "answer": null,
      "explanation": ""
    },
    {
      "no": 5,
      "question": "폭발공법",
      "options": [
        "3 ② 4"
      ],
      "answer": null,
      "explanation": ""
    },
    {
      "no": 6,
      "question": "브레이커 공법\n③ 5 ④ 6\n[해설작성자 : 초랭구]\n<문제 해설>\n권상용 와이어로프의 안전계수: 5이상\n철해머공법/팽창압공법/쐐기타입공법/화염 공법/통전공법도 있음\n[해설작성자 : 우정짱짱걸]\n(특히 브레이커공법과 화염공법,통전공법은 암기필요)\n\"브레이커 통화공법\" 107. 철골보 인양 시 준수해야 할 사항으로 옳지 않은 것은?\n[해설작성자 : 허찬]",
      "options": [
        "5 ④ 6",
        "인양 와이어로프의 매달기 각도는 양변 60°를 기준으로"
      ],
      "answer": null,
      "explanation": ""
    },
    {
      "no": 104,
      "question": "건립 중 강풍에 의한 풍압 등 외압에 대한 내력이 설계에\n기출문제 해설은 최강 자격증 기출문제 전자문제집 CBT : www.comcbt.com 통해서 실시간으로 변경됩니다.\n본 해설집은 최강 자격증 기출문제 전자문제집 CBT 해설달기 프로젝트에 의해서 만들어진 자료입니다. 해설을 제공해 주신 모든 분들께 감사 드립니다.\n산업안전기사 ◐ 2016년 05월 08일 필기 기출문제 및 해설집◑ 전자문제집 CBT :www.comcbt.com\n② 크램프로 부재를 체결할 때는 크램프의 정격용량 이상",
      "options": [
        "크램프로 부재를 체결할 때는 크램프의 정격용량 이상"
      ],
      "answer": null,
      "explanation": ""
    },
    {
      "no": 111,
      "question": "다음 기계 중 양중기에 포함되지 않는 것은?\n매달지 않아야 한다.",
      "options": [
        "리프트 ② 곤돌라",
        "크램프는 부재를 수평으로 하는 한 곳의 위치에만 사용",
        "크레인 ④ 트롤리 컨베이어",
        "인양 와이어로프는 후크의 중심에 걸어야 한다."
      ],
      "answer": null,
      "explanation": ""
    },
    {
      "no": 108,
      "question": "시스템 동바리를 조립하는 경우 수직재와 받침철물 연결부 곤돌라\n의 겹침길이 기준으로 옳은 것은? 승강기",
      "options": [
        "받침철물 전체길이의 1/2 이상 [해설작성자 : 남돌]",
        "받침철물 전체길이의 1/3 이상"
      ],
      "answer": null,
      "explanation": ""
    },
    {
      "no": 112,
      "question": "콘크리트 타설작업을 하는 경우에 준수해야할 사항으로 옳\n③ 받침철물 전체길이의 1/4 이상\n지 않은 것은?\n④ 받침철물 전체길이의 1/5 이상",
      "options": [
        "받침철물 전체길이의 1/4 이상",
        "받침철물 전체길이의 1/5 이상",
        "당일의 작업을 시작하기 전에 해당 작업에 관한 거푸집",
        "작업 중에는 거푸집동바리등의 변형ㆍ변위 및 침하 유무"
      ],
      "answer": null,
      "explanation": ""
    },
    {
      "no": 109,
      "question": "토질시험 중 액체 상태의 흙이 건조되어 가면서 약성, 소 작업을 빠른 시간 내 우선 완료하고 근로자를 대피시킬\n성, 반고체, 고체 상태의 경계선과 관련된 시험의 명칭은? 것",
      "options": [
        "아터버그 한계시험 ③ 콘크리트 타설작업 시 거푸집붕괴의 위험이 발생할 우려",
        "압밀 시험 가 있으면 충분한 보강조치를 할 것",
        "삼축압축시험 ④ 콘크리트 타설하는 경우에는 편심이 발생하지 않도록 골",
        "투수시험 고루 분산하여 타설할 것"
      ],
      "answer": null,
      "explanation": ""
    },
    {
      "no": 1,
      "question": "액성한계 : 유동체와 소성체의 경계 함수비",
      "options": [],
      "answer": null,
      "explanation": ""
    },
    {
      "no": 113,
      "question": "차량계 건설기계를 사용하여 작업하고자 할 때 작업계획서",
      "options": [],
      "answer": null,
      "explanation": ""
    },
    {
      "no": 2,
      "question": "소성한계 : 소성체와 반고체의 경계 함수비\n에 포함되어야 할 사항에 해당되지 않는 것은?",
      "options": [],
      "answer": null,
      "explanation": ""
    },
    {
      "no": 3,
      "question": "유동한계 : 반고체와 고체의 경계 함수비",
      "options": [
        "사용하는 차량계 건설기계의 종류 및 성능",
        "차량계 건설기계의 운행경로",
        "차량계 건설기계에 의한 작업방법",
        "차량계 건설기계의 유지보수방법"
      ],
      "answer": null,
      "explanation": ""
    },
    {
      "no": 110,
      "question": "유해ㆍ위험방지계획서를 제출해야 할 대상 공사의 조건으",
      "options": [],
      "answer": null,
      "explanation": ""
    },
    {
      "no": 114,
      "question": "기계가 위치한 지면보다 높은 장소의 땅을 굴착하는데 적\n로 옳지 않은 것은?\n합하며 산지에서의 토공사 및 암반으로부터의 점토질까지",
      "options": [
        "터널 건설등의 공사",
        "최대지간 길이가 50m이상인 교량건설등 공사",
        "파워쇼벨 ② 불도저",
        "다목적댐ㆍ발전용 댐 및 저수용량 2천만톤이상의 용수전",
        "파일드라이버 ④ 크레인",
        "깊이가 5m 이상인 굴착공사"
      ],
      "answer": null,
      "explanation": ""
    },
    {
      "no": 118,
      "question": "흙막이 가시설 공사시 사용되는 각 계측기 설치 목적으로\n지반보다 높은 장소 굴착하는건 파워쇼벨이라고 외우면 편합니\n옳지 않은 것은?\n다",
      "options": [
        "지표침하계 - 지표면 침하량 측정",
        "수위계 - 지반 내 지하수위의 변화 측정"
      ],
      "answer": null,
      "explanation": ""
    },
    {
      "no": 115,
      "question": "지표면에서 소정의 위치까지 파내려간 후 구조물을 축조하 ③ 하중계 - 상부 적재하중 변화 측정\n고 되메운 후 지표면을 원상태로 복구시키는 공법은? ④ 지중경사계 - 지중의 수평 변위량 측정",
      "options": [
        "하중계 - 상부 적재하중 변화 측정",
        "지중경사계 - 지중의 수평 변위량 측정",
        "NATM 공법 <문제 해설>",
        "개착식 터널공법 답은 3번 하중계가 맞습니다..상부 적재하중 변화 측정이 아닌",
        "TBN 공법 축 하중 변화상태 측정입니다.",
        "침매공법 [해설작성자 : 레오22]"
      ],
      "answer": null,
      "explanation": ""
    },
    {
      "no": 116,
      "question": "단관비계를 조립하는 경우 벽이음 및 버팀을 설치할 때의 119. 철골작업시철골부재에서 근로자가 수직방향으로 이동하는\n수평방향 조립간격 기준으로 옳은 것은? 경우에 설치하여야 하는 고정된 승강로의 최소 답단 간격",
      "options": [
        "3m ② 5m 은 얼마 이내인가?",
        "6m ④ 10m ① 20cm ② 25cm",
        "30cm ④ 40cm"
      ],
      "answer": null,
      "explanation": ""
    },
    {
      "no": 120,
      "question": "콘크리트 타설시 거푸집 측압에 대한 설명으로 옳지 않은\n[해설작성자 : comcbt.com 이용자]\n것은?",
      "options": [],
      "answer": null,
      "explanation": ""
    },
    {
      "no": 117,
      "question": "산업안전보건기준에 관한 규칙에 따른 암반 중 풍화함 굴",
      "options": [
        "기온이 높을수록 측압은 크다.",
        "타설속도가 클수록 측압은 크다.",
        "슬럼프가 클수록 측압은 크다.",
        "1 : 1.5 ② 1 : 1.1 ④ 다짐이 과할수록 측압은 크다.",
        "1 : 1.0 ④ 1: 0.5 <문제 해설>",
        "③ ③ ④ ③ ② ② ③ ④ ②",
        "④ ④ ③ ① ④ ④ ④ ④ ④",
        "② ② ① ④ ① ④ ③ ② ①",
        "③ ④ ③ ④ ④ ② ① ② ③",
        "③ ① ④ ② ① ① ③ ② ②",
        "② ③ ③ ② ④ ③ ③ ② ①",
        "④ ② ② ③ ① ④ ④ ② ①",
        "② ④ ③ ② ① ① ③ ③ ①",
        "④ ③ ④ ① ③ ① ④ ① ③",
        "① ④ ① ② ① ③ ② ③ ④",
        "① ④ ③ ① ③ ③ ② ① ④",
        "② ④ ① ② ② ③ ③ ③ ①"
      ],
      "answer": null,
      "explanation": ""
    }
  ]
}