{
  "title": "산업안전기사20150816(해설집) (2).pdf",
  "questions": [
    {
      "no": 1,
      "question": "하인리히의 재해손실비 산정방식에서 직접비로 볼 수 없는",
      "options": [
        "청취한다(hearing)",
        "이해, 납득시킨다(understand)",
        "직업재활급여 ② 간병급여",
        "모범을 보인다(example)",
        "생산손실급여 ④ 장해급여",
        "평가한다(evaluaion)",
        "청취한다 ② 이해, 납득시킨다",
        "모범을 보인다 ④ 권장한다",
        "칭찬한다 ⑥ 벌을 준다"
      ],
      "answer": null,
      "explanation": ""
    },
    {
      "no": 3,
      "question": "무재해운동의 추진기법에 있어 위험예지훈련 제4단계(4라운\nc.유족급여\n드) 중 제2단계에 해당하는 것은?(관련 규정 개정전 문제로\nd.장의비\n여기서는 기존 정답인 1번을 누르면 정답 처리됩니다. 자세\ne.유족특별급여\n한 내용은 해설을 참고하세요.)\nf.장애특별급여",
      "options": [
        "본질추구 ② 현상파악",
        "목표설정 ④ 대책수립",
        "제1단계: 현상파악 - 어떤 위험이 잠재하고 있는가?(사실의"
      ],
      "answer": null,
      "explanation": ""
    },
    {
      "no": 2,
      "question": "다음 중 태도교육을 통한 안전태도 형성요령과 가장 거리가\n파악)\n먼 것은?\n② 제2단계: 본질추구 - 이것이 위험의 포인트이다.(원인을 찾는",
      "options": [
        "제2단계: 본질추구 - 이것이 위험의 포인트이다.(원인을 찾는",
        "이해한다.",
        "칭찬한다.",
        "제3단계: 대책수립 - 당신이라면 어떻게 할 것인가?(대책을",
        "모범을 보인다.",
        "금전적 보상을 한다.",
        "제4단계: 목표설정 - 우리들은 이렇게 하자.(행동계획을 결정",
        "감수성훈련",
        "TBM훈련",
        "지식교육",
        "문제해결 훈련",
        "기능교육",
        "태도교육",
        "제 1 단계: 도입(준비) - 학습할 준비를 시킨다.",
        "제 2 단계: 제시(설명) - 작업을 설명한다.",
        "제 3 단계: 적용(응용) - 작업을 시켜본다."
      ],
      "answer": null,
      "explanation": ""
    },
    {
      "no": 4,
      "question": "암실에서 정지된 소광점을 응시하면 광점이 움직이는 것 같\n④ 제 4 단계: 확인(총괄, 평가) - 가르친 뒤 살펴본다.\n이 보이는 현상을 운동의 착각 현상 중 ‘자동운동’이라 한다.\n다음 중 자동운동이 생기기 쉬운 조건에 해당되지 않는 것\n⑶ 기능 교육의 3원칙\n은?",
      "options": [
        "제 4 단계: 확인(총괄, 평가) - 가르친 뒤 살펴본다.",
        "준비철저",
        "광점이 작은 것",
        "위험작업의 규제화",
        "대상이 단순한 것",
        "안전 작업의 표준화",
        "광의 강도가 큰 것",
        "시야의 다른 부분이 어두운 것",
        "학습의 준비",
        "작업 설명",
        "작업 개시 전 점검에 관한 사항",
        "사고 발생시 긴급조치에 관한 사항",
        "건강증진 및 질병 예방에 관한 사항",
        "산업보건 및 직업병 예방에 관한 사항"
      ],
      "answer": null,
      "explanation": ""
    },
    {
      "no": 5,
      "question": "산업안전보건법령상 관리감독자의 업무내용에 해당되는 것\n<문제 해설>\n은? (단, 기타 해당 작업의 안전ㆍ보건에 관한 사항으로서 고\n[관리감독자] 정기안전ㆍ보건교육\n용노동부령으로 정하는 사항은 제외한다.)\n1)작업공정의 유해, 위험과 재해 예방대책에 관한 사항",
      "options": [
        "사업장 순회점검ㆍ지도 및 조치의 건의",
        "물질안전보건자료의 게시 및 또는 비치에 관한 보좌 및",
        "해당 작업의 작업장 정리ㆍ정돈 및 통로확보에 대한 확인",
        "근로자의 건강장해의 원인 조사와 재발 방지를 위한 의학",
        "사업장 내 관리감독자가 지휘ㆍ감독하는 작업과 관련된 기계",
        "관리감독자에게 소속된 근로자의 작업복ㆍ보호구 및 방호장",
        "해당 작업에서 발생한 산업재해에 관한 보고 및 이에 대한",
        "해당 작업의 작업장 정리ㆍ정돈 및 통로확보에 대한 확인ㆍ",
        "해당 사업장의 산업보건의, 안전관리자(법 제15조제4항에 따 8. 하인리히의 재해발생과 관련한 도미노 이론으로 설명되는 안",
        "외부 환경 ② 개인적 성향",
        "재해 및 상해 ④ 불안전한 상태 및 행동"
      ],
      "answer": null,
      "explanation": ""
    },
    {
      "no": 1,
      "question": "외부환경(간접원인)\n[추가 해설] 2. 개인적성향(간접원인)",
      "options": [],
      "answer": null,
      "explanation": ""
    },
    {
      "no": 1,
      "question": "사업장 순회점검 지도 및 조치의 건의는 안전관리자, 보건관 3. 재해 및 상해(직접원인 이후 )\n리자에 해당하는 내용입니다. 4. 불안전한 상태 및 행동(직접원인)\n[해설작성자 : kyle] [해설작성자 : 쇼킹]",
      "options": [],
      "answer": null,
      "explanation": ""
    },
    {
      "no": 6,
      "question": "의무안전인증 대상 보호구 중 AE, ABE종 안전모의 질량 증 9. 모랄서베이(Morale Survey)의 주요방법 중 태도조사법에 해\n가율은 몇 % 미만이어야 하는가? 당하지 않은 것은?",
      "options": [
        "1% ② 2% ① 질문지법 ② 면접법",
        "3% ④ 5% ③ 통계법 ④ 집단토의법"
      ],
      "answer": null,
      "explanation": ""
    },
    {
      "no": 5,
      "question": "태도조사법(의견조사) : 질문지법, 면접법, 진단토의법, 투사",
      "options": [],
      "answer": null,
      "explanation": ""
    },
    {
      "no": 7,
      "question": "산업안전보건법령상 사업 내 안전ㆍ보건 교육의 교육대상별\n법, 문답법 등에 의해 의견을 조사하는 방법\n교육내용에 있어 관리감독자 정기안전ㆍ보건교육에 해당하는\n[해설작성자 : youngtae13]\n기출문제 해설은 최강 자격증 기출문제 전자문제집 CBT : www.comcbt.com 통해서 실시간으로 변경됩니다.\n본 해설집은 최강 자격증 기출문제 전자문제집 CBT 해설달기 프로젝트에 의해서 만들어진 자료입니다. 해설을 제공해 주신 모든 분들께 감사 드립니다.\n산업안전기사 ◐ 2015년 08월 16일 필기 기출문제 및 해설집◑ 전자문제집 CBT :www.comcbt.com\n들어 남의 비난을 받지 않도록 하거나 자위하는 방어기제이다.\n모랄서베이의 태도 조사법(의견조사) [해설작성자 : 휘바]",
      "options": [],
      "answer": null,
      "explanation": ""
    },
    {
      "no": 1,
      "question": "질문지법",
      "options": [],
      "answer": null,
      "explanation": ""
    },
    {
      "no": 13,
      "question": "재해원인 분석시 고려해야 할 4M에 해당하지 않는 것은?",
      "options": [],
      "answer": null,
      "explanation": ""
    },
    {
      "no": 2,
      "question": "면접법",
      "options": [
        "Man ② Mechanism"
      ],
      "answer": null,
      "explanation": ""
    },
    {
      "no": 3,
      "question": "집단토의법\n③ Media ④ Management",
      "options": [
        "Media ④ Management"
      ],
      "answer": null,
      "explanation": ""
    },
    {
      "no": 4,
      "question": "투사법\n<문제 해설>\n[해설작성자 : Doosicl]\n인간-기계에서 보는 안전의 4M",
      "options": [],
      "answer": null,
      "explanation": ""
    },
    {
      "no": 10,
      "question": "다음 중 재해를 한번 경험한 사람은 신경과민 등 심리적인 기계(Machine)-설계 제작착오,재료피로 열화,고장,오조작,배치\n압박을 받게 되어 대처능력이 떨어져 재해가 빈번하게 발생 공사착오\n된다는 설(設)은? 인간(Man)-잘못사용,오조작,착오,실수,논리착오,협조미흡,불안심",
      "options": [
        "기회설 ② 암시설 리",
        "경향설 ④ 미숙설 작업매체(Media)-작업정보부족 부적절,협보미흡,작업환경불량,불"
      ],
      "answer": null,
      "explanation": ""
    },
    {
      "no": 1,
      "question": "기회설 : 작업에 어려움이 많기 때문에 재해가 유발하게 된다 량,잘못지시\n는 설",
      "options": [],
      "answer": null,
      "explanation": ""
    },
    {
      "no": 14,
      "question": "산업안전보건법령에 따라 자율검사프로그램을 인정받기 위",
      "options": [],
      "answer": null,
      "explanation": ""
    },
    {
      "no": 2,
      "question": "암시설 : 한번 재해를 당한 사람은 겁쟁이가 되거나 신경과민\n한 충족 요건으로 틀린 것은?\n등으로 재해를 유발하게 된다는 설",
      "options": [
        "관련 법에 따른 검사원을 고용하고 있을 것"
      ],
      "answer": null,
      "explanation": ""
    },
    {
      "no": 3,
      "question": "경향설 : 근로자 가운데 재해가 빈발하는 소질적 결함자가 있\n② 관련 법에 따른 검사 주기마다 검사를 할 것\n다는 설\n③ 자율검사프로그램의 검사기준이 안전검사 기준에 충족할\n[해설작성자 : 수험생]\n것\n④ 검사를 할 수 있는 장비를 갖추고 이를 유지ㆍ관리할 수\n기회설 : 상황설\n있을 것\n암시설 : 습관설\n<문제 해설>\n경향설 : 성향설\n검사주기의 1/2에 해당하는 주기마다\n[해설작성자 : comcbt.com 이용자]\n검사를 할것",
      "options": [
        "관련 법에 따른 검사 주기마다 검사를 할 것",
        "자율검사프로그램의 검사기준이 안전검사 기준에 충족할",
        "검사를 할 수 있는 장비를 갖추고 이를 유지ㆍ관리할 수"
      ],
      "answer": null,
      "explanation": ""
    },
    {
      "no": 11,
      "question": "산업안전보건법령상 안전보건개선계획서에 개선을 위하여 [해설작성자 : 다니엘]\n포함되어야 하는 중점개선 항목에 해당되지 않는 것은?",
      "options": [],
      "answer": null,
      "explanation": ""
    },
    {
      "no": 15,
      "question": "기업 내 정형교육 중 TWI(Train Within Industry)의 교육 내",
      "options": [
        "시설 ② 기계장치",
        "작업방법 ④ 보호구 착용",
        "Job Method Training",
        "Job Relation Training",
        "Job Instruction Training"
      ],
      "answer": null,
      "explanation": ""
    },
    {
      "no": 1,
      "question": "시설 2. 기계장치 3. 원료, 재료 4. 작업방법 5. 작업환\n④ Job Standardization Training\n경 6. 기타 안전보건기준상 조치사항\n<문제 해설>\n[해설작성자 : 산안기합격합시다]",
      "options": [
        "Job Standardization Training"
      ],
      "answer": null,
      "explanation": ""
    },
    {
      "no": 1,
      "question": "작업지시(JI)",
      "options": [],
      "answer": null,
      "explanation": ""
    },
    {
      "no": 12,
      "question": "다음 중 억압당한 욕구가 사회적ㆍ문화적으로 가치 있는 목 2.작업방법(JM)\n적으로 향하여 노력함으로써 욕구를 충족하는 적응기제 3.작업관계(JR)\n(Adjustment Mechanism)를 무엇이라 하는가?",
      "options": [
        "보상 ② 투사 ○ TWI(Train Within Industry)",
        "승화 ④ 합리화 주로 감독자를 교육대상자로 하며 감독자는 1)직무에 관한지"
      ],
      "answer": null,
      "explanation": ""
    },
    {
      "no": 1,
      "question": "보상 : 보상은 자신의 결함과 무능에 의하여 생긴 열등감이나 선하는 기능\n긴장을 해소시키기 위하여 장점 같은 것으로 그 결함을 보충하 5)사람을 다르는 기량의 5가지 요건을 구비해야 한다는 전제\n려는 행동이다. 로 전체교육시간은 10시간으로 1일 2시간씩 5일간 실시하며",
      "options": [],
      "answer": null,
      "explanation": ""
    },
    {
      "no": 2,
      "question": "투사 : 투사란 자신의 불만이나 불안을 해소시키기 위해서 남 한클래스의 10명 정도, 토의실과 실연법을 중심으로 한다.\n에게 뒤집어 씌우는 식의 적응기제이다. 1. 작업방법훈련(JMT : Job Method Training) : 작업개선",
      "options": [],
      "answer": null,
      "explanation": ""
    },
    {
      "no": 3,
      "question": "승화 : 승화는 억압당한 욕구를 다른 가치있는 목적을 실현하 2. 인간관계훈련(JRT : Job Relation Training) : 부하통솔\n도록 노력함으로써 욕구를 충족하는 기제이다. 3. 작업지도훈련(JIT : Job Instruction Training): 작업지도,지",
      "options": [],
      "answer": null,
      "explanation": ""
    },
    {
      "no": 4,
      "question": "합리화 : 합리화는 자기의 실패나 약점을 그럴 듯한 이유를 시\n기출문제 해설은 최강 자격증 기출문제 전자문제집 CBT : www.comcbt.com 통해서 실시간으로 변경됩니다.\n본 해설집은 최강 자격증 기출문제 전자문제집 CBT 해설달기 프로젝트에 의해서 만들어진 자료입니다. 해설을 제공해 주신 모든 분들께 감사 드립니다.\n산업안전기사 ◐ 2015년 08월 16일 필기 기출문제 및 해설집◑ 전자문제집 CBT :www.comcbt.com",
      "options": [],
      "answer": null,
      "explanation": ""
    },
    {
      "no": 4,
      "question": "작업안전훈련(JST : Job Safety Training) : 작업안전 ③ 4건 ④ 6건\n<문제 해설>",
      "options": [
        "4건 ④ 6건"
      ],
      "answer": null,
      "explanation": ""
    },
    {
      "no": 16,
      "question": "산업안전보건법령상 안전ㆍ보건표지의 종류 중 기본모형(형\n이문제는 재해자수가 문제에 나와있습니다 재해건수가 아닙니\n태)이 다른 것은?\n다.",
      "options": [
        "방사성물질경고",
        "폭발성물질경고",
        "인화성물질경고",
        "급성독성물질경고"
      ],
      "answer": null,
      "explanation": ""
    },
    {
      "no": 17,
      "question": "다음 중 재해예방의 4원칙에 관한 설명으로 틀린 것은?\n재해자 20명 총 근로자 500명 근로시간이 나와있지 않을시",
      "options": [
        "재해의 발생에는 반드시 원인이 존재한다.",
        "재해의 발생과 손실의 발생은 우연적이다.",
        "재해예방을 위한 가능한 안전대책은 반드시 존재한다.",
        "재해는 원인 제거가 불가능하므로 예방만이 최우선이다."
      ],
      "answer": null,
      "explanation": ""
    },
    {
      "no": 19,
      "question": "다음 중 몇 사람의 전문가에 의하여 과제에 관한 견해를 발",
      "options": [],
      "answer": null,
      "explanation": ""
    },
    {
      "no": 1,
      "question": "손실 우연의 법칙\n표한 뒤에 참가자로 하여금 의견이나 질문을 하게 하여 토",
      "options": [],
      "answer": null,
      "explanation": ""
    },
    {
      "no": 2,
      "question": "원인 계기의 원칙\n의하는 방법은?",
      "options": [],
      "answer": null,
      "explanation": ""
    },
    {
      "no": 3,
      "question": "예방 가능의 원칙",
      "options": [
        "포럼(forum)"
      ],
      "answer": null,
      "explanation": ""
    },
    {
      "no": 4,
      "question": "대책 선정의 원칙\n② 심포지엄(symposium)\nEngineering(기술):기술적(공학적) 대책\n③ 케이스 스터디(case study)\nEducation(교육):교육적 대책\n④ 패널 디스커션(panel discussion)\nEnforcement(규제):규제적(관리적) 대책\n<문제 해설>\n(가) 기술적 대책",
      "options": [
        "심포지엄(symposium)",
        "케이스 스터디(case study)",
        "패널 디스커션(panel discussion)"
      ],
      "answer": null,
      "explanation": ""
    },
    {
      "no": 1,
      "question": "포럼 : 새로운 자료나 교제를 제시하고 거기서의 문제점을 피\n(나) 교육적 대책\n교육자로 하여금 제기하게 하거나 의견을 여러가지 방법으로 발\n(다) 규제적 대책\n표하게 하고다시 깊이 파고들어 토의를 진행한는 방법",
      "options": [],
      "answer": null,
      "explanation": ""
    },
    {
      "no": 2,
      "question": "심포지엄 : 몇 사람의 전문가에 의하여 과제에 관한 견해를\n발표한 뒤에 참가자로 하여금 의견이나 질문을 하게 하여 토의",
      "options": [],
      "answer": null,
      "explanation": ""
    },
    {
      "no": 18,
      "question": "연평균 500명의 근로자가 근무하는 사업장에서 지난 한해\n하는 방법\n동안 20명의 재해자가 발생하였다. 만약 이 사업장에서 한",
      "options": [],
      "answer": null,
      "explanation": ""
    },
    {
      "no": 3,
      "question": "케이스 스터디(사례연구법) : 먼저 사례를 제시하고 문제적\n근로자가 평생 동안 작업을 한다면 약 몇 건의 재해를 당할\n사실과 그의 상호관계에 대해서 검토하고 대책을 통의하는 방법\n수 있겠는가? (단, 1인당 평생근로시간은 120000시간으로",
      "options": [],
      "answer": null,
      "explanation": ""
    },
    {
      "no": 4,
      "question": "패널 디스커션 : 패널 멤버(전문가)가 피교육자 앞에서 자유\n한다.)\n로이 토의하고 뒤에 피교육자 전원이 참가하여 사회자의 사회에",
      "options": [
        "1건 ② 2건"
      ],
      "answer": null,
      "explanation": ""
    },
    {
      "no": 5,
      "question": "버즈세션(6-6회의) : 사회자와 기록계를 선출한 후 나머지 사 국소 = 부분\n람을 6명씩 소집단으로 구분하고, 소집단별로 각각 사회자를 선 그러면 국소조명은 부분만 조명을 주니까 밝겠죠?\n별하여 6분씩 자유토의를 행하여 의견을 종합하는 방법 [해설작성자 : comcbt.com 이용자]",
      "options": [],
      "answer": null,
      "explanation": ""
    },
    {
      "no": 20,
      "question": "다음 중 리더쉽(Leadership)에 관한 설명으로 틀린 것은? 24. 다음 중 시스템 신뢰도에 관한 설명으로 옳지 않은 것은?",
      "options": [
        "각자의 목표를 위해 스스로 노력하도록 사람에게 영향력 ① 시스템의 성공적 퍼포먼스를 확률로 나타낸 것이다.",
        "각 부품이 동일한 신뢰도를 가질 경우 직렬 구조의 신뢰",
        "어떤 특정한 목표달성을 지향하고 있는 상황하에서 행사 도는 병렬 구조에 비해 신뢰도가 낮다.",
        "시스템의 병렬구조는 시스템의 어느 한 부품이 고장나면",
        "공통된 목표달성을 지향하도록 사람에게 영향을 미치지 시스템이 고장나는 구조이다",
        "n중 k구조는 n개의 부품으로 구성된 시스템에서 k개 이",
        "주어진 상황 속에서 목표 달성을 위해 개인 또는 집단의 상의 부품이 작동하면 시스템이 정상적으로 가동되는 구"
      ],
      "answer": null,
      "explanation": ""
    },
    {
      "no": 25,
      "question": "산업현장의 생산설비의 경우 안전장치가 부착되어 있으나\n2과목 : 인간공학 및 시스템안전공학\n생산성을 위해 제거하고 사용하는 경우가 있다. 설비 설계",
      "options": [],
      "answer": null,
      "explanation": ""
    },
    {
      "no": 21,
      "question": "다음 중 기계 설비의 안전성 평가시 정밀진단기술과 가장 자는 고의로 안전장치를 제거하는 데에도 대비하여야 하는\n관계가 먼 것은? 데 이러한 예방 설계 개념을 무엇이라 하는가?",
      "options": [
        "파단면 해석 ① fail safe ② fool safety",
        "강제열화 테스트 ③ lock out ④ temper proof",
        "파괴 테스트 <문제 해설>",
        "인화점 평가 기술 Temper proof"
      ],
      "answer": null,
      "explanation": ""
    },
    {
      "no": 26,
      "question": "다음 중 일반적으로 인간의 눈이 완전암조응에 걸리는데 소\n[해설작성자 : 합격하고 광명찾자]\n요되는 시간을 가장 잘 나타낸 것은?",
      "options": [],
      "answer": null,
      "explanation": ""
    },
    {
      "no": 22,
      "question": "위험구역의 울타리 설계시 인체 측정자료 중 적용해야 할",
      "options": [
        "3~5분 ② 10~15분",
        "30~40분 ④ 60~90분",
        "인체측정 최대치 <문제 해설>",
        "인체측정 평균치 완전 암조응 : 보통 30~40분 소요",
        "인체측정 최소치 명조응 : 수초 내지 1~2분",
        "구조적 인체 측정치 [해설작성자 : 태워니]"
      ],
      "answer": null,
      "explanation": ""
    },
    {
      "no": 27,
      "question": "산업안전보건법령상 유해ㆍ위험방지계획서의 심사 결과에\n그네줄의 인장강도, 울타리 : 최대치\n따른 구분ㆍ판정에 해당하지 않는 것은?\n전동차의 손잡이 높이, 은행의 창구 높이 : 평균치",
      "options": [
        "적정 ② 일부적정",
        "부적정 ④ 조건부적정"
      ],
      "answer": null,
      "explanation": ""
    },
    {
      "no": 23,
      "question": "다음 중 작업면상의 필요한 장소만 높은 조도를 취하는 조 구분\n명 방법은? 1. 적정 : 근로자의 안전과 보건을 위하여 필요한 조치가 구체적",
      "options": [
        "국소조명 ② 완화조명 으로 확보되었다고 인정되는 경우",
        "전반조명 ④ 투명조명 2. 조건부 적정 : 근로자의 안전과 보건을 확보하기 위하여 일부",
        "안전 조직 ② 안전 기준",
        "안전 종류 ④ 안전성 평가"
      ],
      "answer": null,
      "explanation": ""
    },
    {
      "no": 28,
      "question": "다음 중 의자 설계시 고려하여야 할 원리로 가장 적합하지\n<문제 해설>\n않은 것은?\n*시스템 안전 프로그램 계획*",
      "options": [
        "자세고정을 줄인다.",
        "계획의 개요",
        "조정이 용이해야 한다.",
        "안전조직",
        "디스크가 받는 압력을 줄인다.",
        "계약조건",
        "요추 부위의 후만곡선을 유지한다.",
        "관련부문과의 조정",
        "안전기준"
      ],
      "answer": null,
      "explanation": ""
    },
    {
      "no": 29,
      "question": "어떤 작업을 수행하는 작업자의 배기량을 5분간 측정하였더",
      "options": [],
      "answer": null,
      "explanation": ""
    },
    {
      "no": 31,
      "question": "다음 설명에 해당하는 온열조건의 용어는?\n니 100L이었다. 가스미터를 이용하여 배기 성분을 조사한\n결과 산소가 20%, 이산화탄소가 3%이었다. 이 때 작업자의\n분당 산소소비량(A)과 분당 에너지소비량(B)은 약 얼마인\n가? (단, 흡기 공기 중 산소는 21vol%, 질소는 79vol% 를\n차지하고 있다.)",
      "options": [
        "A : 0.038L/min, B : 0.77kcal/min",
        "Oxford 지수 ② 발한율",
        "A : 0.008L/min, B : 0.57kcal/min",
        "실효온도 ④ 열압박지수",
        "A : 0.073L/min, B : 0.36kcal/min",
        "A : 0.093L/min, B : 0.46kcal/min",
        "고장발생의 빈도",
        "고장의 영향 크기",
        "기능적 고장 영향의 중요도",
        "영향을 미치는 시스템의 범위"
      ],
      "answer": null,
      "explanation": ""
    },
    {
      "no": 33,
      "question": "설비관리 책임자 A는 동종 업종의 TPM 추진사례를 벤치마\n해주세요\n킹하여 설비관리 효율화를 꾀하고자 한다. 설비관리 효율화\n[해설작성자 : 안상윤 사랑해]\n중 작업자 본인이 직접 운전하는 설비의 마모율 저하를 위\n하여 설비의 윤활관리를 일상에서 직접 행하는 활동과 가장\n총 에너지소비량이 아닌 분당 에너지소비량을 구해야 함.(5분을\n관계가 깊은 TPM 추진단계는?\n곱하는 것이 아님)",
      "options": [
        "개별개선활동단계",
        "자주보전활동단계",
        "계획보전활동단계"
      ],
      "answer": null,
      "explanation": ""
    },
    {
      "no": 0,
      "question": "093L/min * 5kcal/L = 0.46kcal/min\n④ 개량보전활동단계\n[해설작성자 : 블루블루짱]\n<문제 해설>\n본인이 직접 운전하는 설비라서 매일 하겠죠 자주 보전!\n분당 배기량= 100/5\n[해설작성자 : 밤새고셤]\n흡기량= {(100-20-3)×20/79=19.494\n산소소비량=0.21×19.494-0.2×20=0.0936\n자주,빈번히 한다 해서 자주가 아니라...\n[해설작성자 : 반드시 합격]\n스스로 자....주인 주.....",
      "options": [
        "개량보전활동단계"
      ],
      "answer": null,
      "explanation": ""
    },
    {
      "no": 30,
      "question": "다음 중 시스템 안전 프로그램 계획(SSPP)에 포함되지 않아 [해설작성자 : 불편러ㅈㅅ..]\n도 되는 사항은?",
      "options": [],
      "answer": null,
      "explanation": ""
    },
    {
      "no": 34,
      "question": "다음 중 음량수준을 평가하는 척도와 관계없는 것은?\n기출문제 해설은 최강 자격증 기출문제 전자문제집 CBT : www.comcbt.com 통해서 실시간으로 변경됩니다.\n본 해설집은 최강 자격증 기출문제 전자문제집 CBT 해설달기 프로젝트에 의해서 만들어진 자료입니다. 해설을 제공해 주신 모든 분들께 감사 드립니다.\n산업안전기사 ◐ 2015년 08월 16일 필기 기출문제 및 해설집◑ 전자문제집 CBT :www.comcbt.com",
      "options": [
        "phon ② HSI 기계를 인간에 맞추는 실제 철학이 바탕된다.",
        "PLdB ④ sone"
      ],
      "answer": null,
      "explanation": ""
    },
    {
      "no": 38,
      "question": "다음의 FT도에서 정상 사상 T의 발생확률은 얼마인가? (단,\n<문제 해설>\nX , X , X 의 발생확률은 모두 0.1 이다.)\nHSI=heat stress index 열 압박 지수를 말하며 열 평형을 유지 1 2 3\n하기 위해서 증발해야 하는 발한(發汗)량으로 열 부하를 나타내\n는 것이다.\n[해설작성자 : comcbt.com 이용자]\nPLdB,PNdB 모두 있는 용어임\n[해설작성자 : 두울]\n여기서 HSI는 heat stress index 보다 디지털 신호 처리(DSP)분\n야에서의 HSI 컬러 모델을 가리키는게 아닐까 합니다 Hue(색\n상),Saturation(채도), Intensity(명도)의 약자\n[해설작성자 : comcbt.com 이용자]",
      "options": [
        "0.0019 ② 0.01",
        "0.019 ④ 0.0361"
      ],
      "answer": null,
      "explanation": ""
    },
    {
      "no": 35,
      "question": "FTA에 사용되는 논리게이트 중 조건부 사건이 발생하는 상\n<문제 해설>\n황 하에서 입력현상이 발생할 때 출력현상이 발생하는 것\n아래와 같은 오류 신고가 있었습니다.\n은?\n여러분들의 많은 의견 부탁 드립니다.",
      "options": [
        "억제 게이트 ② AND 게이트",
        "배타적 OR 게이트 ④ 우선적 AND 게이트"
      ],
      "answer": null,
      "explanation": ""
    },
    {
      "no": 36,
      "question": "다음 중 FTA에 의한 재해사례 연구 순서에서 가장 먼저 실 ┌┴┐ ┌┴┐\n시하여야 하는 사항은? x1 x2 x1 x3",
      "options": [
        "FT도의 작성",
        "개선 계획의 작성 x1 이 and or 에도 있으므로 불대수 정리를 하여야합니다.",
        "톱(TOP)사상의 선정 [해설작성자 : hshshs]",
        "사상의 재해 원인의 규명"
      ],
      "answer": null,
      "explanation": ""
    },
    {
      "no": 37,
      "question": "다음 중 인간공학에 대한 설명으로 틀린 것은? [오류신고 반론]",
      "options": [
        "인간이 사용하는 물건, 설비, 환경의 설계에 작용된다. 중복 사상 있을 시 미니멀 컷 구해서 발생 확률 구함.",
        "인간의 생리적, 심리적인 면에서의 특성이나 한계점을 (12)(1)=(112)(123)=(12)(123)",
        "인간을 작업과 기계에 맞추는 실제 철학이 바탕이 된다. 여기서 미니멀 컷은 (12)",
        "인간 기계 시스템의 안전성과 편리성, 효율성을 높인다. 미니멀 컷의 발생 확률=사상T의 발생확률"
      ],
      "answer": null,
      "explanation": ""
    },
    {
      "no": 1,
      "question": "중복사상이 있을경우 : 미니멀 셋을 구한 최소값(정상사상=고 단계적 유해요인 조사를 수행할 수 있습니다.\n장률) ☑ 유해요인 조사는 크게 유해요인 기본조사와 근골격계질환 증",
      "options": [],
      "answer": null,
      "explanation": ""
    },
    {
      "no": 2,
      "question": "중복사상이 없을경우 : 직렬은(A,B),병렬(C,D)일때 : 상조사로 구성되어 있으며, 조사를 위하여 유해요인 기본조사표\n(A*B)*(1-(1-C)+(1-D))=고장률(정상사상) 양식과 근골격계질환 증상조사표 양식을 사용합니다.\n[해설작성자 : 류여사] [해설작성자 : 뜌비듀밥]",
      "options": [],
      "answer": null,
      "explanation": ""
    },
    {
      "no": 40,
      "question": "인간-기계 시스템에 관한 설명으로 틀린 것은?\n[오류신고 반론]",
      "options": [
        "수동시스템에서 기계는 동력원을 제공하고 인간의 통제",
        "기계시스템에서는 고도로 통합된 부품들로 구성되어 있"
      ],
      "answer": null,
      "explanation": ""
    },
    {
      "no": 0,
      "question": "0019로 계산되는 것은 우측 OR의 X1을 두 번 계산한 겁니다\n으며, 일반적으로 변화가 거의 없는 기능들을 수행한다.\n따라서 X1을 한 번 계산한 것을 다시 빼야 하는데, 어차피 그\n③ 자동시스템에서 인간은 감시, 정비, 보전 등의 기능을 수\n위에 다시 AND이기 때문에 가타부타 할 것 없이 Minimal cut\n행한다.\nset인 {X1, X2}로 좌측 AND 한 번만 계산하면 (즉, X3을 무시\n④ 자동시스템에서 인간요소를 고려하여야 한다.\n하면) 0.1^2 = 0.01로 답이 됩니다\n<문제 해설>\n문제 참.....\n수동시스템에서 동력원은 사람이다.\n[해설작성자 : 바보 바보 우리 모두 바보인가봐]\n[해설작성자 : 멋진 승빈 아빠]\n[추가 오류 신고]\nI= x, X Xx2x[1 x [1 - (1- x1) (1 -х3)] 3과목 : 기계위험방지기술\n=0.1X0.1×[1-(1-0.1)(1-0.1)]",
      "options": [
        "자동시스템에서 인간은 감시, 정비, 보전 등의 기능을 수",
        "자동시스템에서 인간요소를 고려하여야 한다."
      ],
      "answer": null,
      "explanation": ""
    },
    {
      "no": 41,
      "question": "다음 중 공장 소음에 대한 방지계획에 있어 음원에 대한 대\n=19X103=0.0019\n책에 해당하지 않는 것은?\n답은 1번",
      "options": [
        "해당 설비의 밀폐",
        "설비실의 차음벽 시공",
        "작업자의 보호구 착용",
        "소음기 및 흡음장치 설치"
      ],
      "answer": null,
      "explanation": ""
    },
    {
      "no": 39,
      "question": "다음 중 작업관련 근골격계 질환 관련 유해요인조사에 대한\n<문제 해설>\n설명으로 옳은 것은?\n작업자의 보호구 착용은 음원에 대한 대책이 아닌 작업자에 대",
      "options": [
        "사업장 내에서 근골격계 부담작업 근로자가 5인 미만인",
        "유해요인조사는 근골격계 질환자가 발생할 경우에는 3년"
      ],
      "answer": null,
      "explanation": ""
    },
    {
      "no": 42,
      "question": "다음 중 용접 결함의 종류에 해당하지 않는 것은?\n③ 유해요인 조사는 사업장내 근골격계부담작업 중 50%를",
      "options": [
        "유해요인 조사는 사업장내 근골격계부담작업 중 50%를",
        "비드(bead)",
        "기공(blow hole)",
        "근골격계부담작업 유해요인조사에는 유해 요인기본조사",
        "언더 컷(under cut) --------------- X 100% =66.67%",
        "용입 불량(incomplete penetration) 100(kg/cm^2)"
      ],
      "answer": null,
      "explanation": ""
    },
    {
      "no": 45,
      "question": "다음 중 기계설비에서 반대로 회전하는 두 개의 회전체가\n아이, 오버랩, 스패터 등이 있습니다.\n맞닿는 사이에 발생하는 위험점을 무엇이라 하는가?\n[해설작성자 : 레오22]",
      "options": [
        "물림점(nip point)",
        "협착점(squeeze point)",
        "접선물림점(tangential point)",
        "회전말림점(trapping point)"
      ],
      "answer": null,
      "explanation": ""
    },
    {
      "no": 43,
      "question": "상용운전압력 이상으로 압력이 상승할 경우, 보일러의 과열 <문제 해설>\n을 방지하기 위하여 최고사용 압력과 상용압력 사이에서 보 1. 협착점 - 프레스기계\n일러의 버너 연소를 차단하여 열원을 제거하여 정상압력으 2. 물림점 - 롤러기 사이\n로 유도하는 보일러의 방호장치는? 3. 접선물림점 - 벨트",
      "options": [
        "압력방출장치 4. 회전말림점 - 드릴기계",
        "고저수위조절장치 [해설작성자 : ysys9004]",
        "언로우드 밸브"
      ],
      "answer": null,
      "explanation": ""
    },
    {
      "no": 46,
      "question": "와이어로프의 표기에서 “6×19” 중 숫자 “6”이 의미하는 것\n④ 압력제한스위치\n은?\n<문제 해설>",
      "options": [
        "압력제한스위치",
        "소선의 지름(mm)"
      ],
      "answer": null,
      "explanation": ""
    },
    {
      "no": 1,
      "question": "압력방출장치 : 압력방출장치는 보일러 내부의 증기 압력이\n② 소선의 수량(wire수)\n최고 사용압력에 도달하면 자동적으로 밸브가 열려서 증기를 외\n③ 꼬임의 수량(strand수)\n부로 분출시켜 증기압력의 상승을 막아주는 장치이다..보일러에\n④ 로프의 인장강도(kg/cm2)\n는 규격에 적합한 압력 방출장치를 1개 또는 2개 이상 설치한\n<문제 해설>\n다..2개 이상 설치시에는 1개는 최고 사용압력 이하에서 작동하\n와이어로프의 표기: 6×19 {6꼬임 ×19소선수}\n게 하고 다른 1개는 최고 사용압력의 1.05배 이하에서 작동하게\n[해설작성자 : comcbt.com 이용자]\n설치한다..압력방출밸브는 1년에 1회 이상 표준압력계를 이용하\n여 토출압력을 시험한 후 납으로 봉인하여 사용하며 매일 1회",
      "options": [
        "소선의 수량(wire수)",
        "꼬임의 수량(strand수)",
        "로프의 인장강도(kg/cm2)"
      ],
      "answer": null,
      "explanation": ""
    },
    {
      "no": 47,
      "question": "다음 중 선반 작업에 대한 안전수칙으로 틀린 것은?\n이상 작동상태를 점검하여야 한다.",
      "options": [
        "작업 중 장갑, 반지 등을 착용하지 않도록 한다."
      ],
      "answer": null,
      "explanation": ""
    },
    {
      "no": 2,
      "question": "압력제한스위치 : 압력제한스위치는 보일러 내부의 증기 압력\n② 보링 작업 중에는 칩(chip)을 제거하지 않는다.\n이 상용운전 압력 이상으로 상승할 경우에 보일러의 과열을 방\n③ 가공물이 길 때에는 심압대로 지지하고 가공한다.\n지하기 위하여 최고사용압력과 사용압력 사이에서 보일러 버너\n④ 일감의 길이가 직경의 5배 이내의 짧은 경우에는 방진구\n의 연소를 차단시키는 장치이다..압력제한스위치는 1일 1회 이\n를 사용한다.\n상 작동시험을 하여야 하며 이상 발견시 즉시 보수하여야 한다..\n<문제 해설>\n[해설작성자 : 휘바]",
      "options": [
        "보링 작업 중에는 칩(chip)을 제거하지 않는다.",
        "가공물이 길 때에는 심압대로 지지하고 가공한다.",
        "일감의 길이가 직경의 5배 이내의 짧은 경우에는 방진구"
      ],
      "answer": null,
      "explanation": ""
    },
    {
      "no": 4,
      "question": "일감의 길이가 직경의 12배 이상일 때는 방진구를 사용한다.\n[해설작성자 : ysys9004]",
      "options": [],
      "answer": null,
      "explanation": ""
    },
    {
      "no": 44,
      "question": "단면 6×10cm인 목재가 4000kg의 압축하중을 받고 있다.\n안전율을 5로 하면 실제사용응력은 허용응력의 몇 %나 되\n방진구(work rest): 가늘고 긴 모양의 가공물을 절삭할 때 가공\n는가? (단, 목재의 압축강도는 500kg/cm2이다.)\n물의 자중(self load)",
      "options": [
        "33.3 ② 66.7",
        "99.5 ④ 250"
      ],
      "answer": null,
      "explanation": ""
    },
    {
      "no": 66,
      "question": "7 %",
      "options": [],
      "answer": null,
      "explanation": ""
    },
    {
      "no": 48,
      "question": "크레인을 와이어로프에서 보통꼬임이 랭꼬임에 비하여 우수\n[해설작성자 : J]\n한 점은?",
      "options": [
        "수명이 길다.",
        "킹크의 발생이 적다.",
        "내마모성이 우수하다.",
        "소선의 접촉 길이가 길다."
      ],
      "answer": null,
      "explanation": ""
    },
    {
      "no": 52,
      "question": "드릴링 머신에서 축의 회전수가 1000rpm이고, 드릴 지름이\n분을 발생하여 일부가 혹과 같이 볼록해 진 것을 플러스의 킹\n10mm일 때 드릴의 원주 속도는 약 얼마인가?\n크, 반대로 움푹하게 꼬임이 발생하는 것을 마이너스의 킹크라",
      "options": [
        "6.28m/min ② 31.4m/min",
        "62.8m/min ④ 314m/min"
      ],
      "answer": null,
      "explanation": ""
    },
    {
      "no": 49,
      "question": "다음 중 프레스 또는 전단기 방호장치의 종류와 분류기호가 [해설작성자 : comcbt.com 이용자]\n올바르게 연결된 것은?",
      "options": [
        "가드식 : C ② 손쳐내기식 : B 각속도(또는 각주파수)가 w(rad/min)라고 하고 반지름을 r(m)이",
        "광전자식 : D-1 ④ 양수조작식 : A-1 라 하였을 때 (w[rad/min]=2 pi N[rev/min])"
      ],
      "answer": null,
      "explanation": ""
    },
    {
      "no": 50,
      "question": "다음 중 포터블 벨트 컨베이어(potable belt conveyor) 운전\n[해설작성자 : 알기쉬운단위변환]\n시 준수사항으로 적절하지 않은 것은?",
      "options": [
        "공회전하여 기계의 운전상태를 파악한다. 53. 다음 중 지게차의 작업 상태별 안정도에 관한 설명으로 틀",
        "정해진 조작 스위치를 사용하여야 한다. 린 것은? (단, V는 최고속도(km/h) 이다.)",
        "운전시작 전 주변 근로자에게 경고하여야 한다. ① 기준 부하상태에서 하역작업시의 좌우 안정도는 6% 이",
        "하물 적치 후 몇 번씩 시동, 정지를 반복 테스트한다. 다.",
        "기준 부하상태에서 하역작업시의 전후 안정도는 20% 이",
        "기준 무부하상태에서 주행시의 전후 안정도는 18% 이"
      ],
      "answer": null,
      "explanation": ""
    },
    {
      "no": 51,
      "question": "산업용 로봇의 작동범위 내에서 해당 로봇에 대하여 교시\n④ 기준 무부하상태에서 주행시의 좌우 안정도는 (15 +\n등의 작업 시 예기치 못한 작동 및 오조작에 의한 위험을",
      "options": [
        "기준 무부하상태에서 주행시의 좌우 안정도는 (15 +"
      ],
      "answer": null,
      "explanation": ""
    },
    {
      "no": 1,
      "question": "1V)% 이다.\n방지하기 위하여 수립해야 하는 지침사항에 해당하지 않는\n<문제 해설>\n것은?\n하역작업시의 전후 안정도 :4%이내 (5T 이상: 3.5%)",
      "options": [
        "로봇의 조작방법 및 순서",
        "작업 중의 매니퓰레이터의 속도",
        "로봇 구성품의 설계 및 조립방법",
        "2명 이상의 근로자에게 작업을 시킬 경우의 신호방법",
        "걸레 ② 칩 브레이커",
        "스토퍼 ④ 압축공기"
      ],
      "answer": null,
      "explanation": ""
    },
    {
      "no": 55,
      "question": "다음 중 음향방출시험에 대한 설명으로 틀린 것은?\n여러분들의 많은 의견 부탁 드립니다.",
      "options": [
        "가동 중 검사가 가능하다.",
        "온도, 분위기 같은 외적 요인에 영향을 받는다.",
        "결함이 어떤 중대한 손상을 초래하기 전에 검출할 수 있",
        "재료의 종류나 물성 등의 특성과는 관계없이 검사가 가"
      ],
      "answer": null,
      "explanation": ""
    },
    {
      "no": 56,
      "question": "다음은 산업안전보건기준에 관한 규칙상 아세틸렌 용접장치\nY=6+0.15X (X:가드와 위험점 간의 거리, mm)\n에 관한 설명이다. ( )안에 공통으로 들어갈 내용으로 옳은\n이 식은 (X:가드와 위험점 간의 거리, mm) 의 값이 160mm 보\n것은?\n다 작을때 적용이 되는 식입니다.\n만약 X(가드와 위험점 간의 거리)의 값이 160mm 이상 이 되어\n버리면 Y는 무조건 30mm 가 되는거구요\n[해설작성자 : ㅇㅇ]",
      "options": [],
      "answer": null,
      "explanation": ""
    },
    {
      "no": 59,
      "question": "다음 중 롤러기의 방호장치에 있어 복부로 조작하는 급정지\n장치의 위치로 가장 적당한 것은?",
      "options": [
        "분기장치 ② 자동발생 확인장치 ① 밑면으로부터 1.8m 이내",
        "안전기 ④ 유수 분리장치 ② 밑면으로부터 2.0m 이내",
        "밑면으로부터 0.8m 이상 1.1m 이내",
        "밑면으로부터 0.4m 이상 0.6m 이내"
      ],
      "answer": null,
      "explanation": ""
    },
    {
      "no": 2,
      "question": "복부로 조작하는 것 : 밑면으로부터 0.8m 이상 1.1m 이내",
      "options": [],
      "answer": null,
      "explanation": ""
    },
    {
      "no": 57,
      "question": "다음 중 플레이너(planer)작업시 안전수칙으로 틀린 것은?",
      "options": [],
      "answer": null,
      "explanation": ""
    },
    {
      "no": 3,
      "question": "무릎으로 조작하는 것 : 밑면으로부터 0.4m 이상 0.6m 이내",
      "options": [
        "바이트(bite)는 되도록 길게 나오도록 설치한다.",
        "테이블 위에는 기계작동 중에 절대로 올라가지 않는다. 60. 프레스의 방호장치 중 광전자식 방호장치에 관한 설명으로",
        "플레이너의 프레임 중앙부에 있는 비트(bit)에 덮개를 씌 틀린 것은?",
        "연속 운전작업에 사용할 수 있다.",
        "테이블의 이동범위를 나타내는 안전방호울을 세워 놓아 ② 핀클러치 구조의 프레스에 사용할 수 있다.",
        "기계적 고장에 의한 2차 낙하에는 효과가 없다.",
        "시계를 차단하지 않기 때문에 작업에 지장을 주지 않는"
      ],
      "answer": null,
      "explanation": ""
    },
    {
      "no": 58,
      "question": "개구면에서 위험점까지의 거리가 50mm 위치에 풀리(pully)\n가 회전하고 있다. 가드(Guard)의 개구부 간격으로 설정할\n4과목 : 전기위험방지기술\n수 있는 최대값은?",
      "options": [
        "9.0mm ② 12.5mm 61. 계약전력 500kW, 수전전압 22.9kV, 2차전압 220V, 3상인",
        "13.5mm ④ 25mm 저압측에서 임의 상에 접지를 하고자 할 경우 접지저항의",
        "5Ω 이하 ② 10Ω 이하 요하므로, 용접 품질이 불량해진다.",
        "15Ω 이하 ④ 100Ω 이하 [해설작성자 : iykim71]"
      ],
      "answer": null,
      "explanation": ""
    },
    {
      "no": 63,
      "question": "내압방폭구조의 필요충분조건에 대한 사항으로 틀린 것은?\n접지저항=150/(1선접지저항)이하=150/15=10옴이하",
      "options": [
        "폭발화염의 외부로 유출되지 않을 것",
        "습기침투에 대한 보호를 충분히 할 것",
        "내부에서 폭발한 경우 그 압력에 견딜 것",
        "외함의 표면온도가 외부의 폭발성가스를 점화하지 않을"
      ],
      "answer": null,
      "explanation": ""
    },
    {
      "no": 1,
      "question": "1초이내 고압,특고압 자동차단장치 설치시 : 600/1선 지락전\n것\n류\n<문제 해설>",
      "options": [],
      "answer": null,
      "explanation": ""
    },
    {
      "no": 2,
      "question": "1초 초과2초 이내 고압,특고압 자동차단장치 설치시 : 300/1\n습기침투와는 무관함\n선 지락전류\n[해설작성자 : 큐넷접수노예]\n[해설작성자 : 류여사]",
      "options": [],
      "answer": null,
      "explanation": ""
    },
    {
      "no": 64,
      "question": "이탈전류에 대한 설명으로 옳은 것은?\n법 개정으로 폐지",
      "options": [
        "손발을 움직여 충전부로부터 스스로 이탈할 수 있는 전"
      ],
      "answer": null,
      "explanation": ""
    },
    {
      "no": 62,
      "question": "교류 아크 용접기의 전격방지장치에서 시동감도에 관한 용\n② 충전부에 접촉했을 때 근육이 수축을 일으켜 자연히 이\n어의 정의를 옳게 나타낸 것은?\n탈되는 전류의 크기",
      "options": [
        "충전부에 접촉했을 때 근육이 수축을 일으켜 자연히 이",
        "용접봉을 모재에 접촉시켜 아크를 발생시킬 때 전격 방",
        "누전에 의해 전류가 선로로부터 이탈되는 전류로서 측정",
        "충전부에 사람이 접촉했을 때 누전차단기가 작동하여 사",
        "안전전압(24V 이하)이 2차측 전압(85~95V)으로 얼마나",
        "용접봉을 모재로부터 분리시킨 후 주접점이 개로 되어",
        "용접봉에서 아크를 발생시키고 있을 때 누설전류가 발생"
      ],
      "answer": null,
      "explanation": ""
    },
    {
      "no": 65,
      "question": "과전류에 의한 전선의 허용전류보다 큰 전류가 흐르는 경우\n고시\n절연물이 화구가 없더라도 자연히 발화하고 심선이 용 단되\n\"시동시간\"이란 용접봉을 피용접물에 접촉시켜서 전격방지기의\n는 발화단계의 전선 전류밀도(A/mm2 )로 옳은 것은?\n주접점이 폐로될(닫힐) 때까지의 시간을 말한다.",
      "options": [
        "20 ~ 43 ② 43 ~ 60",
        "60 ~ 120 ④ 120 ~ 180",
        "사염화탄소 소화기",
        "분말 소화기",
        "산알칼리 소화기",
        "CO 소화기",
        "인화점, 폭굉한계",
        "폭발한계, 폭발등급",
        "발화도, 최소발화에너지"
      ],
      "answer": null,
      "explanation": ""
    },
    {
      "no": 67,
      "question": "내측원통의 반경이 r 이고 외측원통의 반경이 R인 원통간극\n④ 화염일주한계, 발화온도\n(r/R-1(=0.368))에서 인가전압이 V인 경우 최대 전계\n<문제 해설>\n방폭구조와 관계있는 것\n이다. 인가전압을 간극 간 공기의 절 발화온도, 화염일주한계, 폭발 등급, 최소점화전류\n[해설작성자 : OTC]\n연파괴전압 전까지 낮은 전압에서 서서히 증가할 때의 설명\n으로 틀린 것은?",
      "options": [
        "화염일주한계, 발화온도"
      ],
      "answer": null,
      "explanation": ""
    },
    {
      "no": 72,
      "question": "정상적으로 회전 중에 전기 스파크를 발생시키는 전기 설비",
      "options": [
        "최대전계가 감소한다.",
        "안정된 코로나 방전이 존재할 수 있다.",
        "개폐기류",
        "외측원통의 반경이 증대되는 효과가 있다.",
        "제어기류의 개폐접점",
        "내측원통 표면부터 코로나 방전 발생이 시작된다.",
        "전동기의 슬립링",
        "보호계전기의 전기접점"
      ],
      "answer": null,
      "explanation": ""
    },
    {
      "no": 68,
      "question": "감전 사고를 일으키는 주된 형태가 아닌 것은?\n보호기기 동작중 스파크 발생: 차단기 또는 보호계전기의 접점",
      "options": [
        "충전전로에 인체가 접촉되는 경우",
        "이중절연 구조로 된 전기 기계ㆍ기구를 사용하는 경우",
        "고전압의 전선로에 인체가 근접하여 섬락이 발생된 경우",
        "충전 전기회로에 인체가 단락회로의 일부를 형성하는 경"
      ],
      "answer": null,
      "explanation": ""
    },
    {
      "no": 73,
      "question": "활선장구 중 활선시메라의 사용 목적이 아닌 것은?\n<문제 해설>",
      "options": [
        "충전중인 전선을 장선할 때",
        "충전중인 전선의 변경작업을 할 때",
        "활선작업으로 애자 등을 교환할 때",
        "특고압 부분의 검전 및 잔류전하를 방전할 때"
      ],
      "answer": null,
      "explanation": ""
    },
    {
      "no": 69,
      "question": "정전기 발생에 영향을 주는 요인으로 볼 수 없는 것은?\n<문제 해설>",
      "options": [
        "물체의 특성",
        "물체의 표면상태",
        "물체의 분리력",
        "접촉시간"
      ],
      "answer": null,
      "explanation": ""
    },
    {
      "no": 1,
      "question": "물질의 특성 2.물질의 표면상태 3.물질의분리속도 4.물질의 이",
      "options": [],
      "answer": null,
      "explanation": ""
    },
    {
      "no": 74,
      "question": "인체에 정전기가 대전되어 있는 전하량이 어느 정도 이상이\n력 5.물질의 접촉면적 및 압력\n되면 방전할 때 인체가 통증을 느끼게 되는가?\n[해설작성자 : youngtae13]",
      "options": [
        "2~3×10-3C ② 2~3×10-5C",
        "2~3×10-7C ④ 2~3×10-9C"
      ],
      "answer": null,
      "explanation": ""
    },
    {
      "no": 70,
      "question": "전기에 의한 감전사고를 방지하기 위한 대책이 아닌 것은?\n<문제 해설>",
      "options": [
        "전기설비에 대한 보호접지",
        "전기기기에 대한 정격표시",
        "전기설비에 대한 누전차단기 설치",
        "충전부가 노출된 부분에는 절연방호구를 사용"
      ],
      "answer": null,
      "explanation": ""
    },
    {
      "no": 2,
      "question": "전기기기에 대한 정격표시는 전기기구의 보호에 해당합니다.\n-정전기 대전방지 대책- 그냥 암기해야됌 앗 아파(고통) 근데\n[해설작성자 : 감자도리]\n감전으로 안죽었네? 우효~ 씹(10) 럭키 7~ 으로 외우셈 10-7C\n[해설작성자 : 감자국 ㄱㅇㅈ]\n정격표시는 안내문 부착하는거랑 비슷한 맥락인데\n안내문을 부착한다고 위험요소가 사라지는것은 아닙니다.",
      "options": [],
      "answer": null,
      "explanation": ""
    },
    {
      "no": 75,
      "question": "인체 감전사고 방지책으로써 가장 좋은 방법은?\n[해설작성자 : comcbt.com 이용자]",
      "options": [
        "중성선을 접지한다.",
        "단상 3선식을 채택한다."
      ],
      "answer": null,
      "explanation": ""
    },
    {
      "no": 71,
      "question": "가연성가스를 사용하는 시설에는 방폭구조의 전기기기를 사\n③ 변압기의 1, 2차를 접지한다.\n용하여야 한다. 전기기기의 방폭구조의 선택은 가스의 무엇\n④ 계통을 비접지 방식으로 한다.\n에 의해서 좌우되는가?\n<문제 해설>\n기출문제 해설은 최강 자격증 기출문제 전자문제집 CBT : www.comcbt.com 통해서 실시간으로 변경됩니다.\n본 해설집은 최강 자격증 기출문제 전자문제집 CBT 해설달기 프로젝트에 의해서 만들어진 자료입니다. 해설을 제공해 주신 모든 분들께 감사 드립니다.\n산업안전기사 ◐ 2015년 08월 16일 필기 기출문제 및 해설집◑ 전자문제집 CBT :www.comcbt.com\n전로의 배전방식에는 접지방식, 비접지방식, 고저항 접지방식 등\n여러 가지 방식이 있다..저압 배선회로에 대해서는 일반적으로 [추가 해설]\n접지방식이 많이 채용되고 있다..이것은 배전변압기의 저압측 중\n성점 또는 저압측의 1단자에 제2종 접지공사를 실시한 전로를 I^2×RT\n말한다..이에 대해 비접지방식이란 이 제2종 접지공사를 실시하 I=(165×10^-3/루뜨T)^2\n지 않은 전로를 말한다..비접지방식의 전로에는 지락사고를 발생 [해설작성자 : 가즈아]\n하여도 일반적으로 어스(접지)회로가 구성되어있지 않기 때문에",
      "options": [
        "변압기의 1, 2차를 접지한다.",
        "계통을 비접지 방식으로 한다."
      ],
      "answer": null,
      "explanation": ""
    },
    {
      "no": 79,
      "question": "금속제 외함을 가지는 사용전압이 60V를 초과하는 저압의\n지락전류가 거의 흐르지 않아서 감전재해를 방지하는 하나의 대\n기계 기구로서 사람이 쉽게 접촉할 우려가 있는 장소에 시\n책으로 생각된다..그러나 변압기 내부에서 고ㆍ저압의 혼촉(混\n설하는 것에 전기를 공급하는 전로에 지락이 발생하였을 때\n觸)에 의한 위험을 방지하기 위해, 비접지방식으로 사용하는 변\n자동적으로 전로를 차단하는 누전차단기를 설치하여야 한\n압기는 혼촉방지판이 부착된 변압기를 사용하고, 혼촉방지판에\n다. 누전차단기를 설치하지 않는 경우는?\n제2종 접지공사를 실시하거나, 또는 저압 전로의 도중에 절연변",
      "options": [
        "기계ㆍ기구를 습한 장소에 시설하는 경우",
        "기계ㆍ기구가 유도 전동기의 2차측 전로에 접속된 저항"
      ],
      "answer": null,
      "explanation": ""
    },
    {
      "no": 76,
      "question": "전기로 인한 위험방지를 위하여 전기 기계ㆍ기구를 적정하 기인 경우\n게 설치하고자 할 때의 고려사항이 아닌 것은? ③ 대지전압이 200V 이하인 기계ㆍ기구를 물기가 있는 곳",
      "options": [
        "대지전압이 200V 이하인 기계ㆍ기구를 물기가 있는 곳",
        "전기적 기계적 방호수단의 적정성 에 시설하는 경우",
        "습기, 분진 등 사용 장소의 주위 환경 ④ 기계ㆍ기구를 건조한 장소에 시설하고 습한 장소에서 조",
        "비상전원설비의 구비와 접지극의 매설깊이 작하는 경우로 제어전압이 교류 100V 미만인 경우",
        "전기 기계ㆍ기구의 충분한 전기적 용량 및 기계적 강도 <문제 해설>"
      ],
      "answer": null,
      "explanation": ""
    },
    {
      "no": 1,
      "question": "전기적. 기계적 방호수단의 적정성 누전차단기 설치장소",
      "options": [],
      "answer": null,
      "explanation": ""
    },
    {
      "no": 2,
      "question": "습진, 분진 등 사용 장소의 주위 환경 * 전기기계, 기구 중 대지전압이 150V를 초과하는 이동형 또는",
      "options": [],
      "answer": null,
      "explanation": ""
    },
    {
      "no": 3,
      "question": "전기 기계. 기구의 충분한 정기적 용량 및 기계적 강도 휴대형의 것.\n[해설작성자 : 아줌마합격] * 물 등 도전성이 높은 액체에 의한 습윤한 장소\n* 임시배선의 전로가 설치되는 장소",
      "options": [],
      "answer": null,
      "explanation": ""
    },
    {
      "no": 77,
      "question": "접지공사 종류별 접지저항 값의 규정을 옳게 나타낸 것은?\n[해설작성자 : 아줌마합격]\n(관련 규정 개정전 문제로 여기서는 기존 정답인 1번을 누\n르면 정답 처리됩니다. 자세한 내용은 해설을 참고하세요.) 80. 정전작업 시 작업전 조치하여야할 실무사항으로 틀린것은?",
      "options": [
        "제1종 접지공사 : 10Ω 이하 ① 단락 접지기구의 철거",
        "제2종 접지공사 : 150Ω 이하 ② 잔류전하의 방전",
        "제3종 접지공사 : 10Ω 이하 ③ 검전기에 의한 정전확인",
        "특별 제3종 접지공사 : 100Ω 이하 ④ 개로개폐기의 잠금 또는 표시"
      ],
      "answer": null,
      "explanation": ""
    },
    {
      "no": 1,
      "question": "제1종 접지공사 : 10Ω 이하",
      "options": [],
      "answer": null,
      "explanation": ""
    },
    {
      "no": 2,
      "question": "제2종 접지공사 : 150/(1선지락 전류) Ω이하\n5과목 : 화학설비위험방지기술",
      "options": [],
      "answer": null,
      "explanation": ""
    },
    {
      "no": 3,
      "question": "제3종 접지공사 : 100Ω 이하",
      "options": [],
      "answer": null,
      "explanation": ""
    },
    {
      "no": 81,
      "question": "산업안전보건기준에 관한 규칙에서 규정하고 있는 급성독성",
      "options": [],
      "answer": null,
      "explanation": ""
    },
    {
      "no": 4,
      "question": "특별 제3종 접지공사 : 10Ω 이하\n물질의 정의에 해당되지 않는 것은?\n[해설작성자 : comcbt.com 이용자]",
      "options": [
        "가스 LC50(쥐, 4시간 흡입)이 2500ppm 이하인 화학 물",
        "LD50(경구, 쥐)이 킬로그램당 300밀리그램-(체중) 이하"
      ],
      "answer": null,
      "explanation": ""
    },
    {
      "no": 78,
      "question": "인체의 전기저항 R을 1000Ω이라고 할 때 위험한계 에너지 ③ LD50(경피, 쥐)이 킬로그램당 1000밀리그램-(체중) 이하\n의 최저는 약 몇 J 인가? (단, 통전 시간은 1초이다.) 인 화학물질",
      "options": [
        "LD50(경피, 쥐)이 킬로그램당 1000밀리그램-(체중) 이하",
        "17.33 ② 27.23 ④ LD50(경피, 토끼)이 킬로그램당 2000밀리그램-(체중) 이",
        "37.33 ④ 47.23 하인 화학물질"
      ],
      "answer": null,
      "explanation": ""
    },
    {
      "no": 82,
      "question": "다음 중 금속화재는 어떤 종류의 화재에 해당 되는가?\n[해설작성자 : MOMO]",
      "options": [
        "A급 ② B급",
        "C급 ④ D급 87. 공기 중 아세톤의 농도가 200ppm(TLV 500ppm), 메틸에틸",
        "150 ② 200",
        "270 ④ 333"
      ],
      "answer": null,
      "explanation": ""
    },
    {
      "no": 83,
      "question": "위험물 또는 가스에 의한 화재를 경보하는 기구에 필요한 88. 이산화탄소 및 할로겐화합물 소화약제의 특징으로 가장 거\n설비가 아닌 것은? 리가 먼 것은?",
      "options": [
        "간이완강기 ② 자동화재감지기 ① 소화속도가 빠르다.",
        "축전지설비 ④ 자동화재수신기 ② 소화설비의 보수관리가 용이하다.",
        "전기절연성이 우수하나 부식성이 강하다.",
        "저장에 의한 변질이 없어 장기간 저장이 용이한 편이다."
      ],
      "answer": null,
      "explanation": ""
    },
    {
      "no": 84,
      "question": "다음 중 고체연소의 종류에 해당하지 않는 것은?",
      "options": [
        "표면연소 ② 증발연소 89. 기상폭발 피해예측의 주요 문제점 중 압력상승에 기인하는",
        "분해연소 ④ 혼합연소 피해가 예측되는 경우에 검토를 요하는 사항으로 거리가 먼",
        "가연성 혼합기의 형성 상황",
        "압력 상승시의 취약부 파괴",
        "물질의 이동, 확산 유해물질의 발생",
        "개구부가 있는 공간 내의 화염전파와 압력상승"
      ],
      "answer": null,
      "explanation": ""
    },
    {
      "no": 90,
      "question": "분진폭발의 요인을 물리적 인자와 화학적 인자로 분류 할",
      "options": [],
      "answer": null,
      "explanation": ""
    },
    {
      "no": 85,
      "question": "다음 중 반응 또는 운전압력이 3psig 이상인 경우 압력계를 때 화학적 인자에 해당하는 것은?\n설치하지 않아도 무관한 것은?",
      "options": [
        "연소열 ② 입도분포",
        "반응기 ② 탑조류 ③ 열전도율 ④ 입자의 형상",
        "밸브류 ④ 열교환기 <문제 해설>"
      ],
      "answer": null,
      "explanation": ""
    },
    {
      "no": 86,
      "question": "다음 중 광분해 반응을 일으키기 가장 쉬운 물질은?",
      "options": [
        "AgNO ② Ba(NO ) 91. 헥산 1vol%, 메탄 2vol%, 에틸렌 2vol%, 공기 95vol%로 된",
        "Ca(NO ) ④ KNO 혼합가스의 폭발하한계 값(vol%)은 약 얼마인가? (단, 헥산,"
      ],
      "answer": null,
      "explanation": ""
    },
    {
      "no": 1,
      "question": "질산은 - 광분해(빛을 흡수하여 화학적결합이 끊어지는 반 다.)\n응), 흑색으로 변함, 갈색병에 보관",
      "options": [
        "2.44 ② 12.89"
      ],
      "answer": null,
      "explanation": ""
    },
    {
      "no": 2,
      "question": "질산바륨 - 폭죽의 재료, 햇볕에 건조 ③ 21.78 ④ 48.78",
      "options": [
        "21.78 ④ 48.78"
      ],
      "answer": null,
      "explanation": ""
    },
    {
      "no": 3,
      "question": "질산칼슘 - 비료,햇변에 건조 <문제 해설>\n기출문제 해설은 최강 자격증 기출문제 전자문제집 CBT : www.comcbt.com 통해서 실시간으로 변경됩니다.\n본 해설집은 최강 자격증 기출문제 전자문제집 CBT 해설달기 프로젝트에 의해서 만들어진 자료입니다. 해설을 제공해 주신 모든 분들께 감사 드립니다.\n산업안전기사 ◐ 2015년 08월 16일 필기 기출문제 및 해설집◑ 전자문제집 CBT :www.comcbt.com\n5/L(1/1.1+2/5+2/2.7)=2.439(소수점 셋째자리에서 반올림해서 ② 염소, 아세틸렌",
      "options": [
        "염소, 아세틸렌"
      ],
      "answer": null,
      "explanation": ""
    },
    {
      "no": 2,
      "question": "44) ③ 질소, CO\n2\n[해설작성자 : comcbt.com 이용자] ④ 질소, 암모니아\n<문제 해설>\n공기는 제외 입니다. 2.44가 맞습니다 CO2 : 불연성\n[해설작성자 : 사난기] 질소 : 불연성\n암모니아 : 가연성\n5/L(1/1.1+2/5+2/2.7)=2.439(소수점 셋째자리에서 반올림해서 [해설작성자 : 해피]",
      "options": [
        "질소, CO",
        "질소, 암모니아"
      ],
      "answer": null,
      "explanation": ""
    },
    {
      "no": 2,
      "question": "44) 이게 맞음.\n[해설작성자 : 공부다시하세요] 염소 : 지연성가스\n아세틸렌 : 가연성가스",
      "options": [],
      "answer": null,
      "explanation": ""
    },
    {
      "no": 92,
      "question": "다음 중 관(pipe) 부속품 중 관로의 방향을 변경하기 위하여\n[해설작성자 : 인생한방]\n사용하는 부속품은?",
      "options": [
        "니플(nipple) ② 유니온(union)",
        "플랜지(flange) ④ 엘보우(elbow)",
        "서어징(surging)",
        "공동현상(cavitation)",
        "비말동반(entrainment)",
        "수격작용(water hammering)"
      ],
      "answer": null,
      "explanation": ""
    },
    {
      "no": 93,
      "question": "다음 중 공업용 가연성 가스 및 독성가스의 저장용기 도색\n<문제 해설>\n에 관한 설명으로 옳은 것은?\n서어징 : 펌프를 운동할때 송출압력과 송출유량이 주기적으로",
      "options": [
        "아세틸렌가스는 적색으로 도색한 용기를 사용한다.",
        "액화염소가스는 갈색으로 도색한 용기를 사용한다.",
        "액화석유가스는 주황색으로 도색한 용기를 사용한다.",
        "액화암모니아가스는 황색으로 도색한 용기를 사용한다.",
        "폭발성물질 - 금수성물질",
        "금수성물질 - 고체환원성물질",
        "가연성물질 - 고체환원성물질",
        "고체산화성물질 - 고체환원성물질"
      ],
      "answer": null,
      "explanation": ""
    },
    {
      "no": 97,
      "question": "반응기 중 관형반응기의 특징에 대한 설명으로 옳지 않은\n고패스해설에 나와있습니다.\n것은?",
      "options": [],
      "answer": null,
      "explanation": ""
    },
    {
      "no": 94,
      "question": "다음 중 제시한 두 종류 가스가 혼합될 때 폭발 위험이 가",
      "options": [
        "전열면적이 작아 온도조절이 어렵다.",
        "가는 관으로 된 긴 형태의 반응기이다.",
        "염소, CO ③ 처리량이 많아 대규모 생산에 쓰이는 것이 많다.",
        "기상 또는 액상 등 반응속도가 빠른 물질에 사용된다. 금속분말은 주수소화를 금지합니다."
      ],
      "answer": null,
      "explanation": ""
    },
    {
      "no": 98,
      "question": "다음 중 자연발화의 방지법으로 적절하지 않은 것은?\n[오류신고 반론]",
      "options": [
        "통풍을 잘 시킬 것",
        "습도가 낮은 곳을 피할 것",
        "저장실의 온도 상승을 피할 것",
        "공기가 접촉되지 않도록 불활성액체 중에 저장할 것"
      ],
      "answer": null,
      "explanation": ""
    },
    {
      "no": 1,
      "question": "열전도가 잘 되는 용기에 보관 101. 히빙(heaving)현상에 대한 안전대책이 아닌 것은?",
      "options": [],
      "answer": null,
      "explanation": ""
    },
    {
      "no": 2,
      "question": "습도가 높지 않을 것",
      "options": [
        "굴착주변을 웰 포인트(well point)공법과 병행한다."
      ],
      "answer": null,
      "explanation": ""
    },
    {
      "no": 3,
      "question": "통풍이 잘 될 것 ② 시트파일(sheet pile) 등의 근입심도를 검토한다.",
      "options": [
        "시트파일(sheet pile) 등의 근입심도를 검토한다."
      ],
      "answer": null,
      "explanation": ""
    },
    {
      "no": 4,
      "question": "주변 온도를 낮출 것 ③ 굴착저면에 토사 등 인공중력을 감소시킨다.\n④ 굴착배면의 상재하중을 제거하여 토압을 최대한 낮춘다.",
      "options": [
        "굴착저면에 토사 등 인공중력을 감소시킨다.",
        "굴착배면의 상재하중을 제거하여 토압을 최대한 낮춘다."
      ],
      "answer": null,
      "explanation": ""
    },
    {
      "no": 99,
      "question": "공정안전보고서에 관한 설명으로 옳지 않은 것은?\n<문제 해설>",
      "options": [
        "공정안전보고서를 작성할 때에는 산업안전보건위원회의"
      ],
      "answer": null,
      "explanation": ""
    },
    {
      "no": 3,
      "question": "굴착저면의 하중을 증가시킬 것\n심의를 거쳐야 한다.\n[해설작성자 : 악동]\n② 공정안전보고서를 작성 할 때에 산업안전보건위원회가\n설치되어 있지 아니한 사업장의 경우에는 근로자대표의\n히빙 : 굴착면 저면이 부풀어오른 현상\n의견을 들어야 한다.\n중력이 감소되면 더 부풀어오름\n③ 공정안전보고서의 내용을 변경하여야 할 사유가 발생한\n[해설작성자 : MC]\n경우에는 14일 이내 고용노동부장관의 승인을 득한 후\n보완하여야 한다. 102. 지름이 15cm이고 높이가 30cm인 원기둥 콘크리트 공 시\n④ 고용노동부장관은 정하는 바에 따라 공정안전보고서의 체에 대해 압축강도시험을 한 결과 460kN에 파괴되었다.\n이행 상태를 정기적으로 평가하고, 그 결과에 따른 보완 이 때 콘크리트 압축강도는?\n상태가 불량한 사업장의 사업주에게는 공정안전보고서를",
      "options": [
        "공정안전보고서를 작성 할 때에 산업안전보건위원회가",
        "공정안전보고서의 내용을 변경하여야 할 사유가 발생한",
        "고용노동부장관은 정하는 바에 따라 공정안전보고서의 체에 대해 압축강도시험을 한 결과 460kN에 파괴되었다.",
        "16.2 MPa ② 21.5 MPa",
        "26 MPa ④ 31.2 MPa",
        "공정안전보고서의 내용을 변경하여야 할 사유가 발생한 경우 압축강도 = 460KN/((π/4)*0.15^2) = 26030kPa = 26MPA"
      ],
      "answer": null,
      "explanation": ""
    },
    {
      "no": 100,
      "question": "다음 중 주수소화를 하여서는 아니 되는 물질은?\n단위m.15Cm환산/100=0.15",
      "options": [
        "적린 ② 금속분말",
        "유황 ④ 과망간산칼륨"
      ],
      "answer": null,
      "explanation": ""
    },
    {
      "no": 103,
      "question": "굴착공사에 있어서 비탈면붕괴를 방지하기 위하여 행하는\n[해설작성자 : 예린하린]\n대책이 아닌 것은?",
      "options": [
        "지표수의 침투를 막기 위해 표면배수공을 한다. 107. 온도가 하강함에 따라 토중수가 얼어 부피가 약 9% 정도",
        "지하수위를 내리기 위해 수평배수공을 설치한다. 증대하게 됨으로써 지표면이 부풀어오르는 현상은?",
        "비탈면 하단을 성토한다. ① 동상현상 ② 역화현상",
        "비탈면 상부에 토사를 적재한다. ③ 리칭현상 ④ 액상화현상"
      ],
      "answer": null,
      "explanation": ""
    },
    {
      "no": 104,
      "question": "사면의 붕괴형태의 종류에 해당되지 않는 것은?\n약화되는 현상",
      "options": [
        "사면의 측면부 파괴",
        "사면선 파괴",
        "사면내 파괴",
        "바닥면 파괴",
        "비계기둥의 간격은 띠장방향에서는 1.85m 이하로 한다."
      ],
      "answer": null,
      "explanation": ""
    },
    {
      "no": 105,
      "question": "철골 작업을 할 때 악천후에는 작업을 중지하여야 하는데\n② 띠장간격은 1m 이하로 설치한다.\n그 기준으로 옳은 것은?\n③ 비계기둥의 제일 윗부분으로부터 31m 되는 지점 밑부분",
      "options": [
        "띠장간격은 1m 이하로 설치한다.",
        "비계기둥의 제일 윗부분으로부터 31m 되는 지점 밑부분",
        "강설량이 분당 1cm 이상인 경우",
        "강우량이 시간당 1cm 이상인 경우",
        "비계기둥간의 적재하중은 400kg을 초과하지 않도록한다.",
        "풍속이 초당 10m 이상인 경우",
        "기온이 35℃ 이상인 경우"
      ],
      "answer": null,
      "explanation": ""
    },
    {
      "no": 1,
      "question": "강설량이 시간당 1cm 이상인 경우\n제60조(강관비계의 구조) 사업주는 강관을 사용하여 비계를 구",
      "options": [],
      "answer": null,
      "explanation": ""
    },
    {
      "no": 2,
      "question": "강우량이 시간당 1mm 이상인 경우\n성하는 경우 다음 각 호의 사항을 준수하여야 한다. <개정",
      "options": [],
      "answer": null,
      "explanation": ""
    },
    {
      "no": 3,
      "question": "풍속이 초당 10m 이상인 경우\n2012. 5. 31., 2019. 10. 15., 2019. 12. 26.>\n[해설작성자 : 레오22]",
      "options": [],
      "answer": null,
      "explanation": ""
    },
    {
      "no": 1,
      "question": "비계기둥의 간격은 띠장 방향에서는 1.85미터 이하, 장선(長\n線) 방향에서는 1.5미터 이하로 할 것. 다만, 선박 및 보트 건조\n법개정 안 되었습니다.기온도 관계없습니다.\n작업의 경우 안전성에 대한 구조검토를 실시하고 조립도를 작성\n3번 맞습니다니다.\n하면 띠장 방향 및 장선 방향으로 각각 2.7미터 이하로 할 수\n있다.\n산업안전보건기준에 관한 규칙 제 383조 (작업의 제한)",
      "options": [],
      "answer": null,
      "explanation": ""
    },
    {
      "no": 2,
      "question": "띠장 간격은 2.0미터 이하로 할 것. 다만, 작업의 성질상 이\n사업주는 다음 각 호의 어느 하나에 해당하는 경우에 철골작업\n를 준수하기가 곤란하여 쌍기둥틀 등에 의하여 해당 부분을 보\n을 중지하여야 한다.\n강한 경우에는 그러하지 아니하다.",
      "options": [],
      "answer": null,
      "explanation": ""
    },
    {
      "no": 1,
      "question": "풍속이 초당 10m 이상인 경우",
      "options": [],
      "answer": null,
      "explanation": ""
    },
    {
      "no": 3,
      "question": "비계기둥의 제일 윗부분으로부터 31미터되는 지점 밑부분의",
      "options": [],
      "answer": null,
      "explanation": ""
    },
    {
      "no": 2,
      "question": "강우량이 시간당 1mm 이상인 경우\n비계기둥은 2개의 강관으로 묶어 세울 것. 다만, 브라켓",
      "options": [],
      "answer": null,
      "explanation": ""
    },
    {
      "no": 3,
      "question": "강설량이 시간당 1cm 이상인 경우\n(bracket, 까치발) 등으로 보강하여 2개의 강관으로 묶을 경우\n[해설작성자 : 실무자 ]\n이상의 강도가 유지되는 경우에는 그러하지 아니하다.",
      "options": [],
      "answer": null,
      "explanation": ""
    },
    {
      "no": 4,
      "question": "비계기둥 간의 적재하중은 400킬로그램을 초과하지 않도록\n순간 풍속이 초당 15m는 강풍 시 타워크레인 운전 작업 정지입\n할 것\n니다.\n[해설작성자 : 15년 1회차 113번 참고] 109. 작업장으로 통하는 장소 또는 작업장 내에 근로자가 사용\n하기 위한 안전한 통로를 설치할 때 그 설치기준으로 옳지",
      "options": [],
      "answer": null,
      "explanation": ""
    },
    {
      "no": 106,
      "question": "추락방지망의 그물코 크기의 기준으로 옳은 것은?\n않은 것은?",
      "options": [
        "5cm 이하 ② 10cm 이하",
        "통로에는 75럭스(Lux)이상의 조명시설을 하여야 한다.",
        "20cm 이하 ④ 30cm 이하",
        "통로의 주요한 부분에는 통로표시를 하여야 한다."
      ],
      "answer": null,
      "explanation": ""
    },
    {
      "no": 113,
      "question": "토사붕괴의 방지공법이 아닌 것은?\n③ 수직갱에 가설된 통로의 길이가 10m 이상일 때에는7m",
      "options": [
        "수직갱에 가설된 통로의 길이가 10m 이상일 때에는7m",
        "경사공 ② 배수공",
        "압성토공 ④ 공작물의 설치",
        "경사가 15°를 초과하는 경우에는 미끄러지지 아니하는"
      ],
      "answer": null,
      "explanation": ""
    },
    {
      "no": 114,
      "question": "터널작업 시 자동경보장치에 대하여 당일의 작업시작 전\n비계다리는 높이 8미터 이상일때 7미터 이내마다 계단참을 설치\n점검하여야 할 사항으로 틀린 것은?\n합니다.",
      "options": [
        "검지부의 이상 유무",
        "조명시설의 이상 유무",
        "경보장치의 작동 상태",
        "계기의 이상 유무"
      ],
      "answer": null,
      "explanation": ""
    },
    {
      "no": 110,
      "question": "흙막이 지보공을 설치하였을 때 정기점검 사항에 해당되지\n<문제 해설>\n않는 것은?\n자동경보장치 작업 시작전 점검 사항",
      "options": [
        "검지부의 이상유무"
      ],
      "answer": null,
      "explanation": ""
    },
    {
      "no": 1,
      "question": ", 계기 이상 유무\n② 버팀대의 긴압의 정도",
      "options": [
        "버팀대의 긴압의 정도"
      ],
      "answer": null,
      "explanation": ""
    },
    {
      "no": 2,
      "question": "검지부 이상 유무\n③ 침하의 정도",
      "options": [
        "침하의 정도"
      ],
      "answer": null,
      "explanation": ""
    },
    {
      "no": 3,
      "question": ", 경보정치 작동하나 보기\n④ 부재의 손상, 변형, 부식, 변위 및 탈락의 유무와 상태\n[해설작성자 : 태형맨]\n<문제 해설>\n부재의 접속부ㆍ부착부 및 교차부의 상태",
      "options": [
        "부재의 손상, 변형, 부식, 변위 및 탈락의 유무와 상태"
      ],
      "answer": null,
      "explanation": ""
    },
    {
      "no": 115,
      "question": "거푸집동바리 등을 조립하는 경우에 준수해야 할 기준으로\n[해설작성자 : 남돌]\n옳지 않은 것은?",
      "options": [
        "동바리의 상하고정 및 미끄러짐 방지조치를 하고, 하중"
      ],
      "answer": null,
      "explanation": ""
    },
    {
      "no": 111,
      "question": "지하매설물의 인접작업 시 안전지침과 거리가 먼 것은?\n의 지지상태를 유지할 것",
      "options": [
        "사전조사",
        "강재와 강재와의 접속부 및 교차부는 볼트ㆍ클램프 등",
        "매설물의 방호조치",
        "지하매설물의 파악",
        "파이프서포트를 제외한 동바리로 사용하는 강관은 높이",
        "소규모 구조물의 방호",
        "동바리로 사용하는 파이프서포트는 4개 이상 이어서 사"
      ],
      "answer": null,
      "explanation": ""
    },
    {
      "no": 1,
      "question": "사전조사 및 매설물의 위치 파악\n용하지 않도록 할 것",
      "options": [],
      "answer": null,
      "explanation": ""
    },
    {
      "no": 2,
      "question": "매설물이 노출되면 지주나 지보공 등을 이용하여 방호조치\n<문제 해설>",
      "options": [],
      "answer": null,
      "explanation": ""
    },
    {
      "no": 3,
      "question": "매설물의 이설 등은 관계기관과 협의하여 실시",
      "options": [],
      "answer": null,
      "explanation": ""
    },
    {
      "no": 4,
      "question": "4개이상 -> 3개이상",
      "options": [],
      "answer": null,
      "explanation": ""
    },
    {
      "no": 4,
      "question": "최소 1일 1회 이상은 순회 점검\n[해설작성자 : 화이팅]\n[해설작성자 : 산안기가즈아]",
      "options": [],
      "answer": null,
      "explanation": ""
    },
    {
      "no": 116,
      "question": "차량계 건설기계에 해당되지 않는 것은?",
      "options": [],
      "answer": null,
      "explanation": ""
    },
    {
      "no": 112,
      "question": "구조물의 해체 작업 시 해체 작업계획서에 포함하여야 할",
      "options": [
        "불도저 ② 콘크리트 펌프카",
        "드래그 셔블 ④ 가이데릭",
        "해체의 방법 및 해체순서 도면",
        "해체물의 처분계획",
        "주변 민원 처리계획",
        "현장 안전 조치 계획"
      ],
      "answer": null,
      "explanation": ""
    },
    {
      "no": 117,
      "question": "화물을 차량계 하역운반기계에 싣는 작업 또는 내리는 작\n해체 작업계획서 내용\n업을 할 때 해당 작업의 지휘자에게 준수하도록 하여야 하\n1) 해체의 방법 및 해체 순서도면\n는 사항과 거리가 먼 것은?\n2) 해체물의 처분계획",
      "options": [
        "하중이 한쪽으로 치우쳐서 효율적으로 적재되도록 할 것",
        "작업순서 및 그 순서마다의 작업방법을 정하고 작업을",
        "기구와 공구를 점검하고 불량품을 제거할 것",
        "해당 작업을 하는 장소에 관계 근로자가 아닌 사람이 출",
        "낙하물방지망의 설치각도는 수평면과 30~40°를 유지한"
      ],
      "answer": null,
      "explanation": ""
    },
    {
      "no": 118,
      "question": "액상화현상 방지를 위한 안전대책으로 옳지 않는 것은?\n<문제 해설>",
      "options": [
        "모래입경이 가늘고 균일한 모래층 지반으로 치환"
      ],
      "answer": null,
      "explanation": ""
    },
    {
      "no": 1,
      "question": "높이가 3m이상인 장소로서 투하설비를 설치하거나 감시인 배\n② 입도가 불량한 재료를 입도가 양호한 재료로 치환\n치\n③ 지하수위를 저하시키고 포화도를 낮추기 위해 deep well",
      "options": [
        "입도가 불량한 재료를 입도가 양호한 재료로 치환",
        "지하수위를 저하시키고 포화도를 낮추기 위해 deep well"
      ],
      "answer": null,
      "explanation": ""
    },
    {
      "no": 2,
      "question": "낙하물방지망은 높이 10m 이내마다 설치\n을 사용",
      "options": [],
      "answer": null,
      "explanation": ""
    },
    {
      "no": 4,
      "question": "낙하물방지망의 수평면과의 각도는 20~30°유지한다\n④ 밀도를 증가하여 한계간극비 이하로 상대밀도를 유지하\n[해설작성자 : 남돌]\n는 방법 강구\n<문제 해설>\n본 해설집의 저작권은 www.comcbt.com에 있으며\n모래입경 가는 것은 오히려 액상화 현상의 원인.\n카페, 블로그 등의 업로드 및 개인적 활용 이외에\n[해설작성자 : 부천취업]\n문서의 수정 및 DB 저장, 기타 금전적 이익을 취하는\n일체의 행위를 금지 합니다.\n액상화현상이란 : 모래로 주로 구성된 흙이 전단저항을 소실하\n여 마치 물처럼 유동하는 현상을 말하므로. 입자가 굵어야 하는\n전자문제집 CBT 홈페이지 : www.comcbt.com\n거겠죠!\n기출문제 및 해설집 다운로드 : www.comcbt.com/xe\n[해설작성자 : 슬영]\n전자문제집 CBT 앱(구글플레이) : [다운로드]\n입도분포가 균질한 세립토가 굵은 모래보다 액상화가 쉽다고 하\n전자문제집 CBT란?\n네요...\n인터넷으로 종이 없이 문제를 풀고 자동채점하는 프로그램으로\n[해설작성자 : 인터넷 검색해봄]\n워드, 컴활, 기능사 등의 상설검정에서 사용하는 실제 프로그램\n방식입니다.\n보일링과 연관으로 암기하면 도움될것같습니다\n해설을 제공하며 PC 버전 및 모바일 버전 완벽 연동\n보일링: 현상은 지하수위가 높아져 물의 압력으로 인해 모래가\n교사용/학생용 관리기능도 제공합니다.\n유동되거나, 흙막이 하부의 압력으로 모래 입자가 부력을 받아\n떠오르는 현상입니다..액상화는 지진이나 진동 등으로 인해 땅\n오답 및 오탈자가 수정된 최신 자료와 해설은 전자문제집 CBT\n속의 물이 빠지지 않고 고여 흙이 액체처럼 되는 현상입니다..보\n에서 확인하세요.\n일링은 주로 흙막이 공사 중 모래 지반에서 발생하며, 액상화는\n지진과 같이 강한 진동이 있을 때 발생할 수 있습니다\n1 2 3 4 5 6 7 8 9 10\n[해설작성자 : 김툴툴]\n③ ④",
      "options": [
        "밀도를 증가하여 한계간극비 이하로 상대밀도를 유지하",
        "④ ① ③ ③ ① ④ ④ ③ ②"
      ],
      "answer": null,
      "explanation": ""
    },
    {
      "no": 119,
      "question": "안전관리계획의 작성내용과 거리가 먼 것은?\n④ ③ ② ② ④",
      "options": [
        "③ ② ② ④ ① ④ ② ② ①",
        "건설공사의 안전관리 조직",
        "산업안전보건관리비 집행방법",
        "① ① ③ ④ ③ ② ④ ④ ③",
        "공사장 및 주변 안전관리 계획 31 32 33 34 35 36 37 38 39 40",
        "통행안전시설 설치 및 교통소통계획 ③ ② ② ② ① ③ ③ ② ④ ①",
        "① ④ ② ① ③ ④ ② ① ④"
      ],
      "answer": null,
      "explanation": ""
    },
    {
      "no": 1,
      "question": "건설공사의 개요 및 안전관리조직\n③ ② ② ④ ④ ③",
      "options": [
        "② ② ④ ④ ③ ① ③ ③ ②"
      ],
      "answer": null,
      "explanation": ""
    },
    {
      "no": 2,
      "question": "공정별 안전점검계획\n61 62 63 64 65 66 67 68 69 70",
      "options": [],
      "answer": null,
      "explanation": ""
    },
    {
      "no": 3,
      "question": "공사장 주변의 안전관리 대책\n②",
      "options": [
        "① ② ① ③ ③ ③ ② ④ ②"
      ],
      "answer": null,
      "explanation": ""
    },
    {
      "no": 4,
      "question": "통행안전시설의 설치 및 교통소통에 관한 사항\n71 72 73 74 75 76 77 78 79 80",
      "options": [],
      "answer": null,
      "explanation": ""
    },
    {
      "no": 5,
      "question": "안전관리비 집행계획 ④ ③ ④ ③ ④ ③",
      "options": [
        "③ ④ ③ ④ ③ ① ② ② ①"
      ],
      "answer": null,
      "explanation": ""
    },
    {
      "no": 6,
      "question": "안전교육 및 비상시 긴급조치계획 81 82 83 84 85 86 87 88 89 90\n[해설작성자 : 아링] ④ ④",
      "options": [
        "④ ① ④ ③ ① ④ ③ ③ ①"
      ],
      "answer": null,
      "explanation": ""
    },
    {
      "no": 120,
      "question": "낙하물에 의한 위험방지 조치의 기준으로서 옳은 것은?",
      "options": [
        "④ ② ② ② ③ ① ② ③ ②",
        "높이가 최소 2m 이상인 곳에서 물체를 투하하는 때에는 101 102 103 104 105 106 107 108 109 110",
        "③ ④ ① ③ ② ① ② ③ ①",
        "낙하물방지망을 높이 12m 이내마다 설치한다.",
        "③ ① ② ④ ④ ① ① ② ③",
        "방호선반 설치시 내민 길이는 벽면으로부터 2m 이상으"
      ],
      "answer": null,
      "explanation": ""
    }
  ]
}