{
  "title": "산업안전기사20210307(해설집) (1).pdf",
  "questions": [
    {
      "no": 8,
      "question": "8% 입니다\n1과목 : 안전관리론\n[해설작성자 : 지나가다]",
      "options": [],
      "answer": null,
      "explanation": ""
    },
    {
      "no": 1,
      "question": "참가자에게 일정한 역할을 주어 실제적으로 연기를 시켜봄으\n1:29:300 (하인리히)\n로써 자기의 역할을 보다 확실히 인식할 수 있도록 체험학습\n1:10:30:600 (버드)\n을 시키는 교육방법은?\n[해설작성자 : 양평사나이]",
      "options": [
        "Symposium ② Brain Storming",
        "Role Playing ④ Fish Bowl Playing"
      ],
      "answer": null,
      "explanation": ""
    },
    {
      "no": 4,
      "question": "무재해 운동의 3원칙에 해당되지 않는 것은?(관련 규정 개정\n<문제 해설>\n전 문제로 여기서는 기존 정답인 4번을 누르면 정답 처리됩\n안전보건교육-교육의 실시방법\n니다. 자세한 내용은 해설을 참고하세요.)\n1,symposium = 몇 사람의 전문가에 의하여 과제에 관한 견해",
      "options": [
        "무의 원칙",
        "참가의 원칙",
        "선취의 원칙",
        "대책선정의 원칙"
      ],
      "answer": null,
      "explanation": ""
    },
    {
      "no": 3,
      "question": "role playing = 역할연기법=참가자에게 일정한 역할을 주어 실\n대책선정의 원칙은 재해예방의 4원칙에 해당한다\n제적으로 연기를 시켜봄으로써 자기의 역할을 보다 확실히 인식\n재해예방 4원칙\n하도록 체험하는 교육방법",
      "options": [],
      "answer": null,
      "explanation": ""
    },
    {
      "no": 1,
      "question": "예방가능의 원칙 - 재해는 원칙적으로 원인만 제거하면 예방",
      "options": [],
      "answer": null,
      "explanation": ""
    },
    {
      "no": 4,
      "question": "fish bowl playing = 참가자가 원을 그리고 둘러앉아 안쪽인원\n이 가능하다.\n5명은 주어진 테마에대해 이야기를 나누고 바깥쪽 다섯명은 그",
      "options": [],
      "answer": null,
      "explanation": ""
    },
    {
      "no": 2,
      "question": "원인계기의 원칙 - 재해발생은 반드시 원인이 있다.\n이야기를 듣고 질문을 던져 활발한 토의를 유발하는 방법",
      "options": [],
      "answer": null,
      "explanation": ""
    },
    {
      "no": 3,
      "question": "손실우연의 원칙 - 재해손실은 사고발생시 사고대상의 조건\n[해설작성자 : 멍몽]\n에 따라 달라지므로, 손실의 크기는 우연에 의해서 결정된다.",
      "options": [],
      "answer": null,
      "explanation": ""
    },
    {
      "no": 4,
      "question": "대책선정의 원칙 - 재해예방을 위한 안전대책은 반드시 존재",
      "options": [],
      "answer": null,
      "explanation": ""
    },
    {
      "no": 2,
      "question": "일반적으로 시간의 변화에 따라 야간에 상승하는 생체리듬\n한다.\n은?\n[해설작성자 : 냅둬라]",
      "options": [
        "혈압 ② 맥박수",
        "체중 ④ 혈액의 수분"
      ],
      "answer": null,
      "explanation": ""
    },
    {
      "no": 1,
      "question": "무의 원칙\n1) 혈압 : 주간 상승 야간 감소",
      "options": [],
      "answer": null,
      "explanation": ""
    },
    {
      "no": 2,
      "question": "선취의 원칙\n2) 맥박수 : 주간 상승 야간 감소",
      "options": [],
      "answer": null,
      "explanation": ""
    },
    {
      "no": 3,
      "question": "참가의 원칙\n3) 체중 : 야간 감소\n[해설작성자 : 물음표]\n4) 혈액의 수분 : 주간 감소 야간 증가\n[관리자 입니다.\n야간에는 말초운동 기능이 저하된다.\n2024년부터 무재해 운동 및 위험예지훈련이 시험범위에서 제외\n체온 : 주간 상승 야간 감소\n되었습니다.\n혈액의 염분량 : 주간 감소 야간 증가\n참고 문제로만 이용 부탁 드립니다.]\n[해설작성자 : comcbt.com 이용자]",
      "options": [],
      "answer": null,
      "explanation": ""
    },
    {
      "no": 5,
      "question": "안전보건관리조직의 형태 중 라인-스태프(Line-Staff)형에 관\n낮에는 땀을 흘리지만 밤에는 땀을 안흘려서 수분증가\n한 설명으로 틀린 것은?\n[해설작성자 : 보라매 오키토키]",
      "options": [
        "조직원 전원을 자율적으로 안전 활동에 참여시킬 수 있"
      ],
      "answer": null,
      "explanation": ""
    },
    {
      "no": 3,
      "question": "하인리히의 재해구성비율 “1:29:300”에서 “29”에 해당되는\n② 라인의 관리, 감독자에게도 안전에 관한 책임과 권한이\n사고발생비율은?\n부여된다.",
      "options": [
        "라인의 관리, 감독자에게도 안전에 관한 책임과 권한이",
        "8.8% ② 9.8%",
        "중규모 사업장(100명 이상 ~ 500명 미만)에 적합하다.",
        "10.8% ④ 11.8%",
        "안전 활동과 생산업무가 유리될 우려가 없기 때문에 균형"
      ],
      "answer": null,
      "explanation": ""
    },
    {
      "no": 1,
      "question": "대규모 사업장(1000명 이상 사업장)에 적용이 가능하다.\n기출문제 해설은 최강 자격증 기출문제 전자문제집 CBT : www.comcbt.com 통해서 실시간으로 변경됩니다.\n본 해설집은 최강 자격증 기출문제 전자문제집 CBT 해설달기 프로젝트에 의해서 만들어진 자료입니다. 해설을 제공해 주신 모든 분들께 감사 드립니다.\n산업안전기사 ◐ 2021년 03월 07일 필기 기출문제 및 해설집◑ 전자문제집 CBT :www.comcbt.com",
      "options": [],
      "answer": null,
      "explanation": ""
    },
    {
      "no": 2,
      "question": "라인 스태프형 장점 프레스 및 전단기 방호장치, 양중기용 과부하장치, 보일러 압력\n- 안전전문가에 의해 입안된 것을 경영자가 명령하므로 명령 방출용 안전밸브, 압력용기 압력방출용 안전밸브&파열판, 절연\n이 신속,정확하다. 용 방호구 및 활선작업용 기구, 방폭구조 전기기계.기구 및 부품\n- 안전정보 수집이 용이하고 빠르다. 등\n라인 스태프형 단점 ※ 동력식 수동대패용 칼날 접촉 방지장치 : 자율안전확인대상\n- 명령계통과 조언, 권고적 참여의 혼돈이 우려된다. 기계의 방호장치 중 하나\n- 스태프의 월권행위가 우려되고 지나치게 스태프에게 의존 [해설작성자 : 물음표]\n할수있다.\n- 라인이 스태프에 의존 또는 활용하지 않는 경우가 있다. 롤러기 크레인 방폭구조전기기계 전부 시동을 걸고 움직이는 기\n[해설작성자 : 은우유찬아빠] 계 이지만 동력식 동력식 대패는 오래전부터 사람 힘으로 왓다\n리 갓다리 하면서 나무 다듬는 기구임 동력식수동 대패가 아닌",
      "options": [],
      "answer": null,
      "explanation": ""
    },
    {
      "no": 6,
      "question": "브레인스토밍 기법에 관한 설명으로 옳은 것은?(관련 규정\n기계힘으로 동작하는 대패라면 안전인증대상 기계에 포함됨\n개정전 문제로 여기서는 기존 정답인 2번을 누르면 정답 처\n[해설작성자 : 보라매 오키토키]\n리됩니다. 자세한 내용은 해설을 참고하세요.)",
      "options": [
        "타인의 의견을 수정하지 않는다. 8. 안전교육 중 같은 것을 반복하여 개인의 시행착오에 의해서",
        "지정된 표현방식에서 벗어나 자유롭게 의견을 제시한다. 만 점차 그 사람에게 형성되는 것은?",
        "참여자에게는 동일한 횟수의 의견제시 기회가 부여된다. ① 안전기술의 교육 ② 안전지식의 교육",
        "주제와 내용이 다르거나 잘못된 의견은 지적하여 조정한 ③ 안전기능의 교육 ④ 안전태도의 교육"
      ],
      "answer": null,
      "explanation": ""
    },
    {
      "no": 9,
      "question": "상황성 누발자의 재해 유발원인과 가장 거리가 먼 것은?\n[해설작성자 : 꾸꾸아빠]",
      "options": [
        "작업이 어렵기 때문이다.",
        "심신에 근심이 있기 때문이다.",
        "기계설비의 결함이 있기 때문이다.",
        "도덕성이 결여되어 있기 때문이다."
      ],
      "answer": null,
      "explanation": ""
    },
    {
      "no": 1,
      "question": "작업에 어려움이 많은 자\n좋다",
      "options": [],
      "answer": null,
      "explanation": ""
    },
    {
      "no": 2,
      "question": "기계 설비의 결함이 있을 때\n[해설작성자 : 떠든아이]",
      "options": [],
      "answer": null,
      "explanation": ""
    },
    {
      "no": 3,
      "question": "심신에 근심이 있는 자",
      "options": [],
      "answer": null,
      "explanation": ""
    },
    {
      "no": 4,
      "question": "환경 상 주의력 집중이 혼란되기 쉬울 때\n[관리자 입니다.\n[해설작성자 : 아수라샤디]\n2024년부터 브레인스토밍 기법이 시험범위에서 제외되었습니다.\n참고용으로만 이용 부탁 드립니다.]",
      "options": [],
      "answer": null,
      "explanation": ""
    },
    {
      "no": 10,
      "question": "작업자 적성의 요인이 아닌 것은?",
      "options": [
        "지능 ② 인간성"
      ],
      "answer": null,
      "explanation": ""
    },
    {
      "no": 7,
      "question": "산업안전보건법령상 안전인증대상기계등에 포함되는 기계, 설\n③ 흥미 ④ 연령\n비, 방호장치에 해당하지 않는 것은?\n<문제 해설>",
      "options": [
        "흥미 ④ 연령",
        "롤러기",
        "크레인"
      ],
      "answer": null,
      "explanation": ""
    },
    {
      "no": 1,
      "question": "직업적성\n③ 동력식 수동대패용 칼날 접촉 방지장치",
      "options": [
        "동력식 수동대패용 칼날 접촉 방지장치"
      ],
      "answer": null,
      "explanation": ""
    },
    {
      "no": 2,
      "question": "지능\n④ 방폭구조(防爆構造) 전기기계·기구 및 부품",
      "options": [
        "방폭구조(防爆構造) 전기기계·기구 및 부품"
      ],
      "answer": null,
      "explanation": ""
    },
    {
      "no": 3,
      "question": "흥미\n<문제 해설>",
      "options": [],
      "answer": null,
      "explanation": ""
    },
    {
      "no": 4,
      "question": "인간성\n[기계 또는 설비]\n[해설작성자 : 김펭귄]\n프레스, 전단기 및 절곡기, 크레인, 리프트, 압력용기, 롤러기,\n사출성형기, 고소작업대, 곤돌라",
      "options": [],
      "answer": null,
      "explanation": ""
    },
    {
      "no": 11,
      "question": "재해로 인한 직접비용으로 8000만원의 산재보상비가 지급되\n었을 때, 하인리히 방식에 따른 총 손실비용은?\n[방호장치]",
      "options": [
        "16000만원 ② 24000만원",
        "32000만원 ④ 40000만원 생한 경우로서 고용노동부령으로 정하는 재해를 말한다."
      ],
      "answer": null,
      "explanation": ""
    },
    {
      "no": 12,
      "question": "재해조사의 목적과 가장 거리가 먼 것은?\n[해설작성자 : ㅎㅎ]",
      "options": [
        "재해예방 자료수집",
        "재해관련 책임자 문책",
        "동종 및 유사재해 재발방지",
        "재해발생 원인 및 결함 규명",
        "연습의 원칙 ② 효과의 원칙"
      ],
      "answer": null,
      "explanation": ""
    },
    {
      "no": 13,
      "question": "교육훈련기법 중 Off.J.T(Off the Job Training)의 장점이 아\n③ 동일성의 원칙 ④ 준비성의 원칙\n닌 것은?\n<문제 해설>",
      "options": [
        "동일성의 원칙 ④ 준비성의 원칙",
        "업무의 계속성이 유지된다."
      ],
      "answer": null,
      "explanation": ""
    },
    {
      "no": 1,
      "question": "Thorndike가 제시한 3가지 학습 법칙\n② 외부의 전문가를 강사로 활용할 수 있다.\n③ 특별교재, 시설을 유효하게 사용할 수 있다.",
      "options": [
        "외부의 전문가를 강사로 활용할 수 있다.",
        "특별교재, 시설을 유효하게 사용할 수 있다.",
        "효과의 법칙(Law of effect) : 학습의 과정과 그 결과가 만족",
        "다수의 대상자에게 조직적 훈련이 가능하다."
      ],
      "answer": null,
      "explanation": ""
    },
    {
      "no": 14,
      "question": "산업안전보건법령상 중대재해의 범위에 해당하지 않는 것\n② 연습(실행)의 법칙(Law of exercise) : 자극과 반응의 결합이\n은?\n빈번히 되풀이되는 경우 그 결합이 강화된다..즉 연습하면 결합",
      "options": [
        "연습(실행)의 법칙(Law of exercise) : 자극과 반응의 결합이",
        "1명의 사망자가 발생한 재해",
        "1개월의 요양을 요하는 부상자가 동시에 5명 발생한 재",
        "준비성의 법칙(Law of readiness) : 학습하는 태도나 준비와",
        "3개월의 요양을 요하는 부상자가 동시에 3명 발생한 재",
        "10명의 직업성 질병자가 동시에 발생한 재해"
      ],
      "answer": null,
      "explanation": ""
    },
    {
      "no": 1,
      "question": "파블로프의 조건반사설\n기출문제 해설은 최강 자격증 기출문제 전자문제집 CBT : www.comcbt.com 통해서 실시간으로 변경됩니다.\n본 해설집은 최강 자격증 기출문제 전자문제집 CBT 해설달기 프로젝트에 의해서 만들어진 자료입니다. 해설을 제공해 주신 모든 분들께 감사 드립니다.\n산업안전기사 ◐ 2021년 03월 07일 필기 기출문제 및 해설집◑ 전자문제집 CBT :www.comcbt.com\n-시간 -강도 -일관성 -계속성 4. 귀마게 저음까지 차단되면 옆에 상사가 업무 지시하는대 못\n알아 먹어서 뒤지게 혼남",
      "options": [],
      "answer": null,
      "explanation": ""
    },
    {
      "no": 2,
      "question": "스키너의 조작적 조건형성 이론 [해설작성자 : 보라매 오키토키]\n-소거 -변별 -조형 -자발적회복 -강화\n[해설작성자 : 소소] 산소결핍 : 송기마스크\n[해설작성자 : comcbt.com 이용자]",
      "options": [],
      "answer": null,
      "explanation": ""
    },
    {
      "no": 16,
      "question": "산업안전보건법령상 보안경 착용을 포함하는 안전보건표지\n의 종류는? 18. 산업안전보건법령상 사업 내 안전보건교육의 교육시간에 관",
      "options": [
        "지시표지 ② 안내표지 한 설명으로 옳은 것은?",
        "금지표지 ④ 경고표지 ① 일용근로자의 작업내용 변경 시의 교육은 2시간 이상이",
        "사무직에 종사하는 근로자의 정기교육은 매반기 6시간",
        "일용근로자를 제외한 근로자의 채용 시 교육은 4시간 이",
        "관리감독자의 지위에 있는 사람의 정기교육은 연간 8시"
      ],
      "answer": null,
      "explanation": ""
    },
    {
      "no": 19,
      "question": "집단에서의 인간관계 메커니즘(Mechanism)과 가장 거리가\n[오류 신고 내용]\n먼 것은?\n화학관련 경고내용은 빨간색",
      "options": [
        "분열, 강박 ② 모방, 암시",
        "동일화, 일체화 ④ 커뮤니케이션, 공감"
      ],
      "answer": null,
      "explanation": ""
    },
    {
      "no": 17,
      "question": "보호구에 관한 설명으로 옳은 것은? <문제 해설>",
      "options": [
        "유해물질이 발생하는 산소결핍지역에서는 필히 방독마스 인관관계 메커니즘",
        "차광용보안경의 사용구분에 따른 종류에는 자외선용, 적 2. 투사",
        "선반작업과 같이 손에 재해가 많이 발생하는 작업장에서 4. 모방",
        "귀마개는 처음에는 저음만을 차단하는 제품부터 사용하 [해설작성자 : 김펭귄]"
      ],
      "answer": null,
      "explanation": ""
    },
    {
      "no": 1,
      "question": "산소마스크 [해설작성자 : 보라매 오키토키]",
      "options": [],
      "answer": null,
      "explanation": ""
    },
    {
      "no": 3,
      "question": "선반회전축에 장갑말림\n[해설작성자 : njmch] 동일화 - 다른 사람의 행동양식이나 태도를 투입\n투사 - 자신의 억압된 것을 다른 사람의 것으로 생각",
      "options": [],
      "answer": null,
      "explanation": ""
    },
    {
      "no": 4,
      "question": "저음은 차단하지 말고 고음만 차단 승화 - 억압당한 욕구를 다른 가치있는 목적을 위해 노력위해\n[해설작성자 : 완디] 충족\n모방 - 남의 행동이나 판다을 표본으로 따라함",
      "options": [],
      "answer": null,
      "explanation": ""
    },
    {
      "no": 1,
      "question": "산소결핍지역 방독마스크 착용시 호흡곤란으로 사망함 보상 - 자신의 무능에 따른 열등감과 긴장을 해소하기위해 장점",
      "options": [],
      "answer": null,
      "explanation": ""
    },
    {
      "no": 3,
      "question": "선반작업에 면장갑이 낑기면 말려드러가서 손가락 잘림 같은 것으로 결함을 보충\n기출문제 해설은 최강 자격증 기출문제 전자문제집 CBT : www.comcbt.com 통해서 실시간으로 변경됩니다.\n본 해설집은 최강 자격증 기출문제 전자문제집 CBT 해설달기 프로젝트에 의해서 만들어진 자료입니다. 해설을 제공해 주신 모든 분들께 감사 드립니다.\n산업안전기사 ◐ 2021년 03월 07일 필기 기출문제 및 해설집◑ 전자문제집 CBT :www.comcbt.com\n합리화 - 자시의 실패를 그럴듯한 이유를 들어 남에게 비난받지 을 때 정상사상을 일으키는 기본사상의 집합이며, 최소\n않도록 함 패스셋은 시스템의 성공을 유발하는 기본사상의 집합이\n[해설작성자 : 루처] 다.\n<문제 해설>",
      "options": [],
      "answer": null,
      "explanation": ""
    },
    {
      "no": 20,
      "question": "재해의 빈도와 상해의 강약도를 혼합하여 집계하는 지표로",
      "options": [],
      "answer": null,
      "explanation": ""
    },
    {
      "no": 1,
      "question": "컷셋(Cut Set)\n옳은 것은?\n- 정상사상을 발생시키는 기본사상의 집합",
      "options": [
        "강도율 ② 종합재해지수",
        "안전활동율 ④ Safe-T-Score"
      ],
      "answer": null,
      "explanation": ""
    },
    {
      "no": 2,
      "question": "패스셋(Path set)",
      "options": [],
      "answer": null,
      "explanation": ""
    },
    {
      "no": 1,
      "question": "강도율\n- 시스템의 고장을 일으키지 않는 기본사상들의 집합\n산업재해의 강도 즉 재해의 경중을 나타내는 척도\n- 포함된 기본사상이 일어나지 않을 때 처음으로 정상 사상이",
      "options": [],
      "answer": null,
      "explanation": ""
    },
    {
      "no": 3,
      "question": "안전활동율\n일어나지 않는 기본사상들의 집합\n안전관리활동의 결과를 정량적으로 판단하는 기준이며 , 사고",
      "options": [],
      "answer": null,
      "explanation": ""
    },
    {
      "no": 3,
      "question": "미니멀 컷(Minimal Cut Set)\n가 일어나기전의 수준을 평가하는 사전평가활동임\n- 정상사상을 일으키기 위한 기본사상의 최소집합(최소한의 컷)",
      "options": [],
      "answer": null,
      "explanation": ""
    },
    {
      "no": 4,
      "question": "Safe-T-Score",
      "options": [],
      "answer": null,
      "explanation": ""
    },
    {
      "no": 4,
      "question": "미니멀 패스(Minimal Path Set)\n안전에 관한 과거와 현재의 중대성 차이를 비교할때 사용되는\n- 시스템의 기능을 살리는 최소한의 집합(최소한의 패스)\n통계방식\n[해설작성자 : 정군]\n[해설작성자 : comcbt.com 이용자]",
      "options": [],
      "answer": null,
      "explanation": ""
    },
    {
      "no": 23,
      "question": "작업공간의 배치에 있어 구성요소 배치의 원칙에 해당하지\n않는 것은?\n2과목 : 인간공학 및 시스템안전공학",
      "options": [
        "기능성의 원칙 ② 사용빈도의 원칙"
      ],
      "answer": null,
      "explanation": ""
    },
    {
      "no": 21,
      "question": "인체측정 자료를 장비, 설비 등의 설계에 적용하기 위한 응\n③ 사용순서의 원칙 ④ 사용방법의 원칙\n용원칙에 해당하지 않는 것은?\n<문제 해설>",
      "options": [
        "사용순서의 원칙 ④ 사용방법의 원칙",
        "조절식 설계",
        "극단치를 이용한 설계"
      ],
      "answer": null,
      "explanation": ""
    },
    {
      "no": 1,
      "question": "중요성의 원칙\n③ 구조적 치수 기준의 설계",
      "options": [
        "구조적 치수 기준의 설계"
      ],
      "answer": null,
      "explanation": ""
    },
    {
      "no": 2,
      "question": "사용빈도의 원칙\n④ 평균치를 기준으로 한 설계",
      "options": [
        "평균치를 기준으로 한 설계"
      ],
      "answer": null,
      "explanation": ""
    },
    {
      "no": 3,
      "question": "기능별 배치의 원칙\n<문제 해설>",
      "options": [],
      "answer": null,
      "explanation": ""
    },
    {
      "no": 4,
      "question": "사용순서의 법칙\n인간계측자료의 응용 3원칙\n[해설작성자 : 또오리]",
      "options": [],
      "answer": null,
      "explanation": ""
    },
    {
      "no": 1,
      "question": "극단치 설계: 최대치수와 최소치수 설계",
      "options": [],
      "answer": null,
      "explanation": ""
    },
    {
      "no": 2,
      "question": "조절식 설계: 조절(조정)범위\n작업에 사용하는 연장은 기능이 있을거고 많이쓰고 적게 쓰이는",
      "options": [],
      "answer": null,
      "explanation": ""
    },
    {
      "no": 3,
      "question": "평균치를 기준으로 한 설계.\n게 있을거고 사이즈를 먼저 맟추고 조이던가 풀던가 사용순서가\n[해설작성자 : 또오리]\n있을거지만\n사용방법은 개인마다 조금씩 다를수 있음 왼손잡이는 왼손으로",
      "options": [],
      "answer": null,
      "explanation": ""
    },
    {
      "no": 1,
      "question": "의자 높낮이 설계\n할테고 오른손 잡이는 오른손",
      "options": [],
      "answer": null,
      "explanation": ""
    },
    {
      "no": 2,
      "question": "극단치는 최소치와 최대치 설계 최소치는 선반등 손으로 작\n[해설작성자 : 보라매 오키토키]\n업하는공간 최대치는 비상구 등",
      "options": [],
      "answer": null,
      "explanation": ""
    },
    {
      "no": 4,
      "question": "평균치 은행의자 공원 벤치 등 공공장소 여러사람이 이용하 24. 시스템의 수명 및 신뢰성에 관한 설명으로 틀린 것은?\n는곳 ....개개인마다 맞출수 없으니 평균치로 설계함",
      "options": [
        "병렬설계 및 디레이팅 기술로 시스템의 신뢰성을 증가시",
        "직렬시스템에서는 부품들 중 최소 수명을 갖는 부품에"
      ],
      "answer": null,
      "explanation": ""
    },
    {
      "no": 22,
      "question": "컷셋(Cut Sets)과 최소 패스셋(Minimal Path Sets)의 정의로\n의해 시스템 수명이 정해진다.\n옳은 것은?\n③ 수리가 가능한 시스템의 평균 수명(MTBF)은 평균 고장",
      "options": [
        "수리가 가능한 시스템의 평균 수명(MTBF)은 평균 고장",
        "컷셋은 시스템 고장을 유발시키는 필요 최소한의 고장들",
        "수리가 불가능한 구성요소로 병렬구조를 갖는 설비는 중",
        "컷셋은 시스템 고장을 유발시키는 기본고장들의 집합이",
        "컷셋은 그 속에 포함되어 있는 모든 기본 사상이 일어났",
        "컷셋은 그 속에 포함되어 있는 모든 기본 사상이 일어났"
      ],
      "answer": null,
      "explanation": ""
    },
    {
      "no": 25,
      "question": "자동차를 생산하는 공장의 어떤 근로자가 95dB(A)의 소음\n(3) 수송, 저장 등\n수준에서 하루 8시간 작업하며 매 시간 조용한 휴게실에서\n(4) 공정기기\n20분씩 휴식을 취한다고 가정하였을 때, 8시간 시간가중평\n[해설작성자 : 찐찐]\n균(TWA)은? (단, 소음은 누적소음노출량측정기로 측정하였\n으며, OSHA에서 정한 95dB(A)의 허용시간은 4시간이라 가\nl 화학설비 안정성 평가\n정한다.)",
      "options": [],
      "answer": null,
      "explanation": ""
    },
    {
      "no": 1,
      "question": "정량적 평가항목: 취급물질, 화학설비의 용량, 온도, 압력, 조",
      "options": [
        "약 91dB(A) ② 약 92dB(A)",
        "약 93dB(A) ④ 약 94dB(A)"
      ],
      "answer": null,
      "explanation": ""
    },
    {
      "no": 2,
      "question": "정성적 평가항목: 입지조건, 공장내의 배치, 소방설비, 공정기\n<문제 해설>\n기, 수송, 저장, 원재료, 중간체, 제품\n1일 평균노출시간으로\n(유해측정발생치*시간) / 8\n정량 / 정성 구분 문제입니다.\n입니다\n[해설작성자 : 공뇽]\n[해설작성자 : 초전귀공자]",
      "options": [],
      "answer": null,
      "explanation": ""
    },
    {
      "no": 27,
      "question": "작업면상의 필요한 장소만 높은 조도를 취하는 조명은?\n작업환경측정 및 지정측정기관 평가 등에 관한 고시",
      "options": [
        "완화조명 ② 전반조명",
        "투명조명 ④ 국소조명",
        "단위작업장소에서 소음의 강도가 불규칙적으로 변동하는 소 <문제 해설>"
      ],
      "answer": null,
      "explanation": ""
    },
    {
      "no": 28,
      "question": "동작경제의 원칙에 해당하지 않는 것은?",
      "options": [
        "공구의 기능을 각각 분리하여 사용하도록 한다.",
        "두 팔의 동작은 동시에 서로 반대방향으로 대칭적으로",
        "공구나 재료는 작업동작이 원활하게 수행되도록 그 위치",
        "가능하다면 쉽고도 자연스러운 리듬이 작업동작에 생기"
      ],
      "answer": null,
      "explanation": ""
    },
    {
      "no": 26,
      "question": "화학설비에 대한 안정성 평가 중 정성적 평가방법의 주요 신체사용에 관한 원칙 9항목, 작업장 배치에 관한 원칙 8항목,\n진단 항목으로 볼 수 없는 것은? 공구 및 설비 디자인의 원칙 5항목",
      "options": [
        "건조물 ② 취급물질 1.공구의 기능을 결합하여 사용하도록 한다",
        "입지 조건 ④ 공장 내 배치 [해설작성자 : 윤서아빠]"
      ],
      "answer": null,
      "explanation": ""
    },
    {
      "no": 29,
      "question": "인간이 기계보다 우수한 기능이라 할 수 있는 것은? (단, 인\n주요 진단항목\n공지능은 제외한다.)",
      "options": [],
      "answer": null,
      "explanation": ""
    },
    {
      "no": 1,
      "question": "설계관계",
      "options": [
        "일반화 및 귀납적 추리",
        "신뢰성 있는 반복 작업",
        "신속하고 일관성 있는 반응",
        "대량의 암호화된 정보의 신속한 보관"
      ],
      "answer": null,
      "explanation": ""
    },
    {
      "no": 2,
      "question": "운전 관계\n기출문제 해설은 최강 자격증 기출문제 전자문제집 CBT : www.comcbt.com 통해서 실시간으로 변경됩니다.\n본 해설집은 최강 자격증 기출문제 전자문제집 CBT 해설달기 프로젝트에 의해서 만들어진 자료입니다. 해설을 제공해 주신 모든 분들께 감사 드립니다.\n산업안전기사 ◐ 2021년 03월 07일 필기 기출문제 및 해설집◑ 전자문제집 CBT :www.comcbt.com\n추리가 기계보다 우수합니다.ㅎㅎ\n[해설작성자 : wd+]\n인간은 귀납적 추리\n기계는 연역적 추리\n[해설작성자 : 드가자]",
      "options": [],
      "answer": null,
      "explanation": ""
    },
    {
      "no": 30,
      "question": "시각적 표시장치보다 청각적 표시장치를 사용하는 것이 더\n유리한 경우는?",
      "options": [
        "정보의 내용이 복잡하고 긴 경우",
        "0.3115 ② 0.35",
        "정보가 공간적인 위치를 다룬 경우",
        "0.496 ④ 0.9985",
        "직무상 수신자가 한 곳에 머무르는 경우",
        "수신 장소가 너무 밝거나 암순응이 요구될 경우",
        "시·도지사"
      ],
      "answer": null,
      "explanation": ""
    },
    {
      "no": 31,
      "question": "다음 시스템의 신뢰도 값은?\n② 관할 구청장\n③ 고용노동부장관\n④ 행정안전부장관\n<문제 해설>\n유해위험방지계획서: 고용노동부령으로 정하는 바에 따라 고용\n노동부장관에게 제출하여야 함.\n[해설작성자 : 에띵]",
      "options": [
        "관할 구청장",
        "고용노동부장관",
        "행정안전부장관",
        "0.5824 ② 0.6682",
        "0.7855 ④ 0.8642 35. 인간의 위치 동작에 있어 눈으로 보지 않고 손을 수평면상",
        "사정효과(range effect)",
        "반응효과(reaction effect)",
        "간격효과(distance effect)",
        "손동작효과(hand action effect)"
      ],
      "answer": null,
      "explanation": ""
    },
    {
      "no": 32,
      "question": "다음 현상을 설명한 이론은?\n<문제 해설>\n사정효과(Range effect)",
      "options": [
        "보지 않고 손을 움직일 경우 짧은 거리는 지나치고 긴 거리",
        "피츠(Fitts) 법칙",
        "작은 오차에는 과잉반응하고 큰 오차에는 과소반응",
        "웨버(Weber) 법칙",
        "신호검출이론(SDT)",
        "힉-하이만(Hick-Hyman) 법칙 36. 정신작업 부하를 측정하는 척도를 크게 4가지로 분류할 때",
        "주관적(subjective) 척도",
        "생리적(physiological) 척도",
        "주 임무(primary task) 척도",
        "부 임무(secondary task) 척도"
      ],
      "answer": null,
      "explanation": ""
    },
    {
      "no": 33,
      "question": "그림과 같은 FT도에서 정상사상 T의 발생 확률은? (단, X ,\n1 생리적 척도 : 에너지 소비와 심장 박동수, 동공반응 등 스트레\nX , X 의 발생 확률은 각각 0.1, 0.15, 0.1 이다.)\n2 3 스 분석\n[해설작성자 : 가보자구]\n기출문제 해설은 최강 자격증 기출문제 전자문제집 CBT : www.comcbt.com 통해서 실시간으로 변경됩니다.\n본 해설집은 최강 자격증 기출문제 전자문제집 CBT 해설달기 프로젝트에 의해서 만들어진 자료입니다. 해설을 제공해 주신 모든 분들께 감사 드립니다.\n산업안전기사 ◐ 2021년 03월 07일 필기 기출문제 및 해설집◑ 전자문제집 CBT :www.comcbt.com\n신체의 일부가 반응 하는것이니 생리적 척도\n[해설작성자 : 보라매 오키토키] extraneous 미국∙영국 [ɪkˈstreɪniəs] : 관련없는.\n뜻대로 해석 하면 되네요 ,관련없는 ,불필요한 오류",
      "options": [],
      "answer": null,
      "explanation": ""
    },
    {
      "no": 37,
      "question": "서브시스템, 구성요소, 기능 등의 잠재적 고장 형태에 따른\n[해설작성자 : 재규어119]\n시스템의 위험을 파악하는 위험 분석 기법으로 옳은 것은?",
      "options": [
        "ETA(Event Tree Analysis) 39. 불(Boole) 대수의 정리를 나타낸 관계식으로 틀린 것은?",
        "HEA(Human Error Analysis)",
        "PHA(Preliminary Hazard Analysis) ① A · A = A ②",
        "FMEA(Failure Mode and Effect Analysis) ③ A + AB = A ④ A + A = A"
      ],
      "answer": null,
      "explanation": ""
    },
    {
      "no": 1,
      "question": "정량적 귀납적(정상 또는 고장) 으로 발생경로를 파악하는 기 불대수의 원리\n법 2번 보기는 =1 입니당~",
      "options": [],
      "answer": null,
      "explanation": ""
    },
    {
      "no": 2,
      "question": "확률론적 안전기법으로 인간의과오에 기인된 사고원인 분석 [해설작성자 : 뀨뀨꺄꺆]\n기법",
      "options": [],
      "answer": null,
      "explanation": ""
    },
    {
      "no": 3,
      "question": "시스템 내의 위험요소가 얼마나 위험상태인가를 평가하는 시 2번보기에 A위에 ㅡ 들어간건 /A로 표기했습니다 ㅡ가 두개면\n스템안전프로그램의 최초단계 분석 기법 //A",
      "options": [],
      "answer": null,
      "explanation": ""
    },
    {
      "no": 4,
      "question": "시스템에 영향을 미치는 모든 요소의 고장을 형태별로 분석\n하고 그 고장이 미치는 영향을 분석 A+0=A\n[해설작성자 : 오스카] A+1=1\nA*0=0",
      "options": [],
      "answer": null,
      "explanation": ""
    },
    {
      "no": 4,
      "question": "FMEA는 정성적 귀납적 입니다. A*1=A\n[해설작성자 : 보증금] A+A=A\nA+/A=1\n서브 시스템 -> FMEA / PHA A*A=A\n여기서 PHA는 각각의 형태로 시스템을 구현하고 합쳤을 때 위 A*/A=0\n험성을 보는 것임. //A=A\n[해설작성자 : Rivolo] A+AB=A\nA+/AB=A+B",
      "options": [],
      "answer": null,
      "explanation": ""
    },
    {
      "no": 38,
      "question": "불필요한 작업을 수행함으로써 발생하는 오류로 옳은 것은?\n(A+B)*(A+C)=A+BC",
      "options": [
        "Command error ② Extraneous error",
        "Secondary error ④ Commission error"
      ],
      "answer": null,
      "explanation": ""
    },
    {
      "no": 1,
      "question": "지시과오: 요구하는 것을 실행하고자 하여도 필요한 정보, 에\n[해설작성자 : 원조로미]\n너지 등이 공급되지 않아 작업자가 움직이려 해도 움직이지 않\n는 에러 40. Chapanis가 정의한 위험의 확률수준과 그에 따른 위험발생",
      "options": [],
      "answer": null,
      "explanation": ""
    },
    {
      "no": 2,
      "question": "과잉행동에러: 불필요한 작업내지 절차를 수행함으로써 기인 률로 옳은 것은?\n한 에러",
      "options": [
        "전혀 발생하지 않는(impossible) 발생빈도 : 10-8/day"
      ],
      "answer": null,
      "explanation": ""
    },
    {
      "no": 3,
      "question": "2차 과오: 작업형태나 작업조건 중에서 다른 문제가 생겨 그 ② 극히 발생할 것 같지 않는(extremely unlikely) 발생빈도\n때문에 필요한 사항을 실행할수 없는 오류나 어떤 결함으로부터 : 10-7/day\n파생하여 발생하는 오류 ③ 거의 발생하지 않은(remote) 발생빈도 : 10-6/day",
      "options": [
        "극히 발생할 것 같지 않는(extremely unlikely) 발생빈도",
        "거의 발생하지 않은(remote) 발생빈도 : 10-6/day"
      ],
      "answer": null,
      "explanation": ""
    },
    {
      "no": 4,
      "question": "실행(작위)에러: 작업내지 절차를 수행하였으나 잘못한 실수 ④ 가끔 발생하는(occasional) 발생빈도 : 10-5/day\n(선택착오, 순서착오, 시간착오) 에서 기인한 에러 <문제 해설>\n[해설작성자 : 오스카] 1. 자주발생: 10^-2",
      "options": [
        "가끔 발생하는(occasional) 발생빈도 : 10-5/day"
      ],
      "answer": null,
      "explanation": ""
    },
    {
      "no": 2,
      "question": "보통발생: 10^-3\n오스카님 해설 참조하여.. 3. 가끔발생: 10^-4",
      "options": [],
      "answer": null,
      "explanation": ""
    },
    {
      "no": 1,
      "question": "테란 커맨드가 없으면 미네랄 공급이 안되죠 4. 거의발생하지않는: 10^-5",
      "options": [],
      "answer": null,
      "explanation": ""
    },
    {
      "no": 2,
      "question": "엑스트라는 불필요한 직업이죠 (주연 딸라면 라이타 불 정도 5. 극히발생하지않는: 10^-6\n는 예의상 필요) 6. 전혀발생하지않는: 10^-8",
      "options": [],
      "answer": null,
      "explanation": ""
    },
    {
      "no": 3,
      "question": "세컨드랑 바람피다 걸리면 에러가 생깁니다 [해설작성자 : 차돌풍]",
      "options": [],
      "answer": null,
      "explanation": ""
    },
    {
      "no": 4,
      "question": "커미션 챙기는 잘못된 실수는 돌이킬수 없는 결과를 낳습니\n다\n3과목 : 기계위험방지기술\n[해설작성자 : 여긴어디고난누구냐]\n기출문제 해설은 최강 자격증 기출문제 전자문제집 CBT : www.comcbt.com 통해서 실시간으로 변경됩니다.\n본 해설집은 최강 자격증 기출문제 전자문제집 CBT 해설달기 프로젝트에 의해서 만들어진 자료입니다. 해설을 제공해 주신 모든 분들께 감사 드립니다.\n산업안전기사 ◐ 2021년 03월 07일 필기 기출문제 및 해설집◑ 전자문제집 CBT :www.comcbt.com",
      "options": [],
      "answer": null,
      "explanation": ""
    },
    {
      "no": 41,
      "question": "휴대형 연삭기 사용 시 안전사항에 대한 설명으로 가장 적 45. 다음 중 절삭가공으로 틀린 것은?\n절하지 않은 것은?",
      "options": [
        "선반 ② 밀링",
        "잘 안 맞는 장갑이나 옷은 착용하지 말 것 ③ 프레스 ④ 보링",
        "긴 머리는 묶고 모자를 착용하고 작업할 것 <문제 해설>",
        "연삭숫돌을 설치하거나 교체하기 전에 전선과 압축공기 1.선반 - 공작물이회전하는기계",
        "연삭작업 시 클램핑 장치를 사용하여 공작물을 확실히 3.프레스 - 압축및누르는힘으로이용하는기계"
      ],
      "answer": null,
      "explanation": ""
    },
    {
      "no": 46,
      "question": "산업안전보건법령상 롤러기의 방호장치 설치시 유의해야 할",
      "options": [],
      "answer": null,
      "explanation": ""
    },
    {
      "no": 42,
      "question": "선반 작업에 대한 안전수칙으로 가장 적절하지 않은 것은? 사항으로 가장 적절하지 않은 것은?",
      "options": [
        "선반의 바이트는 끝을 짧게 장치한다. ① 손으로 조작하는 급정지장치의 조작부는 롤러기의 전면",
        "작업 중에는 면장갑을 착용하지 않도록 한다. 및 후면에 각각 1개씩 수평으로 설치하여야 한다.",
        "작업이 끝난 후 절삭 칩의 제거는 반드시 브러시 등의 ② 앞면 롤러의 표면속도가 30m/min 미만인 경우 급정지",
        "작업 중 일감의 치수 측정 시 기계 운전 상태를 저속으 ③ 급정지장치의 조작부에 사용하는 줄은 사용 중 늘어져서",
        "급정지장치의 조작부에 사용하는 줄은 충분한 인장강도"
      ],
      "answer": null,
      "explanation": ""
    },
    {
      "no": 47,
      "question": "보일러 부하의 급변, 수위의 과상승 등에 의해 수분이 증기\n[해설작성자 : comcbt.com 이용자]\n와 분리되지 않아 보일러 수면이 심하게 솟아올라 올바른",
      "options": [],
      "answer": null,
      "explanation": ""
    },
    {
      "no": 43,
      "question": "다음 중 금형을 설치 및 조정할 때 안전수칙으로 가장 적절 수위를 판단하지 못하는 현상은?\n하지 않은 것은?",
      "options": [
        "프라이밍 ② 모세관",
        "금형을 체결할 때에는 적합한 공구를 사용한다. ③ 워터해머 ④ 역화",
        "금형의 설치 및 조정은 전원을 끄고 실시한다. <문제 해설>",
        "금형을 부착하기 전에 하사점을 확인하고 설치한다. 보일러 취급 시 이상현상",
        "금형을 체결할 때에는 안전블럭을 잠시 제거하고 실시한 1. 포밍(물거품 솟음): 보일러 수 중에 유지류, 용해 고형물, 부"
      ],
      "answer": null,
      "explanation": ""
    },
    {
      "no": 44,
      "question": "지게차의 방호장치에 해당하는 것은?",
      "options": [],
      "answer": null,
      "explanation": ""
    },
    {
      "no": 3,
      "question": "캐리오버(기수 공발): 보일러수 중에 용해 고형분이나 수분이",
      "options": [
        "버킷 ② 포크",
        "마스트 ④ 헤드가드"
      ],
      "answer": null,
      "explanation": ""
    },
    {
      "no": 4,
      "question": "수격 작용(워터 해머): 고여 있던 응축수가 밸브를 급격히 개",
      "options": [],
      "answer": null,
      "explanation": ""
    },
    {
      "no": 1,
      "question": "헤드가드\n폐시에 고온 고압의 증기에 이끌려 배관을 강하게 치는 현상으",
      "options": [],
      "answer": null,
      "explanation": ""
    },
    {
      "no": 2,
      "question": "백레스트\n로 배관파열을 초래한다.",
      "options": [],
      "answer": null,
      "explanation": ""
    },
    {
      "no": 3,
      "question": "전조등,후미등",
      "options": [],
      "answer": null,
      "explanation": ""
    },
    {
      "no": 5,
      "question": "역화: 보일러 시동 시 연료가 나온 다음 시간을 두고 착화하",
      "options": [],
      "answer": null,
      "explanation": ""
    },
    {
      "no": 4,
      "question": "안전벨트\n는 등으로 인해 미연소가스가 노내에 잔류하며 비정상적인 폭발\n[해설작성자 : 공부힘드네]\n기출문제 해설은 최강 자격증 기출문제 전자문제집 CBT : www.comcbt.com 통해서 실시간으로 변경됩니다.\n본 해설집은 최강 자격증 기출문제 전자문제집 CBT 해설달기 프로젝트에 의해서 만들어진 자료입니다. 해설을 제공해 주신 모든 분들께 감사 드립니다.\n산업안전기사 ◐ 2021년 03월 07일 필기 기출문제 및 해설집◑ 전자문제집 CBT :www.comcbt.com\n적 연소를 일으킨다. 2040.82kg\n[해설작성자 : 공부힘드네] 총 하중 = (2000kg + 2040.82.kg) * 0.0098(kg -> KN) =",
      "options": [],
      "answer": null,
      "explanation": ""
    },
    {
      "no": 39,
      "question": "6 KN",
      "options": [],
      "answer": null,
      "explanation": ""
    },
    {
      "no": 48,
      "question": "자동화 설비를 사용하고자 할 때 기능의 안전화를 위하여\n[해설작성자 : 단기간에 합격]\n검토할 사항으로 거리가 가장 먼 것은?",
      "options": [
        "재료 및 가공 결함에 의한 오동작 51. 산업안전보건법령상 보일러에 설치해야하는 안전장치로 거",
        "사용압력 변동 시의 오동작 리가 가장 먼 것은?",
        "전압강하 및 정전에 따른 오동작 ① 해지장치",
        "단락 또는 스위치 고장 시의 오동작 ② 압력방출장치",
        "압력제한스위치",
        "고·저수위조절장치"
      ],
      "answer": null,
      "explanation": ""
    },
    {
      "no": 1,
      "question": "재료 결함 해지정치: 훅걸이용 와이어로프 등이 훅으로부터 벗겨진는것을",
      "options": [],
      "answer": null,
      "explanation": ""
    },
    {
      "no": 2,
      "question": "설계 결함 방지하기 위한 장치(크레인 사용하여 짐을 운반시 해지장치 사",
      "options": [],
      "answer": null,
      "explanation": ""
    },
    {
      "no": 3,
      "question": "가공 결함 용)",
      "options": [],
      "answer": null,
      "explanation": ""
    },
    {
      "no": 4,
      "question": "안전율 [해설작성자 : 오스카]\n[해설작성자 : 에듀윌책임]\n보일러의 방호장치",
      "options": [],
      "answer": null,
      "explanation": ""
    },
    {
      "no": 49,
      "question": "산업안전보건법령상 금속의 용접, 용단에 사용하는 가스 용\n- 압력방출 장치\n기를 취급할 때 유의사항으로 틀린 것은?\n- 압력제한 스위치",
      "options": [
        "밸브의 개폐는 서서히 할 것",
        "운반하는 경우에는 캡을 벗길 것",
        "용기의 온도는 40℃ 이하로 유지할 것",
        "통풍이나 환기가 불충분한 장소에는 설치하지 말 것",
        "48cm 이상 ② 58cm 이상",
        "68cm 이상 ④ 78cm 이상"
      ],
      "answer": null,
      "explanation": ""
    },
    {
      "no": 50,
      "question": "크레인 로프에 질량 2000kg의 물건을 10m/s2의 가속도로\n[해설작성자 : 나도합격하고싶다]\n감아올릴 때, 로프에 걸리는 총 하중(kN)은? (단, 중력가속\n도는 9.8m/s2)\n양수조작식 [mm]",
      "options": [
        "9.6 ② 19.6"
      ],
      "answer": null,
      "explanation": ""
    },
    {
      "no": 1,
      "question": "6*Tm[ms]\n③ 29.6 ④ 39.6\n= 1.6 *(0.3*10^3)\n<문제 해설>\n=480mm = 48cm\n로프에 걸리는 힘 = 질량*가속도(감아올리는 속도+중력가속도)\n= 2000 * (10+9.8)\n광전자식 [cm]\n= 39600N = 39.6KN\n160 * 프레스작동 후 작업점까지의 도달거리[s]\n[해설작성자 : 야간은힘들어]\n[해설작성자 : 네번째기사]\n야간은힘들어님 풀이가 맞습니다. 53. 산업안전보건법령상 고속회전체의 회전시험을 하는 경우 미\n로프에 걸리는 총 하중=로프에 걸리는 힘 리 회전축의 재질 및 형상 등에 상응하는 종류의 비파괴검\n따라서 뉴턴 2법칙 F=m*a 사용하시면 됩니다. 사를 해서 결함 유무를 확인해야 한다. 이때 검사 대상이\n[해설작성자 : 간단하게합시다] 되는 고속회전체의 기준은?",
      "options": [
        "29.6 ④ 39.6",
        "회전축의 중량이 0.5톤을 초과하고, 원주속도가 100m/s",
        "회전축의 중량이 0.5톤을 초과하고, 원주속도가 120m/s",
        "회전축의 중량이 1톤을 초과하고, 원주속도가 100m/s이 [해설작성자 : 오스카]",
        "회전축의 중량이 1톤을 초과하고, 원주속도가 120m/s이 [오류신고 반론]"
      ],
      "answer": null,
      "explanation": ""
    },
    {
      "no": 54,
      "question": "프레스의 손쳐내기식 방호장치 설치기준으로 틀린 것은?",
      "options": [
        "방호판의 폭이 금형 폭의 1/2 이상이어야 한다.",
        "슬라이드 행정수가 300SPM 이상의 것에 사용한다.",
        "손쳐내기봉의 행정(Stroke) 길이를 금형의 높이에 따라",
        "슬라이드 하행정거리의 3/4 위치에서 손을 완전히 밀어"
      ],
      "answer": null,
      "explanation": ""
    },
    {
      "no": 2,
      "question": "슬라이드 행정수가 300SPM 이상의 것에 사용한다:;\n[해설작성자 : 펩시아이유]\n120SPM\n[해설작성자 : comcbt.com 이용자] 55. 산업안전보건법령상 컨베이어에 설치하는 방호장치로 거리\n가 가장 먼 것은?\n아래와 같은 오류 신고가 있었습니다.",
      "options": [
        "건널다리",
        "반발예방장치",
        "비상정지장치",
        "역주행방지장치"
      ],
      "answer": null,
      "explanation": ""
    },
    {
      "no": 56,
      "question": "산업안전보건법령상 숫돌 지름이 60cm인 경우 숫돌 고정\n[오류신고 반론]\n장치인 평형 플랜지의 지름은 최소 몇 cm 이상인가?\n손쳐내기식 방호장치:슬라이드 행정수 100spm 이하, 슬라이드",
      "options": [
        "10 ② 20",
        "30 ④ 60"
      ],
      "answer": null,
      "explanation": ""
    },
    {
      "no": 60,
      "question": "비파괴 검사 방법으로 틀린 것은?",
      "options": [],
      "answer": null,
      "explanation": ""
    },
    {
      "no": 57,
      "question": "기계설비의 위험점 중 연삭숫돌과 작업받침대, 교반기의 날",
      "options": [
        "인장 시험 ② 음향 탐상 시험",
        "와류 탐상 시험 ④ 초음파 탐상 시험",
        "끼임점 ② 물림점 비파괴 시험의 종류(8)",
        "협착점 ④ 절단점 1.육안검사 2.누설검사 3.침투탐상시험 4.초음파탐상시험 5.자분"
      ],
      "answer": null,
      "explanation": ""
    },
    {
      "no": 1,
      "question": "끼임점: 고정하는~ (ㄱ 으로 시작) 6.음향탐상시험 7.방사선투과시험 8.와류탐상시험",
      "options": [],
      "answer": null,
      "explanation": ""
    },
    {
      "no": 2,
      "question": "물림점: 회전하는 두개의~ (두놈한테 물렸다) [해설작성자 : 오스카]",
      "options": [],
      "answer": null,
      "explanation": ""
    },
    {
      "no": 3,
      "question": "협착점: 왕복운동~ (ㅇㅇ)",
      "options": [],
      "answer": null,
      "explanation": ""
    },
    {
      "no": 4,
      "question": "절단점: 회전하는~ 인장시험은 금속의 대표적인 '파괴 시험'이다.\n[해설작성자 : 오스카] [해설작성자 : 마텐이]\n끼임점 - 고정하는부분 = 고기 인장검사는 기계로 물체의 양쪽끝단을 잡고 서로 반대쪽으로 잡\n물림점 - 회전하는 = 물회 아당겨서 끊어지기 직전까지 얼마나 길게 늘어나냐(인장:한자로\n[해설작성자 : 보라매 오키토키] 길 장)를 검사하는겁니다\n끊어질때까지 당기니까 당연히 파괴되겠죠ㅎ;\n고정부분-회전부분 위험점: 끼임점 [해설작성자 : 건군]\n회전-회전: 물림점\n왕복운동-고정부: 협착점\n4과목 : 전기위험방지기술\n[해설작성자 : 벤치마킹]",
      "options": [],
      "answer": null,
      "explanation": ""
    },
    {
      "no": 61,
      "question": "속류를 차단할 수 있는 최고의 교류전압을 피뢰기의 정격전\n압이라고 하는데 이 값은 통상적으로 어떤 값으로 나타내고\n협착점 : 고정+왕복\n있는가?\n끼임점 : 고정+회전",
      "options": [
        "최대값 ② 평균값",
        "실효값 ④ 파고값"
      ],
      "answer": null,
      "explanation": ""
    },
    {
      "no": 58,
      "question": "500rpm으로 회전하는 연삭숫돌의 지름이 300mm일 때 회 1) 속류를 차단할 수 있는 최고의 교류전압니다.\n전속도(m/min)는? 2) 통상 실효값으로 나타낸다.",
      "options": [
        "471 ② 551 [해설작성자 : comcbt.com 이용자]",
        "751 ④ 1025"
      ],
      "answer": null,
      "explanation": ""
    },
    {
      "no": 62,
      "question": "전로에 시설하는 기계기구의 철대 및 금속제 외함에 접지공\n<문제 해설>\n사를 생략할 수 없는 경우는?\n(500*300*3.14)/1000=471",
      "options": [
        "30V 이하의 기계기구를 건조한 곳에 시설하는 경우",
        "물기 없는 장소에 설치하는 저압용 기계기구를 위한 전",
        "철대 또는 외함의 주위에 적당한 절연대를 설치하는 경"
      ],
      "answer": null,
      "explanation": ""
    },
    {
      "no": 59,
      "question": "산업안전보건법령상 정상적으로 작동될 수 있도록 미리 조 우\n정해 두어야할 이동식 크레인의 방호장치로 가장 적절하지 ④ 「전기용품 및 생활용품 안전관리법」 의 적용을 받는\n않은 것은? 이중절연구조로 되어 있는 기계기구를 시설하는 경우",
      "options": [
        "「전기용품 및 생활용품 안전관리법」 의 적용을 받는",
        "제동장치 <문제 해설>",
        "권과방지장치 2. 물기 없는 장소에 설치하는 저압용 기계기구를 위한 전로에",
        "과부하방지장치 정격감도전류 30mA이하, 동작시간 0.03초 이하의 전류동작형",
        "파이널 리미트 스위치 누전차단기를 시설하는 경우"
      ],
      "answer": null,
      "explanation": ""
    },
    {
      "no": 63,
      "question": "인체의 전기저항을 500Ω으로 하는 경우 심실세동을 일으킬\n나타냅니다!(g : 전범위 / a : 일부)\n수 있는 에너지는 약 얼마인가? (단, 심실세동전류\ngG : 일반적으로 사용하는(G) 차단용량이 전 범위(g)인 퓨즈\ngM : 전동기회로(M)를 보호하기 위해 사용되는 차단용량이 전\n범위(g)인 퓨즈\n로 한다.)\n[해설작성자 : 맞았졍]",
      "options": [
        "13.6J ② 19.0J",
        "13.6mJ ④ 19.0mJ"
      ],
      "answer": null,
      "explanation": ""
    },
    {
      "no": 66,
      "question": "정전기가 대전된 물체를 제전시키려고 한다. 다음 중 대전\n단위 혼동 해서 틀리면 너무 아깝네요 모두 단위 조심하세요 된 물체의 절연저항이 증가되어 제전의 효과를 감소시키는\n(통전시간 1초기준) 것은?\n에너지(J) = (0.165)^2 * 500 * 1 = 13.6125",
      "options": [
        "접지한다.",
        "건조시킨다.",
        "도전성 재료를 첨가한다.",
        "주위를 가습한다."
      ],
      "answer": null,
      "explanation": ""
    },
    {
      "no": 64,
      "question": "전기설비에 접지를 하는 목적으로 틀린 것은?\n[해설작성자 : 그럴거 같다 ]",
      "options": [
        "누설전류에 의한 감전방지",
        "낙뢰에 의한 피해방지",
        "지락사고 시 대지전위 상승유도 및 절연강도 증가",
        "지락사고 시 보호계전기 신속동작"
      ],
      "answer": null,
      "explanation": ""
    },
    {
      "no": 65,
      "question": "한국전기설비규정에 따라 과전류차단기로 저압전로에 사용\n리의 높이와 울타리로부터 충전부분까지의 거리의 합이 최\n하는 범용 퓨즈(gG)의 용단전류는 정격전류의 몇 배인가?\n소 몇 m 이상이 되어야 하는가? (단, 사용전압이 35kV 이\n(단, 정격전류가 4A 이하인 경우이다.)\n하인 특고압용 기계기구이다.)",
      "options": [
        "1.5배 ② 1.6배",
        "5m ② 6m",
        "1.9배 ④ 2.1배",
        "7m ④ 9m",
        "가연성증기, 분진 등이 있는 곳은 방폭형을 사용한다.",
        "개폐기를 불연성 상자 안에 수납한다.",
        "비포장 퓨즈를 사용한다.",
        "접속부분의 나사풀림이 없도록 한다."
      ],
      "answer": null,
      "explanation": ""
    },
    {
      "no": 69,
      "question": "극간 정전용량이 1000pF이고, 착화에너지가 0.019mJ인 가\n스에서 폭발한계 전압(V)은 약 얼마인가? (단, 소수점 이하",
      "options": [],
      "answer": null,
      "explanation": ""
    },
    {
      "no": 1,
      "question": "440 V 의 회로에 감전방지용 누전차단기는 정격감도전류\n는 반올림한다.)\n30[mA] 이하 동작시간 0.03초이내",
      "options": [
        "3900 ② 1950"
      ],
      "answer": null,
      "explanation": ""
    },
    {
      "no": 2,
      "question": "욕실등 물기가 많은 장소에서 인체감전보호용 누전차단기는\n③ 390 ④ 195\n정격감도전류 15[mA] 이하 동작시간 0.03초이내\n<문제 해설>\n( 샤워시설이 있는 욕실에 콘센트 시설시 설치되는 인체감전\n착화에너지 E 또는 Q = 1/2 * C * V^2\n보호용 누전차단기의 정격감도전류 15[mA] 이하이다 )\npF=10^-12F\n[해설작성자 : comcbt.com 이용자]\nmJ=10^-3J\nV값 구하시면 됩니다.\n금속제 외함을 가지는 사용전압이 50 V를 초과하는 저압의 기계\n[해설작성자 : 또오리]\n기구로서 사람이 쉽게 접촉할 우려가 있는 곳에 시설하는 것에\n전기를 공급하는 전로에는 ｢전기설비기술기준의 판단기준｣ 제41\n1/2 * 1000 * 10^-12 * (V)^2 = 0.019 * 10^-3\n조에 따라 지락차단장치(누전차단기 등)를 설치해야 하는데, 세\nV = 194.94\n차장은 물기가 있는 장소로서 설치 예외 조건에 해당되지 않습\n[해설작성자 : 안녕클레오파트라]\n니다.\n또한 옥내에 시설하는 저압용 배선기구로서 욕조나 샤워시설이\n정전기의 최소 착화 에너지(정전에너지)\n있는 욕실 또는 화장실과 같이 인체가 물에 젖어있는 상태에서\n1\n전기기기를 사용할 경우 감전의 위험이 매우 높은 장소에 시설\nE(J) = ---CV^2\n하는 콘센트는 동 기준 제170조제6항에 따라 접지극이 있는 콘\n2\n센트를 시설하고, 인체가 전기에 접촉 또는 감전되었을 때 즉시\n여기서,\n전기를 차단하여 인체를 보호할 수 있도록 고감도 인체감전보호\nE : 정전기 에너지(J)\n용 누전차단기(정격감도전류 15㎃ 이하, 동작시간 0.03초 이하\nC : 도체의 정전 용량(F)\n의 전류동작형)를 시설하여야 합니다.\nV : 대진 전위(V)\n출처:대한전기협회(2020)\n[해설작성자 : 하는게 좋을껄]\npF=10^-12\n[해설작성자 : 어허] 72. 불활성화할 수 없는 탱크, 탱크롤리 등에 위험물을 주입하\n는 배관은 정전기 재해방지를 위하여 배관 내 액체의 유속",
      "options": [
        "390 ④ 195"
      ],
      "answer": null,
      "explanation": ""
    },
    {
      "no": 70,
      "question": "개폐기, 차단기, 유도 전압조정기의 최대 사용 전압이 7kV\n제한을 한다. 배관 내 유속제한에 대한 설명으로 틀린 것\n이하인 전로의 경우 절연 내력 시험은 최대 사용 전압의\n은?",
      "options": [],
      "answer": null,
      "explanation": ""
    },
    {
      "no": 1,
      "question": "5배의 전압을 몇 분간 가하는가?",
      "options": [
        "물이나 기체를 혼합하는 비수용성 위험물의 배관 내 유",
        "10 ② 15",
        "20 ④ 25",
        "저항률이 1010Ω·cm 미만의 도전성 위험물의 배관 내 유",
        "저항률이 1010Ω·cm 이상인 위험물의 배관 내 유속은 관",
        "이황화탄소 등과 같이 유동대전이 심하고 폭발 위험성이"
      ],
      "answer": null,
      "explanation": ""
    },
    {
      "no": 71,
      "question": "한국전기설비규정에 따라 욕조나 샤워시설이 있는 욕실 등\n<문제 해설>\n인체가 물에 젖어있는 상태에서 전기를 사용하는 장소에 인\n에텔, 이황화탄소등과 같이 유동대전이 심하고 폭발위험성이 높\n체감전보호용 누전차단기가 부착된 콘센트를 시설하는 경우\n은것은 배관내 유속을 1m/s이하로 할것\n누전차단기의 정격감도전류 및 동작시간은?\n[해설작성자 : bbuqqu]",
      "options": [
        "15mA 이하, 0.01초 이하",
        "15mA 이하, 0.03초 이하",
        "30mA 이하, 0.01초 이하",
        "30mA 이하, 0.03초 이하"
      ],
      "answer": null,
      "explanation": ""
    },
    {
      "no": 73,
      "question": "절연물의 절연계급을 최고허용온도가 낮은 온도에서 높은\n감전용은 30mA 이하, 0.03초 이하가 맞지만 물기 물에 젖어있\n온도 순으로 배치한 것은?\n는상태는 15mA 0.03초가 맞습니다",
      "options": [
        "Y종 → A종 → E종 → B종",
        "A종 → B종 → E종 → Y종 된 곳은?",
        "Y종 → E종 → B종 → A종 ① 가공전선로와 지중전선로가 접속되는 곳",
        "B종 → Y종 → A종 → E종 ② 발전소, 변전소의 가공전선 인입구 및 인출구",
        "고압 가공전선로에 접속하는 배전용 변압기의 저압측",
        "고압 가공전선로로부터 공급을 받는 수용장소의 인입구"
      ],
      "answer": null,
      "explanation": ""
    },
    {
      "no": 74,
      "question": "다른 두 물체가 접촉할 때 접촉 전위차가 발생하는 원인으\n배전용 변압기 저압측엔 전선퓨즈를 시공\n로 옳은 것은?\n[해설작성자 : 전두광]",
      "options": [
        "두 물체의 온도 차",
        "두 물체의 습도 차 77. 산업안전보건기준에 관한 규칙 제319조에 의한 정전전로에",
        "두 물체의 밀도 차 서의 정전 작업을 마친 후 전원을 공급하는 경우에 사업주",
        "두 물체의 일함수 차 가 작업에 종사하는 근로자 및 전기기기와 접촉할 우려가",
        "단락 접지기구 및 작업기구를 제거하고 전기기기 등이",
        "모든 작업자가 작업이 완료된 전기기기에서 떨어져 있는"
      ],
      "answer": null,
      "explanation": ""
    },
    {
      "no": 75,
      "question": "방폭인증서에서 방폭부품을 나타내는 데 사용되는 인증번호\n③ 잠금장치와 꼬리표를 근로자가 직접 설치한다.\n의 접미사는?\n④ 모든 이상 유무를 확인한 후 전기기기 등의 전원을 투입",
      "options": [
        "잠금장치와 꼬리표를 근로자가 직접 설치한다.",
        "모든 이상 유무를 확인한 후 전기기기 등의 전원을 투입",
        "“G” ② “X”",
        "“D” ④ “U”",
        "IP55 ② IP56",
        "IP65 ④ IP66"
      ],
      "answer": null,
      "explanation": ""
    },
    {
      "no": 76,
      "question": "고압 및 특고압 전로에 시설하는 피뢰기의 설치장소로 잘못 79. 가스그룹이 ⅡB인 지역에 내압방폭구조 “d”의 방폭기기가\n기출문제 해설은 최강 자격증 기출문제 전자문제집 CBT : www.comcbt.com 통해서 실시간으로 변경됩니다.\n본 해설집은 최강 자격증 기출문제 전자문제집 CBT 해설달기 프로젝트에 의해서 만들어진 자료입니다. 해설을 제공해 주신 모든 분들께 감사 드립니다.\n산업안전기사 ◐ 2021년 03월 07일 필기 기출문제 및 해설집◑ 전자문제집 CBT :www.comcbt.com\n설치되어 있다. 기기의 플랜지 개구부에서 장애물까지의 최\n소 거리(mm)는?\n5과목 : 화학설비위험방지기술",
      "options": [
        "10 ② 20"
      ],
      "answer": null,
      "explanation": ""
    },
    {
      "no": 81,
      "question": "포스겐가스 누설검지의 시험지로 사용되는 것은?\n③ 30 ④ 40",
      "options": [
        "30 ④ 40",
        "연당지 ② 염화파라듐지",
        "하리슨시험지 ④ 초산벤젠지"
      ],
      "answer": null,
      "explanation": ""
    },
    {
      "no": 80,
      "question": "방폭전기설비의 용기내부에서 폭발성가스 또는 증기가 폭발 여러분들의 많은 의견 부탁 드립니다.\n하였을 때 용기가 그 압력에 견디고 접합면이나 개구부를 추후 여러분들의 의견을 반영하여 정답을 수정하도록 하겠습니\n통해서 외부의 폭발성가스나 증기에 인화되지 않도록 한 방 다.\n폭구조는? 참고로 정답 변경은 오류 신고 5회 이상일 경우 수정합니다.",
      "options": [
        "내압 방폭구조",
        "압력 방폭구조 [오류 신고 내용]",
        "유입 방폭구조 염화팔라듐지 - CO - 흑색",
        "본질안전 방폭구조 연당지 - H2S - 회흑색"
      ],
      "answer": null,
      "explanation": ""
    },
    {
      "no": 82,
      "question": "안전밸브 전단·후단에 자물쇠형 또는 이에 준하는 형식의\n을 통해서 외부의 폭발성 가스·증기에 인화되지 않도록 한 구조\n차단밸브 설치를 할 수 있는 경우에 해당하지 않는 것은?\n를 말한다.",
      "options": [
        "자동압력조절밸브와 안전밸브 등이 직렬로 연결된 경우",
        "화학설비 및 그 부속설비에 안전밸브 등이 복수방식으로",
        "열팽창에 의하여 상승된 압력을 낮추기 위한 목적으로",
        "인접한 화학설비 및 그 부속설비에 안전밸브 등이 각각"
      ],
      "answer": null,
      "explanation": ""
    },
    {
      "no": 1,
      "question": "자동압력조절밸브와 안전밸브 등이 병렬로 연결된 경우\n'본질안전 방폭구조'는 정상작동 및 고장상태에서 발생한 불꽃이\n[해설작성자 : Xpow]\n나 고온부분이 해당 폭발성 가스‧분진 분위기에 점화를 발생시\n킬 수 없는 회로를 말한다..정의에서 확인할 수 있듯이 고장상태",
      "options": [],
      "answer": null,
      "explanation": ""
    },
    {
      "no": 83,
      "question": "압축하면 폭발할 위험성이 높아 아세톤 등에 용해시켜 다공\n에서도 점화를 일으킬 수 없는 본질적으로 안전한 방폭구조라고\n성 물질과 함께 저장하는 물질은?\n간략하게 이해할 수 있다.",
      "options": [
        "염소 ② 아세틸렌",
        "에탄 ④ 수소"
      ],
      "answer": null,
      "explanation": ""
    },
    {
      "no": 1,
      "question": "내압 방폭구조 => 내부압력. 기호 Ex d\n아세톤: 아세틸렌의 용제",
      "options": [],
      "answer": null,
      "explanation": ""
    },
    {
      "no": 2,
      "question": "압력 방폭구조 => 외부압력. 기호 Ex p\n[해설작성자 : 조휘릭]",
      "options": [],
      "answer": null,
      "explanation": ""
    },
    {
      "no": 3,
      "question": "유입 방포구조 => 기름으로 보호. 기호 Ex o",
      "options": [],
      "answer": null,
      "explanation": ""
    },
    {
      "no": 4,
      "question": "본질안전 방폭구조 => Intrinsically Safe, Ex i\n\"아세\"톤은 \"아세\"틸렌과 친구 --->로 암기\n[해설작성자 : 벤치마킹]\n기출문제 해설은 최강 자격증 기출문제 전자문제집 CBT : www.comcbt.com 통해서 실시간으로 변경됩니다.\n본 해설집은 최강 자격증 기출문제 전자문제집 CBT 해설달기 프로젝트에 의해서 만들어진 자료입니다. 해설을 제공해 주신 모든 분들께 감사 드립니다.\n산업안전기사 ◐ 2021년 03월 07일 필기 기출문제 및 해설집◑ 전자문제집 CBT :www.comcbt.com\n[해설작성자 : 죄송합니다] 존재하거나, 제어할 수 없을 정도의 양 및 두께의 분진층이 형\n성될 수 있는 장소를 말한다.",
      "options": [],
      "answer": null,
      "explanation": ""
    },
    {
      "no": 84,
      "question": "산업안전보건법령상 대상 설비에 설치된 안전밸브에 대해서\n- \"21종장소\"이란 20종 장소외의 장소로서, 분진운 형태의 가연\n는 경우에 따라 구분된 검사주기마다 안전밸브가 적정하게\n성 분진이 폭발농도를 형성할 정도의 충분한 양이 정상작동 중\n작동하는지 검사하여야 한다. 화학공정 유체와 안전밸브의\n에 존재할 수 있는 장소를 말한다.\n디스크 또는 시트가 직접 접촉될 수 있도록 설치된 경우의\n- \"22종장소\"이란 21종 장소외의 장소로서, 가연성 분진운 형태\n검사주기로 옳은 것은?(24년 09월 19일 변경된 기준 적용\n가 드물게 발생 또는 단기간 존재할 우려가 있거나, 이상작동\n됨)\n상태 하에서 가연성 분진운이 형성될 수 있는 장소를 말한다.",
      "options": [
        "매년 1회 이상",
        "2년마다 1회 이상",
        "3년마다 1회 이상",
        "4년마다 1회 이상"
      ],
      "answer": null,
      "explanation": ""
    },
    {
      "no": 87,
      "question": "Li과 Na에 관한 설명으로 틀린 것은?\n24년 9월19일자로 변경",
      "options": [
        "두 금속 모두 실온에서 자연발화의 위험성이 있으므로",
        "두 금속은 물과 반응하여 수소기체를 발생한다."
      ],
      "answer": null,
      "explanation": ""
    },
    {
      "no": 1,
      "question": "화학공정 유체와 안전밸브의 디스크 또는 시트가 직접 접촉 ③ Li은 비중 값이 물보다 작다.\n될 수 있도록 설치된 경우: 2년마다 1회 이상 ④ Na는 은백색의 무른 금속이다.\n<문제 해설>",
      "options": [
        "Li은 비중 값이 물보다 작다.",
        "Na는 은백색의 무른 금속이다."
      ],
      "answer": null,
      "explanation": ""
    },
    {
      "no": 85,
      "question": "위험물을 산업안전보건법령에서 정한 기준량 이상으로 제조\n-(리튬은 실온 자연발화라기 보다는 특정 조건이 필요하지만)두\n하거나 취급하는 설비로서 특수화학설비에 해당되는 것은?\n금속 모두 실온에서 자연발화의 위험성이 있습니다.",
      "options": [
        "가열시켜 주는 물질의 온도가 가열되는 위험물질의 분해",
        "상온에서 게이지 압력으로 200kPa의 압력으로 운전되는",
        "대기압 하에서 300℃로 운전되는 설비",
        "흡열반응이 행하여지는 반응설비"
      ],
      "answer": null,
      "explanation": ""
    },
    {
      "no": 1,
      "question": "발열반응이 일어나는 반응장치\n아래와 같은 오류 신고가 있었습니다.",
      "options": [],
      "answer": null,
      "explanation": ""
    },
    {
      "no": 2,
      "question": "증류·정류·증발·추출 등 분리를 하는 장치\n여러분들의 많은 의견 부탁 드립니다.",
      "options": [],
      "answer": null,
      "explanation": ""
    },
    {
      "no": 3,
      "question": "가열시켜 주는 물질의 온도가 가열되는 위험물질의 분해온도\n추후 여러분들의 의견을 반영하여 정답을 수정하도록 하겠습니\n또는 발화점보다 높은 상태에서 운전되는 설비\n다.",
      "options": [],
      "answer": null,
      "explanation": ""
    },
    {
      "no": 4,
      "question": "반응폭주 등 이상 화학반응에 의하여 위험물질이 발생할 우\n참고로 정답 변경은 오류 신고 5회 이상일 경우 수정합니다.\n려가 있는 설비",
      "options": [],
      "answer": null,
      "explanation": ""
    },
    {
      "no": 5,
      "question": "온도가 섭씨 350도 이상이거나 게이지 압력이 980킬로파스\n[오류 신고 내용]\n칼 이상인 상태에서 운전되는 설비\n[해설 오류]",
      "options": [],
      "answer": null,
      "explanation": ""
    },
    {
      "no": 6,
      "question": "가열로 또는 가열기\n리튬도 미네랄 오일이나 케로신에 넣어 보관합니다.\n[해설작성자 : 윤서아빠]",
      "options": [],
      "answer": null,
      "explanation": ""
    },
    {
      "no": 88,
      "question": "다음 중 누설 발화형 폭발재해의 예방 대책으로 가장 거리",
      "options": [],
      "answer": null,
      "explanation": ""
    },
    {
      "no": 86,
      "question": "산업안전보건법령상 다음 내용에 해당하는 폭발위험장소는?\n가 먼 것은?",
      "options": [
        "발화원 관리",
        "밸브의 오동작 방지",
        "가연성 가스의 연소",
        "누설물질의 검지 경보",
        "21종 장소 ② 22종 장소",
        "0종 장소 ④ 1종 장소",
        "공비증류 ② 추출증류 과산화수소 : 제6류 위험물",
        "가압증류 ④ 감압증류 과산화벤조일 : 제5류 위험물"
      ],
      "answer": null,
      "explanation": ""
    },
    {
      "no": 93,
      "question": "다음 중 질식소화에 해당하는 것은?\n추가) 휘발성이 낮은 용제를 사용할 경우 - 추출증류, 휘발성이",
      "options": [
        "가연성 기체의 분출화재시 주 밸브를 닫는다.",
        "가연성 기체의 연쇄반응을 차단하여 소화한다.",
        "연료 탱크를 냉각하여 가연성 가스의 발생속도를 작게"
      ],
      "answer": null,
      "explanation": ""
    },
    {
      "no": 90,
      "question": "다음 중 인화점에 관한 설명으로 옳은 것은? 한다.",
      "options": [
        "액체의 표면에서 발생한 증기농도가 공기중에서 연소하 ④ 연소하고 있는 가연물이 존재하는 장소를 기계적으로 폐",
        "액체의 표면에서 발생한 증기농도가 공기중에서 연소상 <문제 해설>",
        "액체의 표면에서 발생한 증기농도가 공기 중에서 연소하 2. 가연성 기체의 연쇄반응을 차단하여 소화한다: 억제 소화",
        "액체의 표면에서 발생한 증기농도가 공기 중에서 연소상 냉각소화"
      ],
      "answer": null,
      "explanation": ""
    },
    {
      "no": 94,
      "question": "산업안전보건기준에 관한 규칙에서 정한 위험물질의 종류에\n[해설작성자 : 토티]\n서 “물반응성 물질 및 인화성 고체”에 해당하는 것은?",
      "options": [],
      "answer": null,
      "explanation": ""
    },
    {
      "no": 91,
      "question": "분진폭발의 특징에 관한 설명으로 옳은 것은?",
      "options": [
        "질산에스테르류",
        "가스폭발보다 발생에너지가 작다. ② 니트로화합물",
        "폭발압력과 연소속도는 가스폭발보다 크다. ③ 칼륨·나트륨",
        "입자의 크기, 부유성 등이 분진폭발에 영향을 준다. ④ 니트로소화합물",
        "불완전연소로 인한 가스중독의 위험성은 작다. <문제 해설>"
      ],
      "answer": null,
      "explanation": ""
    },
    {
      "no": 95,
      "question": "공기 중 아세톤의 농도가 200ppm(TLV 500ppm), 메틸에틸\n[해설작성자 : 닥터김]\n케톤(MEK)의 농도가 100ppm(TLV 200ppm)일 때 혼합물질",
      "options": [],
      "answer": null,
      "explanation": ""
    },
    {
      "no": 92,
      "question": "위험물안전관리법령상 제1류 위험물에 해당하는 것은? 의 허용농도(ppm)는? (단, 두 물질은 서로 상가작용을 하는",
      "options": [
        "과염소산나트륨 것으로 가정한다.)",
        "과염소산 ① 150 ② 200",
        "과산화수소 ③ 270 ④ 333",
        "과산화벤조일 <문제 해설>"
      ],
      "answer": null,
      "explanation": ""
    },
    {
      "no": 96,
      "question": "다음 중 분진이 발화 폭발하기 위한 조건으로 거리가 먼 것\n은?\nE=1/2 CV2 = 1/2 QV",
      "options": [
        "불연성질 ② 미분상태",
        "점화원의 존재 ④ 산소 공급"
      ],
      "answer": null,
      "explanation": ""
    },
    {
      "no": 1,
      "question": "불연성질:불연은 불이 안 붙는것 99. 공기 중에서 A 물질의 폭발하한계가 4vol%, 상한계가\n[해설작성자 : bbuqqu] 75vol%라면 이 물질의 위험도는?",
      "options": [
        "16.75 ② 17.75"
      ],
      "answer": null,
      "explanation": ""
    },
    {
      "no": 97,
      "question": "다음 중 폭발한계(vol%)의 범위가 가장 넓은 것은?\n③ 18.75 ④ 19.75",
      "options": [
        "18.75 ④ 19.75",
        "메탄 ② 부탄",
        "톨루엔 ④ 아세틸렌",
        "elbow ② reducer",
        "plug ④ valve"
      ],
      "answer": null,
      "explanation": ""
    },
    {
      "no": 35,
      "question": "7의 위험도를 가짐. 분기용관이음, 분기구조물 및 레듀서는 원칙적으로 이송기지 또\n는 전용부지 내에 설치할 것\n참고로, 아세틸렌의 위험도는 31.4 ! [해설작성자 : 윤서결]\n[해설작성자 : 금쪽이]\n6과목 : 건설안전기술",
      "options": [],
      "answer": null,
      "explanation": ""
    },
    {
      "no": 98,
      "question": "다음 중 최소발화에너지(E[J])를 구하는 식으로 옳은 것은?\n(단, I는 전류[A], R은 저항[Ω], V는 전압[V], C는 콘덴서 101. 다음 중 지하수위 측정에 사용되는 계측기는? (문제 오류\n용량[F], T는 시간[초]이라 한다.) 로 가답안 발표시 4번으로 발표되었지만 확정 답안 발표시",
      "options": [
        "E = I R T 모두 정답처리 되었습니다. 여기서는 가답안인 4번을 누르",
        "① Load Cell ② Inclinometer",
        "Extensometer ④ Piezometer",
        "지하수위계 : water level meter",
        "기출문제 해설은 최강 자격증 기출문제 전자문제집 CBT : www.comcbt.com 통해서 실시간으로 변경됩니다."
      ],
      "answer": null,
      "explanation": ""
    },
    {
      "no": 1,
      "question": "Load cell (하중계) <문제 해설>",
      "options": [],
      "answer": null,
      "explanation": ""
    },
    {
      "no": 2,
      "question": "Inclinometer (경사계) 파이프 서포트를 이어서 사용하는 경우",
      "options": [],
      "answer": null,
      "explanation": ""
    },
    {
      "no": 3,
      "question": "Extensometer (신장계) 4개이상의 볼트 또는 전용철물을 사용하여 이을 것.\n[해설작성자 : 윤서아빠] [해설작성자 : comcbt.com 이용자]",
      "options": [],
      "answer": null,
      "explanation": ""
    },
    {
      "no": 102,
      "question": "이동식비계를 조립하여 작업을 하는 경우에 준수하여야 할 105. 가설통로를 설치하는 경우 준수하여야 할 기준으로 옳지\n기준으로 옳지 않은 것은? 않은 것은?",
      "options": [
        "승강용사다리는 견고하게 설치할 것 ① 경사는 30° 이하로 할 것",
        "비계의 최상부에서 작업을 하는 경우에는 안전난간을 설 ② 경사가 15°를 초과하는 경우에는 미끄러지지 아니하는",
        "작업발판의 최대적재하중은 400kg을 초과하지 않도록 ③ 추락할 위험이 있는 장소에는 안전난간을 설치할 것",
        "수직갱에 가설된 통로의 길이가 15m 이상인 경우에는",
        "작업발판은 항상 수평을 유지하고 작업발판 위에서 안전 7m 이내마다 계단참을 설치할 것"
      ],
      "answer": null,
      "explanation": ""
    },
    {
      "no": 103,
      "question": "터널 지보공을 조립하거나 변경하는 경우에 조치하여야 하 106. 사면 보호 공법 중 구조물에 의한 보호 공법에 해당되지\n는 사항으로 옳지 않은 것은? 않는 것은?",
      "options": [
        "목재의 터널 지보공은 그 터널 지보공의 각 부재에 작용 ① 블럭공",
        "식생구멍공",
        "돌쌓기공",
        "강(鋼)아치 지보공의 조립은 연결볼트 및 띠장 등을 사용 ④ 현장타설 콘크리트 격자공",
        "기둥에는 침하를 방지하기 위하여 받침목을 사용하는 등 사면 보호 공법 : 불안정한 흙비탈면을 식생과 토목구조물을 시",
        "주재(主材)를 구성하는 1세트의 부재는 동일 평면 내에 #2.식생구멍공 : 식물을 사면,경사면상에 초목이 무성하게 자라"
      ],
      "answer": null,
      "explanation": ""
    },
    {
      "no": 2,
      "question": "목재의 터널 지보공은 그 터널 지보공의 각 부재의 긴압 정 용 2번 돌이용 3번 콘크리트 이용\n도가 \"균등\"하게 되도록 할 것 식생구멍공 - 경사면에 나무를 심어 뿌리가 뻣어나가 흙을 잡아\n줘서 경사면의 붕괴 침식을 방지한다\n따라서 1번 보기는 틀린 답 입니다 [해설작성자 : 보라매 오키토키]\n[해설작성자 : 기사가쥬아]",
      "options": [],
      "answer": null,
      "explanation": ""
    },
    {
      "no": 107,
      "question": "안전계수가 4이고 2000MPa의 인장강도를 갖는 강선의 최",
      "options": [],
      "answer": null,
      "explanation": ""
    },
    {
      "no": 104,
      "question": "거푸집동바리 등을 조립하는 경우에 준수하여야 하는 기준 대허용응력은?\n으로 옳지 않은 것은?",
      "options": [
        "500MPa ② 1000MPa",
        "동바리로 사용하는 파이프 서포트를 이어서 사용하는 경 ③ 1500MPa ④ 2000MPa",
        "동바리로 사용하는 강관은 높이 2m이내마다 수평연결재 4 = 2000 / ?",
        "깔목의 사용, 콘크리트 타설, 말뚝박기 등 동바리의 침하 [해설작성자 : 호호]"
      ],
      "answer": null,
      "explanation": ""
    },
    {
      "no": 108,
      "question": "터널공사의 전기발파작업에 관한 설명으로 옳지 않은 것\n④ 동바리로 사용하는 파이프 서포트를 3개 이상 이어서 사\n은?\n용하지 않도록 할 것",
      "options": [
        "동바리로 사용하는 파이프 서포트를 3개 이상 이어서 사",
        "전선은 점화하기 전에 화약류를 충진한 장소로부터 30m",
        "재료, 기구 또는 공구 등을 올리거나 내리는 경우에는",
        "점화는 충분한 허용량을 갖는 발파기를 사용하고 규정된 것",
        "낙하·충격에 의한 돌발적 재해를 방지하기 위하여 버팀",
        "발파 후 발파기와 발파모선의 연결을 유지한 채 그 단부 목을 설치하고 거푸집동바리 등을 인양장비에 매단 후에",
        "점화는 선임된 발파책임자가 행하고 발파기의 핸들을 점 ③ 비, 눈, 그 밖의 기상상태의 불안정으로 날씨가 몹시 나",
        "해당 작업을 하는 구역에는 관계 근로자가 아닌 사람의"
      ],
      "answer": null,
      "explanation": ""
    },
    {
      "no": 3,
      "question": "발파 후 즉시 발파모선을 발파기로부터 분리하고 그 단부를 <문제 해설>\n절연시킨 후 재점화가 되지 않도록 할것 제336조(조립 등 작업 시의 준수사항)\n[해설작성자 : 오스카]",
      "options": [
        "사업주는 기둥ㆍ보ㆍ벽체ㆍ슬라브 등의 거푸집동바리등을 조"
      ],
      "answer": null,
      "explanation": ""
    },
    {
      "no": 109,
      "question": "화물을 적재하는 경우의 준수사항으로 옳지 않은 것은?\n준수하여야 한다.",
      "options": [
        "침하 우려가 없는 튼튼한 기반 위에 적재할 것"
      ],
      "answer": null,
      "explanation": ""
    },
    {
      "no": 3,
      "question": "재료, 기구 또는 공구 등을 올리거나 내리는 경우에는 근로자\n② 건물의 칸막이나 벽 등이 화물의 압력에 견딜 만큼의 강\n로 하여금 달줄ㆍ달포대 등을 \"사용하도록\" 할 것\n도를 지니지 아니한 경우에는 칸막이나 벽에 기대어 적\n따라서 1번 보기는 옳지 않음\n재하지 않도록 할 것\n[해설작성자 : 기사가쥬아]\n③ 불안정한 정도로 높이 쌓아 올리지 말 것\n④ 하중을 한쪽으로 치우치더라도 화물을 최대한 효율적으 112. 강관을 사용하여 비계를 구성하는 경우 준수하여야 할 기\n로 적재할 것 준으로 옳지 않은 것은?\n<문제 해설>",
      "options": [
        "건물의 칸막이나 벽 등이 화물의 압력에 견딜 만큼의 강",
        "불안정한 정도로 높이 쌓아 올리지 말 것",
        "하중을 한쪽으로 치우치더라도 화물을 최대한 효율적으 112. 강관을 사용하여 비계를 구성하는 경우 준수하여야 할 기",
        "비계기둥의 간격은 띠장 방향에서는 1.85m이하, 장선(長"
      ],
      "answer": null,
      "explanation": ""
    },
    {
      "no": 4,
      "question": "하중이 한쪽으로 치우치치 않도록 쌓을것 線) 방향에서는 1.5m 이하로 할 것\n(편하중이 생기지 않도록 적재) ② 띠장 간격은 2.0m 이하로 할 것\n[해설작성자 : 오스카] ③ 비계기둥의 제일 윗부분으로부터 31m 되는 지점 밑부분\n의 비계기둥은 3개의 강관으로 묶어 세울 것",
      "options": [
        "띠장 간격은 2.0m 이하로 할 것",
        "비계기둥의 제일 윗부분으로부터 31m 되는 지점 밑부분"
      ],
      "answer": null,
      "explanation": ""
    },
    {
      "no": 110,
      "question": "발파구간 인접구조물에 대한 피해 및 손상을 예방하기 위\n④ 비계기둥 간의 적재하중은 400kg을 초과하지 않도록 할\n한 건물기초에서의 허용진동치(cm/sec) 기준으로 옳지 않\n것\n은 것은? (단, 기존 구조물에 금이 가 있거나 노후구조물\n<문제 해설>\n대상일 경우 등은 고려하지 않는다.)(관련 규정 개정전 문\n비계기둥의 제일 윗부분으로부터 31m 되는 지점 밑부분의 비계\n제로 여기서는 기존 정답인 4번을 누르면 정답 처리됩니\n기둥은 2개의 강관으로 묶어 세운다.\n다. 자세한 내용은 해설을 참고하세요.)\n[해설작성자 : 보디빌더]",
      "options": [
        "비계기둥 간의 적재하중은 400kg을 초과하지 않도록 할",
        "문화재 : 0.2cm/sec",
        "주택, 아파트 : 0.5cm/sec 113. 지하수위 상승으로 포화된 사질토 지반의 액상화 현상을",
        "상가 : 1.0cm/sec 방지하기 위한 가장 직접적이고 효과적인 대책은?",
        "철골콘크리트 빌딩 : 0.8 ~ 1.0cm/sec ① well point 공법 적용",
        "동다짐 공법 적용",
        "입도가 불량한 재료를 입도가 양호한 재료로 치환",
        "밀도를 증가시켜 한계간극비 이하로 상대밀도를 유지하"
      ],
      "answer": null,
      "explanation": ""
    },
    {
      "no": 111,
      "question": "거푸집동바리 등을 조립 또는 해체하는 작업을 하는 경우\n강해 적용이 어려운 단점이 있다.\n의 준수사항으로 옳지 않은 것은?\n[해설작성자 : 기사가쥬아]\n기출문제 해설은 최강 자격증 기출문제 전자문제집 CBT : www.comcbt.com 통해서 실시간으로 변경됩니다.\n본 해설집은 최강 자격증 기출문제 전자문제집 CBT 해설달기 프로젝트에 의해서 만들어진 자료입니다. 해설을 제공해 주신 모든 분들께 감사 드립니다.\n산업안전기사 ◐ 2021년 03월 07일 필기 기출문제 및 해설집◑ 전자문제집 CBT :www.comcbt.com",
      "options": [],
      "answer": null,
      "explanation": ""
    },
    {
      "no": 1,
      "question": "풍속이 초당 10m 이상인 경우\n지하 수위 상승으로 포화된 사질토 지반의 액상화 현상 : 보일 2. 강우량이 시간당 1mm 이상인 경우\n링 3. 강설양이 시간당 1cm 이상인 경우\n[해설작성자 : 태연내꺼]\n즉, 4번이 해당하지 않음",
      "options": [],
      "answer": null,
      "explanation": ""
    },
    {
      "no": 114,
      "question": "크레인 등 건설장비의 가공전선로 접근 시 안전대책으로\n[해설작성자 : 킴세2]\n옳지 않은 것은?",
      "options": [
        "안전 이격거리를 유지하고 작업한다. 117. 차량계 건설기계를 사용하여 작업을 하는 경우 작업계획서",
        "장비를 가공전선로 밑에 보관한다. 내용에 포함되지 않는 사항은?",
        "장비의 조립, 준비 시부터 가공전선로에 대한 감전 방지 ① 사용하는 차량계 건설기계의 종류 및 성능",
        "차량계 건설기계의 운행경로",
        "장비 사용 현장의 장애물, 위험물 등을 점검 후 작업계 ③ 차량계 건설기계에 의한 작업방법",
        "차량계 건설기계 사용 시 유도자 배치 위치"
      ],
      "answer": null,
      "explanation": ""
    },
    {
      "no": 115,
      "question": "흙의 투수계수에 영향을 주는 인자에 관한 설명으로 옳지\n고용노동부 점검 시 차량계 및 하역운반계 작업계획서 점검 시\n않은 것은?\n유도자/작업지휘자 등의 위치를 표기하라는 권고도 있습니다.",
      "options": [
        "포화도 : 포화도가 클수록 투수계수도 크다.",
        "공극비 : 공극비가 클수록 투수계수는 작다. 118. 유해위험방지계획서를 고용노동부장관에게 제출하고 심사",
        "유체의 점성계수 : 점성계수가 클수록 투수계수는 작다. 를 받아야 하는 대상 건설공사 기준으로 옳지 않은 것은?",
        "유체의 밀도 : 유체의 밀도가 클수록 투수계수는 크다. ① 최대 지간길이가 50m 이상인 다리의 건설등 공사",
        "지상높이 25m 이상인 건축물 또는 인공구조물의 건설등",
        "깊이 10m 이상인 굴착공사",
        "다목적댐, 발전용댐, 저수용량 2천만톤 이상의 용수 전용"
      ],
      "answer": null,
      "explanation": ""
    },
    {
      "no": 119,
      "question": "공사진척에 따른 공정율이 다음과 같을 때 안전관리비 사\n용기준으로 옳은 것은? (단, 공정율은 기성공정율을 기준\n- 포화도 : 흙 안에 물 비율이 높아지면 물이 잘 통과하기 때문\n으로 함)\n에 투수계수↑\n- 공극비 : 말 그대로 빈 공간. 빈 공간이 커질수록 물이 잘 통\n과하기 때문에 투수계수↑",
      "options": [
        "50퍼센트 이상 ② 60퍼센트 이상",
        "70퍼센트 이상 ④ 80퍼센트 이상"
      ],
      "answer": null,
      "explanation": ""
    },
    {
      "no": 116,
      "question": "산업안전보건법령에서 규정하는 철골작업을 중지하여야 하 [해설작성자 : 윤서아빠]\n는 기후조건에 해당하지 않는 것은?",
      "options": [],
      "answer": null,
      "explanation": ""
    },
    {
      "no": 120,
      "question": "미리 작업장소의 지형 및 지반상태 등에 적합한 제한속도",
      "options": [
        "풍속이 초당 10m 이상인 경우",
        "강우량이 시간당 1mm 이상인 경우",
        "최대 제한 속도가 10km/h 이하",
        "강설량이 시간당 1cm 이상인 경우",
        "최대 제한 속도가 20km/h 이하",
        "기온이 영하 5℃ 이하인 경우",
        "최대 제한 속도가 30km/h 이하",
        "최대 제한 속도가 40km/h 이하",
        "사업주는 차량계 하역운반기계,",
        "사업주는 궤도작업차량을 사용하는 작업, 입환기로 입환작업",
        "운전자는 제1항과 제2항에 따른 제한속도를 초과하여 운전해",
        "④ ① ④ ③ ② ③ ③ ④ ④",
        "② ① ② ③ ① ② ② ① ②",
        "③ ④ ③ ② ② ④ ① ① ④",
        "② ① ③ ① ② ④ ② ② ①",
        "④ ④ ④ ③ ② ① ① ② ④",
        "① ④ ② ② ② ① ① ④ ①",
        "② ① ③ ④ ② ① ③ ④ ①",
        "④ ① ④ ④ ③ ③ ④ ③ ①",
        "① ② ② ① ① ① ③ ① ③",
        "① ④ ③ ④ ① ④ ③ ② ②",
        "③ ① ① ④ ② ① ③ ④ ④",
        "③ ① ② ② ④ ④ ② ③ ①"
      ],
      "answer": null,
      "explanation": ""
    }
  ]
}