{
  "title": "산업안전기사20180428(해설집) (2).pdf",
  "questions": [
    {
      "no": 1,
      "question": "6~12명의 구성원으로 타인의 비판 없이 자유로운 토론을 통\n[해설작성자 : 현딩]\n하여 다량의 독창적인 아이디어를 이끌어내고, 대안적 해결안\n을 찾기 위한 집단적 사고기법은?(관련 규정 개정전 문제로",
      "options": [],
      "answer": null,
      "explanation": ""
    },
    {
      "no": 4,
      "question": "재해통계에 있어 강도율이 2.0 인 경우에 대한 설명으로 옳\n여기서는 기존 정답인 2번을 누르면 정답 처리됩니다. 자세\n은 것은?\n한 내용은 해설을 참고하세요.)",
      "options": [
        "한 건의 재해로 인해 전제 작업비용의 2.0%에 해당하는",
        "Role playing ② Brain storming",
        "Action playing ④ Fish Bowl playing",
        "근로자 1000명당 2.0건의 재해가 발생하였다.",
        "근로시간 1000시간당 2.0건의 재해가 발생하였다.",
        "근로시간 1000시간당 2.0일의 근로손실이 발생하였다."
      ],
      "answer": null,
      "explanation": ""
    },
    {
      "no": 2,
      "question": "재해의 발생형태 중 다음 그림이 나타내는 것은?\n및 일반관리에 관한 사항은 제외한다.)(관련 규정 개정전 문\n제로 여기서는 기존 정답인 1번을 누르면 정답 처리됩니다.\n자세한 내용은 해설을 참고하세요.)",
      "options": [
        "산업재해보상보험 제도에 관한 사항",
        "산업보건 및 직업병 예방에 관한 사항",
        "유해ㆍ위험 작업환경 관리에 관한 사항",
        "표준안전작업방법 및 지도 요령에 관한 사항",
        "1단순연쇄형 ② 2복합연쇄형 관리감독자 정기안전-보건교육",
        "단순자극형 ④ 복합형 1. 작업공정의 유해,위험과 재해예방대책에 관한 사항"
      ],
      "answer": null,
      "explanation": ""
    },
    {
      "no": 1,
      "question": "단순 자극형(집중형) : 재해발생의 원인이 여러가지가 상호작 3. 관리감독자의 역할과 임무에 관한 사항\n용하지 않고 한가지가 독립적으로 작용한 형태를 말한다. 4. 산업보건 및 직업병예방에 관한 사항",
      "options": [],
      "answer": null,
      "explanation": ""
    },
    {
      "no": 5,
      "question": "유해,위험 작업환경관리에 관한 사항",
      "options": [],
      "answer": null,
      "explanation": ""
    },
    {
      "no": 2,
      "question": "연쇄형 : 어느 하나의 요소가 원인이 되어 다른 요인을 발생 6. [산업안전보건법]및 일반관리에 관한 사항\n시키고 이것이 또다른 요소를 연쇄적으로 발생시키는 형태, 즉 [해설작성자 : 별비]\n연쇄적인 작용으로 재해를 일으키는 형태이다.\n2019년 12월 법 전면 개정으로 인해 산재보상보험제도에 관한",
      "options": [],
      "answer": null,
      "explanation": ""
    },
    {
      "no": 3,
      "question": "복합형 : 집중형과 연쇄형의 복합적인 형태로 대부분 단순한 사항도 정기 교육에 포함되었습니다.\n자극적 요인으로 시작되어 연쇄요인으로 진행 확대되고 결합하 답 없습니다.\n여 하나의 복합된 사고원인을 형성, 재해를 일으킨다..대부분의 [해설작성자 : 기묘]\n경우 재해발생은 복합형으로 일어난다고 볼수 있다.\n[해설작성자 : 예띠] 6. Off JT(Off the Job Training)의 특징으로 옳은 것은?",
      "options": [
        "훈련에만 전념할 수 있다."
      ],
      "answer": null,
      "explanation": ""
    },
    {
      "no": 3,
      "question": "산업안전보건법령상 근로자에 대한 일반건강진단의 실시 시 ② 상호신뢰 및 이해도가 높아진다.\n기 기준으로 옳은 것은? ③ 개개인에게 적절한 지도훈련이 가능하다.",
      "options": [
        "상호신뢰 및 이해도가 높아진다.",
        "개개인에게 적절한 지도훈련이 가능하다.",
        "사무직에 종사하는 근로자 : 1년에 1회 이상 ④ 직장의 실정에 맞게 실제적 훈련이 가능하다.",
        "사무직에 종사하는 근로자 : 2년에 1회 이상 <문제 해설>",
        "사무직외의 업무에 종사하는 근로자 : 6월에 1회 이상 Off the Job Training : 직능별 등 공통되는 대상자를 직장 외의",
        "사무직외의 업무에 종사하는 근로자 : 2년에 1회 이상 회의장에 모아서 집합교육하는 방법이다..이 방법은 체계적이기"
      ],
      "answer": null,
      "explanation": ""
    },
    {
      "no": 10,
      "question": "재해발생의 직접원인 중 불안전한 상태가 아닌 것은?",
      "options": [],
      "answer": null,
      "explanation": ""
    },
    {
      "no": 1,
      "question": "다수의 근로자에게 조직적 훈련 시행이 가능하다.",
      "options": [
        "불안전한 인양"
      ],
      "answer": null,
      "explanation": ""
    },
    {
      "no": 2,
      "question": "훈련에만 전념하게 된다.\n② 부적절한 보호구",
      "options": [
        "부적절한 보호구"
      ],
      "answer": null,
      "explanation": ""
    },
    {
      "no": 3,
      "question": "전문가를 강사로 초빙하는 것이 가능하다.\n③ 결함 있는 기계설비",
      "options": [
        "결함 있는 기계설비"
      ],
      "answer": null,
      "explanation": ""
    },
    {
      "no": 4,
      "question": "특별한 설비나 기구를 이용하는 것이 가능하다.\n④ 불안전한 방호장치",
      "options": [
        "불안전한 방호장치"
      ],
      "answer": null,
      "explanation": ""
    },
    {
      "no": 5,
      "question": "교육훈련 목표에 대하여 집단적 노력이 흐트러질 수도 있다.\n<문제 해설>\n[해설작성자 : 별비]\n* 직접원인",
      "options": [],
      "answer": null,
      "explanation": ""
    },
    {
      "no": 7,
      "question": "산업안전보건법령상 안전ㆍ보건표지의 종류 중 다음 안전ㆍ 1)지식의 부족 2)기능의 미숙 3)태도의 불량 4)인적실수\n보건 표지의 명칭은?\n* 간접원인(환경적인 원인)\n1) 기술적원인 2)교육적 원인 3) 작업관리상 원인 4)정신적 원\n인 5)신체적인 원인\n[해설작성자 : 똔똔이]\n부적절한 보호구, 결함있는 기계설비, 불안전한 방호장치 : 불안\n전한 상태",
      "options": [
        "화물적재금지 ② 차량통행금지",
        "물체이동금지 ④ 화물출입금지"
      ],
      "answer": null,
      "explanation": ""
    },
    {
      "no": 8,
      "question": "AE형 안전모에 있어 내전압성 이란 최대 몇 V 이하의 전압에\n견디는 것을 말하는가?",
      "options": [],
      "answer": null,
      "explanation": ""
    },
    {
      "no": 11,
      "question": "매슬로우(Maslow)의 욕구단계 이론 중 제2단계 욕구에 해",
      "options": [
        "750 ② 1000",
        "3000 ④ 7000",
        "자아실현의 욕구",
        "안전에 대한 욕구",
        "사회적 욕구",
        "생리적 욕구"
      ],
      "answer": null,
      "explanation": ""
    },
    {
      "no": 9,
      "question": "안전점검의 종류 중 태풍, 폭우 등에 의한 침수, 지진 등의\n3단계 사회적 욕구\n천재지변이 발생한 경우나 이상사태 발생 시 관리자나 감독\n4단계 존경 욕구\n자가 기계ㆍ기구, 설비 등의 기능상 이상 유무에 대하여 점검\n5단계 자아실현의 욕구\n하는 것은?",
      "options": [
        "일상점검 ② 정기점검"
      ],
      "answer": null,
      "explanation": ""
    },
    {
      "no": 12,
      "question": "대뇌의 human error로 인한 착오요인이 아닌 것은?\n③ 특별점검 ④ 수시점검",
      "options": [
        "특별점검 ④ 수시점검",
        "인지과정 착오 ② 조치과정 착오",
        "판단과정 착오 ④ 행동과정 착오"
      ],
      "answer": null,
      "explanation": ""
    },
    {
      "no": 1,
      "question": "인지과정착오\n시 점검",
      "options": [],
      "answer": null,
      "explanation": ""
    },
    {
      "no": 2,
      "question": "조치과정착오",
      "options": [],
      "answer": null,
      "explanation": ""
    },
    {
      "no": 3,
      "question": "판단과정착오\n@ 특별점검 - 태풍, 폭우 등에 의한 침수, 지진 등의 천재지변",
      "options": [],
      "answer": null,
      "explanation": ""
    },
    {
      "no": 4,
      "question": "행동과정착오는 유먼에러의 분뷰방식중 하나입니다.\n이 발생한 경우나 이상사태 발생 시 관리자나 감독자가 기계ㆍ\n[해설작성자 : 전북인력개발원2018-216호]\n기구, 설비 등 기능상 이상유무에 관한 점검\n[해설작성자 : 15대장 밥성관]\n기출문제 해설은 최강 자격증 기출문제 전자문제집 CBT : www.comcbt.com 통해서 실시간으로 변경됩니다.\n본 해설집은 최강 자격증 기출문제 전자문제집 CBT 해설달기 프로젝트에 의해서 만들어진 자료입니다. 해설을 제공해 주신 모든 분들께 감사 드립니다.\n산업안전기사 ◐ 2018년 04월 28일 필기 기출문제 및 해설집◑ 전자문제집 CBT :www.comcbt.com\n*휴먼에러의 착오 요인 러므로 2X7500 이 됩니다!",
      "options": [],
      "answer": null,
      "explanation": ""
    },
    {
      "no": 1,
      "question": "인지과정 착오 요인 : 정보량 저장의 한계, 감각 차단현장, [해설작성자 : 띠꾸리비루디]\n정서적 불안정, 생리/심리적 능력의 한계",
      "options": [],
      "answer": null,
      "explanation": ""
    },
    {
      "no": 16,
      "question": "교육심리학의 기본이론 중 학습지도의 원리가 아닌 것은?",
      "options": [],
      "answer": null,
      "explanation": ""
    },
    {
      "no": 2,
      "question": "판단과정 착오 요인 : 자기합리화, 능력부족, 정보부족, 자기",
      "options": [
        "직관의 원리 ② 개별화의 원리",
        "계속성의 원리 ④ 사회화의 원리"
      ],
      "answer": null,
      "explanation": ""
    },
    {
      "no": 3,
      "question": "조작과정 착오 요인 : 기능미숙, 경험부족, 피로\n<문제 해설>",
      "options": [],
      "answer": null,
      "explanation": ""
    },
    {
      "no": 4,
      "question": "심리적, 기타요인 : 불안, 공포, 과로, 수면부족 등\n학습지도의원리\n[해설작성자 : 해설 첨 달아봄]\n자기활동의원리/개별화의원리/사회화의원리/통합의원리/직관의원\n리",
      "options": [],
      "answer": null,
      "explanation": ""
    },
    {
      "no": 4,
      "question": "행동과정착오는 휴먼에러의 분류방식 중 하나입니다.\n[해설작성자 : 전북인력개발원2018-216호]\n[해설작성자 : 블래키와 피카츄]",
      "options": [],
      "answer": null,
      "explanation": ""
    },
    {
      "no": 13,
      "question": "주의의 수준이 Phase 0 인 상태에서의 의식상태로 옳은 것 학습지도의 원리\n은? 자기활동의 원리 : 학습자 스스로 학습에 참여해야 한다는 원리",
      "options": [
        "무의식 상태 ② 의식의 이완 상태 개별화의 원리 : 학습자에게 요구되는 능력에 맞도록 교육해야",
        "명료한 상태 ④ 과긴장 상태 한다는 원리"
      ],
      "answer": null,
      "explanation": ""
    },
    {
      "no": 0,
      "question": "무의식 원리",
      "options": [],
      "answer": null,
      "explanation": ""
    },
    {
      "no": 1,
      "question": "의식불명 통합의 원리 : 학습을 종합적으로 지도하는 것으로 학습자의 능",
      "options": [],
      "answer": null,
      "explanation": ""
    },
    {
      "no": 2,
      "question": "정상 이완 력을 조화롭게 발달시키는 원리",
      "options": [],
      "answer": null,
      "explanation": ""
    },
    {
      "no": 3,
      "question": "정상 명쾌 직관의 원리 : 구체적인 사물을 제시하거나 경험 등을 통해 학",
      "options": [],
      "answer": null,
      "explanation": ""
    },
    {
      "no": 4,
      "question": "과긴장상태 습효과를 거둘 수 있는 원리\n[해설작성자 : 무] [해설작성자 : 한번 읽고가셔유]",
      "options": [],
      "answer": null,
      "explanation": ""
    },
    {
      "no": 14,
      "question": "생체리듬의 변화에 대한 설명으로 틀린 것은? 17. 안전보건교육 계획에 포함하여야 할 사항이 아닌 것은?",
      "options": [
        "야간에는 체중이 감소한다. ① 교육의 종류 및 대상",
        "야간에는 말초운동 기능 저하된다. ② 교육의 과목 및 내용",
        "체온, 혈압, 맥박수는 주간에 상승하고 야간에 감소한다. ③ 교육장소 및 방법",
        "혈액의 수분과 염분량은 주간에 증가하고 야간에 감소한 ④ 교육지도안"
      ],
      "answer": null,
      "explanation": ""
    },
    {
      "no": 15,
      "question": "어떤 사업장의 상시근로자 1000명이 작업 중 2명 사망자와 18. 인간관계의 매커니즘 중 다른 사람의 행동양식이나 태도를\n의사진단에 의한 휴업일수 90일 손실을 가져온 경우의 강도 투입시키거나 다른 사람 가운데서 자기와 비슷한 것을 발견\n율은? (단, 1일 8시간, 연 300일 근무) 하는 것은?",
      "options": [
        "7.32 ② 6.28 ① 동일화 ② 일체화",
        "8.12 ④ 5.92 ③ 투사 ④ 공감"
      ],
      "answer": null,
      "explanation": ""
    },
    {
      "no": 19,
      "question": "유기화합물용 방독마스크 시험가스의 종류가 아닌 것은?\nFTA가 정량적 분석을 제공하지만, 최소 컷셋을 통한 복합한 시",
      "options": [
        "염소가스 또는 증기",
        "시클로헥산",
        "디메틸에테르",
        "이소부탄"
      ],
      "answer": null,
      "explanation": ""
    },
    {
      "no": 20,
      "question": "Line-Staff형 안전보건관리조직에 관한 특징이 아닌 것은?\n것은?",
      "options": [
        "조직원 전원을 자율적으로 안전활동에 참여시킬 수 있",
        "신호 대 배경의 휘도대비가 작을 때는 백색신호가 효과",
        "스탭의 월권행위의 경우가 있으며 라인스탭에 의존 또는",
        "광원의 노출시간이 1초보다 작으면 광속발산도는 작아야",
        "생산부문은 안전에 대한 책임과 권한이 없다.",
        "표적의 크기가 커짐에 따라 광도의 역치가 안정되는 노",
        "명령계통과 조언 권고적 참여가 혼동되기 쉽다.",
        "배경광 중 점멸 잡음광의 비율이 10%이상이면 점멸등은"
      ],
      "answer": null,
      "explanation": ""
    },
    {
      "no": 3,
      "question": "안전입안 계획 평가조사는 스텝에서, 생산기술의 안전대책은\n<문제 해설>\n라인에서 실시하므로\n점멸 잡음광의 비율이 1/10(10%)이상이면 상점등을 신호로 사\n안전활동과 생산업무가 균형을 유지할수있다.\n용하는것이 더효과적이다\n[해설작성자 : 전북인력개발원2018-216호]\n[해설작성자 : noul]\n생산부문은 안전에 대한 책임과 권한이 없다 -> staff형 안전조",
      "options": [],
      "answer": null,
      "explanation": ""
    },
    {
      "no": 1,
      "question": "적색\n직의 특징",
      "options": [],
      "answer": null,
      "explanation": ""
    },
    {
      "no": 2,
      "question": "커져야\n[해설작성자 : 디디]",
      "options": [],
      "answer": null,
      "explanation": ""
    },
    {
      "no": 3,
      "question": "감소\n[해설작성자 : NONAME]\n2과목 : 인간공학 및 시스템안전공학\n신호 대 배경의 휘도대비가 클 때 백색신호가 효과적",
      "options": [],
      "answer": null,
      "explanation": ""
    },
    {
      "no": 21,
      "question": "사업장에서 인간공학의 적용분야로 가장 거리가 먼 것은?\n광원의 노출시간이 1초보다 작으면 광속발산도는 커야 한다.",
      "options": [
        "제품설계 ② 설비의 고장률",
        "재해ㆍ질병 예방 ④ 장비ㆍ공구ㆍ설비의 배치"
      ],
      "answer": null,
      "explanation": ""
    },
    {
      "no": 2,
      "question": "설비의고장률- 시스템안전공학\n푸아송확률분포= 설비의 고장과 같이 특정시간 또는 구간에어떤",
      "options": [],
      "answer": null,
      "explanation": ""
    },
    {
      "no": 24,
      "question": "인간이 기계와 비교하여 정보처리 및 결정의 측면에서 상대\n사건의 발생확률이 적은 경우, 그 사건의 발생횟수를 측정하는\n적으로 우수한 것은? (단, 인공지능은 제외한다.)\n데 적합한 분포",
      "options": [
        "연역적 추리 ② 정량적 정보처리",
        "관찰을 통한 일반화 ④ 정보의 신속한 보관"
      ],
      "answer": null,
      "explanation": ""
    },
    {
      "no": 22,
      "question": "결함수분석법(FTA)의 특징으로 볼 수 없는 것은?\n[해설작성자 : 뇌피셜 폭격기]",
      "options": [
        "Top Down 형식",
        "특정사상에 대한 해석"
      ],
      "answer": null,
      "explanation": ""
    },
    {
      "no": 3,
      "question": "관찰을 통한 일반화 -> 귀납적 사고\n③ 정성적 해석의 불가능\n④ 논리기호를 사용한 해석",
      "options": [
        "정성적 해석의 불가능",
        "논리기호를 사용한 해석"
      ],
      "answer": null,
      "explanation": ""
    },
    {
      "no": 25,
      "question": "제한된 실내 공간에서 소음문제의 음원에 관한 대책이 아닌\n<문제 해설>\n것은?\nFTA가 연역/정량적인 해석방법이지만 정성적 분석까지도 일부",
      "options": [
        "저소음 기계로 대체한다.",
        "소음 발생원을 밀폐한다.",
        "방음 보호구를 착용한다. AI(명료도지수), PSIL(음성간섭수준), PNC(선호소음판단 기준곡",
        "소음 발생원을 제거한다. 선)"
      ],
      "answer": null,
      "explanation": ""
    },
    {
      "no": 28,
      "question": "A 회사에서는 새로운 기계를 설계하면서 레버를 위로 올리\n닌 사람?에 대한 대책임.\n면 압력이 올라가도록 하고, 오른쪽 스위치를 눌렀을 때 오\n[해설작성자 : 대략쓰]\n른쪽 전등이 커지도록 하였다면, 이것은 각각 어떤 유형의",
      "options": [],
      "answer": null,
      "explanation": ""
    },
    {
      "no": 26,
      "question": "인간실수확률에 대한 추정기법으로 가장 적절하지 않은 것 양립성을 고려한 것인가?\n은?",
      "options": [
        "레버 – 공간양립성, 스위치 - 개념양립성",
        "CIT(Critical Incident Technique) : 위급사건기법 ② 레버 – 운동양립성, 스위치 - 개념양립성",
        "FMEA(Failure Mode and Effect Analysis) : 고장형태 ③ 레버 – 개념양립성, 스위치 - 운동양립성",
        "레버 – 운동양립성, 스위치 - 공간양립성",
        "TCRAM(Task Criticality Rating Analysis Method) : 직무 <문제 해설>",
        "THERP(Technique for Human Error Rate Prediction) : 운동양립성-체계반응의 운동방향의 양립성"
      ],
      "answer": null,
      "explanation": ""
    },
    {
      "no": 27,
      "question": "음성통신에 있어 소음환경과 관련하여 성격이 다른 지수는?\n[해설작성자 : 낼 시험]",
      "options": [
        "AI(Articulation Index) : 명료도 지수",
        "MAA(Minimum Audible Angle) : 최소가청 각도 29. 압력 B 과 B 의 어느 한쪽이 일어나면 출력 A가 생기는 경",
        "PSIL(Preferred-Octave Speech Interference Level) : 우를 논리합의 관계라 한다. 이때 입력과 출력 사이에는 무",
        "PNC(Preferred Noise Criteria Curves) : 선호 소음판단 ① OR 게이트 ② 억제 게이트",
        "AND 게이트 ④ 부정 게이트"
      ],
      "answer": null,
      "explanation": ""
    },
    {
      "no": 30,
      "question": "다음의 FT도에서 사상 A의 발생 확률 값은?\n[해설작성자 : 전북인력개발원2018-216호]\nMAA는 소리를 잘 들을 수 있어야 하는 환경에서 필요한 사항입\n니다.\n[해설작성자 : 뇌피셜 폭격기]\n최소가청 움직임 음원 궤도 함수로서의 각도 : MAMA(Minimum\nAudible Movement Angle)\n[수화자의 청각신호 인지도를 확인하는 통화이해도에 대한 척\n도]",
      "options": [
        "게이트 기호가 OR이므로 0.012",
        "게이트 기호가 AND이므로 0.012 기능이 작동되어 재해를 방지할 수 있는 기구",
        "게이트 기호가 OR이므로 0.552 [해설작성자 : 모두다 화이팅!]",
        "게이트 기호가 AND이므로 0.552"
      ],
      "answer": null,
      "explanation": ""
    },
    {
      "no": 33,
      "question": "FMEA에서 고장 평점을 결정하는 5가지 평가요소에 해당하\n<문제 해설>\n지 않는 것은?\nOR게이트 이며 확률은 1-(1-0.3)(1-0.2)(1-0.2)",
      "options": [
        "생산능력의 범위",
        "고장발생의 빈도"
      ],
      "answer": null,
      "explanation": ""
    },
    {
      "no": 31,
      "question": "작업공간의 포락면(包絡面)에 대한 설명으로 맞는 것은? ③ 고장방지의 가능성",
      "options": [
        "고장방지의 가능성",
        "개인이 그 안에서 일하는 일차원 공간이다. ④ 영향을 미치는 시스템의 범위",
        "작업복 등은 포락면에 영향을 미치지 않는다. <문제 해설>",
        "가장 작은 포락면은 몸통을 움직이는 공간이다. fmea 5가지 평가요소",
        "작업의 성질에 따라 포락면의 경계가 달라진다. 기능적고장영향의 중요도"
      ],
      "answer": null,
      "explanation": ""
    },
    {
      "no": 2,
      "question": "사람이 몸을 앞으로 구부리거나 구부리지 않고 도달할 수 있 신규설계의 정도\n는 전방의 3차원공간으로 Reach envelpoe 개념. [해설작성자 : 전북인력개발원2018-216호]",
      "options": [],
      "answer": null,
      "explanation": ""
    },
    {
      "no": 3,
      "question": "수평 작업면 영역에서 팔을 뻗치는 동작에 의한 도달영역으",
      "options": [],
      "answer": null,
      "explanation": ""
    },
    {
      "no": 34,
      "question": "어떤 소리가 1000Hz, 60dB 인 음과 같은 높이임에도 4배\n로 정상작업역과 최대작업역이 있음\n더 크게 들린다면, 이 소리의 음압수준은 얼마인가?",
      "options": [],
      "answer": null,
      "explanation": ""
    },
    {
      "no": 4,
      "question": "정상작업역 : 상완을 자연스럽게 몸에 붙인 채로 전완을 움직",
      "options": [
        "70dB ② 80dB",
        "90dB ④ 100dB"
      ],
      "answer": null,
      "explanation": ""
    },
    {
      "no": 5,
      "question": "최대작업역 : 어깨에서부터 팔을 뻗쳐 도달하는 최대영역\n<문제 해설>",
      "options": [],
      "answer": null,
      "explanation": ""
    },
    {
      "no": 6,
      "question": "일반적으로 즉걱적, 혹은 빈번하게 취급해야 하는 물건은 정\n음이10dB 증가할때 소리는 2배 더크게 들린다.\n상 작업역 안에 위치해야 하고\n소리가 4배크게 들리면 20dB 증가함\n그렇지 않은 물건들은 최대 작업역 안에 위치하면 됨.\n[해설작성자 : 다니엘]\n[해설작성자 : 김온지]",
      "options": [],
      "answer": null,
      "explanation": ""
    },
    {
      "no": 32,
      "question": "안전교육을 받지 못한 신입직원이 작업 중 전극을 반대로 다른방식\n끼우려고 시도했으나, 플러그의 모양이 반대로 끼울 수 없 1000Hz 60dB이므로 60phon=4sone, 4sone보다 4배 크게 들\n도록 설계되어 있어서 사고를 예방할 수 있었다. 작업자가 린음이므로 16sone=2^4sone=2^((x-40)/10)\n범한 오류와 이와 같은 사고 예방을 위해 적용된 안전설계 4=(x-40)/10, x=80phon이고 1000Hz이므로, 즉 80dB\n원칙으로 가장 적합한 것은? [해설작성자 : 공부한다!]",
      "options": [
        "누락(omission) 오류, fail safe 설계원칙"
      ],
      "answer": null,
      "explanation": ""
    },
    {
      "no": 35,
      "question": "작업장 배치 시 유의사항으로 적절하지 않은 것은?\n② 누락(omission) 오류, fool proof 설계원칙",
      "options": [
        "누락(omission) 오류, fool proof 설계원칙",
        "작업의 흐름에 따라 기계를 배치한다.",
        "작위(commission) 오류, fail safe 설계원칙",
        "생산효율 증대를 위해 기계설비 주위에 재료나 반제품을",
        "작위(commission) 오류, fool proof 설계원칙",
        "공장내외는 안전한 통로를 두어야 하며, 통로는 선을 그",
        "비상시에 쉽게 대비할 수 있는 통로를 마련하고 사고 진"
      ],
      "answer": null,
      "explanation": ""
    },
    {
      "no": 1,
      "question": "인간이나 기계의 흐름의 라인화\n도 기계설비나 그 부품은 안전쪽으로 작동하게 설계하는 안전",
      "options": [],
      "answer": null,
      "explanation": ""
    },
    {
      "no": 2,
      "question": "기계 배치의 집중화\n설계의 기법",
      "options": [],
      "answer": null,
      "explanation": ""
    },
    {
      "no": 3,
      "question": "중복의 배제\n[해설작성자 : 연기되서 빡침]",
      "options": [],
      "answer": null,
      "explanation": ""
    },
    {
      "no": 4,
      "question": "운반작업의 기계화\n[해설작성자 : 기사콜렉터입니다]\n페일세이프: 기계가 고장이 나도 항상 안전하게 작동하는 구조\n와 기능을 추구하는 본질적 안전",
      "options": [],
      "answer": null,
      "explanation": ""
    },
    {
      "no": 36,
      "question": "시스템의 수명 및 신뢰성에 관한 설명으로 틀린 것은?\n풀프루프: 작업자가 기계를 잘못 취급을 해도 기계설비의 안전",
      "options": [
        "병렬설계 및 디레이팅 기술로 시스템의 신뢰성을 증가시",
        "제1항에 따라 공단에서 실시하는 관련교육은 다음 각 호와",
        "직렬시스템에서는 부품들 중 최소 수명을 갖는 부품에 같다.",
        "수리가 가능한 시스템의 평균수명(MTBF)은 평균 고장율 과정",
        "수리가 불가능한 구성요소로 병렬구조를 갖는 설비는 중 [해설작성자 : jjj]",
        "사업주는 계획서를 작성할 때에 다음 각 호의"
      ],
      "answer": null,
      "explanation": ""
    },
    {
      "no": 37,
      "question": "스트레스에 반응하는 신체의 변화로 맞는 것은?\n관련교육을 20시간 이상 이수한 사람 중 1명 이상을 포함시켜야",
      "options": [
        "혈소판이나 혈액응고 인자가 증가한다.",
        "더 많은 산소를 얻기 위해 호흡이 느려진다.",
        "중요한 장기인 뇌ㆍ심장ㆍ근육으로 가는 혈류가 감소한"
      ],
      "answer": null,
      "explanation": ""
    },
    {
      "no": 1,
      "question": "기계, 재료, 화학, 전기·전자, 안전관리 또는 환경분야 기술사\n다.\n자격을 취득한 사람\n④ 상황 판단과 빠른 행동 대응을 위해 감각기관은 매우 둔",
      "options": [
        "상황 판단과 빠른 행동 대응을 위해 감각기관은 매우 둔"
      ],
      "answer": null,
      "explanation": ""
    },
    {
      "no": 2,
      "question": "기계안전·전기안전·화공안전분야의 산업안전지도사 또는 산업\n감해진다.\n보건지도사 자격을 취득한 사람\n<문제 해설>",
      "options": [],
      "answer": null,
      "explanation": ""
    },
    {
      "no": 3,
      "question": "제1호 관련분야 기사 자격을 취득한 사람으로서 해당 분야에\n스트레스 상태에서는 혈액을 응고시키는 혈소판이 과도하게 만\n서 3년 이상 근무한 경력이 있는 사람\n들어 지게 된다.",
      "options": [],
      "answer": null,
      "explanation": ""
    },
    {
      "no": 4,
      "question": "제1호 관련분야 산업기사 자격을 취득한 사람으로서 해당 분\n이로 인해 혈전 등이 발생될 수 있고 심근경색 등의 질환이 생\n야에서 5년 이상 근무한 경력이 있는 사람\n길 확률이 높아진다.",
      "options": [],
      "answer": null,
      "explanation": ""
    },
    {
      "no": 5,
      "question": "「고등교육법」에 따른 대학 및 산업대학(이공계 학과에 한정\n[해설작성자 : 디디]\n한다)을 졸업한 후 해당 분야에서 5년 이상 근무한 경력이 있는\n사람 또는 「고등교육법」에 따른 전문대학(이공계 학과에 한정",
      "options": [],
      "answer": null,
      "explanation": ""
    },
    {
      "no": 38,
      "question": "산업안전보건법령에 따라 제조업 등 유해ㆍ위험 방지계획서\n한다)을 졸업한 후 해당 분야에서 7년 이상 근무한 경력이 있는\n를 작성하고자 할 때 관련 규정에 따라 1명 이상 포함시켜\n사람\n야 하는 사람의 자격으로 적합하지 않은 것은?",
      "options": [],
      "answer": null,
      "explanation": ""
    },
    {
      "no": 6,
      "question": "「초·중등교육법」에 따른 전문계 고등학교 또는 이와 같은",
      "options": [
        "한국산업안전보건공단이 실시하는 관련교육을 8시간 이",
        "기계, 재료, 화학, 전기, 전자, 안전관리 또는 환경분야",
        "관련분야 기사 자격을 취득한 사람으로서 해당 분야에서",
        "기계안전, 전기안전, 화공안전분야의 산업안전지도사 또"
      ],
      "answer": null,
      "explanation": ""
    },
    {
      "no": 39,
      "question": "다음 그림과 같은 직ㆍ병렬 시스템의 신뢰도는? (단, 병렬\n각 구성요소의 신뢰도는 R이고, 직렬 구성요소의 신뢰도는",
      "options": [
        "사업주는 보고서를 작성할 때 다음 각 호의 자격을 갖춘자"
      ],
      "answer": null,
      "explanation": ""
    },
    {
      "no": 1,
      "question": "기계, 금속, 화공, 전기, 안전관리, 산업보건관리, 산업위생\n또는 환경분야 기술사 자격을 취득한 자",
      "options": [],
      "answer": null,
      "explanation": ""
    },
    {
      "no": 2,
      "question": "기계, 전기, 화공안전 등 산업안전지도사 또는 산업위생지도\n사 자격을 취득한 자",
      "options": [],
      "answer": null,
      "explanation": ""
    },
    {
      "no": 3,
      "question": "제1호 관련분야 기사 자격을 취득한 자로서 해당 분야에서 5",
      "options": [
        "MR3 ② R2(1-MR)",
        "M(R2+R)-1 ④ M(2R-R2)"
      ],
      "answer": null,
      "explanation": ""
    },
    {
      "no": 4,
      "question": "제1호 관련분야 산업기사 자격을 취득한 자로서 해당 분야에 <문제 해설>\n서 7년 이상 근무한 경력이 있는 자 [1-(1-R)(1-R)]*M = [1-(1-2R+R2)]*M\nM(1-1+2R-R2) = M(2R-R2)\n기출문제 해설은 최강 자격증 기출문제 전자문제집 CBT : www.comcbt.com 통해서 실시간으로 변경됩니다.\n본 해설집은 최강 자격증 기출문제 전자문제집 CBT 해설달기 프로젝트에 의해서 만들어진 자료입니다. 해설을 제공해 주신 모든 분들께 감사 드립니다.\n산업안전기사 ◐ 2018년 04월 28일 필기 기출문제 및 해설집◑ 전자문제집 CBT :www.comcbt.com\n[해설작성자 : lucia]",
      "options": [],
      "answer": null,
      "explanation": ""
    },
    {
      "no": 42,
      "question": "다음 중 산업안전보건법령상 아세틸렌 가스용접장치에 관한",
      "options": [],
      "answer": null,
      "explanation": ""
    },
    {
      "no": 40,
      "question": "현재 시험문제와 같이 4지택일형 문제의 정보량은 얼마인 기준으로 틀린 것은?\n가?",
      "options": [
        "전용의 발생기실은 건물의 최상층에 위치하여야 하며,",
        "2bit ② 4bit 화기를 사용하는 설비로부터 1m를 초과하는 장소에 설",
        "2byte ④ 4byte 치하여야 한다.",
        "전용의 발생기실을 옥외에 설치한 경우에는 그 개구부를",
        "아세틸렌 용접장치를 사용하여 금속의 용접ㆍ용단 또는",
        "4가지중 1가지를 선택할 확률 각각1/4 N=4 다.",
        "H= =log4=2[bit] ④ 전용의 발생기실을 설치하는 경우 벽은 불연성 재료로"
      ],
      "answer": null,
      "explanation": ""
    },
    {
      "no": 43,
      "question": "다음 중 포터블 벨트 컨베이어(potable belt conveyor)의 안\n1,2,3,4 번의 선택지를 선택할 수 있는 정보량은 2bit로 해결할\n전 사항과 관련한 설명으로 옳지 않은 것은?\n수 있음",
      "options": [
        "포터블 벨트 컨베이어의 차륜간의 거리는 전도 위험이",
        "기복장치는 포터블 벨트 컨베이어의 옆면에서만 조작하",
        "포터블 벨트 컨베이어를 사용하는 경우는 차륜을 고정하",
        "전동식 포터블 벨트 컨베이어를 이동하는 경우는 먼저"
      ],
      "answer": null,
      "explanation": ""
    },
    {
      "no": 44,
      "question": "사람이 작업하는 기계장치에서 작업자가 실수를 하거나 오\n조작을 하여도 안전하게 유지되게 하는 안전설계방법은?\n3과목 : 기계위험방지기술",
      "options": [
        "Fail Safe ② 다중계화",
        "Fool proof ④ Back up"
      ],
      "answer": null,
      "explanation": ""
    },
    {
      "no": 41,
      "question": "연삭숫돌의 상부를 사용하는 것을 목적으로 하는 탁상용 연\n<문제 해설>\n삭기에서 안전덮개의 노출부위 각도는 몇 ° 이내이어야 하\nFool proof\n는가?\n바보같은 행동을 방지한다는 뜻으로 사용자가 비록 잘못된 조작",
      "options": [
        "90° 이내 ② 75° 이내",
        "60° 이내 ④ 105° 이내"
      ],
      "answer": null,
      "explanation": ""
    },
    {
      "no": 45,
      "question": "질량 100kg의 화물이 와이어로프에 매달려 2m/s2 의 가속\n[해설작성자 : 디디]\n도로 권상되고 있다. 이때 와이어로프에 작용하는 장력의\n크기는 몇 N인가? (단, 여기서 중력가속도는 10m/s2 로 한\n[추가 해설]\n다.)\n윗분들 보강",
      "options": [
        "200N ② 300N",
        "1200N ④ 2000N",
        "과부하방지장치 작동 시 경보음과 경보램프가 작동되어",
        "외함의 전선 접촉부분은 고무 등으로 밀폐되어 물과 먼"
      ],
      "answer": null,
      "explanation": ""
    },
    {
      "no": 46,
      "question": "광전자식 방호장치의 광선에 신체의 일부가 감지된 후로부\n③ 과부하방지장치와 타 방호장치는 기능에 서로 장애를 주\n터 급정지기구가 작동개시 하기까지의 시간이 40ms이고,\n지 않도록 부착할 수 있는 구조이어야 한다.\n광축의 최소설치거리(안전거리)가 200mm일 때 급정지기구\n④ 방호장치의 기능을 제거하더라도 양중기는 원활하게 작\n가 작동개시한 때로부터 프레스기의 슬라이드가 정지될 때\n동시킬 수 있는 구조이여야 한다.\n까지의 시간은 약 몇 ms인가?\n<문제 해설>",
      "options": [
        "과부하방지장치와 타 방호장치는 기능에 서로 장애를 주",
        "방호장치의 기능을 제거하더라도 양중기는 원활하게 작",
        "60ms ② 85ms",
        "105ms ④ 130ms",
        "D=1.6(T +T) 으로 배출하기 위한 장치로 볼 수 없는 것은?",
        "200=1.6(40+T) ① 피더 ② 키커",
        "T = (200/1.6)-40=85[m/s] ③ 이젝터 ④ 공기 분사 장치"
      ],
      "answer": null,
      "explanation": ""
    },
    {
      "no": 0,
      "question": "2=1.6(0.04+X) => 0.125=0.04+X => 0.085=X(초), 85ms 송급한다..-> 피더, 슬라이딩 다이\n[해설작성자 : 도량형] 제품 및 스크랩이 금형에 부착되는 것을 방지한다 -> 플런저,\n키커핀",
      "options": [],
      "answer": null,
      "explanation": ""
    },
    {
      "no": 47,
      "question": "방사선 투과검사에서 투과사진의 상질을 점검할 때 확인해\n재료 및 스크랩을 자동적으로 위험한계 밖으로 배출한다 -> 공\n야 할 항목으로 거리가 먼 것은?\n기분사장치, 키커, 이젝터",
      "options": [
        "투과도계의 식별도",
        "시험부의 사진농도 범위",
        "계조계의 값",
        "주파수의 크기"
      ],
      "answer": null,
      "explanation": ""
    },
    {
      "no": 50,
      "question": "용접장치에서 안전기의 설치 기준에 관한 설명으로 옳지 않\n[방사선 투과검사에서 투과사진의 상질을 점검할 때 확인해야 은 것은?\n할 항목]",
      "options": [
        "아세틸렌 용접장치에 대하여는 일반적으로 각 취관마다",
        "아세틸렌 용접장치의 안전기는 가스용기와 발생기가 분",
        "가스집합 용접장치에서는 주관 및 분기관에 안전기를 설 신체 일부 안전 도모",
        "가스집합 용접장치의 안전기 설치는 화기사용설비로부터 어당기는 기구"
      ],
      "answer": null,
      "explanation": ""
    },
    {
      "no": 51,
      "question": "산업안전보건법상 보일러의 안전한 가동을 위하여 보일러\n접근하는 신체부위를 안전한 위치로 되돌리는 것(프레스기의 수\n규격에 맞는 압력방출장치가 2개 이상 설치된 경우에 최고\n인식, 손쳐내기식 등의 안전장치)\n사용압력 이하에서 1개가 작동되고, 다른 압력방출장치는\n[해설작성자 : 디디]\n최고 사용압력의 몇 배 이하에서 작동되도록 부착하여야 하\n는가?\n격리형: 아예 벽을 쳐버림",
      "options": [
        "1.03배 ② 1.05배",
        "1.2배 ④ 1.5배"
      ],
      "answer": null,
      "explanation": ""
    },
    {
      "no": 52,
      "question": "밀링작업에서 주의해야 할 사항으로 옳지 않은 것은?",
      "options": [
        "과부하방지장치",
        "보안경을 쓴다.",
        "압력방출장치",
        "일감 절삭 중 치수를 측정한다.",
        "압력제한스위치",
        "커터에 옷이 감기지 않게 한다.",
        "고저수위조절장치",
        "커터는 될 수 있는 한 컬럼에 가깝게 설치한다."
      ],
      "answer": null,
      "explanation": ""
    },
    {
      "no": 53,
      "question": "작업자의 신체부위가 위험한계 내로 접근하였을 때 기계적\n과부하방지장치는 flue gas fan의 motor 에 들어갈 기능이며\n인 작용에 의하여 접근을 못하도록 하는 방호장치는?\nmotor 손상으로 보일러 사용이 불가해질 수 있는 상황을 방지하",
      "options": [
        "위치제한형 방호장치",
        "접근거부형 방호장치",
        "접근반응형 방호장치",
        "감지형 방호장치",
        "순간적 외력에 의한 파손"
      ],
      "answer": null,
      "explanation": ""
    },
    {
      "no": 55,
      "question": "산업안전보건법령에 따라 프레스 등을 사용하여 작업을 하\n<문제 해설>\n는 경우 작업시작 전 점검사항과 거리가 먼 것은?",
      "options": [],
      "answer": null,
      "explanation": ""
    },
    {
      "no": 4,
      "question": "순간적 외력에 의한 파손 = 우발 고장",
      "options": [
        "전단기의 칼날 및 테이블의 상태",
        "프레스의 금형 및 고정 볼트 상태",
        "슬라이드 또는 칼날에 의한 위험방지 기구의 기능 59. 와이어로프 호칭이 '6×19'라고 할 때 숫자 '6'이 의미하는",
        "전자밸브, 압력조정밸브 기타 공압 계통의 이상 유무 것은?",
        "소선의 지름(mm)",
        "소선의 수량(wire수)"
      ],
      "answer": null,
      "explanation": ""
    },
    {
      "no": 1,
      "question": "클레치 및 브레이크 기능 ③ 꼬임의 수량(strand수)",
      "options": [
        "꼬임의 수량(strand수)"
      ],
      "answer": null,
      "explanation": ""
    },
    {
      "no": 2,
      "question": "크랭크축, 플라이 휠, 슬라이드, 연결 봉 및 연결 나사의 볼 ④ 로프의 최대인장강도(MPa)\n트 풀림 유무 <문제 해설>",
      "options": [
        "로프의 최대인장강도(MPa)"
      ],
      "answer": null,
      "explanation": ""
    },
    {
      "no": 3,
      "question": "1행정 1정지 기구, 급정지 장치 및 비상 정지 장치의 기능 A X B",
      "options": [],
      "answer": null,
      "explanation": ""
    },
    {
      "no": 4,
      "question": "슬라이드 또는 칼날에 의한 위험 방지 기구의 기능 B : B개의 소선으로 스트랜드를 만듦",
      "options": [],
      "answer": null,
      "explanation": ""
    },
    {
      "no": 5,
      "question": "프레스의 금형 및 고정 볼트 상태 A : 스트랜드 수",
      "options": [],
      "answer": null,
      "explanation": ""
    },
    {
      "no": 6,
      "question": "당해 방호 장치의 기능 [해설작성자 : ㄱㅈㅂㄱ]",
      "options": [],
      "answer": null,
      "explanation": ""
    },
    {
      "no": 7,
      "question": "전단기의 칼날 및 테이블의 상태\n[해설작성자 : 부자아빠] 6 x Fi (24) x IWRC B종 20mm\n6 로프의 구성(strand 수)",
      "options": [],
      "answer": null,
      "explanation": ""
    },
    {
      "no": 56,
      "question": "숫돌 바깥지름이 150mm일 경우 평형 플랜지의 지름은 최\nFi S 스트랜드형 W 워링톤형 Fi 필러형 Ws 워링톤사일형\n소 몇 mm 이상이어야 하는 가?\n24 strand 구성 소선수",
      "options": [
        "25mm ② 50mm",
        "75mm ④ 100mm",
        "연삭숫돌의 고정법 : 플랜지는 연삭숫돌 지름의 1/3 크기"
      ],
      "answer": null,
      "explanation": ""
    },
    {
      "no": 57,
      "question": "다음 중 아세틸렌 용접장치에서 역화의 원인으로 가장 거리\n[해설작성자 : 해내보자 안전기사자격증]\n가 먼 것은?",
      "options": [
        "아세틸렌의 공급 과다"
      ],
      "answer": null,
      "explanation": ""
    },
    {
      "no": 60,
      "question": "목재가공용 둥근톱에서 안전을 위해 요구되는 구조로 옳지\n② 토치 성능의 부실\n않은 것은?\n③ 압력조정기의 고장",
      "options": [
        "토치 성능의 부실",
        "압력조정기의 고장",
        "톱날은 어떤 경우에도 외부에 노출되지 않고 덮개가 덮",
        "토치 팁에 이물질이 묻은 경우",
        "작업 중 근로자의 부주의에도 신체의 일부가 날에 접촉",
        "덮개 및 지지부는 경량이면서 충분한 강도를 가져야 하",
        "덮개의 가동부는 원활하게 상하로 움직일 수 있고 좌우"
      ],
      "answer": null,
      "explanation": ""
    },
    {
      "no": 1,
      "question": "덮개 및 지지부는 중량이며 충분한 강도가 있어야 한다.\n[해설작성자 : 디디]",
      "options": [],
      "answer": null,
      "explanation": ""
    },
    {
      "no": 2,
      "question": "외부에서 힘을 가했을 때 쉽게 회전되지 않게 설계한다.",
      "options": [],
      "answer": null,
      "explanation": ""
    },
    {
      "no": 58,
      "question": "설비의 고장형태를 크게 초기고장, 우발고장, 마모고장으로\n-방호장치 자율안전기준 고시 [별표5] 목재가공용 덮개 및 분할\n구분할 때 다음 중 마모고장과 가장 거리가 먼 것은?\n날 성능기준",
      "options": [
        "부품, 부재의 마모",
        "열화에 생기는 고장",
        "부품, 부재의 반복피로"
      ],
      "answer": null,
      "explanation": ""
    },
    {
      "no": 61,
      "question": "전기기기의 충격 전압시험 시 사용하는 표준충격파형(T, T)\nf t\n은?\n[추가 해설]",
      "options": [
        "1.2×50μs ② 1.2×100μs",
        "2.4×50μs ④ 2.4×100μs"
      ],
      "answer": null,
      "explanation": ""
    },
    {
      "no": 1,
      "question": "2×50μs 에서\nV=Q*k/R=1*9*10^9/6367*10^3=1414V (k=9*10^9 쿨롱상수)",
      "options": [],
      "answer": null,
      "explanation": ""
    },
    {
      "no": 1,
      "question": "2 는 파두장을 나타내고 50μs 는 파미장을 나타냅니다.\n[해설작성자 : 쿨롱상수로도 계산 가능]\n[해설작성자 : 빡고수박교수]\n1/(4ㅠ*8.855*10^-12*6367000 = 1411.453973 = 1414V\nTf : 파형이 최고 전압에 도달하는 시간 (기준 1.2us)\n[해설작성자 : 루피]\nTt : 최고 전압에서 50%까지 감소되는 시간(기준 50us)\n[해설작성자 : KGW] 65. 감전사고로 인한 전격사의 메카니즘으로 가장 거리가 먼 것\n은?",
      "options": [],
      "answer": null,
      "explanation": ""
    },
    {
      "no": 62,
      "question": "심실세동 전류란?",
      "options": [
        "흉부수축에 의한 질식",
        "최소 감지전류 ② 치사적 전류",
        "심실세동에 의한 혈액순환기능의 상실",
        "고통 한계전류 ④ 마비 한계전류",
        "내장파열에 의한 소화기계통의 기능상실",
        "호흡중추신경 마비에 따른 호흡기능 상실"
      ],
      "answer": null,
      "explanation": ""
    },
    {
      "no": 1,
      "question": "훙부수축에 의한 질식\n다..이 전류를 심실세동전류라고 하며, 이 상태는 대단히 위험해",
      "options": [],
      "answer": null,
      "explanation": ""
    },
    {
      "no": 2,
      "question": "심실세동에 의한 혈액순환기능의 상실\n서 사망하는 일이 많다.",
      "options": [],
      "answer": null,
      "explanation": ""
    },
    {
      "no": 3,
      "question": "호흡중추신경 마비에 따른 호흡기능 상실\n[해설작성자 : 예띠]\n[해설작성자 : ^~^]\n심실세동 전류 : 심장박동 불규칙으로 심장마비를 일으켜 수분 66. 조명기구를 사용함에 따라 작업면의 조도가 점차적으로 감\n내 사망할 수 있는 전류치(치사전류) 소되어가는 원인으로 가장 거리가 먼 것은?\n[해설작성자 : 시험반]",
      "options": [
        "점등 광원의 노화로 인한 광속의 감소",
        "조명기구에 붙은 먼지, 오물, 반사면의 변질에 의한 광속"
      ],
      "answer": null,
      "explanation": ""
    },
    {
      "no": 63,
      "question": "인체의 전기저항을 0.5kΩ이라고 하면 심실세동을 일으키는\n흡수율 감소\n위험한계 에너지는 몇 J인가? (단, 심실세동전류값\n③ 실내 반사면에 붙은 먼지, 오물, 반사면의 화학적 변질에\n의한 광속 반사율 감소\n④ 공급전압과 광원의 정격전압의 차이에서 오는 광속의 감\n의 Dalziel의 식을 이용하며, 통전시간\n소\n은 1초로 한다.) <문제 해설>",
      "options": [
        "실내 반사면에 붙은 먼지, 오물, 반사면의 화학적 변질에",
        "공급전압과 광원의 정격전압의 차이에서 오는 광속의 감",
        "13.6 ② 12.6 조명기구에 붙은 먼지, 오물, 반사면의 변질이 일어나면 광속 흡",
        "11.6 ④ 10.6 수율이 증가하여 눈으로 들어오는 빛이 적어진다."
      ],
      "answer": null,
      "explanation": ""
    },
    {
      "no": 64,
      "question": "지구를 고립한 지구도체라 생각하고 1[C]의 전하가 대전되\n[해설작성자 : 해내보자 안전기사자격증]\n었다면 지구 표면의 전위는 대략 몇[V] 인가? (단, 지구의\n반경은 6367km이다.)\n점등에 대한 광속 감소",
      "options": [
        "1414V ② 2828V",
        "9×104V ④ 9×109V"
      ],
      "answer": null,
      "explanation": ""
    },
    {
      "no": 67,
      "question": "정전작업 시 정전시킨 전로에 잔류전하를 방전할 필요가 있\nv=q/(4*파이*입실론*r) 다. 전원차단 이후에도 잔류 전하가 남아 있을 가능성이 가\n기출문제 해설은 최강 자격증 기출문제 전자문제집 CBT : www.comcbt.com 통해서 실시간으로 변경됩니다.\n본 해설집은 최강 자격증 기출문제 전자문제집 CBT 해설달기 프로젝트에 의해서 만들어진 자료입니다. 해설을 제공해 주신 모든 분들께 감사 드립니다.\n산업안전기사 ◐ 2018년 04월 28일 필기 기출문제 및 해설집◑ 전자문제집 CBT :www.comcbt.com\n장 낮은 것은? 따라서 답은 인가전압의 크기",
      "options": [
        "방전 코일 [해설작성자 : 빡고수박교수]",
        "전력 케이블",
        "전력용 콘덴서 아래 두가지 헷갈림 주의하세요",
        "용량이 큰 부하기기 인체피부 전기저항 주요인자 : 접촉면적, 전압크기, 인가시간"
      ],
      "answer": null,
      "explanation": ""
    },
    {
      "no": 70,
      "question": "자동차가 통행하는 도로에서 고압의 지중전선로를 직접 매",
      "options": [],
      "answer": null,
      "explanation": ""
    },
    {
      "no": 68,
      "question": "이동식 전기기기의 감전사고를 방지하기 위한 가장 적정한 설식으로 시설할 때 사용되는 전선으로 가장 적합한 것은?\n시설은?",
      "options": [
        "비닐 외장 케이블",
        "접지설비 ② 폭발방지설비 ② 폴리에틸렌 외장 케이블",
        "시건장치 ④ 피뢰기설비 ③ 클로로프렌 외장 케이블",
        "콤바인 덕트 케이블(combine duct cable)"
      ],
      "answer": null,
      "explanation": ""
    },
    {
      "no": 69,
      "question": "인체의 피부 전기저항은 여러 가지의 제반조건에 의해서 변\n화를 일으키는데 제반조건으로써 가장 가까운 것은?\n제151조(지중전선로의 시설)",
      "options": [
        "피부의 청결 ② 피부의 노화",
        "인가전압의 크기 ④ 통전경로",
        "지중전선로를 직접 매설식에 의하여 시설하는 경우에는 매설"
      ],
      "answer": null,
      "explanation": ""
    },
    {
      "no": 1,
      "question": "2m 이상, 기타 장소에는 60㎝ 이상으로 하고 또한 지중전선\n[해설작성자 : 류시앤]\n을 견고한 트라프 기타 방호물에 넣어 시설하여야 한다..다만,\n다음 각호의 1에 해당하는 경우에는 지중전선을 견고한 트라프\n감전(심실세동)과 구분할 필요 있음. 감전은 전압의 영향을 덜\n기타 방호물에 넣지 아니하여도 된다.\n받음.\n[해설작성자 : 감전]",
      "options": [],
      "answer": null,
      "explanation": ""
    },
    {
      "no": 2,
      "question": "저압 또는 고압의 지중전선에 콤바인덕트 케이블 또는 별표\n32에서 정하는 구조로 개장(改裝)한 케이블을 사용하여 시설하\n\"통전경로\"는 전류가 심장을 통하는지, 얼마나 직통으로 통하는\n는 경우\n지를 뜻한다.\n[해설작성자 : comcbt.com 이용자]\n당연히 통전경로별로 위험도가 다르다..(예: 왼손->가슴 1.5Kh /\n오른손->등 0.3Kh (Kh: Kill of heart 위험도 계수))\n벼 베는 농기구 콤바인 생각하면 됩니다 엄청크고 무겁죠\n하지만 \"피부 전기저항\"에는 통전경로의 영향이 거의 없음.\n[해설작성자 : 보라매 오키토키]\n감전의 위험성은 체내관통 전류량에 따르므로 전압이 높더라도\n전류량이 적으면(정전기 등) 감전 위험성은 적은 것이다.\n설명 좀 쉽게....CD관이라고 에어콘 물내리는 주름진 호스관 있\n[해설작성자 : iykim71]\n죠? CD관 = Combine Duct. 전선을 보호하기위해 그걸 쓴다는\n것입니다.\n인체의 피부 전기저항은 인체의 각 부위의 저항성분과 용량성분\n[해설작성자 : 참바보]\n이 합성된 값이 되며\n이 값은 여러 인자, 습기, 접촉전압, 인가시간, 접촉면적 등에 71. 산업안전보건법에는 보호구를 사용 시 안전인증을 받은 제\n따라 변화합니다. 품을 사용토록 하고 있다. 다음 중 안전인증 대상이 아닌\n기출문제 해설은 최강 자격증 기출문제 전자문제집 CBT : www.comcbt.com 통해서 실시간으로 변경됩니다.\n본 해설집은 최강 자격증 기출문제 전자문제집 CBT 해설달기 프로젝트에 의해서 만들어진 자료입니다. 해설을 제공해 주신 모든 분들께 감사 드립니다.\n산업안전기사 ◐ 2018년 04월 28일 필기 기출문제 및 해설집◑ 전자문제집 CBT :www.comcbt.com\n것은?",
      "options": [],
      "answer": null,
      "explanation": ""
    },
    {
      "no": 74,
      "question": "1[C]을 갖는 2개의 전하가 공기 중에서 1[m]의 거리에 있",
      "options": [
        "안전화",
        "고무장화",
        "8.854×10-12[N]",
        "안전장갑",
        "1.0 [N]",
        "감전위험방지용 안전모",
        "3×103[N]",
        "9×109 [N]"
      ],
      "answer": null,
      "explanation": ""
    },
    {
      "no": 72,
      "question": "감전사고로 인한 호흡 정지 시 구강대 구강법에 의한 인공 [해설작성자 : forza milan]\n호흡의 매분 회수와 시간은 어느 정도 하는 것이 가장 바람\n직한가? [추가 해설]",
      "options": [
        "매분 5~10회, 30분 이하 두번째 해설의 q/(4*파이*입실론*r)은 정전력이 아니라 전위 V",
        "매분 12~15회, 30분 이상 입니다.",
        "매분 20~30회, 30분 이하 정전력 F=Q1*Q2/(4*pi*epsilon*r^2)=9*10^9((Q1*Q2)/r^2) //",
        "매분 30회 이상, 20분~30분 정도 epsilon = 1/36pi * 10^-9"
      ],
      "answer": null,
      "explanation": ""
    },
    {
      "no": 1,
      "question": "1분간 12 ~ 15회 정도 반복합니다. [해설작성자 : 전자기학 내용]",
      "options": [],
      "answer": null,
      "explanation": ""
    },
    {
      "no": 2,
      "question": "어린이의 경우는 1분간 20회 정도 실시합니다.\n[해설작성자 : 빡고수박교수] 쿨롱의 법칙\nK*Q1*Q2/R^2=9*10^9*1*1/1^2\n구강대 구강법",
      "options": [],
      "answer": null,
      "explanation": ""
    },
    {
      "no": 1,
      "question": "1분간 12회~15회(4초 간격)의 속도로 30분 이상 반복 실시 K=9*10^9(쿨롱상수)",
      "options": [],
      "answer": null,
      "explanation": ""
    },
    {
      "no": 2,
      "question": "인체의 호흡이 멎고 심장이 정지되었더라도 계속하여 인공호 R=두 전하의 거리\n흡을 실시하는것이 현명하다 Q=전하의 크기",
      "options": [],
      "answer": null,
      "explanation": ""
    },
    {
      "no": 3,
      "question": "의식이 없을 경우 최우선 조치= 심폐소생술 [해설작성자 : 황병만]\n[해설작성자 : 산업기사 가즈아아아아아!]\n<쿨롱의 법칙>\n필수로 해야하는 구강대 구강은 물에 빠진 사람이 대상입니다. F=\n이미 숨을 쉬고 있던 사람은 폐에 기본 공기가 있어 뇌로 들어 k x Q xQ\n1 2\n가는 혈류공급이 끊기지 않게 해야합니다. ㅡㅡㅡㅡㅡ\n구강대 구강 잘하면 좋겠지만 자신 없으면 흉부압박만 하는게 r2\n생존확률 높아요.\n[해설작성자 : CPR 자격자] *F=정전력(N),\n*k=상수(9.1x109 Nm2/C2)",
      "options": [],
      "answer": null,
      "explanation": ""
    },
    {
      "no": 73,
      "question": "누전차단기의 구성요소가 아닌 것은?\n*r=전하사이의 거리(m)",
      "options": [
        "누전검출부 ② 영상변류기",
        "차단장치 ④ 전력퓨즈",
        "차단기(CB) ② 유입 개폐기(OS)",
        "단로기(DS) ④ 선로 개폐기(LS)"
      ],
      "answer": null,
      "explanation": ""
    },
    {
      "no": 4,
      "question": "선로개폐기 : 보수 점검 시 전로를 구분하기 위하여 사용한 5. 그 전로의 전원측에 절연변압기(2차 전압이 300 V 이하인 경\n다. 우에 한한다)를 시설하고\n[해설작성자 : JMAY] 또한 그 절연변압기의 부하측의 전로에 접지하지 아니하는\n경우.\n대차/무단/유부/선로전로 등으로 매치하여 읽어 나가면 자동으로 6. 기계기구가 고무·합성수지 기타 절연물로 피복된 경우\n답 찾아 갑니다. 7. 기계기구가 유도전동기의 2차측 전로에 접속되는 것일 경우\n대전류개폐:차단기(대차) 8. 기계기구가 제12조제8호에 규정하는 것일 경우\n부하전류개폐: 유입개폐기(유부) 9. 기계기구내에 「전기용품안전 관리법」의 적용을 받는 누전\n무부하 개폐: 단로기(무단) 차단기를 설치하고\n전로구분: 선로개폐기(선로전로) 또한 기계기구의 전원연결선이 손상을 받을 우려가 없도록\n[해설작성자 : 허찬] 시설하는 경우\n--> 문제3번은 150V를 \"초과\"했기 때문에 전로 차단장치 면제",
      "options": [],
      "answer": null,
      "explanation": ""
    },
    {
      "no": 76,
      "question": "금속제 외함을 가지는 기계기구에 전기를 공급하는 전로에\n가 되지 않는 것임.\n지락이 발생했을 때에 자동적으로 전로를 차단하는 누전차\n[해설작성자 : iykim71]\n단기 등을 설치하여야 한다. 누전차단기를 설치해야 되는\n경우로 옳은 것은? 77. 전기화재의 경로별 원인으로 거리가 먼 것은?",
      "options": [
        "기계기구가 고무, 합성수지 기타 절연물로 피복된 것일 ① 단락 ② 누전",
        "저전압 ④ 접촉부의 과열",
        "기계기구가 유도전동기의 2차측 전로에 접속된 저항기일 <문제 해설>",
        "대지전압이 150V를 초과하는 전동기계ㆍ기구를 시설하 [해설작성자 : 남돌]"
      ],
      "answer": null,
      "explanation": ""
    },
    {
      "no": 78,
      "question": "내압 방폭구조는 다음 중 어느 경우에 가장 가까운가?\n④ 전기용품안전관리법의 적용을 받는 2중절연구조의 기계",
      "options": [
        "전기용품안전관리법의 적용을 받는 2중절연구조의 기계",
        "점화 능력의 본질적 억제",
        "점화원의 방폭적 격리",
        "전기설비의 안전도 증강",
        "전기 설비의 밀폐화",
        "금속제 외함을 가지는 사용전압이 60V를 초과하는 저압의"
      ],
      "answer": null,
      "explanation": ""
    },
    {
      "no": 79,
      "question": "인입개폐기를 개방하지 않고 전등용 변압기 1차측 COS만\nⓛ 금속제 외함을 가지는 사용전압이 60 V를 초과하는 저압의\n개방 후 전등용 변압기 접속용 볼트 작업 중 동력용 COS에\n기계 기구로서\n접촉, 사망한 사고에 대한 원인으로 가장 거리가 먼 것은?\n사람이 쉽게 접촉할 우려가 있는 곳에 시설하는 것에",
      "options": [
        "안전장구 미사용",
        "동력용 변압기 COS 미개방",
        "전등용 변압기 2차측 COS 미개방",
        "인입구 개폐기 미개방한 상태에서 작업"
      ],
      "answer": null,
      "explanation": ""
    },
    {
      "no": 1,
      "question": "기계기구를 발전소·변전소·개폐소 또는 이에 준하는 곳에 시\n이므로 4가지 원인 중에서\n설하는 경우.",
      "options": [],
      "answer": null,
      "explanation": ""
    },
    {
      "no": 3,
      "question": "전등용 변압기 2차측 COS 미개방이 가장 연관성이 적다",
      "options": [],
      "answer": null,
      "explanation": ""
    },
    {
      "no": 2,
      "question": "기계기구를 건조한 곳에 시설하는 경우.",
      "options": [],
      "answer": null,
      "explanation": ""
    },
    {
      "no": 3,
      "question": "대지전압이 150 V 이하인 기계기구를 물기가 있는 곳 이외의\n[추가 해설]\n곳에 시설하는 경우\n전등용 변압기 1차측COS 개방하면 2차측 COS 개방은 무의미",
      "options": [],
      "answer": null,
      "explanation": ""
    },
    {
      "no": 4,
      "question": "「전기용품안전 관리법」의 적용을 받는 2중 절연구조의 기\n함\n계기구를 시설하는 경우\n기출문제 해설은 최강 자격증 기출문제 전자문제집 CBT : www.comcbt.com 통해서 실시간으로 변경됩니다.\n본 해설집은 최강 자격증 기출문제 전자문제집 CBT 해설달기 프로젝트에 의해서 만들어진 자료입니다. 해설을 제공해 주신 모든 분들께 감사 드립니다.\n산업안전기사 ◐ 2018년 04월 28일 필기 기출문제 및 해설집◑ 전자문제집 CBT :www.comcbt.com\n[해설작성자 : 예띠] ③ 정변위 펌프(토출축에 차단밸브가 설치된 것만 해당한다)\n④ 배관(2개 이상의 밸브에 의하여 차단되어 대기온도에서\nCOS(컷아웃스위치) : 고장전류 중 단락전류 뿐 아니라 과부하전 액체의 열팽창에 의하여 파열될 우려가 있는 것으로 한\n류까지 차단할 수 있는 고압퓨우즈. 주로 변압기의 1차측에 설 정한다)\n치 <문제 해설>\n[해설작성자 : iykim71] 안전밸브 설치 화학설비",
      "options": [
        "정변위 펌프(토출축에 차단밸브가 설치된 것만 해당한다)",
        "배관(2개 이상의 밸브에 의하여 차단되어 대기온도에서"
      ],
      "answer": null,
      "explanation": ""
    },
    {
      "no": 1,
      "question": "압력용기(안지름이 150[mm] 이하인 압력용기는 제외하며,",
      "options": [],
      "answer": null,
      "explanation": ""
    },
    {
      "no": 80,
      "question": "인체통전으로 인한 전격(electric shock)의 정도를 정함에\n관형열교환기는 관의 파열로 인한 압력상승이 동체의 최고사용\n있어 그 인자로서 가장 거리가 먼 것은?\n압력을 초과할 우려가 있는 경우만 해당한다)",
      "options": [
        "전압의 크기 ② 통전시간"
      ],
      "answer": null,
      "explanation": ""
    },
    {
      "no": 2,
      "question": "정변위압축기\n③ 전류의 크기 ④ 통전경로",
      "options": [
        "전류의 크기 ④ 통전경로"
      ],
      "answer": null,
      "explanation": ""
    },
    {
      "no": 3,
      "question": "정변위펌프(토출축에 차단밸브가 설치된 것만 해당한다)\n<문제 해설>",
      "options": [],
      "answer": null,
      "explanation": ""
    },
    {
      "no": 4,
      "question": "배관(2개 이상의 밸브에 의하여 차단외어 대기온도에서 액체\n통전경로\n의 열팽창에 의하여 구조적으로 파열이 우려되는 것에 한정한\n통전시간\n다)\n전류크기",
      "options": [],
      "answer": null,
      "explanation": ""
    },
    {
      "no": 5,
      "question": "그 밖에 화학설비 및 그 부속설비로서 해당 설비의 최고사용\n주파수 및 파형\n압력을 초과할 우려가 있는 것\n전원의 종류\n산업안전보건기준에 관한 규칙 제261조(안전밸브 등의 설치)\n[해설작성자 : ㄱㅈㅂㄱ]\n[해설작성자 : 뇽뇽]\n5과목 : 화학설비위험방지기술 산업안전보건법 상 원심펌프는 안전밸브의 설치대상이 아닙니\n다.",
      "options": [],
      "answer": null,
      "explanation": ""
    },
    {
      "no": 81,
      "question": "다음 중 가연성 물질과 산화성 고체가 혼합하고 있을 때 연\n하지만 원심펌프의 토출 측은 과압 발생의 위험이 있어 안전밸\n소에 미치는 현상으로 옳은 것은?\n브를 설치해야 합니다.",
      "options": [
        "착화온도(발화점)가 높아진다.",
        "최소점화에너지가 감소하며, 폭발의 위험성이 증가한다.",
        "가스나 가연성 증기의 경우 공기혼합보다 연소범위가 축"
      ],
      "answer": null,
      "explanation": ""
    },
    {
      "no": 84,
      "question": "니트로셀룰로오스의 취급 및 저장방법에 관한 설명으로 틀\n④ 공기 중에서보다 산화작용이 약하게 발생하여 화염온도\n린 것은?\n가 감소하며 연소속도가 늦어진다.",
      "options": [
        "공기 중에서보다 산화작용이 약하게 발생하여 화염온도",
        "저장 중 충격과 마찰 등을 방지하여야 한다.",
        "물과 격렬히 반응하여 폭발함으로 습기를 제거하고, 건",
        "자연발화 방지를 위하여 안전용제를 사용한다.",
        "화재 시 질식소화는 적응성이 없으므로 냉각소화를 한"
      ],
      "answer": null,
      "explanation": ""
    },
    {
      "no": 1,
      "question": "저장, 수송시에는 알코올등으로 습하게 하여서 취급한다..(건",
      "options": [],
      "answer": null,
      "explanation": ""
    },
    {
      "no": 82,
      "question": "다음 중 전기화재의 종류에 해당하는 것은?\n조하면 타격,마찰에 의해 폭발)",
      "options": [
        "A급 ② B급"
      ],
      "answer": null,
      "explanation": ""
    },
    {
      "no": 2,
      "question": "불꽃 등 화기를 멀리하고 가열,충격,마찰,전도,낙하 등을 피\n③ C급 ④ D급\n하고, 소분하여 저장한다.\n<문제 해설>",
      "options": [
        "C급 ④ D급"
      ],
      "answer": null,
      "explanation": ""
    },
    {
      "no": 3,
      "question": "직사광선을 피하고 통풍이 잘되는 냉암소에 저장한다.\n화재 등급별 명칭\n[해설작성자 : 예띠]",
      "options": [],
      "answer": null,
      "explanation": ""
    },
    {
      "no": 1,
      "question": "일반화재: A급 (냉각소화)",
      "options": [],
      "answer": null,
      "explanation": ""
    },
    {
      "no": 2,
      "question": "유류 및 가스화재: B급 (질식소화)\n건조하면 분해폭발하므로 알콜에 적셔 습하게 보관하여야 한다.",
      "options": [],
      "answer": null,
      "explanation": ""
    },
    {
      "no": 3,
      "question": "전기화재: C급 (질식소화)",
      "options": [],
      "answer": null,
      "explanation": ""
    },
    {
      "no": 4,
      "question": "금속화재: D급 (피복소화)\n[추가 해설]\n[해설작성자 : ㅇㅇ]\n1, 4. 산소 함유하고 있기 때문, 폭발 위험.",
      "options": [],
      "answer": null,
      "explanation": ""
    },
    {
      "no": 83,
      "question": "사업주는 산업안전보건법령에서 정한 설비에 대해서는 과압 [해설작성자 : 니트로글리세린은니글니글]\n에 따른 폭발을 방지하기 위하여 안전밸브 등을 설치하여야",
      "options": [],
      "answer": null,
      "explanation": ""
    },
    {
      "no": 85,
      "question": "위험물을 산업안전보건법령에서 정한 기준량이상으로 제조\n한다. 다음 중 이에 해당하는 설비가 아닌 것은?\n하거나 취급하는 설비로서 특수화학설비에 해당되는 것은?",
      "options": [
        "원심펌프",
        "가열시켜 주는 물질의 온도가 가열되는 위험물질의 분해",
        "정변위 압축기",
        "상온에서 게이지 압력으로 200kPa 의 압력으로 운전되 cs2 이황화탄소 인화점 영하 30도",
        "대기압 하에서 섭씨 300℃ 로 운전되는 설비",
        "흡열반응이 행하여지는 반응설비 소방공부하면서 인프가이아에톨등경(인화점낮은순서)으로 외웠지"
      ],
      "answer": null,
      "explanation": ""
    },
    {
      "no": 1,
      "question": "발열반응이 일어나는 반응장치 트산(41.7도)",
      "options": [],
      "answer": null,
      "explanation": ""
    },
    {
      "no": 2,
      "question": "증류ㆍ정류ㆍ증발ㆍ추출 등 분리를 행하는 장치 [해설작성자 : 여긴어디고난누구냐]",
      "options": [],
      "answer": null,
      "explanation": ""
    },
    {
      "no": 3,
      "question": "가열시켜주는 물질의 온도가 가열되는 위험물질의 분해온도\n또는 발화점 보다 높은 상태에서 운전되는 설비 4. Ethyl acetate -4도",
      "options": [],
      "answer": null,
      "explanation": ""
    },
    {
      "no": 4,
      "question": "반응폭주 등 이상 화학반응에 의하여 위험물질이 발생할 우 [해설작성자 : 화학전공자]\n려가 있는 설비",
      "options": [],
      "answer": null,
      "explanation": ""
    },
    {
      "no": 88,
      "question": "아세틸렌 압축 시 사용되는 희석제로 적당하지 않은 것은?",
      "options": [],
      "answer": null,
      "explanation": ""
    },
    {
      "no": 5,
      "question": "온도가 섭씨 350도 이상이거나 게이지압력이 980kPa 이상인",
      "options": [
        "메탄 ② 질소",
        "산소 ④ 에틸렌"
      ],
      "answer": null,
      "explanation": ""
    },
    {
      "no": 6,
      "question": "가열로 또는 가열기\n<문제 해설>\n[해설작성자 : 별비]\n산소는 아세틸렌과 연소반응을 일으켜 희석제로 적당하지 않다.\n[해설작성자 : comcbt.com 이용자]\n문제해설된 내용은 정확하며,\n[산업안전보건기준에 관한 규칙]\n메 일 에 질\n제2편 안전기준\n탄 산 틸 소\n제2장 폭발·화재 및 위험물누출에 의한 위험방지\n화\n제4절 화학설비·압력용기 등\n탄\n제273조(계측장치 등의 설치)\n소 ...... 메 일 에 질\n--> 위 1~6을 \"특수화학설비\"라고 하고, 계측장치를\n[해설작성자 : 붙자!!!]\n설치하여야 한다\n[해설작성자 : iykim71]",
      "options": [],
      "answer": null,
      "explanation": ""
    },
    {
      "no": 89,
      "question": "수분을 함유하는 에탄올에서 순수한 에탄올을 얻기 위해 벤\n젠과 같은 물질을 첨가하여 수분을 제거하는 증류 방법은?",
      "options": [],
      "answer": null,
      "explanation": ""
    },
    {
      "no": 86,
      "question": "폭발에 관한 용어 중 “BLEVE\"가 의미하는 것은?",
      "options": [
        "공비증류 ② 추출증류",
        "고농도의 분진폭발",
        "가압증류 ④ 감압증류",
        "저농도의 분해폭발",
        "개방계 증기운 폭발",
        "비등액 팽창증기폭발"
      ],
      "answer": null,
      "explanation": ""
    },
    {
      "no": 4,
      "question": "Boiling Liquid Expanding Vapor Explosion\n[해설작성자 : 예띠]\n[해설작성자 : comcbt.com 이용자]",
      "options": [],
      "answer": null,
      "explanation": ""
    },
    {
      "no": 90,
      "question": "다음 중 벤젠(C H )의 공기 중 폭발하한계값(vol%)에 가장\n6 6\nBoiling 끓다\n가까운 것은?\nLiquid 액체",
      "options": [
        "1.0 ② 1.5",
        "2.0 ④ 2.5"
      ],
      "answer": null,
      "explanation": ""
    },
    {
      "no": 87,
      "question": "다음 중 인화점이 가장 낮은 물질은?\nCst=100/(1+4.773*(6+6/4))=2.72",
      "options": [
        "CS ② C H OH",
        "CH COCH ④ CH COOC H"
      ],
      "answer": null,
      "explanation": ""
    },
    {
      "no": 92,
      "question": "공업용 용기의 몸체 도색으로 가스명과 도색명의 연결이 옳",
      "options": [],
      "answer": null,
      "explanation": ""
    },
    {
      "no": 7,
      "question": "5/0.21\n은 것은?\nCst=100/(1+(7.5/0.21))=2.72 [0.21은 공기중 산소 농도 21%)",
      "options": [
        "산소 - 청색",
        "질소 - 백색"
      ],
      "answer": null,
      "explanation": ""
    },
    {
      "no": 91,
      "question": "다음 중 퍼지의 종류에 해당하지 않는 것은? ③ 수소 - 주황색",
      "options": [
        "수소 - 주황색",
        "압력퍼지 ② 진공퍼지 ④ 아세틸렌 - 회색",
        "스위프퍼지 ④ 가열퍼지 <문제 해설>"
      ],
      "answer": null,
      "explanation": ""
    },
    {
      "no": 1,
      "question": "진공퍼지 2.압력퍼지 3.스위프퍼지 4.사이펀퍼지 [해설작성자 : 내가니오빠야]\n[해설작성자 : 현딩]\n아세틸렌 - 황색\nKFS-721_폭발방지설비기준 (화재보험협회)",
      "options": [],
      "answer": null,
      "explanation": ""
    },
    {
      "no": 93,
      "question": "다음 중 분말 소화약제로 가장 적절한 것은?",
      "options": [],
      "answer": null,
      "explanation": ""
    },
    {
      "no": 3,
      "question": "2.4 불활성화 방법",
      "options": [
        "사염화탄소 ② 브롬화메탄",
        "수산화암모늄 ④ 제1인산암모늄"
      ],
      "answer": null,
      "explanation": ""
    },
    {
      "no": 3,
      "question": "2.4.1 회분식 퍼지법\nA, B, C급 분말 소화기 : 일반화재, 유류화재, 전기화재에 적합\n(1) 사이폰 퍼지(Siphon Purging)\n한 소화약제인 제1인산암모늄을 충전한 소화기이다.\n이 방법은 보호 장치로부터 배수되는 액체를 불활성 가스로 대\n체하기 위하여,",
      "options": [],
      "answer": null,
      "explanation": ""
    },
    {
      "no": 94,
      "question": "비중이 1.5 이고, 직경이 74㎛인 분체가 종말속도 0.2m/s로\n액체를 채운 후 배수함으로서 그 공간에 불활성 가스가 공급되\n직경 6m의 사일로(silo)에서 질량유속 400kg/h로 흐를 때\n도록 하는 것이다..(생략)\n평균 농도는 약 얼마인가?\n(2) 진공 퍼지(Vacuum Purging)",
      "options": [
        "10.8mg/L ② 14.8mg/L",
        "19.8mg/L ④ 25.8mg/L",
        "리튬 ② 아조화합물"
      ],
      "answer": null,
      "explanation": ""
    },
    {
      "no": 19,
      "question": "65mg/L 나옵니다. ③ 아세틸렌 ④ 셀룰로이드류\n여기서 비중이 맥거핀이라고 할 수 있습니다..( 만약 비중이 주 <문제 해설>\n어지고 단위가 ppm일경우 비중계산을 해야겠지요) 폭발성 물질 및 유기과산화물\n[해설작성자 : 무비] 질산에스테르\n니트로화합물\n단면적×유속=유량 -> (파이×6^2)/4 * 0.2 = 5.652[m^3/s] = 니트로소화합물\n사일로에 흐르는유량 아조화합물\n평균농도=질량유속/사일로에흐르는유량 = 디아조화합물\n400[kg/h]/(5.652[m^3/s]*3600) = 0.01965[kg/m^3] = 하이드라진 유도체",
      "options": [
        "아세틸렌 ④ 셀룰로이드류"
      ],
      "answer": null,
      "explanation": ""
    },
    {
      "no": 19,
      "question": "65[mg/L] 유기과산화물\n[해설작성자 : 개돼지]",
      "options": [],
      "answer": null,
      "explanation": ""
    },
    {
      "no": 99,
      "question": "다음 중 축류식 압축기에 대한 설명으로 옳은 것은?",
      "options": [],
      "answer": null,
      "explanation": ""
    },
    {
      "no": 95,
      "question": "다음 중 분진폭발이 발생하기 쉬운 조건으로 적절하지 않은",
      "options": [
        "Casing 내에 1개 또는 수 개의 회전체를 설치하여 이것",
        "발열량이 클 때 서 기체를 압축하는 방식이다.",
        "입자의 표면적이 작을 때 ② 실린더 내에서 피스톤을 왕복시켜 이것에 따라 개폐하는",
        "입자의 형상이 복잡할 때 흡입밸브 및 배기밸브의 작용에 의해 기체를 압축하는",
        "분진의 초기 온도가 높을 때 방식이다.",
        "Casing 내에 넣어진 날개바퀴를 회전시켜 기체에 작용하",
        "프로펠러의 회전에 의한 추진력에 의해 기체를 압송하는"
      ],
      "answer": null,
      "explanation": ""
    },
    {
      "no": 96,
      "question": "다음 중 폭발 또는 화재가 발생할 우려가 있는 건조설비의",
      "options": [],
      "answer": null,
      "explanation": ""
    },
    {
      "no": 1,
      "question": "회전식\n구조로 적절하지 않은 것은?",
      "options": [],
      "answer": null,
      "explanation": ""
    },
    {
      "no": 2,
      "question": "왕복식",
      "options": [
        "건조설비의 바깥 면은 불연성 재료로 만들 것"
      ],
      "answer": null,
      "explanation": ""
    },
    {
      "no": 3,
      "question": "터보식\n② 위험물 건조설비의 열원으로서 직화를 사용하지 아니할",
      "options": [
        "위험물 건조설비의 열원으로서 직화를 사용하지 아니할"
      ],
      "answer": null,
      "explanation": ""
    },
    {
      "no": 4,
      "question": "축류식\n것\n[해설작성자 : JAMY]\n③ 위험물 건조설비의 측벽이나 바닥은 견고한 구조로 할\n것\n축류 - 추진\n④ 위험물 건조설비는 상부를 무거운 재료로 만들고 폭발구\n[해설작성자 : 축추전국시대]\n를 설치할 것\n<문제 해설> 100. 메탄 50vol%, 에탄 30vol%, 프로판 20vol% 혼합가스의\n상부를 가벼운 재질로 하여, 폭발 화재 시 벽은 폭발에 견디고, 공기 중 폭발 하한계는? (단, 메탄, 에탄, 프로판의 폭발\n폭발력이 상부로 편중되도록 만들어야 한다. 하한계는 각각 5.0vol%, 3.0vol%, 2.1vol%이다.)\n[해설작성자 : comcbt.com 이용자]",
      "options": [
        "위험물 건조설비의 측벽이나 바닥은 견고한 구조로 할",
        "위험물 건조설비는 상부를 무거운 재료로 만들고 폭발구",
        "1.6vol% ② 2.1vol%",
        "3.4vol% ④ 4.8vol%"
      ],
      "answer": null,
      "explanation": ""
    },
    {
      "no": 97,
      "question": "위험물안전관리법령에 의한 위험물의 분류 중 제1류 위험물\n= 3.387 ≒ 3.4\n에 속하는 것은?\n[해설작성자 : 오군]",
      "options": [
        "염소산염류 ② 황린",
        "금속칼륨 ④ 질산에스테르",
        "갓길의 붕괴 방지"
      ],
      "answer": null,
      "explanation": ""
    },
    {
      "no": 98,
      "question": "산업안전보건법령상 위험물질의 종류에서 “폭발성 물질 및\n② 작업반경 유지\n유기과산화물”에 해당하는 것은?\n기출문제 해설은 최강 자격증 기출문제 전자문제집 CBT : www.comcbt.com 통해서 실시간으로 변경됩니다.\n본 해설집은 최강 자격증 기출문제 전자문제집 CBT 해설달기 프로젝트에 의해서 만들어진 자료입니다. 해설을 제공해 주신 모든 분들께 감사 드립니다.\n산업안전기사 ◐ 2018년 04월 28일 필기 기출문제 및 해설집◑ 전자문제집 CBT :www.comcbt.com\n③ 지반의 부동침하 방지",
      "options": [
        "작업반경 유지",
        "지반의 부동침하 방지 ① 굴착부와 배면부의 지하수위의 수두차",
        "도로 폭의 유지 ② 굴착부와 배면부의 흙의 중량차",
        "굴착부와 배면부의 흙의 함수비차",
        "굴착부와 배면부의 흙의 토압차"
      ],
      "answer": null,
      "explanation": ""
    },
    {
      "no": 1,
      "question": "유도자 배치 <문제 해설>",
      "options": [],
      "answer": null,
      "explanation": ""
    },
    {
      "no": 2,
      "question": "지반의 부동침하방지 사질토 지반에서 굴착저면과 흙막이 배면과의 수위차이로 인해",
      "options": [],
      "answer": null,
      "explanation": ""
    },
    {
      "no": 3,
      "question": "갓길의 붕괴방지 굴착저면의 흙과 물이 함께 위로 솟구쳐 오르는 현상(모래의 액",
      "options": [],
      "answer": null,
      "explanation": ""
    },
    {
      "no": 4,
      "question": "도로의 폭 유지 상화 현상)\n[해설작성자 : 부자아빠] [해설작성자 : ㅇㅇ]\n굴러떨어지면 작업반경을 유지하더라도, 크레인이 덮쳐버리겠 보일링(boiling)솟아오르다\n죠? 히빙 -> 부풀다\n[해설작성자 : 합격반경을유지합시다.] [해설작성자 : 보라매 오키토키]",
      "options": [],
      "answer": null,
      "explanation": ""
    },
    {
      "no": 102,
      "question": "유해위험방지계획서 제출 대상 공사로 볼 수 없는 것은?\n보일링 지하수로인해 생기는 현상입니다..",
      "options": [
        "지상 높이가 31m 이상인 건축물의 건설공사",
        "터널건설공사",
        "깊이 10m이상인 굴착공사",
        "교량의 전체길이가 40m 이상인 교량공사 105. 강풍이 불어올 때 타워크레인의 운전작업을 중지하여야 하",
        "순간풍속이 초당 10m 초과",
        "순간풍속이 초당 15m 초과",
        "순간풍속이 초당 25m 초과",
        "순간풍속이 초당 30m 초과"
      ],
      "answer": null,
      "explanation": ""
    },
    {
      "no": 103,
      "question": "건설업 산업안전보건관리비 계상 및 사용기준에 따른 안전\n(개정 2017 .3.3)\n관리비의 개인보호구 및 안전장구 구입비 항목에서 안전관\n[해설작성자 : 안전]\n리비로 사용이 가능한 경우는?(관련 규정 개정전 문제로\n여기서는 기존 정답인 2번을 누르면 정답 처리됩니다. 자\n산업안전보건기준에 관한 규칙\n세한 내용은 해설을 참고하세요.)\n제37조(악천후 및 강풍 시 작업 중지)",
      "options": [
        "임의 생략..",
        "안전∙보건관리자가 선임되지 않은 현장에서 안전∙보건업",
        "사업주는 순간풍속이 초당 10미터를 초과하는 경우 타워크레",
        "혹한∙혹서에 장기간 노출로 인해 건강장해를 일으킬 우려",
        "근로자에게 일률적으로 지급하는 보냉∙보온장구",
        "감리원이나 외부에서 방문하는 인사에게 지급하는 보호",
        "30° ② 45°",
        "60° ④ 75°"
      ],
      "answer": null,
      "explanation": ""
    },
    {
      "no": 104,
      "question": "지반에서 나타나는 보일링(boiling) 현상의 직접적인 원인",
      "options": [],
      "answer": null,
      "explanation": ""
    },
    {
      "no": 1,
      "question": "기울기 : 75° 이하\n으로 볼 수 있는 것은?",
      "options": [],
      "answer": null,
      "explanation": ""
    },
    {
      "no": 2,
      "question": "작업발판 폭 : 40cm 이상\n기출문제 해설은 최강 자격증 기출문제 전자문제집 CBT : www.comcbt.com 통해서 실시간으로 변경됩니다.\n본 해설집은 최강 자격증 기출문제 전자문제집 CBT 해설달기 프로젝트에 의해서 만들어진 자료입니다. 해설을 제공해 주신 모든 분들께 감사 드립니다.\n산업안전기사 ◐ 2018년 04월 28일 필기 기출문제 및 해설집◑ 전자문제집 CBT :www.comcbt.com\n2m + 0.6m + 0.9m = 3.5m\n산업안전보건기준에 관한 규칙 제 67조(말비계) [해설작성자 : 열라뽕따이]\n[해설작성자 : 뇽뇽]",
      "options": [],
      "answer": null,
      "explanation": ""
    },
    {
      "no": 109,
      "question": "가설통로의 설치 기준으로 옳지 않은 것은?",
      "options": [],
      "answer": null,
      "explanation": ""
    },
    {
      "no": 107,
      "question": "추락의 위험이 있는 개구부에 대한 방호조치와 거리가 먼",
      "options": [
        "추락할 위험이 있는 장소에는 안전난간을 설치할 것",
        "경사가 10° 를 초과하는 경우에는 미끄러지지 아니하는",
        "안전난간, 울타리, 수직형 추락방망 등으로 방호조치를 구조로 할 것",
        "경사는 30° 이하로 할 것",
        "충분한 강도를 가진 구조의 덮개를 뒤집히거나 떨어지지 ④ 건설공사에 사용하는 높이 8m 이상인 비계다리에는 7m",
        "어두운 장소에서도 식별이 가능한 개구부 주의 표지를 <문제 해설>",
        "폭 30cm 이상의 발판을 설치한다. 것"
      ],
      "answer": null,
      "explanation": ""
    },
    {
      "no": 110,
      "question": "터널 지보공을 조립하거나 변경하는 경우에 조치하여야 하\n개구부에 대한 방호 조치 -->\n는 사항으로 옳지 않은 것은?\n[산업안전보건기준에 관한 규칙]",
      "options": [
        "목재의 터널 지보공은 그 터널 지보공의 각 부재에 작용",
        "사업주는 작업발판 및 통로의 끝이나 개구부로서 근로자가",
        "강(鋼)아치 지보공의 조립은 연결볼트 및 띠장 등을 사용",
        "기둥에는 침하를 방지하기 위하여 받침목을 사용하는 등",
        "주재(主材)를 구성하는 1세트의 부재는 동일 평면 내에"
      ],
      "answer": null,
      "explanation": ""
    },
    {
      "no": 1,
      "question": "목재의 터널 지보공의 각 부재의 긴압 정도가 균등하게 되도\n시해야 하며,\n록 할 것\n수직형 추락방망은 「산업표준화법」 제12조에 따른\n[해설작성자 : jmay]\n한국산업표준에서 정하는 성능기준에 적합한 것을 사용해야\n한다.",
      "options": [],
      "answer": null,
      "explanation": ""
    },
    {
      "no": 111,
      "question": "콘크리트 타설작업 시 안전에 대한 유의사항으로 옳지 않\n은 것은?\n* 발판의 폭이 40cm 이상인 경우는 각종 비계에서의 작업발판",
      "options": [
        "콘크리트를 치는 도중에는 지보공∙거푸집 등의 이상유무",
        "높은 곳으로부터 콘크리트를 타설할 때는 호퍼로 받아",
        "사업주는 근로자가 추락하거나 넘어질 위험이 있는 장소",
        "진동기를 가능한 한 많이 사용할수록 거푸집에 작용하는",
        "콘크리트를 한 곳에만 치우쳐서 타설하지 않도록 주의한"
      ],
      "answer": null,
      "explanation": ""
    },
    {
      "no": 108,
      "question": "로프길이 2m의 안전대를 착용한 근로자가 추락으로 인한",
      "options": [],
      "answer": null,
      "explanation": ""
    },
    {
      "no": 112,
      "question": "개착식 흙막이벽의 계측 내용에 해당되지 않는 것은?\n부상을 당하지 않기 위한 지면으로부터 안전대 고정점가지",
      "options": [
        "경사측정 ② 지하수위 측정",
        "변형률 측정 ④ 내공변위 측정",
        "H ＞1.5m ② H ＞2.5m",
        "H ＞3.5m ④ H ＞4.5m",
        "15cm ② 20cm [해설작성자 : 보라매 오키토키]",
        "40cm ④ 60cm",
        "A→B→C→D ② A→C→B→D",
        "C→A→D→B ④ D→C→B→A"
      ],
      "answer": null,
      "explanation": ""
    },
    {
      "no": 114,
      "question": "강관틀 비계를 조립하여 사용하는 경우 준수해야하는 사항 <문제 해설>\n으로 옳지 않은 것은? 해체공사표준안전작업지침 제17조(압쇄기 사용공법)",
      "options": [
        "길이가 띠장 방향으로 4m 이하이고 높이가 10m를 초과 9. 압쇄기에 의한 파쇄작업순서는 슬라브, 보, 벽체, 기둥의 순",
        "높이가 20m를 초과하거나 중량물의 적재를 수반하는 작 벽이나 기둥을 먼저 해체하면 슬라브는 예기치 못한 추락을 할",
        "주틀 간에 교차가새를 설치하고 최상층 및 10층 이내마 [해설작성자 : iykim71]",
        "수직방향으로 6m, 수평방향으로 8m 이내마다 벽이음을 바닥부터 '면 > 선 > 면 > 선'으로 외우면 쉽다"
      ],
      "answer": null,
      "explanation": ""
    },
    {
      "no": 1,
      "question": "밑둥에는 밑받침철물을 사용하여야 하며 밑받침에 고저차가\n있는 경우에는 조절형 밑받침철물을 사용하여 항상 수평 및 수 해설이 헷갈려서 올립니다.\n직을 유지하도록 할 것 슬라브 = 천장,뚜껑",
      "options": [],
      "answer": null,
      "explanation": ""
    },
    {
      "no": 2,
      "question": "높이가 20미터를 초과하거나 중량물의 적재를 수반하는 작업 보 = 뚜껑 받쳐주는 수평 빔\n을 할 경우에는 주틀간의 간격이 1.8미터 이하로 할 것 [해설작성자 : 내일이시험]",
      "options": [],
      "answer": null,
      "explanation": ""
    },
    {
      "no": 3,
      "question": "주틀간에 교차가새를 설치하고 최상층 및 5층 이내마다 수평\n재를 설치할 것 117. 흙의 간극비를 나타낸 식으로 옳은 것은?",
      "options": [],
      "answer": null,
      "explanation": ""
    },
    {
      "no": 4,
      "question": "벽이음 간격(조립간격):수직방향 6m, 수평방향으로 8m 이내",
      "options": [
        "(공기+물의체적)/(흙+물의체적)",
        "(공기+물의체적)/흙의체적"
      ],
      "answer": null,
      "explanation": ""
    },
    {
      "no": 5,
      "question": "길이가 띠장방향으로 4m이하이고 높이가 10m를 초과하는 경 ③ 물의체적/(물+흙의체적)\n우에는 10m 이내마다 띠장방향으로 버팀기둥을 설치할 것 ④ (공기+물의체적)/(공기+흙+물의체적)\n[해설작성자 : 부자아빠] <문제 해설>\n흙 체적에는 이미 공기와 물이 포함된 상태이므로, 물+공기를",
      "options": [
        "물의체적/(물+흙의체적)",
        "(공기+물의체적)/(공기+흙+물의체적)"
      ],
      "answer": null,
      "explanation": ""
    },
    {
      "no": 115,
      "question": "철골기둥, 빔 및 트러스 등의 철골구조물을 일체화 또는 추가할 필요가 없다.\n지상에서 조립하는 이유로 가장 타당한 것은?",
      "options": [
        "고소작업의 감소 118. 부두∙안벽 등 하역작업을 하는 장소에서 부두 또는 안벽의",
        "화기사용의 감소 선을 따라 통로를 설치하는 경우에는 그 폭을 최소 얼마",
        "구조체 강성 증가 이상으로 하여야 하는가?",
        "운반물량의 감소 ① 80cm ② 90cm",
        "100cm ④ 120cm"
      ],
      "answer": null,
      "explanation": ""
    },
    {
      "no": 119,
      "question": "취급∙운반의 원칙으로 옳지 않은 것은?",
      "options": [
        "곡선 운반을 할 것",
        "운반 작업을 집중하여 시킬 것",
        "생산을 최고로 하는 운반을 생각할 것",
        "연속 운반을 할 것"
      ],
      "answer": null,
      "explanation": ""
    },
    {
      "no": 120,
      "question": "사면 보호 공법 중 구조물에 의한 보호 공법에 해당되지\n일체의 행위를 금지 합니다.\n않는 것은?",
      "options": [
        "식생구멍공 ② 블럭공",
        "돌쌓기공 ④ 현장타설 콘크리트 격자공",
        "③ ② ④ ① ① ③ ④ ③ ①",
        "④ ① ④ ② ③ ④ ① ① ③",
        "③ ④ ③ ③ ② ② ④ ① ③",
        "④ ① ② ② ③ ① ① ④ ①",
        "① ④ ③ ③ ② ④ ④ ① ④",
        "② ② ① ④ ② ① ④ ③ ③",
        "② ① ① ③ ② ① ① ③ ④",
        "② ④ ④ ① ③ ③ ② ③ ①",
        "③ ① ② ① ④ ① ③ ① ②",
        "③ ④ ③ ② ④ ① ② ④ ③",
        "④ ② ① ② ④ ④ ③ ② ①",
        "④ ③ ③ ① ③ ② ② ① ①"
      ],
      "answer": null,
      "explanation": ""
    }
  ]
}