{
  "title": "산업안전기사20200606(해설집).pdf",
  "questions": [
    {
      "no": 1,
      "question": "산업안전보건법령상 안전보건표지의 종류 중 경고표지에 해\n걱정,고뇌,욕구 불만 등에 의해 다른 것이 주의하는 것이 이에\n당하지 않는 것은?\n속한다.",
      "options": [
        "레이저광선 경고 ② 급성독성물질 경고",
        "매달린 물체 경고 ④ 차량통행 경고"
      ],
      "answer": null,
      "explanation": ""
    },
    {
      "no": 4,
      "question": "A사업장의 2019년 도수율이 10이라 할 때 연천인율은 얼마\n인가?\n차량통행은 경고가 아니라 금지",
      "options": [
        "2.4 ② 5",
        "12 ④ 24"
      ],
      "answer": null,
      "explanation": ""
    },
    {
      "no": 2,
      "question": "몇 사람의 전문가에 의하여 과제에 관한 견해를 발표한 뒤에",
      "options": [
        "안전관리자 ② 산업보건의",
        "명예산업안전감독관 ④ 해당 사업장 부서의 장",
        "심포지움(symposium)",
        "버즈 세션(buzz session)",
        "케이스 메소드(case method)",
        "패널 디스커션(panel discussion) 6. 산업안전보건법상 안전관리자의 업무는?",
        "직업성질환 발생의 원인조사 및 대책수립",
        "해당 사업장 안전교육계획의 수립 및 안전교육 실시에 관",
        "근로자의 건강장해의 원인조사와 재발방지를 위한 의학적",
        "당해 작업에서 발생한 산업재해에 관한 보고 및 이에 대",
        "산업안전보건위원회 또는 안전ㆍ보건에 관한 노사협의체에서",
        "의무안전인증대상 기계ㆍ기구등과 자율안전확인대상 기계ㆍ",
        "해당 사업장 안전교육계획의 수립 및 실시",
        "사업장 순회점검ㆍ지도 및 조치의 건의",
        "산업재해 발생의 원인 조사 및 재발 방지를 위한 기술적 지"
      ],
      "answer": null,
      "explanation": ""
    },
    {
      "no": 3,
      "question": "작업을 하고 있을 때 긴급 이상상태 또는 돌발 사태가 되면\n⑥ 산업재해에 관한 통계의 유지ㆍ관리를 위한 지도ㆍ조언(안전\n순간적으로 긴장하게 되어 판단능력의 둔화 또는 정지상태가\n분야로 한정한다)\n되는 것은?\n⑦ 법 또는 법에 따른 명령이나 안전보건관리규정 및 취업규칙",
      "options": [
        "의식의 우회 ② 의식의 과잉",
        "C형 ④ D형"
      ],
      "answer": null,
      "explanation": ""
    },
    {
      "no": 7,
      "question": "어느 사업장에서 물적손실이 수반된 무상해 사고가 180건 발\nD형(우하형) : 안전적응 적극형(정서안정,활동적,사회적응,대인관\n생하였다면 중상은 몇 건이나 발생할 수 있는가? (단, 버드의\n계 양호)\n재해구성 비율법칙에 따른다.)\nE형(좌하형) : 불안정, 부적응 수동형(D형과 반대)",
      "options": [
        "6건 ② 18건",
        "20건 ④ 29건",
        "사례중심과 실연을 통하여 기능적 이해를 돕는다.",
        "사무직과 기능직은 그 업무가 판이하게 다르므로 분리하",
        "현장 작업자는 이해력이 낮으므로 단순반복 및 암기를",
        "안전교육에 건성으로 참여하는 것을 방지하기 위하여 인"
      ],
      "answer": null,
      "explanation": ""
    },
    {
      "no": 11,
      "question": "산업안전보건법령에 따라 환기가 극히 불량한 좁은 밀폐된\n버드 1 : 10 : 30 : 600\n장소에서 용접작업을 하는 근로자를 대상으로 한 특별안전\nㆍ보건교육 내용에 포함되지 않는 것은? (단, 일반적인 안전\n1 - 중상 또는 폐질, 10 - 경상, 30 - 무상해사고(물적\nㆍ보건에 필요한 사항은 제외한다.)\n손실수반), 600-무상해,무사고 고장",
      "options": [
        "환기설비에 관한 사항",
        "질식 시 응급조치에 관한 사항",
        "작업순서, 안전작업방법 및 수칙에 관한 사항",
        "폭발 한계점, 발화점 및 인화점 등에 관한 사항"
      ],
      "answer": null,
      "explanation": ""
    },
    {
      "no": 8,
      "question": "안전보건교육 계획에 포함해야 할 사항이 아닌 것은? 소에서 하는 전기용접 작업'",
      "options": [
        "교육지도안",
        "교육장소 및 교육방법 작업순서, 안전작업방법 및 수칙에 관한 사항",
        "교육의 종류 및 대상 환기설비 관한 사항",
        "교육의 과목 및 교육내용 전격 방지 및 보호구 착용에 관한 사항"
      ],
      "answer": null,
      "explanation": ""
    },
    {
      "no": 9,
      "question": "YㆍG 성격검사에서 “안전, 적응, 적극형”에 해당하는 형의\n종류는? 12. 크레인, 리프트 및 곤돌라는 사업장에 설치가 끝난 날부터",
      "options": [
        "A형 ② B형 몇 년 이내에 최초의 안전검사를 실시해야 하는가? (단, 이",
        "1년 ② 2년",
        "3년 ④ 4년 지성적리듬:집중력, 기억력, 논리적인 사고력, 분석력 등의 기복"
      ],
      "answer": null,
      "explanation": ""
    },
    {
      "no": 13,
      "question": "재해 코스트 산정에 있어 시몬즈(R.H. Simonds)방식에 의\n한 재해코스트 산정법으로 옳은 것은?\n2*3 = 6채적",
      "options": [
        "직접비+간접비",
        "간접비+비보험코스트",
        "보험코스트+비보험코스트",
        "보험코스트+사업부보상금 지급액"
      ],
      "answer": null,
      "explanation": ""
    },
    {
      "no": 14,
      "question": "다음 중 맥그리거(McGregor)의 Y이론과 가장 거리가 먼 것\nS(감성) 28\n은?\nI(지성) 33",
      "options": [
        "성선설",
        "상호신뢰"
      ],
      "answer": null,
      "explanation": ""
    },
    {
      "no": 16,
      "question": "재해예방의 4원칙에 해당하지 않는 것은?\n③ 선진국형",
      "options": [
        "선진국형",
        "예방가능의 원칙",
        "권위주의적 리더십",
        "손실가능의 원칙",
        "원인연계의 원칙",
        "대책선정의 원칙",
        "문제해결훈련 ② 작업지도훈련",
        "인간관계훈련 ④ 작업방법훈련"
      ],
      "answer": null,
      "explanation": ""
    },
    {
      "no": 1,
      "question": "작업방법기법 JMT",
      "options": [],
      "answer": null,
      "explanation": ""
    },
    {
      "no": 15,
      "question": "생체 리듬(Bio Rhythm)중 일반적으로 28일을 주기로 반복",
      "options": [],
      "answer": null,
      "explanation": ""
    },
    {
      "no": 2,
      "question": "작업지도기법 JIT\n되며, 주의력ㆍ창조력ㆍ예감 및 통찰력 등을 좌우하는 리듬",
      "options": [],
      "answer": null,
      "explanation": ""
    },
    {
      "no": 3,
      "question": "인간관계관리기법 JRT\n은?",
      "options": [],
      "answer": null,
      "explanation": ""
    },
    {
      "no": 4,
      "question": "작업안전기법 JST",
      "options": [
        "육체적 리듬 ② 지성적 리듬",
        "감성적 리듬 ④ 정신적 리듬"
      ],
      "answer": null,
      "explanation": ""
    },
    {
      "no": 18,
      "question": "위험예지훈련 4R(라운드) 기법의 진행방법에서 3R에 해당하\n[해설작성자 : 띠꾸리비루디공부열나하기싫어것두삼일절에]\n는 것은?",
      "options": [
        "목표설정 ② 대책수립",
        "본질추구 ④ 현상파악"
      ],
      "answer": null,
      "explanation": ""
    },
    {
      "no": 1,
      "question": "목표설정 ---> 목표달성(최종 라운드)\n[해설작성자 : comcbt.com 이용자]\n무의원칙(제로의 원칙)\n모든 잠재위험요인을 사전에 발견하고 파악, 해결함으로써 산업\n아래와 같은 오류 신고가 있었습니다.\n재해의 근원적인 요소들을 없앤다는 것\n여러분들의 많은 의견 부탁 드립니다.\n추후 여러분들의 의견을 반영하여 정답을 수정하도록 하겠습니\n안전제일의 원칙(선취의 원칙)\n다.\n작업장의 위험요인을 행동하기 전에 미리 발견 파악, 해결하여\n참고로 정답 변경은 오류 신고 5회 이상일 경우 수정합니다.\n재해를 예방하는 것을 의미.\n[오류 신고 내용]\n참여의 원칙\n24년도 시험부터 위험예지활동 관련 시험 범위 모두 삭제된다고\n전원이 일치 협력하여 각자의 위치에서 적극적으로 문제해결을\n합니다\n하겠다는 것을 의미.\n[해설작성자 : comcbt.com 이용자]\n[해설작성자 : ㅎ]",
      "options": [],
      "answer": null,
      "explanation": ""
    },
    {
      "no": 19,
      "question": "무재해운동의 기본이념 3원칙 중 다음에서 설명하는 것은?",
      "options": [],
      "answer": null,
      "explanation": ""
    },
    {
      "no": 20,
      "question": "방진마스크의 사용 조건 중 산소농도의 최소기준으로 옳은\n것은?",
      "options": [
        "16% ② 18%",
        "21% ④ 23.5%",
        "무의 원칙 ② 선취의 원칙",
        "참가의 원칙 ④ 확인의 원칙"
      ],
      "answer": null,
      "explanation": ""
    },
    {
      "no": 1,
      "question": "무의원칙(제로의 윈칙)\n[해설작성자 : comcbt.com 이용자]\nㆍ산업재해의 근원적인 요소들을 없앤다\n2과목 : 인간공학 및 시스템안전공학",
      "options": [],
      "answer": null,
      "explanation": ""
    },
    {
      "no": 2,
      "question": "안전제일의 원칙(선취의 원칙)\nㆍ행동하기 전에 잠재위험요인을 발견하고 파악ㆍ해결하여 재해 21. 인체 계측 자료의 응용 원칙이 아닌 것은?\n를 예방하는 것",
      "options": [
        "기존 동일 제품을 기준으로 한 설계",
        "최대치수와 최소치수를 기준으로 한 설계"
      ],
      "answer": null,
      "explanation": ""
    },
    {
      "no": 3,
      "question": "참여의 원칙 ③ 조절범위를 기준으로 한 설계\nㆍ전원이 일치 협력하여 각자의 위치에서 적극적 으로 문제해결 ④ 평균치를 기준으로 한 설계\n을 하겠다는 것 <문제 해설>\n[해설작성자 : comcbt.com 이용자] 인체계측자료의 응용 3원칙",
      "options": [
        "조절범위를 기준으로 한 설계",
        "평균치를 기준으로 한 설계"
      ],
      "answer": null,
      "explanation": ""
    },
    {
      "no": 1,
      "question": "최대치수와 최소치수 설계(극단치 설계)\n이것도 보다보면 무의 원칙과 선취의 원칙 설명이 비슷비슷해서 2. 조절범위(조절식 설계)\n헷갈리는데 3. 평균치를 기준으로 한 설계\n무의 법칙은 \"모든\" 잠재위험요소를 나가리 시켜서 없을 \"무\" 보\n기출문제 해설은 최강 자격증 기출문제 전자문제집 CBT : www.comcbt.com 통해서 실시간으로 변경됩니다.\n본 해설집은 최강 자격증 기출문제 전자문제집 CBT 해설달기 프로젝트에 의해서 만들어진 자료입니다. 해설을 제공해 주신 모든 분들께 감사 드립니다.\n산업안전기사 ◐ 2020년 06월 06일 필기 기출문제 및 해설집◑ 전자문제집 CBT :www.comcbt.com\nㆍ부적절한 작업자세\nㆍ무리한 힘의 사용",
      "options": [],
      "answer": null,
      "explanation": ""
    },
    {
      "no": 22,
      "question": "인체에서 뼈의 주요 기능이 아닌 것은?\nㆍ날카로운 면과의 신체접촉",
      "options": [
        "인체의 지주 ② 장기의 보호",
        "골수의 조혈 ④ 근육의 대사"
      ],
      "answer": null,
      "explanation": ""
    },
    {
      "no": 2,
      "question": "다습한 환경 -> 한랭한 환경\n리가 움직일 때 힘을 쓰는 근육이 붙는 자리를 제공하고\n[해설작성자 : 주휘]\n지렛대 역할을 해주며, 피를 만들며, 신체기능에 꼭필요한 미네\n랄들을 저장하는 기능 25. 인간공학 연구조사에 사용되는 기준의 구비조건과 가장 거\n[해설작성자 : 큐넷접수노예] 리가 먼 것은?",
      "options": [
        "다양성"
      ],
      "answer": null,
      "explanation": ""
    },
    {
      "no": 23,
      "question": "각 부품의 신뢰도가 다음과 같을 때 시스템의 전체 신뢰도\n② 적절성\n는 약 얼마인가?\n③ 무오염성\n④ 기준 척도의 신뢰성\n<문제 해설>\n인간공학의 연구 기준",
      "options": [
        "적절성",
        "무오염성",
        "기준 척도의 신뢰성"
      ],
      "answer": null,
      "explanation": ""
    },
    {
      "no": 1,
      "question": "신뢰성:반복실험시 재현성이 있어야 한다.",
      "options": [],
      "answer": null,
      "explanation": ""
    },
    {
      "no": 2,
      "question": "무오염성:측정하고자 하는 변수외 다른변수의 영향을 받아서\n는 안된다.",
      "options": [],
      "answer": null,
      "explanation": ""
    },
    {
      "no": 3,
      "question": "민감성:피실험자 사이에서 볼수 있는 예상 차이점에 비례한\n단위로 측정해야한다.",
      "options": [
        "0.8123 ② 0.9453"
      ],
      "answer": null,
      "explanation": ""
    },
    {
      "no": 4,
      "question": "적절성:의도된 목적에 부합하여야 한다\n③ 0.9553 ④ 0.9953\n<문제 해설>",
      "options": [
        "0.9553 ④ 0.9953"
      ],
      "answer": null,
      "explanation": ""
    },
    {
      "no": 26,
      "question": "의자 설계 시 고려해야할 일반적인 원리와 가장 거리가 먼",
      "options": [],
      "answer": null,
      "explanation": ""
    },
    {
      "no": 0,
      "question": "95 × {1-(1-0.95)(1-0.9)}\n것은?\n[해설작성자 : 유틸맨]",
      "options": [
        "자세고정을 줄인다.",
        "조정이 용이해야 한다.",
        "디스크가 받는 압력을 줄인다."
      ],
      "answer": null,
      "explanation": ""
    },
    {
      "no": 1,
      "question": "1-0.95=0.05\n④ 요추 부위의 후만곡선을 유지한다.",
      "options": [
        "요추 부위의 후만곡선을 유지한다."
      ],
      "answer": null,
      "explanation": ""
    },
    {
      "no": 2,
      "question": "1-0.9=0.1\n<문제 해설>",
      "options": [],
      "answer": null,
      "explanation": ""
    },
    {
      "no": 3,
      "question": "해설1*해설2=해설3 : 0.05*0.1=0.005\n의자 설계 일반원리",
      "options": [],
      "answer": null,
      "explanation": ""
    },
    {
      "no": 4,
      "question": "1-0.005=0.995\n1) 요추 전만곡선 유지",
      "options": [],
      "answer": null,
      "explanation": ""
    },
    {
      "no": 5,
      "question": "0.95*0.995=0.94525 답은 0.9453\n2) 디스크 압력 줄인다\n[해설작성자 : 기사사마]\n3) 자세고정을 줄인다\n4) 쉽게 조절 가능\n문제를 끝까지 보는 습관을 기릅시다..",
      "options": [],
      "answer": null,
      "explanation": ""
    },
    {
      "no": 2,
      "question": "3번 한끗 차이로 답이 달라지네요.. 27. 다음 FT도에서 시스템에 고장이 발생할 확률은 약 얼마인\n계산 다해놓고 제대로 안보고 체크했더니 오답이 되는 경우가 가? (단, X 과 X 의 발생확률은 각각 0.05, 0.03이다.)\n1 2\n발생할수 있습니다",
      "options": [],
      "answer": null,
      "explanation": ""
    },
    {
      "no": 2,
      "question": "0.9(4)53",
      "options": [],
      "answer": null,
      "explanation": ""
    },
    {
      "no": 3,
      "question": "0.9(5)53\n[해설작성자 : 이런젠장]",
      "options": [],
      "answer": null,
      "explanation": ""
    },
    {
      "no": 24,
      "question": "손이나 특정 신체부위에 발생하는 누적손상장애(CTD)의 발\n생인자와 가장 거리가 먼 것은?",
      "options": [
        "무리한 힘",
        "다습한 환경",
        "장시간의 진동",
        "반복도가 높은 작업 ① 0.0015 ② 0.0785",
        "0.9215 ④ 0.9985"
      ],
      "answer": null,
      "explanation": ""
    },
    {
      "no": 28,
      "question": "반사율이 85%, 글자의 밝기가 400cd/m2인 VDT화면에 31. 산업안전보건법령상 사업주가 유해위험방지 계획서를 제출\n350lux의 조명이 있다면 대비는 약 얼마인가? 할 때에는 사업장 별로 관련 서류를 첨부하여 해당 작업 시",
      "options": [
        "-6.0 ② -5.0 작 며칠 전까지 해당 기관에 제출하여야 하는가?",
        "-4.2 ④ -2.8 ① 7일 ② 15일",
        "30일 ④ 60일"
      ],
      "answer": null,
      "explanation": ""
    },
    {
      "no": 16,
      "question": ", 일부개정##\n조도 = 350lx, 밝기 = 400cd/m2 제8조(제출처 등) 사업주는 해당 작업시작 15일 전까지 규칙 제\n42조제1항 및 제2항에 따라 계획서 2부를 사업장이 소재하는\n휘도 = 0.85*350/3.14 = 94.7 지역을 관할하는 공단 지역본부(지사)의 장에게 제출하여야 한\n다..이 경우, 제출서류는 전자문서로 제출할 수 있다\n​대비 = (휘도-전체휘도)/휘도 [해설작성자 : 쏠라신]\n=(휘도-(밝기+휘도))/휘도\n=밝기/휘도 단 공정안전보고서는 30일전에 제출해야함. 공정 30일 유해 15\n=400/94.7 일\n=4.22 [해설작성자 : 공부한다!]\n[해설작성자 : comcbt.com 이용자]",
      "options": [],
      "answer": null,
      "explanation": ""
    },
    {
      "no": 32,
      "question": "인간-기계 시스템을 설계할 때에는 특정기능을 기계에 할당",
      "options": [],
      "answer": null,
      "explanation": ""
    },
    {
      "no": 29,
      "question": "화학설비에 대한 안전성 평가 중 정량적 평가항목에 해당되 하거나 인간에게 할당하게 된다. 이러한 기능할당과 관련된\n지 않는 것은? 사항으로 옳지 않은 것은? (단, 인공지능과 관련된 사항은",
      "options": [
        "공정 ② 취급물질 제외한다.)",
        "압력 ④ 화학설비용량 ① 인간은 원칙을 적용하여 다양한 문제를 해결하는 능력이",
        "일반적으로 기계는 장시간 일관성이 있는 작업을 수행하",
        "인간은 소음, 이상온도 등의 환경에서 작업을 수행하는",
        "일반적으로 인간은 주위가 이상하거나 예기치 못한 사건"
      ],
      "answer": null,
      "explanation": ""
    },
    {
      "no": 33,
      "question": "모든 시스템 안전분석에서 제일 첫번째 단계의 분석으로,",
      "options": [],
      "answer": null,
      "explanation": ""
    },
    {
      "no": 30,
      "question": "시각 장치와 비교하여 청각 장치 사용이 유리한 경우는? 실행되고 있는 시스템을 포함한 모든 것의 상태를 인식하고",
      "options": [
        "메시지가 길 때 시스템의 개발단계에서 시스템 고유의 위험상태를 식별하여",
        "메시지가 복잡할 때 예상되고 있는 재해의 위험수준을 결정하는 것을 목적으로",
        "정보 전달 장소가 너무 소란할 때 하는 위험분석 기법은?",
        "메시지에 대한 즉각적인 반응이 필요할 떄 ① 결함위험분석(FHA: Fault Hazard Analysis)",
        "시스템위험분석(SHA: System Hazard Analysis) ④ 표면 촉감을 이용한 코드화",
        "예비위험분석(PHA: Preliminary Hazard Analysis) <문제 해설>",
        "운용위험분석(OHA: Operating Hazard Analysis) 색감은 시각적으로 식별, 촉각과는 아무런 관련이 없음"
      ],
      "answer": null,
      "explanation": ""
    },
    {
      "no": 36,
      "question": "FT도에서 사용하는 기호 중 다음 그림과 같이 OR 게이트이\n결함위험분석 FHA:복잡한 시스템에 있어 전체시스템을 몇 개의\n지만 2개 또는 그 이상의 입력이 동시에 존재할 때 출력이\n서브시스템으로나누어 분할 제작하는 경우,\n생기지 않는 경우 사용하는 것은?(문제 오류로 처음 가답안\n서브시스템이 다른 서브시스템 또는 전체 시스템의 안전성에 미\n발표시 2번으로 정답이 발표되었지만 확정답안 발표시 전항\n치는 영향을 분석하는 방법을 말한다.\n정답 처리 되었습니다. 여기서는 가답안인 2번을 누르면 정\n[해설작성자 : 큐넷접수노예]\n답 처리 됩니다.)",
      "options": [],
      "answer": null,
      "explanation": ""
    },
    {
      "no": 34,
      "question": "컷셋(cut set)과 패스셋(pass set)에 관한 설명으로 옳은 것\n은?",
      "options": [
        "동일한 시스템에서 패스셋의 개수와 컷셋의 개수는 같",
        "패스셋은 동시에 발생했을 때 정상사상을 유발하는 사상",
        "일반적으로 시스템에서 최소 컷셋의 개수가 늘어나면 위 ① 부정 OR 게이트",
        "배타적 OR 게이트",
        "최소 컷셋은 어떤 고장이나 실수를 일으키지 않으면 재 ③ 억제 게이트",
        "조합 OR 게이트"
      ],
      "answer": null,
      "explanation": ""
    },
    {
      "no": 1,
      "question": "컷셋 문제 오류로 처음 가답안 발표시 2번으로 정답이 발표되었지만\nㆍ정상사상(이벤트)을 발생시키는 기본사상의 집합 확정답안 발표시 전항 정답 처리 되었습니다..여기서는 가답안인\nㆍ모든 기본사상이 일어났을 때 정상사상을 일으키는 기본사상 2번을 누르면 정답 처리 됩니다.\n들의 집합",
      "options": [],
      "answer": null,
      "explanation": ""
    },
    {
      "no": 2,
      "question": "미니멀 컷 37. 휴먼 에러(Human Error)의 요인을 심리적 요인과 물리적 요\nㆍ정상사상을 일으키기 위한 기본사상의 최소집합 인으로 구분할 때, 심리적 요인에 해당하는 것은?\nㆍ최소한의 컷",
      "options": [
        "일이 너무 복잡한 경우",
        "일의 생산성이 너무 강조될 경우"
      ],
      "answer": null,
      "explanation": ""
    },
    {
      "no": 3,
      "question": "패스셋 ③ 동일 형상의 것이 나란히 있을 경우\nㆍ시스템의 고장을 일으키지 않는 기본사상들의 집합 ④ 서두르거나 절박한 상황에 놓여있을 경우\nㆍ포함된 기본사상이 일어나지 않을 때 처음으로 정상사상이 일 <문제 해설>\n어나지 않는 기본사상들의 집합 1,2,3은 물리적 요인입니다.",
      "options": [
        "동일 형상의 것이 나란히 있을 경우",
        "서두르거나 절박한 상황에 놓여있을 경우"
      ],
      "answer": null,
      "explanation": ""
    },
    {
      "no": 4,
      "question": "미니멀 패스 [해설작성자 : 진주경상대자퇴함]\nㆍ최소한의 패스",
      "options": [],
      "answer": null,
      "explanation": ""
    },
    {
      "no": 38,
      "question": "적절한 온도의 작업환경에서 추운 환경으로 온도가 변할 때\nㆍ시스템의 신뢰성을 나타낸다\n우리의 신체가 수행하는 조절작용이 아닌 것은?\n[해설작성자 : comcbt.com 이용자]",
      "options": [
        "발한(發汗)이 시작된다.",
        "피부의 온도가 내려간다.",
        "직장(直腸)온도가 약간 올라간다.",
        "혈액의 많은 양이 몸의 중심부를 위주로 순환한다."
      ],
      "answer": null,
      "explanation": ""
    },
    {
      "no": 35,
      "question": "조종장치를 촉각적으로 식별하기 위하여 사용되는 촉각적\n코드화의 방법으로 옳지 않은 것은? 발한은 더워서 땀이나는거고",
      "options": [
        "색감을 활용한 코드화 추워졌으니 오한으로 몸이떨리고 추운 상태가 되는게 정답입니",
        "크기를 이용한 코드화 다.",
        "조종장치의 형상 코드화 [해설작성자 : 원조로미]"
      ],
      "answer": null,
      "explanation": ""
    },
    {
      "no": 39,
      "question": "시스템안전 MIL-STD-882B 분류기준의 위험성 평가 매트릭\n설계․제작되어야 한다.\n스에서 발생빈도에 속하지 않는 것은?\n가. 누름버튼은 오작동 방지를 위한 가드를 설치하는 등 불시",
      "options": [
        "거의 발생하지 않는(remote)",
        "전혀 발생하지 않는(impossible)",
        "보통 발생하는(reasonably probable)",
        "극히 발생하지 않을 것 같은(extremely improbable)"
      ],
      "answer": null,
      "explanation": ""
    },
    {
      "no": 7,
      "question": "보호장치\n2) 보통 발생\n가. 로봇에는 외부보호장치와 연결하기 위한 하나 이상의 보호\n3) 가끔 발생\n정지회로를 구비해야 한다.\n4) 거의 발생하지 않음\n나. 보호정지회로는 작동 시 로봇에 공급되는 동력원을 차단시\n5) 극히 발생하지 않음\n킴으로써 관련 작동부위를 모두 정지시킬 수 있는 기능을 구비\n[해설작성자 : 민트가 최고야]\n해야 한다.\n다..보호정지회로의 성능은 제6호 안전관련 제어시스템 성능요건\n위험성이 전혀 발생하지 않을 수는 없죠\n을 만족해야 한다.\n[해설작성자 : 공떼기]\n라. 보호정지회로의 정지방식은 다음과 같다.\n1) 구동부의 전원을 즉시 차단하는 정지방식",
      "options": [],
      "answer": null,
      "explanation": ""
    },
    {
      "no": 40,
      "question": "FTA에 의한 재해사례 연구순서 중 2단계에 해당하는 것은?\n2) 구동부에 전원이 공급된 상태에서 구동부가 정지된 후 전",
      "options": [
        "FT 도의 작성",
        "톱 사상의 선정",
        "개선계획의 작성",
        "사상의 재해원인을 규명"
      ],
      "answer": null,
      "explanation": ""
    },
    {
      "no": 1,
      "question": "톱사상의 설정\n즉2번 문항은 보호정지회로 구비는 제어장치가 아닌 보호장치임",
      "options": [],
      "answer": null,
      "explanation": ""
    },
    {
      "no": 2,
      "question": "재해원인규명\n[해설작성자 : 보라매 오키토키]",
      "options": [],
      "answer": null,
      "explanation": ""
    },
    {
      "no": 3,
      "question": "FT도 작성",
      "options": [],
      "answer": null,
      "explanation": ""
    },
    {
      "no": 4,
      "question": "개선계획의 작성",
      "options": [],
      "answer": null,
      "explanation": ""
    },
    {
      "no": 42,
      "question": "컨베이어의 제작 및 안전기준 상 작업구역 및 통행구역에",
      "options": [],
      "answer": null,
      "explanation": ""
    },
    {
      "no": 5,
      "question": "개선안 실시계획\n덮개, 울 등을 설치해야 하는 부위에 해당하지 않는 것은?\n[해설작성자 : 원조로미]",
      "options": [
        "컨베이어의 동력전달 부분",
        "컨베이어의 제동장치 부분",
        "호퍼, 슈트의 개구부 및 장력 유지장치",
        "컨베이어 벨트, 풀리, 롤러, 체인, 스프라켓, 스크류 등"
      ],
      "answer": null,
      "explanation": ""
    },
    {
      "no": 41,
      "question": "산업안전보건법령상 로봇에 설치되는 제어장치의 조건에 적\n<문제 해설>\n합하지 않은 것은?\n산업안전보건기준에 관한 규칙 제87조(원동기·회전축 등의 위험",
      "options": [
        "누름버튼은 오작동 방지를 위한 가드를 설치하는 등 불",
        "로봇에는 외부 보호 장치와 연결하기 위해 하나 이상의",
        "전원공급램프, 자동운전, 결함검출 등 작동제어의 상태를",
        "조작버튼 및 선택스위치 등 제어장치에는 해당 기능을"
      ],
      "answer": null,
      "explanation": ""
    },
    {
      "no": 46,
      "question": "밀링작업 시 안전수칙으로 틀린 것은?\n다만, 이 경우 덮개나 울이 설치되어 있을 것",
      "options": [
        "보안경을 착용한다.",
        "칩은 기계를 정지시킨 다음에 브러시로 제거한다.",
        "가공 중에는 손으로 가공면을 점검하지 않는다.",
        "면장갑을 착용하여 작업한다."
      ],
      "answer": null,
      "explanation": ""
    },
    {
      "no": 43,
      "question": "산업안전보건법령상 탁상용 연삭기의 덮개에는 작업 받침대 ##밀링머신 사고 예방대책\n와 연삭숫돌과의 간격을 몇 mm 이하로 조정할 수 있어야 · 작업 시 면장갑 착용을 금지하고, 작업자의 손에 밀착이 잘 되\n하는가? 는 가죽제 등의 장갑 착용",
      "options": [
        "3 ② 4 · 작업 중 가공 상태 확인은 기계를 정지시키고 실시",
        "5 ④ 10 · 작업발판에 미끄럼 방지조치 및 미끄럼방지 안전화 착용"
      ],
      "answer": null,
      "explanation": ""
    },
    {
      "no": 44,
      "question": "다음 중 회전축, 커플링 등 회전하는 물체에 작업복 등이\n시에는시동레버와 접촉하지 않도록 되어 있는가?\n말려드는 위험을 초래하는 위험점은?\n2 공작물 설치 시 절삭 공구의 회전을 정지되어 있는가?",
      "options": [
        "협착점 ② 접선물림점",
        "절단점 ④ 회전말림점"
      ],
      "answer": null,
      "explanation": ""
    },
    {
      "no": 45,
      "question": "가공기계에 쓰이는 주된 풀 푸르프(Fool Proof)에서 가드\n작물을 측정할때에는 반드시 정지시킨 다음에 실시하는가?\n(Guard)의 형식으로 틀린 것은?\n11 커터를 교환할 때는 반드시 테이블 위에 목재를 받쳐 놓고",
      "options": [
        "인터록 가드(Interlock Guard)",
        "안내 가드(Guide Guard)",
        "조정 가드(Adjustable Guard)",
        "고정 가드(Fixed Guard)",
        "방호장치의 기능",
        "전단기의 칼날 및 테이블의 상태"
      ],
      "answer": null,
      "explanation": ""
    },
    {
      "no": 47,
      "question": "크레인의 방호장치에 해당되지 않은 것은?\n④ 트롤리(trolley)가 횡행하는 레일의 상태",
      "options": [
        "트롤리(trolley)가 횡행하는 레일의 상태",
        "권과방지장치 ② 과부하방지장치",
        "비상정지장치 ④ 자동보수장치"
      ],
      "answer": null,
      "explanation": ""
    },
    {
      "no": 1,
      "question": "권과방지장치\n트 풀림 유무",
      "options": [],
      "answer": null,
      "explanation": ""
    },
    {
      "no": 2,
      "question": "과부하방지장치\nㆍ1행정 1정지 기구ㆍ급정지 장치 및 비상 정지 장치의 기능",
      "options": [],
      "answer": null,
      "explanation": ""
    },
    {
      "no": 3,
      "question": "비상정지장치\nㆍ슬라이드 또는 칼날에 의한 위험 방지 기구의 기능",
      "options": [],
      "answer": null,
      "explanation": ""
    },
    {
      "no": 4,
      "question": "제동장치\nㆍ프레스의 금형 및 고정 볼트 상태\n[해설작성자 : 재떵쟁이]\nㆍ당해 방호장치의 기능\nㆍ전단기의 칼날 및 테이블의 상태",
      "options": [],
      "answer": null,
      "explanation": ""
    },
    {
      "no": 48,
      "question": "무부하 상태에서 지게차로 20km/h의 속도로 주행할 때, 좌\n[해설작성자 : comcbt.com 이용자]\n우 안정도는 몇 % 이내이어야 하는가?",
      "options": [
        "37% ② 39%",
        "41% ④ 43%"
      ],
      "answer": null,
      "explanation": ""
    },
    {
      "no": 1,
      "question": "하역작업시의 전ㆍ후 안정도:4%이내\n저같은 비전공자 위해 명칭 해설 추가드려요",
      "options": [],
      "answer": null,
      "explanation": ""
    },
    {
      "no": 2,
      "question": "주행시의전ㆍ후 안정도:18%이내\n- 프레스: 금속 및 비금속 재료를 성형, 절단, 또는 조립하는 데",
      "options": [],
      "answer": null,
      "explanation": ""
    },
    {
      "no": 3,
      "question": "하역작업시의 좌ㆍ우 안정도:6%이내\n활용",
      "options": [],
      "answer": null,
      "explanation": ""
    },
    {
      "no": 4,
      "question": "주행시의 좌ㆍ우 안정도:(15+1.1V)%이내\n- 트롤리: 크레인의 구성요소로 화물을 횡방향으로 이동시키는\n[해설작성자 : comcbt.com 이용자]\n메커니즘\n(인형뽑기 기계에서 갈고리 모양 삭제해서 연상해도 될거같네\n좌우 안정도 무부하 주행시 15+1.1*속도\n요.)\n15+(1.1*20)=37%\n- 크레인: 무역 항만 등에서 주로 등장하는 완제품 옮기는 초대\n[해설작성자 : 네]\n형 기계 ( ㅠ 모양)",
      "options": [],
      "answer": null,
      "explanation": ""
    },
    {
      "no": 49,
      "question": "선반가공 시 연속적으로 발생되는 칩으로 인해 작업자가 다 [해설작성자 : 닥터김]\n치는 것을 방지하기 위하여 칩을 짧게 절단 시켜주는 안전",
      "options": [],
      "answer": null,
      "explanation": ""
    },
    {
      "no": 52,
      "question": "프레스 양수조작식 방호장치 누름버튼의 상호간 내측거리는\n장치는?\n몇 mm 이상인가?",
      "options": [
        "커버 ② 브레이크",
        "50 ② 100",
        "보안경 ④ 칩 브레이커",
        "200 ④ 300"
      ],
      "answer": null,
      "explanation": ""
    },
    {
      "no": 50,
      "question": "아세틸렌 용접장치에 관한 설명 중 틀린 것은? [해설작성자 : comcbt.com 이용자]",
      "options": [
        "아세틸렌발생기로부터 5m 이내, 발생기실로부터 3m 이"
      ],
      "answer": null,
      "explanation": ""
    },
    {
      "no": 53,
      "question": "산업안전보건법령상 승강기의 종류에 해당하지 않는 것은?\n내에는 흡연 및 화기사용을 금지한다.",
      "options": [
        "리프트",
        "발생기실에는 관계 근로자가 아닌 사람이 출입하는 것을",
        "에스컬레이터",
        "화물용 엘리베이터",
        "아세틸렌 용기는 뉘어서 사용한다.",
        "승객용 엘리베이터",
        "건식안전기의 형식으로 소결금속식과 우회로식이 있다."
      ],
      "answer": null,
      "explanation": ""
    },
    {
      "no": 51,
      "question": "산업안전보건법령상 프레스의 작업시작 전 점검사항이 아닌 -에스컬레이터\n것은? [해설작성자 : comcbt.com 이용자]",
      "options": [
        "금형 및 고정볼트 상태"
      ],
      "answer": null,
      "explanation": ""
    },
    {
      "no": 55,
      "question": "어떤 로프의 최대하중이 700N이고, 정격하중은 100N이다.",
      "options": [],
      "answer": null,
      "explanation": ""
    },
    {
      "no": 1,
      "question": "승객용 엘리베이터 (사람의 운송에 적합하게 제조 및 설치된\n이 때 안전계수 는 얼마인가?\n엘리베이터)",
      "options": [
        "5 ② 6"
      ],
      "answer": null,
      "explanation": ""
    },
    {
      "no": 2,
      "question": "승객화물용 엘리베이터 (사람의 운송과 화물 운반을 겸용하는\n③ 7 ④ 8\n데 적합하게 제조 및 설치된 엘리베이터)\n<문제 해설>",
      "options": [
        "7 ④ 8"
      ],
      "answer": null,
      "explanation": ""
    },
    {
      "no": 3,
      "question": "화물용 엘리베이터 (화물 운반에 적합하게 제조 및 설치된 엘\n700/100 = 7\n리베이터로서 조작자 또는 화물취급자 1명은 탑승할 수 있는\n안전계수 = 최대하중/정격하중\n것)",
      "options": [],
      "answer": null,
      "explanation": ""
    },
    {
      "no": 4,
      "question": "소형화물 용엘리베이터 음식물이나 서적 등 소형 화물의 운반",
      "options": [],
      "answer": null,
      "explanation": ""
    },
    {
      "no": 56,
      "question": "다음 중 설비의 진단방법에 있어 비파괴 시험이나 검사에\n에 적합하게 제조 및 설치된 엘리베이터로서 사람의 탑승이 금\n해당하지 않는 것은?\n지된 것",
      "options": [
        "피로시험"
      ],
      "answer": null,
      "explanation": ""
    },
    {
      "no": 5,
      "question": "에스컬레이터 (일정한 경사로 또는 수평로를 따라 위, 아래\n② 음향탐상검사\n또는 옆으로 움직이는 디딤판을 통해 사람이나 화물을 승강장으\n③ 방사선투과시험\n로 운송시키는 설비\n④ 초음파탐상검사\n​[해설작성자 : ㅋ]\n<문제 해설>",
      "options": [
        "음향탐상검사",
        "방사선투과시험",
        "초음파탐상검사"
      ],
      "answer": null,
      "explanation": ""
    },
    {
      "no": 1,
      "question": "비파괴 검사 종류\n- 양중기 > 승강기",
      "options": [
        "자분 탐상법 ② 침투 탐상법 ③ 타진법(음향법) ④ 방사선",
        "초음파 탐상법"
      ],
      "answer": null,
      "explanation": ""
    },
    {
      "no": 2,
      "question": "비파괴 검사 방법\n출제되고 있네요",
      "options": [
        "육안검사 ② 자기검사 ③ 누설검사 ④ 초음파투과검사",
        "X선 투과검사 ⑥ 내압검사 ⑦ 와류검사"
      ],
      "answer": null,
      "explanation": ""
    },
    {
      "no": 54,
      "question": "롤러기의 앞면 롤의 지름이 300mm, 분당회전수가 30회일",
      "options": [],
      "answer": null,
      "explanation": ""
    },
    {
      "no": 3,
      "question": "파괴검사 방법\n경우 허용되는 급정지장치의 급정지거리는 약 몇 mm 이내",
      "options": [
        "인장검사 ② 굽힘검사 ③ 경도검사 ④ 크리프",
        "충격검사",
        "37.7 ② 31.4",
        "377 ④ 314"
      ],
      "answer": null,
      "explanation": ""
    },
    {
      "no": 57,
      "question": "지름 5cm 이상을 갖는 회전중인 연삭숫돌이 근로자들에게\n30m/min 미만= 앞면롤러 원주 속도의 1/3\n위험을 미칠 우려가 있는 경우에 필요한 방호장치는?",
      "options": [
        "받침대",
        "과부하 방지장치",
        "덮개",
        "프레임"
      ],
      "answer": null,
      "explanation": ""
    },
    {
      "no": 58,
      "question": "프레스 금형의 파손에 의한 위험방지 방법이 아닌 것은?",
      "options": [
        "금형에 사용하는 스프링은 반드시 인장형으로 할 것",
        "작업 중 진동 및 충격에 의해 볼트 및 너트의 헐거워짐",
        "금형의 하중 중심은 원칙적으로 프레스 기계의 하중 중",
        "캠, 기타 충격이 반복해서 가해지는 부분에는 완충장치 ① 플랜지가 현저히 클 때",
        "숫돌에 균열이 있을 때",
        "숫돌의 측면을 사용할 때",
        "숫돌의 치수 특히 내경의 크기가 적당하지 않을 때"
      ],
      "answer": null,
      "explanation": ""
    },
    {
      "no": 1,
      "question": "맞춤 핀 등은 낙하방지 대책을 세우고 인서트 부품은 이탈방 <문제 해설>\n지대책을 수립 연삭숫돌의 파괴원인",
      "options": [],
      "answer": null,
      "explanation": ""
    },
    {
      "no": 2,
      "question": "캠 및 그 밖의 충격이 반복되어 부가되는 부분에는 완충장치 ㆍ숫돌의 속도가 너무 빠를때\n를 설치 ㆍ숫돌 자체에 균열",
      "options": [],
      "answer": null,
      "explanation": ""
    },
    {
      "no": 3,
      "question": "금형의 조립에 사용되는 볼트 및 너트는 작업 중의 진동에 ㆍ플랜지의 과소 지름의 불균일이 발생\n의해 느슨해질 위험성이 있으므로, 스프링 와셔, 락 너트 등의 ㆍ부적당한 연삭숫돌 사용\n느슨재지는 것을 방지하는 대책을 수립 ㆍ작업방법이 불량\n[해설작성자 : 아하] ㆍ숫돌의 측면을 사용하여 작업할때\nㆍ숫돌에 과대한 충격을 가할때\n[추가 해설] ㆍ숫돌 불균형 베어링 마모에 의한 진동\n금형에서 사용하는 스프링은 압축형으로 할 것\n[해설작성자 : 해내보자 안전기사자격증] [추가 해설]\n현저하게 플랜지 지름이 작을 때\n프레스 press -> pressure -> 압력 -> 압축 [해설작성자 : 해내보자 안전기사자격증]\n[해설작성자 : 띠꾸리비루디]\n- 플렌지(Flange)는 연삭숫돌을 연삭기 축에 안전하게 고정하기\n스프링 이라고 전부 늘어나는게 아님 진짜 단단한거는 완충작 위해 사용하는 원형 디스크 형태의 부품이며, 내경에 맞춰 설치\n용하는 늘어나지않는 압축된 스프링이 있음 됩니다.\n인장형은 늘어나는 스프링 모나미 볼펜속에 있는 스프링 생각하 - 내경은 숫돌의 중심에 있는 구멍의 직경을 의미합니다.\n면됨 압축형스프링은 콩콩이 스프링 단단한거 생각하면됨니다 [해설작성자 : 닥터김]\n[해설작성자 : 보라매 오키토키]\n4과목 : 전기위험방지기술\n현장 현직자분들은 호이스트 설치 구역 콘크리트 바닥면을 보시",
      "options": [],
      "answer": null,
      "explanation": ""
    },
    {
      "no": 61,
      "question": "충격전압시험시의 표준충격파형을 1.2×50μs로 나타내는 경\n기 바랍니다\n우 1.2와 50이 뜻하는 것은?\n호이스트 추락시를 대비한 충격완화용 커다란 압축스프링이 설",
      "options": [
        "파두장 - 파미장",
        "최초섬락시간 - 최종섬락시간",
        "라이징타임 - 스테이블타임"
      ],
      "answer": null,
      "explanation": ""
    },
    {
      "no": 59,
      "question": "기계설비의 작업능률과 안전을 위해 공장의 설비 배치 3단 ④ 라이징타임 - 충격전압인가시간\n계를 올바른 순서대로 나열한 것은? <문제 해설>",
      "options": [
        "라이징타임 - 충격전압인가시간",
        "지역배치→건물배치→기계배치 - 파두장(T1):충격파가 규약 영점에서 시작하여 파고값(최고 전",
        "건물배치→지역배치→기계배치 압)에 도달하는 데 걸리는 시간, 일반적으로 1.2μs로 설정됨.",
        "기계배치→건물배치→지역배치 - 파미장(T2): 충격파가 규약 영점에서 시작하여 파고값의 50%",
        "지역배치→기계배치→건물배치 로 감소하는 데 걸리는 시간, 일반적으로 50μs로 설정"
      ],
      "answer": null,
      "explanation": ""
    },
    {
      "no": 1,
      "question": "지역배치 : 제품의 원료확보로부터 제품 판매에 이르는 절차 [해설작성자 : 닥터김]\n에 따라 그 과정에서 최단적 역할을 수행할 수 있는 장소",
      "options": [],
      "answer": null,
      "explanation": ""
    },
    {
      "no": 62,
      "question": "폭발위험장소의 분류 중 인화성 액체의 증기 또는 가연성",
      "options": [],
      "answer": null,
      "explanation": ""
    },
    {
      "no": 2,
      "question": "건물배치 : 공장, 사무실, 창고, 부대시설 등의 위치를 고려한\n가스에 의한 폭발위험이 지속적으로 또는 장기간 존재하는\n다..\n장소는 몇 종 장소로 분류되는가?",
      "options": [],
      "answer": null,
      "explanation": ""
    },
    {
      "no": 3,
      "question": "기계배치 : 직능분야별 기계배치\n기출문제 해설은 최강 자격증 기출문제 전자문제집 CBT : www.comcbt.com 통해서 실시간으로 변경됩니다.\n본 해설집은 최강 자격증 기출문제 전자문제집 CBT 해설달기 프로젝트에 의해서 만들어진 자료입니다. 해설을 제공해 주신 모든 분들께 감사 드립니다.\n산업안전기사 ◐ 2020년 06월 06일 필기 기출문제 및 해설집◑ 전자문제집 CBT :www.comcbt.com",
      "options": [
        "0종 장소 ② 1종 장소 <문제 해설>",
        "2종 장소 ④ 3종 장소 보호여유도 = {(충격절연강도 - 제한전압) / 제한전압} * 100"
      ],
      "answer": null,
      "explanation": ""
    },
    {
      "no": 66,
      "question": "감전사고를 일으키는 주된 형태가 아닌 것은?\n가스폭발 위험장소 분류",
      "options": [
        "충전전로에 인체가 접촉되는 경우",
        "이중절연 구조로 된 전기 기계ㆍ기구를 사용하는 경우"
      ],
      "answer": null,
      "explanation": ""
    },
    {
      "no": 1,
      "question": "0종장소\n③ 고전압의 전선로에 인체가 근접하여 섬락이 발생된 경우\nㆍ설비내부\n④ 충전 전기회로에 인체가 단락회로의 일부를 형성하는 경\nㆍ인화성 또는 가연성 액체 피트 등의 내부\n우\nㆍ인화성 또는 가연성의 가스나 증기가 지속적 으로 또는 장기\n<문제 해설>\n간 체류하는 곳\n감전사고를 방지하기 위해 이중절연 구조로 된 전기 기계ㆍ기구\n를 사용",
      "options": [
        "고전압의 전선로에 인체가 근접하여 섬락이 발생된 경우",
        "충전 전기회로에 인체가 단락회로의 일부를 형성하는 경"
      ],
      "answer": null,
      "explanation": ""
    },
    {
      "no": 2,
      "question": "1종장소\n[해설작성자 : comcbt.com 이용자]\nㆍ통상의 상태에서 위험분위기가 쉽게 생성되는 곳\nㆍ상용의 상태서 위험분위기가 주기적 또는 간헐적으로 존재하",
      "options": [],
      "answer": null,
      "explanation": ""
    },
    {
      "no": 67,
      "question": "화재가 발생하였을 때 조사해야 하는 내용으로 가장 관계가\n는 곳\n먼 것은?",
      "options": [
        "발화원 ② 착화물"
      ],
      "answer": null,
      "explanation": ""
    },
    {
      "no": 3,
      "question": "2종장소\n③ 출화의 경과 ④ 응고물\n가스폭발 위험장소 분류ㆍ가스켓 팩킹 등의 고장과 같이 이상상\n<문제 해설>\n태에서만 누출될수 있는 공정설비\n전기 화재 발생원인의 3요건\n[해설작성자 : comcbt.com 이용자]",
      "options": [
        "출화의 경과 ④ 응고물"
      ],
      "answer": null,
      "explanation": ""
    },
    {
      "no": 1,
      "question": "발화원 2. 착화물 3. 출화의 경과\n[해설작성자 : ㅋㅋ루삥뽕]\n**본 문제는 종별 접지문제가 아니라 위험장소의 분류를 묻는\n문제이므로 출제 기준에 속함 68. 정전기에 관한 설명으로 옳은 것은?",
      "options": [
        "정전기는 발생에서부터 억제-축적방지-안전한 방전이 재"
      ],
      "answer": null,
      "explanation": ""
    },
    {
      "no": 63,
      "question": "활선 작업 시 사용할 수 없는 전기작업용 안전장구는?\n② 정전기발생은 고체의 분쇄공정에서 가장 많이 발생한다.",
      "options": [
        "정전기발생은 고체의 분쇄공정에서 가장 많이 발생한다.",
        "전기안전모 ② 절연장갑",
        "액체의 이송시는 그 속도(유속)를 7(m/s)이상 빠르게 하",
        "검전기 ④ 승주용 가제",
        "접지 값은 10(Ω)이하로 하되 플라스틱 같은 절연도가 높"
      ],
      "answer": null,
      "explanation": ""
    },
    {
      "no": 64,
      "question": "인체의 전기저항을 500Ω이라 한다면 심실세동을 일으키는\n[해설작성자 : 23]\n위험에너지(J)는? (단, 심실세동전류 , 2. 정전기 발생은 미세입자 취급 시 가장 많이 발생한다.\n통전시간은 1초이다.) 3. 액체의 이송 시는 그 속도(유속)를 1m/sec 이하로 하여 정전",
      "options": [
        "13.61 ② 23.21 기 발생을 억제한다.",
        "33.42 ④ 44.63 4. 접지 값은 10^6 이하로 하며, 도전성이 높은 것을 사용한다."
      ],
      "answer": null,
      "explanation": ""
    },
    {
      "no": 69,
      "question": "전기설비의 필요한 부분에 반드시 보호접지를 실시하여야\n약 0.027 정도가 나와요.\n한다. 접지공사의 종류에 따른 접지저항과 접지선의 굵기가\n그냥 0.027에 옴값을 곱하면 근사치가 나옵니다.\n틀린 것은?(관련 규정 개정전 문제로 여기서는 기존 정답인\n객관식 문항 값의 편차가 크거나, 통전시간 1초 라는 전제가 있\n2번을 누르면 정답 처리됩니다. 자세한 내용은 해설을 참고\n다면 활용해보셔도 나쁘지 않을것 같아요.\n하세요.)",
      "options": [],
      "answer": null,
      "explanation": ""
    },
    {
      "no": 65,
      "question": "피뢰침의 제한전압이 800kV, 충격절연강도가 1000kV라 할",
      "options": [
        "제1종 : 10Ω이하, 공칭단면적 6mm2 이상의 연동선",
        "25 ② 33 ② 제2종 : Ω이하, 공칭단면적 2.5mm2",
        "47 ④ 63",
        "제3종 : 100Ω이하, 공칭단면적 2.5mm2 이상의 연동선 습기와는 무관합니당",
        "특별 제3종 : 10Ω이하, 공칭단면적 2.5mm2 이상의 연동 [해설작성자 : 내일시험ㅎ]"
      ],
      "answer": null,
      "explanation": ""
    },
    {
      "no": 73,
      "question": "온도조절용 바이메탈과 온도 퓨즈가 회로에 조합되어 있는\n<문제 해설>\n다리미를 사용한 가정에서 화재가 발생했다. 다리미에 부착\n2종 : 150/1선지락전류 Ω이하, 공칭단면적 16mm^2 이상의 연\n되어 있던 바이메탈과 온도퓨즈를 대상으로 화재사고를 분\n동선\n석하려 하는데 논리기호를 사용하여 표현하고자 한다. 어느\n[해설작성자 : 유틸맨]\n기호가 적당한가? (단, 바이메탈의 작동과 온도 퓨즈가 끊어\n졌을 경우를 0, 그렇지 않을 경우를 1이라 한다.)\n공칭단면적\n1종 6\n2종 16",
      "options": [
        "②",
        "④"
      ],
      "answer": null,
      "explanation": ""
    },
    {
      "no": 70,
      "question": "교류아크 용접기에 전격 방지기를 설치하는 요령 중 틀린\n절용 바이메탈과 온도퓨즈 둘 다의 고장일 경우만 화재가 발생\n것은?\n그럼으로 AND GATE.",
      "options": [
        "이완 방지 조치를 한다.",
        "직각으로만 부착해야 한다.",
        "동작 상태를 알기 쉬운 곳에 설치한다.",
        "테스트 스위치는 조작이 용이한 곳에 위치시킨다."
      ],
      "answer": null,
      "explanation": ""
    },
    {
      "no": 2,
      "question": "직각으로(만)이므로 틀림\n무런 문제가 없는 상태\n[해설작성자 : 합격가자~]\n하지만 문제에서처럼 바이메탈 작동 또는 퓨즈가 끊어졌을때는",
      "options": [],
      "answer": null,
      "explanation": ""
    },
    {
      "no": 71,
      "question": "전기기기의 Y종 절연물의 최고 허용온도는? 출력 신호가 0으로 되어, 문제를 감지하는 원리 입니다.",
      "options": [
        "80℃ ② 85℃ 따라서 둘중 하나라도 작동을 하면 출력이 1에서 0으로 변해야",
        "90℃ ④ 105℃ 됨으로 AND 논리회로가 맞습니다."
      ],
      "answer": null,
      "explanation": ""
    },
    {
      "no": 74,
      "question": "화염일주한계에 대한 설명으로 옳은 것은?",
      "options": [
        "폭발성 가스와 공기의 혼합기에 온도를 높인 경우 화염",
        "폭발성 분위기에 있는 용기의 접합면 틈새를 통해 화염",
        "폭발성 분위기 속에서 전기불꽃에 의하여 폭발을 일으킬"
      ],
      "answer": null,
      "explanation": ""
    },
    {
      "no": 72,
      "question": "내압방폭구조의 기본적 성능에 관한 사항으로 틀린 것은? ④ 방폭설비에서 이상이 발생하여 불꽃이 생성된 경우에 그",
      "options": [
        "방폭설비에서 이상이 발생하여 불꽃이 생성된 경우에 그",
        "내부에서 폭발할 경우 그 압력에 견딜 것 것이 점화원으로 작용하지 않도록 화염의 에너지를 억제",
        "폭발화염이 외부로 유출되지 않을 것 하여 폭발하한계로 되도록 화염 크기를 조정하는 한계치",
        "습기침투에 대한 보호가 될 것 <문제 해설>",
        "외함 표면온도가 주위의 가연성 가스에 점화하지 않을 화염일주한계=안전간격=최대안전틈새"
      ],
      "answer": null,
      "explanation": ""
    },
    {
      "no": 75,
      "question": "폭발위험이 있는 장소의 설정 및 관리와 가장 관계가 먼 것\n참고로 정답 변경은 오류 신고 5회 이상일 경우 수정합니다.\n은?",
      "options": [
        "인화성 액체의 증기 사용",
        "가연성 가스의 제조",
        "가연성 분진 제조",
        "종이 등 가연성 물질 취급"
      ],
      "answer": null,
      "explanation": ""
    },
    {
      "no": 1,
      "question": "인화성 액체의 증기나 인화성 가스 등을 제조, 취급, 사용하 77. 제 3종 접지공사를 시설하여야 하는 장소가 아닌 것은?(관\n는 장소 련 규정 개정전 문제로 여기서는 기존 정답인 3번을 누르면",
      "options": [],
      "answer": null,
      "explanation": ""
    },
    {
      "no": 2,
      "question": "인화성 고체를 제조, 사용하는 장소 정답 처리됩니다. 자세한 내용은 해설을 참고하세요.)\n[해설작성자 : 민트초코쿠키]",
      "options": [
        "금속몰드 배선에 사용하는 몰드",
        "고압계기용 변압기의 2차측 전로",
        "고압용 금속제 케이블트레이 계통의 금속트레이",
        "400V 미만의 저압용 기계기구의 철대 및 금속제 외함"
      ],
      "answer": null,
      "explanation": ""
    },
    {
      "no": 76,
      "question": "인체의 표면적이 0.5m2이고 정전용량은 0.02pF/cm2이다.\n접지공사에 해당한다.\n3300V의 전압이 인가되어 있는 전선에 접근하여 작업을 할\n구민사 교재 해설_) 제1종 : 고압 또는 특별 고압용 기기의 철대\n때 인체에 축적되는 정전기 에너지(J)는?\n및 금속제 외함->제1종",
      "options": [
        "5.445×10-2",
        "5.445×10-4",
        "2.723×10-2",
        "2.723×10-4",
        "피뢰기",
        "고압 또는 특별고압용기기의 철제 및 금속제 외함",
        "주상에 설치하는 3상 4선식 접지 계통 변압기 및 기기의 외",
        "철주, 철탑 등",
        "교류전차선과 교차하는 고압 전선로의 완금",
        "주상에 시설하는 고압콘덴서, 고압전압조정기 및 고압개폐기",
        "옥내 또는 지상에 시설하는 400v 미만의 저압 기기의 외함",
        "극저주파 ② 마이크로파",
        "가시광선 ④ 적외선"
      ],
      "answer": null,
      "explanation": ""
    },
    {
      "no": 79,
      "question": "다음 중 폭발위험장소에 전기설비를 설치할 때 전기적인 방\n호조치로 적절하지 않은 것은? 82. 산업안전보건기준에 관한 규칙상 국소배기장치의 후드 설치",
      "options": [
        "다상 전기기기는 결상운전으로 인한 과열방지 조치를 한 기준이 아닌 것은?",
        "유해물질이 발생하는 곳마다 설치할 것",
        "배선은 단락ㆍ지락 사고시의 영향과 과부하로부터 보호 ② 후드의 개구부 면적은 가능한 한 크게 할 것",
        "외부식 또는 리시버식 후드는 해당 분진등의 발산원에",
        "자동차단이 점화의 위험보다 클 때는 경보장치를 사용한 가장 가까운 위치에 설치할 것",
        "후드 형식은 가능하면 포위식 또는 부스식 후드를 설치",
        "단락보호장치는 고장상태에서 자동복구 되도록 한다. 할 것"
      ],
      "answer": null,
      "explanation": ""
    },
    {
      "no": 80,
      "question": "감전사고 방지대책으로 틀린 것은?\n다.",
      "options": [
        "설비의 필요한 부분에 보호접지 실시",
        "노출된 충전부에 통전망 설치",
        "안전전압 이하의 전기기기 사용",
        "전기기기 및 설비의 정비",
        "25 ② 100",
        "300 ④ 500"
      ],
      "answer": null,
      "explanation": ""
    },
    {
      "no": 81,
      "question": "다음 관(pipe) 부속품 중 관로의 방향을 변경하기 위하여 사 84. 반응성 화학물질의 위험성은 실험에 의한 평가 대신 문헌조\n용하는 부속품은? 사 등을 통해 계산에 의해 평가하는 방법을 사용할 수 있",
      "options": [
        "니플(nipple) ② 유니온(union) 다. 이에 관한 설명으로 옳지 않은 것은?",
        "플랜지(flange) ④ 엘보우(elbow) ① 위험성이 너무 커서 물성을 측정할 수 없는 경우 계산에",
        "비산→퇴적분진→분산→발화원→2차폭발→전면폭발",
        "연소열, 분해열, 폭발열 등의 크기에 의해 그 물질의 폭 ③ 퇴적분진→발화원→분산→비산→전면폭발→2차폭발",
        "퇴적분진→비산→분산→발화원→전면폭발→2차폭발",
        "계산에 의한 평가를 하기 위해서는 폭발 또는 분해에 따 <문제 해설>",
        "계산에 의한 위험성 예측은 모든 물질에 대해 정확성이 퇴적분진→비산→분산→발화원→전면폭발→2차폭발"
      ],
      "answer": null,
      "explanation": ""
    },
    {
      "no": 85,
      "question": "압축기와 송풍의 관로에 심한 공기의 맥동과 진동을 발생하\n면서 불안정한 운전이 되는 서징(surging) 현상의 방지법으 89. 폭발방호대책 중 이상 또는 과잉압력에 대한 안전장치로 볼\n로 옳지 않은 것은? 수 없는 것은?",
      "options": [
        "풍량을 감소시킨다. ① 안전 밸브(safety valve)",
        "배관의 경사를 완만하게 한다. ② 릴리프 밸브(relief valve)",
        "교축밸브를 기계에서 멀리 설치한다. ③ 파열판(bursting disk)",
        "토출가스를 흡입측에 바이패스 시키거나 방출밸브에 의 ④ 플레임 어레스터(flame arrester)"
      ],
      "answer": null,
      "explanation": ""
    },
    {
      "no": 86,
      "question": "다음 중 독성이 가장 강한 가스는?\n압력이 아닌 구멍을 촘촘하게 만들어 화염을 통과 못하게 하므",
      "options": [
        "NH ② COCI",
        "C H CH ④ H S"
      ],
      "answer": null,
      "explanation": ""
    },
    {
      "no": 1,
      "question": "NH3: 암모니아 : 25\n이 일정한 값 이상일 때 파열하여 내부의 압력을 방출하도록 설",
      "options": [],
      "answer": null,
      "explanation": ""
    },
    {
      "no": 2,
      "question": "COCL2: 포스겐 : 0.1\n계된 칸막이판이다.",
      "options": [],
      "answer": null,
      "explanation": ""
    },
    {
      "no": 3,
      "question": "C6H5CH3: 톨루엔\n[해설작성자 : 산업안전기사합격!!]",
      "options": [],
      "answer": null,
      "explanation": ""
    },
    {
      "no": 4,
      "question": "H2S: 황화수소 : 10\n[해설작성자 : 큐넷접수노예] 90. 다음 인화성 가스 중 가장 가벼운 물질은?",
      "options": [
        "아세틸렌 ② 수소",
        "부탄 ④ 에틸렌"
      ],
      "answer": null,
      "explanation": ""
    },
    {
      "no": 87,
      "question": "다음 중 분해 폭발의 위험성이 있는 아세틸렌의 용제로 가\n[해설작성자 : d]\n장 적절한 것은?",
      "options": [
        "에테르 91. 가연성 가스 및 증기의 위험도에 따른 방폭전기기기의 분류",
        "에틸알코올 로 폭발등급을 사용하는데, 이러한 폭발등급을 결정하는 것",
        "아세톤 은?",
        "아세트알데히드 ① 발화도",
        "화염일주한계",
        "폭발한계",
        "최소발화에너지"
      ],
      "answer": null,
      "explanation": ""
    },
    {
      "no": 88,
      "question": "분진폭발의 발생 순서로 옳은 것은?\n2등급 - 안전간격 : 0.4mm 초과 0.6mm 이하, 해당가스 : 에틸",
      "options": [
        "비산→분산→퇴적분진→발화원→2차폭발→전면폭발"
      ],
      "answer": null,
      "explanation": ""
    },
    {
      "no": 95,
      "question": "산업안전보건법령에 따라 유해하거나 위험한 설비의 설치ㆍ\n일주한계)\n이전 또는 주요 구조부분의 변경공사 시 공정안전보고서의\nIIA: >= 0.9mm, IIB: 0.9~0.5mm, IIC: 0.5 >=\n제출시기는 착공일 며칠 전까지 관련기관에 제출하여야 하\n[해설작성자 : 조선소]\n는가?",
      "options": [
        "15일 ② 30일",
        "60일 ④ 90일"
      ],
      "answer": null,
      "explanation": ""
    },
    {
      "no": 92,
      "question": "다음 중 메타인산(HPO )에 의한 소화효과를 가진 분말소화 시 공정안전보고서의 제출시기는 착공일 30일 전까지 공정안전\n3\n약제의 종류는? 보고서를 2부 작성하여 공단에 제출하여야 한다",
      "options": [
        "제1종 분말소화약제 [해설작성자 : 큐넷접수노예]",
        "제2종 분말소화약제",
        "제3종 분말소화약제 1. 공정안전보고서(PSM)란?",
        "제4종 분말소화약제 산업안전보건법 제 49조의 2의 규정에 의하여 유해·위험설비를"
      ],
      "answer": null,
      "explanation": ""
    },
    {
      "no": 96,
      "question": "소화약제 IG-100의 구성성분은?\n[해설작성자 : 금쪽이]",
      "options": [
        "질소 ② 산소"
      ],
      "answer": null,
      "explanation": ""
    },
    {
      "no": 93,
      "question": "다음 중 파열판에 관한 설명으로 틀린 것은? ③ 이산화탄소 ④ 수소",
      "options": [
        "이산화탄소 ④ 수소",
        "압력 방출속도가 빠르다. <문제 해설>",
        "한번 파열되면 재사용 할 수 없다. 불활성기체소화약제 구성",
        "한번 부착한 후에는 교환할 필요가 없다. - 헬륨, 네온, 아르곤, 질소",
        "높은 점성의 슬러리나 부식성 유체에 적용할 수 있다. 할로겐화학물소화약제(청정소화약제)"
      ],
      "answer": null,
      "explanation": ""
    },
    {
      "no": 94,
      "question": "공기 중에서 폭발범위가 12.5~74vol% 인 일산화탄소의 위\n것처럼 설명했는데, 불활성기체소화약제 중 CO2가 포함된 약제\n험도는 얼마인가?\n도 있음. 아래 보면 IG-541의 경우 CO2가 포함되어 있으며 구",
      "options": [
        "4.92 ② 5.26",
        "6.26 ④ 7.05"
      ],
      "answer": null,
      "explanation": ""
    },
    {
      "no": 98,
      "question": "다음 중 물과 반응하여 아세틸렌을 발생시키는 물질은?\nIG-100 : N2",
      "options": [
        "Zn ② Mg",
        "Al ④ CaC"
      ],
      "answer": null,
      "explanation": ""
    },
    {
      "no": 1,
      "question": "탄화칼슘에 물 혼합 제조법(발영반응)\nN / Ar / Co (나르코) => IG-000\nCaC2(탄화칼슘) + H2O(물) => C2H2(아세틸렌) 생성\n[해설작성자 : ㅇㅇ]",
      "options": [],
      "answer": null,
      "explanation": ""
    },
    {
      "no": 2,
      "question": "탄산수소 분해 제조법 (흡열반응)\n2CH4(탄산수소)=>C2H2(아세틸렌) + 3H2\nIG-01 : Ar(아르곤)\n[해설작성자 : 쏠라신]\nIG-100 : N2(질소)\nIG-541 : N2, Ar, CO2(이산화탄소)\n고온의 물 + 알루미늄 = 수소\nIG-55 : N2, Ar\n물 + 탄화칼슘 = 아세틸렌\n[해설작성자 : 황병만]\n물 + 인화칼슘 = 포스핀가스",
      "options": [],
      "answer": null,
      "explanation": ""
    },
    {
      "no": 97,
      "question": "프로판(C H )의 연소에 필요한 최소 산소농도의 값은 약 얼 [해설작성자 : 내일 시험이다 북삼고노경환]\n3 8\n마인가? (단, 프로판의 폭발하한은 Jone식에 의해 추산한",
      "options": [],
      "answer": null,
      "explanation": ""
    },
    {
      "no": 99,
      "question": "메탄 1vol%, 헥산 2vol%, 에틸렌 2vol%, 공기 95vol%로 된\n다.)\n혼합가스의 폭발하한계값(vol%)은 약 얼마인가? (단, 메탄,",
      "options": [
        "8.1%v/v ② 11.1%v/v",
        "15.1%v/v ④ 20.1%v/v",
        "1.8 ② 3.5",
        "12.8 ④ 21.7"
      ],
      "answer": null,
      "explanation": ""
    },
    {
      "no": 1,
      "question": "폭발하한계 값을 구하는데 여기서 Jone식에 의해 구하라고\n폭발하한계 = 5/(1/5 + 2/1.1 + 2/2.7) = 1.812\n함 (원래는 줌)\n[해설작성자 : 유틸맨]\n> 폭발하한계 = 0.55 * Cst\n> Cst = 100 / 1+4.773(탄소 + 수소/4)\n공기가 따로 주어지지 않으면 100/폭발하한계로 나누면 됩니\n> 프로판(C3H8) 탄소 3개 수소 8개 위 식에 대입하여 0.55곱하\n다..헷갈리지 마세염 (18년 4월 기출)\n면 = 2.21나옴\n[해설작성자 : 김대리 ]",
      "options": [],
      "answer": null,
      "explanation": ""
    },
    {
      "no": 2,
      "question": "산소농도 값 구하기",
      "options": [],
      "answer": null,
      "explanation": ""
    },
    {
      "no": 100,
      "question": "가열ㆍ마찰ㆍ충격 또는 다른 화학물질과의 접촉 등으로 인\nC3H8 + 02 = CO2 + H2O\n하여 산소나 산화제의 공급이 없더라도 폭발 등 격렬한 반\n> 1 C3H8 + 5 O2 = 3 CO2 + 4H2O\n응을 일으킬 수 있는 물질은?\n산소의 몰수/연료의 몰수 = 5/1",
      "options": [
        "에틸알코올 ② 인화성 고체",
        "니트로화합물 ④ 테레핀유"
      ],
      "answer": null,
      "explanation": ""
    },
    {
      "no": 101,
      "question": "사업주가 유해위험방지 계획서 제출 후 건설공사 중 6개월\n파워쇼벨(무한궤도식):지면보다 높은 곳을 굴착\n이내마다 안전보건공단의 확인을 받아야 할 내용이 아닌\n[해설작성자 : 큐넷접수노예]\n것은?",
      "options": [
        "유해위험방지 계획서의 내용과 실제공사 내용이 부합하 104. 산업안전보건법령에 따른 지반의 종류별 굴착면의 기울기",
        "유해위험방지 계획서 변경 내용의 적정성 적용됨)",
        "자율안전관리 업체 유해ㆍ위험방지 계획서 제출ㆍ심사 ① 모래 : 1 : 1.8 ② 연암 : 1 : 1.2",
        "풍화암 : 1 : 1.0 ④ 경암 : 1 : 0.5",
        "추가적인 유해ㆍ위험요인의 존재여부 <문제 해설>"
      ],
      "answer": null,
      "explanation": ""
    },
    {
      "no": 1,
      "question": "유해위험방지계획서의 내용과 실제공사 내용이 부합하는지 모래 : 1 : 1.8(추가)\n여부 연암 및 풍화암 : 1 : 1.0",
      "options": [],
      "answer": null,
      "explanation": ""
    },
    {
      "no": 2,
      "question": "유해위험방지계획서 변경 내용의 적정성 경암 : 1 : 0.5",
      "options": [],
      "answer": null,
      "explanation": ""
    },
    {
      "no": 3,
      "question": "추가적인 유해, 위험요인의 존재 여부 그 밖의 흙 : 1 : 1.2(추가)\n[해설작성자 : 기사콜렉터입니다] ----------보통흙----------\n습지 : 1:1.0 ~ 1:1.5\n- 보기 3번 항목은 다른 보기 항목들처럼 명확하게 \"확인해야 건지 : 1:0.5 ~ 1:1.0\n하는 내용\"을 말하는 방식이 아니라, 이미 면제된 상황을 언급하",
      "options": [],
      "answer": null,
      "explanation": ""
    },
    {
      "no": 105,
      "question": "콘크리트 타설 시 거푸집 측압에 관한 설명으로 옳지 않은\n고 있어 완벽한 보기라고 볼 수 없습니다.\n것은?\n- 1,2,4 항목은 산업안전보건법 시행규칙 제46조에 해당하는 내",
      "options": [
        "기온이 높을수록 측압은 크다.",
        "타설속도가 클수록 측압은 크다.",
        "슬럼프가 클수록 측압은 크다.",
        "다짐이 과할수록 측압은 크다."
      ],
      "answer": null,
      "explanation": ""
    },
    {
      "no": 1,
      "question": "외기의 온도 습도가 낮을수록 측압은 크다\n[해설작성자 : 소방 화이팅!]",
      "options": [],
      "answer": null,
      "explanation": ""
    },
    {
      "no": 2,
      "question": "타설속도가 클수록 측압은 크다..",
      "options": [],
      "answer": null,
      "explanation": ""
    },
    {
      "no": 102,
      "question": "철골공사 시 안전작업방법 및 준수사항으로 옳지 않은 것 3. 슬럼프치가 클수록 측압은 크다..\n은? 4. 다짐이 충분할수록 측압은 크다..",
      "options": [
        "강풍, 폭우 등과 같은 악천우시에는 작업을 중지하여야 5. 벽체두께가 두꺼울수록 측압은 크다",
        "철골부재 반입 시 시공순서가 빠른 부재는 상단부에 위 아래와 같은 오류 신고가 있었습니다.",
        "구명줄 설치 시 마닐라 로프 직경 10mm를 기준하여 설 추후 여러분들의 의견을 반영하여 정답을 수정하도록 하겠습니",
        "철골보의 두곳을 매어 인양시킬 때 와이어로프의 내각은 참고로 정답 변경은 오류 신고 5회 이상일 경우 수정합니다."
      ],
      "answer": null,
      "explanation": ""
    },
    {
      "no": 103,
      "question": "지면보다 낮은 땅을 파는데 적합하고 수중굴착도 가능한\n구민사 산업안전기사 p.953\n굴착기계는?\n습도가 낮을 수록 측압이 크다.",
      "options": [
        "백호우 ② 파워쇼벨",
        "가이데릭 ④ 파일드라이버",
        "구조물, 건축물, 그 밖의 시설물이 그 자체의 무게ㆍ적설",
        "화재 등으로 구축물 또는 이와 유사한 시설물의 내력(耐",
        "구축물의 구조체가 안전측으로 과도하게 설계가 되었을"
      ],
      "answer": null,
      "explanation": ""
    },
    {
      "no": 109,
      "question": "다음 중 방망사의 폐기 시 인장강도에 해당하는 것은?\n트가 굳는 과정)시 온도는 높고, 습도는 낮으면 경화가 빨라집니\n(단, 그물코의 크기는 10cm이며 매듭없는 방망의 경우임)\n다(경화가 빨라지면 콘크리트에 좋은게 아님, 강도가 약해짐).",
      "options": [
        "50kg ② 100kg",
        "150kg ④ 200kg"
      ],
      "answer": null,
      "explanation": ""
    },
    {
      "no": 106,
      "question": "강관비계의 수직방향 벽이음 조립간격(m)으로 옳은 것은?\n(단, 틀비계이며 높이가 5m 이상일 경우) 폐기시 인장강도",
      "options": [
        "2m ② 4m 5cm 매듭형 60kg입니다",
        "6m ④ 9m [해설작성자 : 용완]"
      ],
      "answer": null,
      "explanation": ""
    },
    {
      "no": 110,
      "question": "작업장에 계단 및 계단참을 설치하는 경우 매제곱미터 당",
      "options": [],
      "answer": null,
      "explanation": ""
    },
    {
      "no": 107,
      "question": "굴착과 싣기를 동시에 할 수 있는 토공기계가 아닌 것은? 최소 몇 킬로그램 이상의 하중에 견딜 수 있는 강도를 가",
      "options": [
        "Power shovel ② Tractor shovel 진 구조로 설치하여야 하는가?",
        "Back hoe ④ Motor grader ① 300kg ② 400kg",
        "500kg ④ 600kg"
      ],
      "answer": null,
      "explanation": ""
    },
    {
      "no": 108,
      "question": "구축물에 안전진단 등 안전성 평가를 실시하여 근로자에게\n치하여야 하며\n미칠 위험성을 미리 제거하여야 하는 경우가 아닌 것은?\n안전율은 4이상으로 하여야 한다",
      "options": [
        "구축물 또는 이와 유사한 시설물의 인근에서 굴착ㆍ항타",
        "건설공사에 사용하는 높이 8m 이상인 비계다리에는 7m",
        "작업상 부득이한 경우에는 필요한 부분에 한하여 안전난",
        "수직갱에 가설된 통로의 길이가 10m 이상인 경우에는"
      ],
      "answer": null,
      "explanation": ""
    },
    {
      "no": 111,
      "question": "굴착공사에서 비탈면 또는 비탈면 하단을 성토하여 붕괴를\n5m 이내마다 계단참을 설치한다.\n방지하는 공법은?\n<문제 해설>",
      "options": [
        "배수공",
        "배토공"
      ],
      "answer": null,
      "explanation": ""
    },
    {
      "no": 1,
      "question": "견고한 구조로 할것\n③ 공작물에 의한 방지공",
      "options": [
        "공작물에 의한 방지공"
      ],
      "answer": null,
      "explanation": ""
    },
    {
      "no": 2,
      "question": "경사는 30도 이하\n④ 압성토공",
      "options": [
        "압성토공"
      ],
      "answer": null,
      "explanation": ""
    },
    {
      "no": 3,
      "question": "경사가 15도를초과하는 때는 미끄러지지 아니 하는 구조\n<문제 해설>",
      "options": [],
      "answer": null,
      "explanation": ""
    },
    {
      "no": 4,
      "question": "추락의 위험이 있는 장소에는 안전난간을 설치 할 것\n압성토 공법",
      "options": [],
      "answer": null,
      "explanation": ""
    },
    {
      "no": 5,
      "question": "수직갱:길이가 15미터 이상인 때에는 10미터 이내마다 계단",
      "options": [
        "토사의 측방에 압성토를 하거나 법면 구배를 작게 하여 활동"
      ],
      "answer": null,
      "explanation": ""
    },
    {
      "no": 6,
      "question": "건설공사에 사용하는 높이가 8미터 이상인 비계다리:7m 이내\n② 점성토 연약지반 개량공법\n마다 계단참 설치\n[해설작성자 : 산안기 2주 남았다....]\n[해설작성자 : comcbt.com 이용자]",
      "options": [
        "점성토 연약지반 개량공법"
      ],
      "answer": null,
      "explanation": ""
    },
    {
      "no": 112,
      "question": "공정율이 65%인 건설현장의 경우 공사 진척에 따른 산업\n사다리식 통로의 길이가 10m이상인 경우에는 5m이내마다 계\n안전보건관리비의 최소 사용기준으로 옳은 것은? (단, 공\n단참을 설치해야 한다\n정율은 기성공정율을 기준으로 함)\n[해설작성자 : comcbt.com 이용자]",
      "options": [
        "40% 이상 ② 50% 이상",
        "60% 이상 ④ 70% 이상"
      ],
      "answer": null,
      "explanation": ""
    },
    {
      "no": 115,
      "question": "작업으로 인하여 물체가 떨어지거나 날아올 위험이 있는\n<문제 해설>\n경우 필요한 조치와 가장 거리가 먼 것은?\n공정율 50%이상-70%미만 사용기준 50%이상",
      "options": [
        "투하설비 설치",
        "낙하물 방지망 설치",
        "수직보호망 설치",
        "출입금지구역 설정"
      ],
      "answer": null,
      "explanation": ""
    },
    {
      "no": 113,
      "question": "해체공사 시 작업용 기계기구의 취급 안전기준에 관한 설",
      "options": [],
      "answer": null,
      "explanation": ""
    },
    {
      "no": 1,
      "question": "투하설비 설치는 물체를 다른 사람이 다치지않도록 처리하는\n명으로 옳지 않은 것은?\n거라서 비의도적인 위험에 맞지 않습니더.",
      "options": [
        "철제햄머와 와이어로프의 결속은 경험이 많은 사람으로",
        "팽창제 천공간격은 콘크리트 강도에 의하여 결정되나"
      ],
      "answer": null,
      "explanation": ""
    },
    {
      "no": 1,
      "question": "낙하물 방지망·수직보호망 또는 방호선반의 설치\n③ 쐐기타입으로 해체 시 천공구멍은 타입기 삽입부분의 직",
      "options": [
        "쐐기타입으로 해체 시 천공구멍은 타입기 삽입부분의 직"
      ],
      "answer": null,
      "explanation": ""
    },
    {
      "no": 2,
      "question": "출입금지구역의 설정\n경과 거의 같아야 한다.",
      "options": [],
      "answer": null,
      "explanation": ""
    },
    {
      "no": 3,
      "question": "보호구의 착용\n④ 화염방사기로 해체작업 시 용기 내 압력은 온도에 의해\n[해설작성자 : 공부힘드네]\n상승하기 때문에 항상 40℃이하로 보존해야 한다.\n<문제 해설>\n투하설비란 고층에서 저층으로 물건을 내려보낼때 관 같이 생긴\n해체공사표준작업안전지침 참고\n걸 설치해서 폐기물 등 내려보내는 장치 3m 이상되는 높이에서",
      "options": [
        "화염방사기로 해체작업 시 용기 내 압력은 온도에 의해"
      ],
      "answer": null,
      "explanation": ""
    },
    {
      "no": 2,
      "question": "천공간격은 콘크리트 강도에 의하여 결정되나 30 내지 70㎝\n설치함\n정도를 유지하도록 한다.\n[해설작성자 : 보라매 오키토키]",
      "options": [],
      "answer": null,
      "explanation": ""
    },
    {
      "no": 4,
      "question": "용기내 압력은 온도에 의해 상승하기 때문에 항상 섭씨 40도\n이하로 보존하여야 한다.",
      "options": [],
      "answer": null,
      "explanation": ""
    },
    {
      "no": 116,
      "question": "다음은 안전대와 관련된 설명이다. 아래내용에 해당되는\n[해설작성자 : Hun]\n용어로 옳은 것은?\n팽창제 천공간역은 콘크리트 강도에 의하여 결정되나\n300~700mm 정도를 유지하도록 한다.\n[해설작성자 : 루피]",
      "options": [
        "안전블록 ② 수직구명줄"
      ],
      "answer": null,
      "explanation": ""
    },
    {
      "no": 114,
      "question": "가설통로의 설치에 관한 기준으로 옳지 않은 것은?\n③ 죔줄 ④ 보조죔줄",
      "options": [
        "죔줄 ④ 보조죔줄",
        "경사는 30° 이하로 한다."
      ],
      "answer": null,
      "explanation": ""
    },
    {
      "no": 1,
      "question": "안전블록: 안전그네와 연결하여 추락발생 시 추락을 억제할 을 정하고, 이를 초과하여 실어서는 안 된다.[전문개정\n수 있는 자동잠김장치가 갖추어져 있고 죔줄이 자동적으로 수축 2024.6.28.]\n되는 장치. 기존 달비계 안전계수 항목이 삭제되었음(규정된 답이 없음)",
      "options": [],
      "answer": null,
      "explanation": ""
    },
    {
      "no": 2,
      "question": "죔줄: 벨트 또는 안전그네를 구멍줄 또는 구조물 등 기타 걸",
      "options": [],
      "answer": null,
      "explanation": ""
    },
    {
      "no": 119,
      "question": "달비계에 사용이 불가한 와이어로프의 기준으로 옳지 않은\n이설비와 연결하기 위한 줄모양의 부품.\n것은?(관련 규정 개정전 문제로 여기서는 기존 정답인 2번",
      "options": [],
      "answer": null,
      "explanation": ""
    },
    {
      "no": 3,
      "question": "보조죔줄: 링과 걸이설비 연결에 사용하는 훅 또는 카라비너\n을 누르면 정답 처리됩니다. 자세한 내용은 해설을 참고하\n를 갖춘 줄모양의 부품.\n세요.)\n[해설작성자 : 코로오롱]",
      "options": [
        "이음매가 있는 것",
        "와이어로프의 한 꼬임에서 끊어진 소선의 수가 7% 이상",
        "지름의 감소가 공칭지름의 7%를 초과하는 것",
        "심하게 변형되거나 부식된 것"
      ],
      "answer": null,
      "explanation": ""
    },
    {
      "no": 117,
      "question": "크레인의 운전실 또는 운전대를 통하는 통로의 끝과 건설 <문제 해설>\n물 등의 벽체의 간격은 최대 얼마 이하로 하여야 하는가? □ 법령: 산업안전보건기준에 관한 규칙 KOSHA 달비계작업지침",
      "options": [
        "0.2m ② 0.3m → 시행일: 24.06.28",
        "0.4m ④ 0.5m ◇ 산업현장 변화에 따른 사문화 규정 삭제",
        "현장에서 사용하지 않는 통나무비계, 달비계 와이어로"
      ],
      "answer": null,
      "explanation": ""
    },
    {
      "no": 120,
      "question": "흙막이 지보공을 설치하였을 때 정기적으로 점검하여 이상\n발견 시 즉시 보수하여야 할 사항이 아닌 것은?\n1) 크레인의 운전실 또는 운전대를 통하는 통로의 끝과 건설물",
      "options": [
        "굴착 깊이의 정도",
        "버팀대의 긴압의 정도",
        "부재의 접속부ㆍ부착부 및 교차부의 상태",
        "부재의 손상ㆍ변형ㆍ부식ㆍ변위 및 탈락의 유무와 상태"
      ],
      "answer": null,
      "explanation": ""
    },
    {
      "no": 118,
      "question": "달비계의 최대 적재하중을 정하는 경우 그 안전계수 기준 1. 부재의 손상ㆍ변형ㆍ부식ㆍ변위 및 탈락의 유무와 상태\n으로 옳지 않은 것은?(관련 규정 개정전 문제로 여기서는 2. 버팀대의 긴압(緊壓)의 정도\n기존 정답인 3번을 누르면 정답 처리됩니다. 자세한 내용 3. 부재의 접속부ㆍ부착부 및 교차부의 상태\n은 해설을 참고하세요.) 4. 침하의 정도",
      "options": [
        "달기와이어로프 및 달기강선의 안전계수 : 10 이상 [해설작성자 : 퀴즈황제]",
        "달기체인 및 달기 훅의 안전계수 : 5 이상",
        "달기강대와 달비계의 하부 및 상부지점의 안전계수 : 강",
        "달기강대와 달비계의 하부 및 상부지점의 안전계수 : 목"
      ],
      "answer": null,
      "explanation": ""
    },
    {
      "no": 1,
      "question": "달기와이어로프 및 달기강선의 안전계수 : 10 이상",
      "options": [],
      "answer": null,
      "explanation": ""
    },
    {
      "no": 2,
      "question": "달기체인 및 달기 훅의 안전계수 : 5 이상",
      "options": [],
      "answer": null,
      "explanation": ""
    },
    {
      "no": 3,
      "question": "달기강대와 달비계의 하부 및 상부지점의 안전계수 : 강재의\n경우 2.5 이상",
      "options": [],
      "answer": null,
      "explanation": ""
    },
    {
      "no": 4,
      "question": "달기강대와 달비계의 하부 및 상부지점의 안전계수 : 목재의\n경우 5 이상\n[해설작성자 : 큐넷접수노예]\n산업안전보건에 관한 규칙 제55조(작업발판의 최대적재하중)\n기출문제 해설은 최강 자격증 기출문제 전자문제집 CBT : www.comcbt.com 통해서 실시간으로 변경됩니다.\n본 해설집은 최강 자격증 기출문제 전자문제집 CBT 해설달기 프로젝트에 의해서 만들어진 자료입니다. 해설을 제공해 주신 모든 분들께 감사 드립니다.\n산업안전기사 ◐ 2020년 06월 06일 필기 기출문제 및 해설집◑ 전자문제집 CBT :www.comcbt.com\n본 해설집의 저작권은 www.comcbt.com에 있으며\n카페, 블로그 등의 업로드 및 개인적 활용 이외에\n문서의 수정 및 DB 저장, 기타 금전적 이익을 취하는\n일체의 행위를 금지 합니다.\n전자문제집 CBT 홈페이지 : www.comcbt.com\n기출문제 및 해설집 다운로드 : www.comcbt.com/xe\n전자문제집 CBT 앱(구글플레이) : [다운로드]\n전자문제집 CBT란?\n인터넷으로 종이 없이 문제를 풀고 자동채점하는 프로그램으로\n워드, 컴활, 기능사 등의 상설검정에서 사용하는 실제 프로그램\n방식입니다.\n해설을 제공하며 PC 버전 및 모바일 버전 완벽 연동\n교사용/학생용 관리기능도 제공합니다.\n오답 및 오탈자가 수정된 최신 자료와 해설은 전자문제집 CBT\n에서 확인하세요.\n1 2 3 4 5 6 7 8 9 10\n④",
      "options": [
        "① ② ④ ③ ② ① ① ④ ①",
        "③ ③ ④ ③ ② ① ② ① ②",
        "④ ② ② ① ④ ② ③ ① ④",
        "③ ③ ③ ① ② ④ ① ② ④",
        "② ① ④ ② ④ ④ ① ④ ③",
        "④ ① ④ ③ ① ③ ① ① ①",
        "① ④ ① ① ② ④ ① ② ②",
        "③ ③ ② ④ ② ③ ③ ④ ②",
        "② ③ ④ ③ ② ③ ④ ④ ②",
        "③ ③ ① ② ① ② ④ ① ③",
        "③ ① ② ① ③ ④ ④ ③ ③",
        "② ② ④ ① ② ② ③ ② ①"
      ],
      "answer": null,
      "explanation": ""
    }
  ]
}