{
  "title": "산업안전기사20150308(학생용).pdf",
  "questions": [
    {
      "no": 9,
      "question": "토의식 교육방법 중 새로운 교재를 제시하고 거기에서의 문\n제점을 피교육자로 하여금 제기하게 하거나, 의견을 여러가지",
      "options": [],
      "answer": null,
      "explanation": ""
    },
    {
      "no": 1,
      "question": "휴먼에러(Human Error) 원인의 레벨(Level)을 분류할 때 작 방법으로 발표하게 하고, 다시 깊이 파고 들어가 토의하는 방\n업조건이나 작업형태 중에서 다른 문제가 생겨서 그것 때문 법은?\n에 필요한 사항을 실행할 수 없는 에러를 무엇이라고 하는",
      "options": [
        "포럼(Forum)",
        "심포지엄(Symposium)",
        "Command Error ② Primary Error",
        "패널 디스커션(Panel discussion)",
        "Secondary Error ④ Third Error",
        "버즈세션(Buzz session)"
      ],
      "answer": null,
      "explanation": ""
    },
    {
      "no": 2,
      "question": "다음의 재해사례에서 기인물에 해당하는 것은?",
      "options": [],
      "answer": null,
      "explanation": ""
    },
    {
      "no": 10,
      "question": "다음 중 교육훈련 방법에 있어 OJT(On the Job Training)\n의 특징이 아닌 것은?",
      "options": [
        "다수의 근로자들에게 조직적 훈련이 가능하다.",
        "개개인에게 적절한 지도 훈련이 가능하다.",
        "훈련 효과에 의해 상호 신뢰이해도가 높아진다.",
        "직장의 실정에 맞게 실제적 훈련이 가능하다.",
        "덮개 ② 급유 11. 산업안전보건법령상 사업 내 안전ㆍ보건교육 중 관리 감독",
        "변속치차 ④ 선반"
      ],
      "answer": null,
      "explanation": ""
    },
    {
      "no": 3,
      "question": "다음 중 산업안전보건법상 “화학물질 취급장소에서의 유해ㆍ",
      "options": [
        "작업공정의 유해ㆍ위험과 재해예방대책에 관한 사항",
        "표준안전작업방법 및 지도요령에 관한 사항",
        "유해ㆍ위험 작업환경 관리에 관한 사항",
        "7.5R 4/14 ② 5Y 8.5/12",
        "건강증진 및 질병예방에 관한 사항",
        "2.5PB 4/10 ④ 2.5G 4/10"
      ],
      "answer": null,
      "explanation": ""
    },
    {
      "no": 12,
      "question": "다음 중 교육 실시 원칙상 한 번에 하나하나씩 나누어 확실",
      "options": [],
      "answer": null,
      "explanation": ""
    },
    {
      "no": 4,
      "question": "리더십의 행동이론 중 관리그리드(managerial grid) 이론에서 하게 이해시켜야 하는 단계는?\n리더의 행동유형과 경향을 올바르게 연결한 것은?",
      "options": [
        "도입 단계 ② 제시 단계",
        "(1.1)형 - 무관심형 ② (1.9)형 - 과업형",
        "적용 단계 ④ 확인 단계",
        "(9.1)형 - 인기형 ④ (5.5)형 - 이상형"
      ],
      "answer": null,
      "explanation": ""
    },
    {
      "no": 13,
      "question": "다음 중 위험예지훈련 4라운드의 진행순서로 옳은 것은?",
      "options": [],
      "answer": null,
      "explanation": ""
    },
    {
      "no": 5,
      "question": "버드(Bird)의 재해발생이론에 따를 경우 15건의 경상(물적 또",
      "options": [
        "목표설정 → 현상파악 → 대책수립 → 본질추구",
        "현상파악 → 본질추구 → 대책수립 → 목표설정",
        "300 ② 450 ③ 목표설정 → 현상파악 → 본질추구 → 대책수립",
        "600 ④ 900 ④ 현상파악 → 본질추구 → 목표설정 → 대책수립"
      ],
      "answer": null,
      "explanation": ""
    },
    {
      "no": 6,
      "question": "동기부여와 관련하여 다음과 같은 레윈(Lewin.K)의 법칙에서 14. 다음 중 강도율에 관한 설명으로 틀린 것은?\n“P\"가 의미하는 것은?",
      "options": [
        "사망 및 영구전노동불능(신체장해등급 1~3급)은 손실일",
        "신체장해 등급 제14급은 손실일수 50일로 환산한다.",
        "개체 ② 인간의 행동 ③ 영구일부노동불능은 신체 장해등급에 따른 손실일수에",
        "심리적 환경 ④ 인간관계 300/365을 곱하여 환산한다.",
        "일시적노동불능은 휴업일수에 300/365을 곱하여 손실일"
      ],
      "answer": null,
      "explanation": ""
    },
    {
      "no": 7,
      "question": "다음 중 안전관리조직의 참모식(staff형) 장점이 아닌 것은? 수를 환산한다.",
      "options": [
        "경영자의 조언과 자문역할을 한다."
      ],
      "answer": null,
      "explanation": ""
    },
    {
      "no": 15,
      "question": "안전인증대상 방음용 귀마개의 일반구조에 관한 설명으로\n② 안전정보 수집이 용이하고 빠르다.\n틀린 것은?\n③ 안전에 관한 명령과 지시는 생산라인을 통해 신속하게 전",
      "options": [
        "안전정보 수집이 용이하고 빠르다.",
        "안전에 관한 명령과 지시는 생산라인을 통해 신속하게 전",
        "귀의 구조상 내이도에 잘 맞을 것",
        "귀마개를 착용할 때 귀마개의 모든 부분이 착용자에게",
        "안전전문가가 안전계획을 세워 문제해결 방안을 모색하고",
        "사용 중에 쉽게 빠지지 않을 것"
      ],
      "answer": null,
      "explanation": ""
    },
    {
      "no": 8,
      "question": "다음 중 학습목적을 세분하여 구체적으로 결정한 것을 무엇 ④ 귀마개는 사용수명 동안 피부자극, 피부질환, 알레르기\n이라 하는가? 반응 혹은 그 밖에 다른 건강상의 부작용을 일으키지 않\n을 것",
      "options": [
        "귀마개는 사용수명 동안 피부자극, 피부질환, 알레르기",
        "주제 ② 학습목표",
        "학습정도 ④ 학습성과"
      ],
      "answer": null,
      "explanation": ""
    },
    {
      "no": 16,
      "question": "다음 중 안전점검보고서에 수록될 주요 내용으로 적절 하지\n않는 것은?\n최강 자격증 기출문제 전자문제집 CBT : www.comcbt.com\n산업안전기사 ◐ 2015년 03월 08일 필기 기출문제 ◑ 전자문제집 CBT : www.comcbt.com",
      "options": [
        "작업현장의 현 배치 상태와 문제점 것은?",
        "안전교육 실시현황및 추진방향 ① 보전 ② 설비 대책",
        "안전관리 스텝의 인적사항 ③ 위험도 평가 ④ 관리적 대책",
        "안전방침과 중점개선 계획"
      ],
      "answer": null,
      "explanation": ""
    },
    {
      "no": 24,
      "question": "다음 중 인간 에러 (human error) 에 관한 설명으로 틀린\n것은?",
      "options": [],
      "answer": null,
      "explanation": ""
    },
    {
      "no": 17,
      "question": "다음 중 사업장 무재해운동 추진에 있어 무재해 시간과 무\n재해 일수의 산정기준에 관한 설명으로 틀린 것은?",
      "options": [
        "omission error : 필요한 작업 또는 절차를 수행하지 않",
        "무재해 시간은 실근무자와 실근로시간을 곱하여 산정 한",
        "commission error : 필요한 작업 또는 절차의 수행 지연",
        "실근로시간의 관리가 어려운 경우에 건설업 이외 업종은",
        "extraneous error : 불필요한 작업 또는 절차를 수행 함",
        "실근로시간의 관리가 어려운 경우에 건설업은 1일 9시간",
        "sequential error : 필요한 작업 또는 절차의 순서 착오로",
        "건설업 이외의 300인 미만 사업장은 실근무자와 실근로"
      ],
      "answer": null,
      "explanation": ""
    },
    {
      "no": 18,
      "question": "다음 중 맥그리거(Douglas McGregor) 의 X이론과 Y이 론",
      "options": [
        "인간 체계 , 기계 체계 , 전기 체계",
        "전기 체계 , 유압 체계 , 내연기관 체계",
        "목표에 의한 관리는 Y이론의 관리 처방에 해당된다 .",
        "수동 체계 , 반기계 체계 , 반자동 체계",
        "직무의 확장은 X이론의 관리 처방에 해당된다 .",
        "자동화 체계 , 기계화 체계 , 수동 체계",
        "상부책임제도의 강화는 Y이론의 관리 처방에 해당 된다.",
        "분권화 및 권한의 위임은 X이론의 관리 처방에 해당 된 26. 다음 중 인간의 제어 및 조정능력을 나타내는 법칙인 Fitts'",
        "표적의 너비"
      ],
      "answer": null,
      "explanation": ""
    },
    {
      "no": 19,
      "question": "재해 코스트 산정에 있어 시몬즈(R.H. Simonds) 방식 에\n② 표적의 색상\n의한 재해코스트 산정법을 올바르게 나타낸 것은?\n③ 시작점에서 표적까지의 거리",
      "options": [
        "표적의 색상",
        "시작점에서 표적까지의 거리",
        "직접비 + 간접비",
        "작업의 난이도(Index of Difficulty)",
        "간접비 + 비보험코스트",
        "보험코스트 + 비보험코스트"
      ],
      "answer": null,
      "explanation": ""
    },
    {
      "no": 27,
      "question": "다음 중 정보전달에 있어서 시각적 표시장치보다 청각 적\n④ 보험코스트 + 사업부보상금 지급액 표시장치를 사용하는 것이 바람직한 경우는?",
      "options": [
        "보험코스트 + 사업부보상금 지급액 표시장치를 사용하는 것이 바람직한 경우는?",
        "정보의 내용이 긴 경우"
      ],
      "answer": null,
      "explanation": ""
    },
    {
      "no": 20,
      "question": "다음 중 산업안전보건법령에 따라 사업주가 안전 보건 조치\n② 정보의 내용이 복잡한 경우\n의무를 이행하지 아니하여 발생한 중대재해가 연간 2건이\n발생하였을 경우 조치하여야 하는 사항에 해당하는 것은? ③ 정보의 내용이 후에 재참조되지 않는 경우\n(관련 규정 개정전 문제로 여기서는 기존 정답인 2번을 누 ④ 정보의 내용이 즉각적인 행동을 요구하지 않는 경우\n르면 정답 처리됩니다. 자세한 내용은 해설을 참고하세요.)",
      "options": [
        "정보의 내용이 복잡한 경우",
        "정보의 내용이 후에 재참조되지 않는 경우",
        "정보의 내용이 즉각적인 행동을 요구하지 않는 경우",
        "보건관리자 선임 ② 안전보건개선계획의 수립 28. 산업안전보건법령에 따라 제조업 중 유해 ㆍ위험방지 계 획",
        "안전관리자의 증원 ④ 물질안전보건자료의 작성",
        "공사개요서"
      ],
      "answer": null,
      "explanation": ""
    },
    {
      "no": 21,
      "question": "다음 중 모든 시스템 안전 프로그램에서의 최초단계 해석으\n② 기계ㆍ설비의 배치도면\n로 시스템의 위험요소가 어떤 위험 상태에 있는가를 정성적\n으로 평가하는 분석 방법은? ③ 기계ㆍ설비의 개요를 나타내는 서류",
      "options": [
        "기계ㆍ설비의 배치도면",
        "기계ㆍ설비의 개요를 나타내는 서류",
        "PHA ② FHA ④ 원재료 및 제품의 취급 , 제조 등의 작업방법의 개요",
        "FMEA ④ FTA"
      ],
      "answer": null,
      "explanation": ""
    },
    {
      "no": 29,
      "question": "FT 도에 사용되는 다음 기호의 명칭으로 옳은 것은?",
      "options": [],
      "answer": null,
      "explanation": ""
    },
    {
      "no": 22,
      "question": "다음 중 의자를 설계하는데 있어 적용할 수 있는 일반 적인\n인간공학적 원칙으로 가장 적절하지 않은 것은?",
      "options": [
        "조절을 용이하게 한다.",
        "요부 전만을 유지할 수 있도록 한다.",
        "등근육의 정적 부하를 높이도록 한다.",
        "부정게이트 ② 수정기호",
        "추간판에 가해지는 압력을 줄일 수 있도록 한다.",
        "위험지속기호 ④ 배타적 OR 게이트"
      ],
      "answer": null,
      "explanation": ""
    },
    {
      "no": 23,
      "question": "다음 중 일반적인 화학설비에 대한 안전성 평가 (safety\nassessment) 절차에 있어 안전대책 단계에 해당되지 않는 30. 다음 중 결함수분석 (FTA) 에 관한 설명으로 틀린 것은?\n최강 자격증 기출문제 전자문제집 CBT : www.comcbt.com\n산업안전기사 ◐ 2015년 03월 08일 필기 기출문제 ◑ 전자문제집 CBT : www.comcbt.com",
      "options": [
        "연역적 방법이다. ① ⓐ : 0.606, ⓑ0.606 ② ⓐ : 0.707, ⓑ0.707",
        "버텀-업(Bottom-Up) 방식이다. ③ ⓐ : 0.808, ⓑ0.808 ④ ⓐ : 0.909, ⓑ0.909",
        "기능적 결함의 원인을 분석하는데 용이하다."
      ],
      "answer": null,
      "explanation": ""
    },
    {
      "no": 39,
      "question": "발생확률이 각각 0.05, 0.08인 두 결함사상이 AND 조합으\n④ 계량적 데이터가 축적되면 정량적 분석이 가능하다.\n로 연결된 시스템을 FTA로 분석하였을 때 이 시스템의 신\n뢰도는 약 얼마인가?",
      "options": [
        "계량적 데이터가 축적되면 정량적 분석이 가능하다."
      ],
      "answer": null,
      "explanation": ""
    },
    {
      "no": 31,
      "question": "한 대의 기계를 100시간 동안 연속 사용한 경우 6회의 고장",
      "options": [
        "0.004 ② 0.126",
        "0.874 ④ 0.996",
        "2.51 ② 14.17 40. 다음 중 인간공학적 설계 대상에 해당되지 않은 것은?",
        "15.25 ④ 16.67 ① 물건(Objects) ② 기계(Machinery)",
        "환경(Environment) ④ 보전(Maintenance)"
      ],
      "answer": null,
      "explanation": ""
    },
    {
      "no": 32,
      "question": "작업자세로 인한 부하를 분석하기 위하여 인체 주요 관절의\n힘과 모멘트를 정역학적으로 분석하려고 할 때, 분석에 반\n드시 필요한 인체 관련 자료가 아닌 것은? 3과목 : 기계위험방지기술",
      "options": [
        "관절 각도 ② 관절의 종류"
      ],
      "answer": null,
      "explanation": ""
    },
    {
      "no": 41,
      "question": "다음 중 설비의 내부에 균열 결함을 확인할 수 있는 가장\n③ 분절(segment) 무게 ④ 분절(segment) 무게 중심\n적절한 검사방법은?",
      "options": [
        "분절(segment) 무게 ④ 분절(segment) 무게 중심",
        "육안검사 ② 초음파탐상검사"
      ],
      "answer": null,
      "explanation": ""
    },
    {
      "no": 33,
      "question": "다음 중 일반적으로 보통 기계작업이나 편지 고르기에 가장\n적합한 조명수준은? ③ 피로검사 ④ 액체침투탐상검사",
      "options": [
        "피로검사 ④ 액체침투탐상검사",
        "30fc ② 100fc"
      ],
      "answer": null,
      "explanation": ""
    },
    {
      "no": 42,
      "question": "상용운전압력 이상으로 압력이 상승할 경우 보일러의 파열\n③ 300fc ④ 500fc\n을 방지하기 위하여 버너의 연소를 차단하여 열원을 제거함\n으로써 정상압력으로 유도하는 장치는?",
      "options": [
        "300fc ④ 500fc"
      ],
      "answer": null,
      "explanation": ""
    },
    {
      "no": 34,
      "question": "다음 중 정성적 표시장치를 설명한 것으로 적절하지 않은",
      "options": [
        "압력방출장치 ② 고저수위 조절장치",
        "압력제한 스위치 ④ 통풍제어 스위치",
        "연속적으로 변하는 변수의 대략적인 값이나 변화추세 변"
      ],
      "answer": null,
      "explanation": ""
    },
    {
      "no": 43,
      "question": "기계설비의 안전조건 중 외관의 안전성을 향상시키는 조치\n② 정성적 표시장치의 근본 자료 자체는 정량적인 것이다.\n에 해당하는 것은?\n③ 색체 부호가 부적합한 경우에는 계기판 표시 구간을 형",
      "options": [
        "정성적 표시장치의 근본 자료 자체는 정량적인 것이다.",
        "색체 부호가 부적합한 경우에는 계기판 표시 구간을 형",
        "전압강하ㆍ정전시의 오작동을 방지하기 위하여 자동제어",
        "전력계에서와 같이 기계적 혹은 전자적으로 숫자가 표시",
        "고장 발생을 최소화하기 위해 정기점검을 실시하였다.",
        "강도이 열화를 생각하여 안전율을 최대로 고려하여 설계"
      ],
      "answer": null,
      "explanation": ""
    },
    {
      "no": 35,
      "question": "다음 중 HAZOP 기법에서 사용되는 가이드워드와 그 의미\n가 잘못 연결된 것은? ④ 작업자가 접촉할 우려가 있는 기계의 회전부를 덮개로\n씌우고 안전색채를 적용하였다.",
      "options": [
        "작업자가 접촉할 우려가 있는 기계의 회전부를 덮개로",
        "As well as : 성질상의 증가",
        "More/Less : 정량적인 증가 또는 감소"
      ],
      "answer": null,
      "explanation": ""
    },
    {
      "no": 44,
      "question": "크레인에서 권과방지장치 달기구 윗면이 권상장치의 아랫면\n③ Part of : 성질상의 감소 과 접촉할 우려가 있는 경우에는 몇 cm 이상 간격이 되도\n록 조정하여야 하는가? (단, 작동식 권과장치의 경우는 제외\n④ Other than : 기타 환경적인 요인\n한다.)",
      "options": [
        "Part of : 성질상의 감소 과 접촉할 우려가 있는 경우에는 몇 cm 이상 간격이 되도",
        "Other than : 기타 환경적인 요인",
        "25 ② 30"
      ],
      "answer": null,
      "explanation": ""
    },
    {
      "no": 36,
      "question": "다음 중 광원의 밝기에 비례하고, 거리의 제곱에 반비례하\n며, 반사체의 반사율과는 상관없이 일정한 값을 갖는 것은? ③ 35 ④ 40",
      "options": [
        "35 ④ 40",
        "광도 ② 휘도"
      ],
      "answer": null,
      "explanation": ""
    },
    {
      "no": 45,
      "question": "지게차로 중량물 운반시 차량의 중량은 30kN, 전차륜에서\n③ 조도 ④ 휘광\n하물 중심까지의 거리는 2m, 전륜차에서 차량 중심까지의\n최단거리를 3m라고 할 때, 적재 가능한 하물의 최대중량은",
      "options": [
        "조도 ④ 휘광"
      ],
      "answer": null,
      "explanation": ""
    },
    {
      "no": 37,
      "question": "다음 설명은 어떤 설계 응용 원칙을 적용한 사례인가? 얼마인가?",
      "options": [
        "15kN ② 25kN",
        "35kN ④ 45kN",
        "극단적 설계원칙 ② 가변적 설계원칙 46. 다음 중 밀링 작업시 안전수칙으로 옳지 않은 것은?",
        "평균적 설계원칙 ④ 양립적 설계원칙 ① 테이블 위에 공구나 기타 물건 들을 올려놓지 않는다.",
        "제품 치수를 측정할 때는 절삭 공구의 회전을 정지한다."
      ],
      "answer": null,
      "explanation": ""
    },
    {
      "no": 38,
      "question": "프레스기의 안전장치 수명은 지수분포를 따르며 평균 수명 ③ 강력 절삭을 할 때는 일감을 바이스에 얇게 물린다.\n은 1000 시간이다. 새로 구입한 안전장치가 향후 500시간\n④ 상하 좌우 이송장치의 핸들은 사용 후 풀어 둔다.\n동안 고장 없이 작동할 확률(ⓐ)과 이미 1000시간을 사용한\n안전장치가 향후 500시간 이상 견딜 확률(ⓑ)은 각각 얼마\n인가? 47. 다음 중 연삭기 작업시 안전사항의 유의사항으로 옳지 않은\n최강 자격증 기출문제 전자문제집 CBT : www.comcbt.com\n산업안전기사 ◐ 2015년 03월 08일 필기 기출문제 ◑ 전자문제집 CBT : www.comcbt.com\n것은?(문제 오류로 실제 시험에서는 1, 4번이 정답 처리 되 한 필요조치로서 가장 적합한 것은?\n었습니다. 여기서는 1번을 누르시면 정답 처리 됩니다.)",
      "options": [
        "강력 절삭을 할 때는 일감을 바이스에 얇게 물린다.",
        "상하 좌우 이송장치의 핸들은 사용 후 풀어 둔다.",
        "미숙련자에 의한 로봇 조정은 6시간 이내에만 허용 한",
        "연삭숫돌을 교체할 때에는 1분 이내로 시운전하고 이상 다.",
        "근로자가 로봇에 부딪칠 위험이 있을 때에는 안전매트",
        "연삭숫돌의 최고사용 원주속도를 초과해서 사용하지 않 및 높이 1.8m 이상의 방책을 설치한다.",
        "조작 중 이상 발견시 로봇을 정지시키지 말고 신속하게",
        "탁상용연삭기에는 작업받침대와 조정편을 설치한다. 관계 기관에 통보한다.",
        "탁상용연삭기의 경우 덮개의 노출각도는 90°를 넘지 않 ④ 급유는 작업의 연속성과 오동작 방지를 위하여 운전중에"
      ],
      "answer": null,
      "explanation": ""
    },
    {
      "no": 48,
      "question": "다음 중 유체의 흐름에 있어 수격작용(water hammering)과 56. 다음 중 아세틸렌 용접시 역류를 방지하기 위하여 설치 하\n가장 관계가 적은 것은? 여야 하는 것은?",
      "options": [
        "과열 ② 밸부의 개폐 ① 안전기 ② 청정기",
        "압력파 ④ 관내의 유동 ③ 발생기 ④ 유량기"
      ],
      "answer": null,
      "explanation": ""
    },
    {
      "no": 49,
      "question": "다음 중 목재 가공용 둥근톱에서 반발방지를 방호하기 위한 57. 회전축, 커플링에 사용하는 덮개는 다음 중 어떠한 위험점\n분할날의 설치조건이 아닌 것은? 을 방호하기 위한 것인가?",
      "options": [
        "톱날과의 간격은 12mm 이내 ① 협착점 ② 접선물림점",
        "톱날 후면날의 2/3 이상 방호 ③ 절단점 ④ 회전말림점",
        "분할날 두께는 둥근톱 두께의 1.1배 이상"
      ],
      "answer": null,
      "explanation": ""
    },
    {
      "no": 58,
      "question": "다음 중 프레스 작업시작 전 일반적인 점검사항으로서 가장\n④ 덮개 하단과 가공재 상면과의 간격은 15mm 이내로 조\n필요한 것은?\n정",
      "options": [
        "덮개 하단과 가공재 상면과의 간격은 15mm 이내로 조",
        "클러치 상태점검 ② 상하 형틀의 간극 점검"
      ],
      "answer": null,
      "explanation": ""
    },
    {
      "no": 50,
      "question": "선반작업시 사용되는 방진구는 일반적으로 공작물의 길이가 ③ 전원단전 유무확인 ④ 테이블의 상태 점검\n직경의 몇 배 이상일 때 사용하는가?",
      "options": [
        "전원단전 유무확인 ④ 테이블의 상태 점검",
        "4배 이상 ② 6배 이상 59. 클러치 맞물림 개소수가 4개, 양수기동식 안전장치의 안전",
        "8배 이상 ④ 12배 이상",
        "90ms ② 125ms"
      ],
      "answer": null,
      "explanation": ""
    },
    {
      "no": 51,
      "question": "다음 중 프레스의 손쳐내기식 방호장치 설치기준으로 틀린\n것은?(관련 규정 개정전 문제로 여기서는 기존 정답인 2번 ③ 225ms ④ 576ms\n을 누르면 정답 처리됩니다. 자세한 내용은 해설을 참고하\n세요.)",
      "options": [
        "225ms ④ 576ms"
      ],
      "answer": null,
      "explanation": ""
    },
    {
      "no": 60,
      "question": "작업장 내 운반이 주 목적인 구내운반차의 핸들 중심에서",
      "options": [
        "방호판의 폭이 금형 폭의 1/2 이상이어야 한다. 차체 바깥 측까지의 안전거리로 옳은 것은?(관련 규정 개정",
        "슬라이드 행정수가 150SPM 이상의 것에 사용한다.",
        "슬라이드의 행정길이가 40mm 이상의 것에 사용한다.",
        "45cm 이상 ② 55cm 이상",
        "슬라이드 하행정거리의 3/4 위치에서 손을 완전히 밀어",
        "65cm 이상 ④ 75cm 이상"
      ],
      "answer": null,
      "explanation": ""
    },
    {
      "no": 52,
      "question": "연삭기에서 숫돌의 바깥지름이 150mm일 경우 평형플랜지\n4과목 : 전기위험방지기술\n지름은 몇 mm 이상이여야 하는가?",
      "options": [
        "30 ② 50 61. 정전기 재해방지를 위한 배관 내 액체의 유속제한에 관한",
        "60 ④ 90",
        "저항률이 1010 Ω.cm 미만의 도전성 위험물의 배관유속"
      ],
      "answer": null,
      "explanation": ""
    },
    {
      "no": 53,
      "question": "기계 진동에 의하여 물체에 힘이 가해질 때 전하를 발생하\n거나 전하가 가해질 때 진동 등을 발생시키는 물질의 특성 ② 에텔, 이황화탄소 등과 같이 유동대전이 심하고 폭발 위\n을 무엇이라고 하는가? 험성이 높으면 4m/s 이하로 할 것",
      "options": [
        "에텔, 이황화탄소 등과 같이 유동대전이 심하고 폭발 위",
        "압자 ② 압전효과 ③ 물이나 기체를 혼합하는 비수용성 위험물의 배관 내 유",
        "스트레인 ④ 양극현상",
        "저항률이 1010 Ω.cm 이상인 위험물의 배관 내 유속은"
      ],
      "answer": null,
      "explanation": ""
    },
    {
      "no": 54,
      "question": "드릴작업시 너트 또는 볼트머리와 접촉하는 면을 고르게 하\n기 위하여 깎는 작업을 무엇이라 하는가?",
      "options": [],
      "answer": null,
      "explanation": ""
    },
    {
      "no": 62,
      "question": "전기설비의 안전을 유지하기 위해서는 체계적인 점검, 보수",
      "options": [
        "보링(boring)",
        "리밍(reaming) 로 틀린 것은?",
        "스폿 페이싱(spot facing) ① 점검원은 해당 전기설비에 대해 필요한 지식과 기능을",
        "카운터 싱킹(counter sinking) 가져야 한다.",
        "불꽃 점화시점의 경과조치에 따른다."
      ],
      "answer": null,
      "explanation": ""
    },
    {
      "no": 55,
      "question": "다음 중 산업용 로봇의 운전시 근로자 위험을 방지하기 위\n③ 본질안전 방폭구조의 경우에도 통전 중에는 기기의 외함\n최강 자격증 기출문제 전자문제집 CBT : www.comcbt.com\n산업안전기사 ◐ 2015년 03월 08일 필기 기출문제 ◑ 전자문제집 CBT : www.comcbt.com\n을 열어서는 안 된다. ③ 습도의 정도 ④ 위험 가스의 특성\n④ 위험분위기에서 작업 시에는 수공구 등의 충격에 의한\n불꽃이 생기지 않도록 주의해야 한다. 71. 환기가 충분한 장소에 대한 설명으로 옳은 것은?",
      "options": [
        "본질안전 방폭구조의 경우에도 통전 중에는 기기의 외함",
        "습도의 정도 ④ 위험 가스의 특성",
        "위험분위기에서 작업 시에는 수공구 등의 충격에 의한",
        "대기 중 가스 또는 증기의 밀도가 폭발 하한계의 50%"
      ],
      "answer": null,
      "explanation": ""
    },
    {
      "no": 63,
      "question": "감전사고 행위별 통계에서 가장 빈도가 높은 것은? 초과하여 축적되는 것을 방지하기 위한 충분한 환기량이\n보장되는 장소",
      "options": [
        "전기공사나 전기설비 보수작업",
        "수직 또는 수평의 외부공기 흐름을 방해하지 않는 구조",
        "전기기기 운전이나 점검작업",
        "이동용 전기기기 점검 및 조작작업 물",
        "가전기기 운전 및 보수작업 ③ 밀폐 또는 부분적으로 밀폐된 장소로써 옥외의 동등한"
      ],
      "answer": null,
      "explanation": ""
    },
    {
      "no": 64,
      "question": "인체의 전기저항을 0.5kΩ이라고 하면 심실세동을 일으키는 의 조치가 있는 자연 순환방식으로 보장되는 장소\n위험한계 에너지는 몇 J 인가? (단, 통전시간은 1초이다.)\n④ 기타 적합한 방법으로 환기량을 계산하여 폭발 하한계의",
      "options": [
        "기타 적합한 방법으로 환기량을 계산하여 폭발 하한계의",
        "13.6 ② 12.6 35% 농도를 초과하지 않음이 보장되는 장소",
        "11.6 ④ 10.6"
      ],
      "answer": null,
      "explanation": ""
    },
    {
      "no": 72,
      "question": "전력케이블을 사용하는 회로나 역률개선용 전력콘덴서 등이\n접속되어 있는 회로의 정전작업 시에 감전의 위험을 방지하",
      "options": [],
      "answer": null,
      "explanation": ""
    },
    {
      "no": 65,
      "question": "방폭형 기기에 폭발성 가스가 내부로 침입하여 내부에서 폭\n기 위한 조치로서 가장 옳은 것은?\n발이 발생하여도 이 압력에 견디도록 제작한 방폭구조는?",
      "options": [
        "개폐기의 통전금지 ② 잔류전하의 방전",
        "내압(d) 방폭구조 ② 압력(p) 방폭구조",
        "근접활선에 대한 방호장치 ④ 안전표지의 설치",
        "안전증(e) 방폭구조 ④ 본질안전(i) 방폭구조"
      ],
      "answer": null,
      "explanation": ""
    },
    {
      "no": 73,
      "question": "작업장에서 교류 아크용접기로 용접작업을 하고 있다. 용접",
      "options": [],
      "answer": null,
      "explanation": ""
    },
    {
      "no": 66,
      "question": "다음 중 계통접지의 목적으로 가장 옳은 것은?\n기에 사용하고 있는 용품 중 잘못 사용되고 있는 것은?",
      "options": [
        "누전되고 있는 기기에 접촉되었을 때의 감전방지를 위해",
        "습윤장소와 2m 이상 고소작업 시에 자동전격방지기를",
        "고압전로와 저압전로가 혼촉되었을 때의 감전이나 화재 부착한 후 작업에 임하고 있다.",
        "교류 아크용접기 홀더는 절연이 잘 되어 있으며, 2차측",
        "병원에 있어서 의료기기 계통의 누전을 10㎂ 정도도 허 전선은 비닐절연전선을 사용하고 있다.",
        "터미널은 케이블 커넥터로 접속한 후 충전부는 절연테이",
        "의사의 몸에 축적된 정전기에 의해 환자가 쇼크사 하지 프로 테이핑 처리를 하였다.",
        "홀더는 KS 규정의 것만 사용하고 있지만 자동전격 방지"
      ],
      "answer": null,
      "explanation": ""
    },
    {
      "no": 67,
      "question": "절연열화가 진행되어 누설전류가 증가하면 여러 가지 사고\n를 유발하게 되는 경우로서 거리가 먼 것은?",
      "options": [],
      "answer": null,
      "explanation": ""
    },
    {
      "no": 74,
      "question": "감전에 의하여 넘어진 사람에 대한 중요한 관찰사항이 아닌",
      "options": [
        "감전사고 ② 누전화재 것은?",
        "정전기 증가 ④ 아크 지락에 의한 기기의 손상 ① 의식의 상태 ② 맥박의 상태",
        "호흡의 상태 ④ 유입점과 유출점의 상태"
      ],
      "answer": null,
      "explanation": ""
    },
    {
      "no": 68,
      "question": "정전유도를 받고 있는 접지되어 있지 않는 도전성 물체에\n접촉한 경우 전격을 당하게 되는데 물체에 유도된 전압",
      "options": [],
      "answer": null,
      "explanation": ""
    },
    {
      "no": 75,
      "question": "전압이 동일한 경우 교류가 직류보다 위험한 이유를 가장\nV(V)를 옳게 나타낸 것은? (단, 송전선전압 E, 송전선과 물\n잘 설명한 것은?\n체사이의 정전용량을 C , 물체와 대지사이의 정전용량을\n1\nC , 물체와 대지사이의 저항을 무한대인 경우이다.)",
      "options": [
        "교류의 경우 전압의 극성변화가 있기 때문이다.",
        "교류는 감전 시 화상을 입히기 때문이다.",
        "교류는 감전 시 수축을 일으킨다.",
        "②",
        "직류는 교류보다 사용빈도가 낮기 때문이다."
      ],
      "answer": null,
      "explanation": ""
    },
    {
      "no": 76,
      "question": "다음 그림과 같은 완전 누전되고 있는 전기기기의 외함에\n③ ④\n사람이 접촉하였을 경우 인체에 흐르는 전류(lm)는? (단,\nE(V)는 전원의 대지전압, R (Ω)는 변압기 1선 접지, 제2종\n2",
      "options": [
        "④"
      ],
      "answer": null,
      "explanation": ""
    },
    {
      "no": 69,
      "question": "개폐기로 인한 발화는 개폐시의 스파크에 의한 가연물의 착 접지저항, R (Ω)는 전기기기 외함 접지, 제3종 접지저항,\n3\n화화재가 많이 발생한다. 이를 방지하기 위한 대책으로 틀 R (Ω)은 인체저항이다.)\nm\n린 것은?",
      "options": [
        "가연성증기, 분진 등이 있는 곳은 방폭형을 사용한다.",
        "개폐기를 불연성 상자 안에 수납한다.",
        "비포장 퓨즈를 사용한다.",
        "접속부분의 나사풀림이 없도록 한다."
      ],
      "answer": null,
      "explanation": ""
    },
    {
      "no": 70,
      "question": "전기설비 사용 장소의 폭발위험성에 대한 위험장소 판정시\n의 기준과 가장 관계가 먼 것은?",
      "options": [
        "위험가스 현존 가능성 ② 통풍의 정도"
      ],
      "answer": null,
      "explanation": ""
    },
    {
      "no": 82,
      "question": "다음 중 가연성 고체물질을 난연화시키는 난연제로 적당하\n지 않은 것은?",
      "options": [
        "② ① 인 ② 브롬",
        "비소 ④ 안티몬"
      ],
      "answer": null,
      "explanation": ""
    },
    {
      "no": 83,
      "question": "다음 중 CF Br 소화약제를 가장 적절하게 표현한 것은?\n3",
      "options": [
        "하론 1031 ② 하론 1211",
        "④",
        "하론 1301 ④ 하론 2402"
      ],
      "answer": null,
      "explanation": ""
    },
    {
      "no": 77,
      "question": "지락이 생긴 경우 접촉상태에 따라 접촉전압을 제한할 필요 84. 다음 중 가연성 물질이 연소하기 쉬운 조건으로 옳지 않은\n가 있다. 인체의 접촉상태에 따른 허용접촉전압을 나타낸 것은?\n것으로 다음 중 옳지 않은 것은?",
      "options": [
        "연소 발열량이 클 것 ② 점화에너지가 작을 것",
        "제1종 2.5V 이하 ② 제2종 25V 이하",
        "산소화 친화력이 클 것 ④ 입자의 표면적이 작을 것",
        "제3종 42V 이하 ④ 제4종 제한 없음"
      ],
      "answer": null,
      "explanation": ""
    },
    {
      "no": 85,
      "question": "금속의 증기가 공기 중에서 응고되어 화학변화를 일으켜 고",
      "options": [],
      "answer": null,
      "explanation": ""
    },
    {
      "no": 78,
      "question": "정전기 방전에 의한 화재 및 폭발 발생에 대한 설명으로 틀 체의 미립자로 되어 공기 중에 부유하는 것을 의미하는 용\n린 것은? 어는?",
      "options": [
        "정전기 방전에너지가 어떤 물질의 최소착화에너지보다 ① 흄(fume) ② 분진(dust)",
        "미스트(mist) ④ 스모크(smoke)",
        "부도체가 대전되었을 경우에는 정전에너지보다 대전 전",
        "대전된 물체에 인체가 접근했을 때 전격을 느낄 정도이 출장치가 아닌 것은?",
        "파열판 ② 폭압방산공",
        "작업복에 대전된 정전에너지가 가연성 물질의 최소착화 ③ 화염방지기 ④ 가용합금안전밸브"
      ],
      "answer": null,
      "explanation": ""
    },
    {
      "no": 87,
      "question": "소화설비와 주된 소화적용방법의 연결이 옳은 것은?",
      "options": [],
      "answer": null,
      "explanation": ""
    },
    {
      "no": 79,
      "question": "가공 송전선로에서 낙뢰의 직격을 받았을 때 발생하는 낙뢰",
      "options": [
        "포소화설비 - 질식소화",
        "스프링클러설비 - 억제소화",
        "파두시간 × 파미부분에서 파고치의 63%로 감소할 때 ③ 이산화탄소소화설비 - 제거소화",
        "할로겐화합물소화설비 - 냉각소화",
        "파두시간 × 파미부분에서 파고치의 50%로 감소할 때",
        "파장시간 × 파미부분에서 파고치의 63%로 감소할 때 ① 염소가스 ② 아황산가스",
        "수성가스 ④ 아세틸렌가스",
        "파장시간 × 파미부분에서 파고치의 50%로 감소할 때"
      ],
      "answer": null,
      "explanation": ""
    },
    {
      "no": 89,
      "question": "연소의 형태 중 확산연소의 정의로 가장 적절한 것은?",
      "options": [
        "고체의 표면이 고온을 유지하면서 연소하는 현상"
      ],
      "answer": null,
      "explanation": ""
    },
    {
      "no": 80,
      "question": "상용 주파수(60Hz)의 교류에 건강한 성인 남자가 감전 되었\n을 경우 다른 손을 사용하지 않고 자력으로 손을 뗄 수 있 ② 가연성 가스가 공기 중의 지연성 가스와 접촉하여 접촉\n는 최대전류(가수전류)는 몇 mA 인가?(문제 오류로 당시 시 면에서 연소가 일어나는 현상\n험에 3번으로 발표되었지만 추후 2번과 중복답안 인정이되\n③ 가연성 가스와 지연성 가스가 미리 일정한 농도로 혼합\n고 촤종적으로 2번이 정답이라고 결론났습니다. 따라서 여\n된 상태에서 점화원에 의하여 연소되는 현상\n기서는 2번을 누르면 정답 처리 됩니다.)\n④ 액체 표면에서 증발하는 가연성 증기가 공기와 혼합하여",
      "options": [
        "가연성 가스가 공기 중의 지연성 가스와 접촉하여 접촉",
        "가연성 가스와 지연성 가스가 미리 일정한 농도로 혼합",
        "액체 표면에서 증발하는 가연성 증기가 공기와 혼합하여",
        "1~2 ② 7~8",
        "10~15 ④ 18~22"
      ],
      "answer": null,
      "explanation": ""
    },
    {
      "no": 90,
      "question": "메탄 20%, 에탄 40%, 프로판 40%로 구성된 혼합가스가 공\n기 중에서 연소할 때 이 혼합가스의 이론적 화학양론 조성\n5과목 : 화학설비위험방지기술 은 약 몇 % 인가? (단, 메탄, 에탄, 프로판의 양론농도(C )\nst\n는 각 각 9.5%, 5.6%, 4.0% 이다.)",
      "options": [],
      "answer": null,
      "explanation": ""
    },
    {
      "no": 81,
      "question": "산업안전보건기준에 관한 규칙에 지정한 ‘화학설비 및 그",
      "options": [
        "5.2% ② 7.7%",
        "9.5% ④ 12.1%",
        "응축기ㆍ냉각기ㆍ가쳘기 등의 열교환기류",
        "반응기ㆍ혼합조 등의 화학물질 반응 또는 혼합장치"
      ],
      "answer": null,
      "explanation": ""
    },
    {
      "no": 91,
      "question": "다음 중 산업안전보건법상 공정안전보고서의 제출대상이 아\n③ 펌프류ㆍ압축기 등의 화학물질 이송 또는 압축설비 닌 것은?\n④ 온도ㆍ압력ㆍ유량 등을 지시ㆍ기록하는 자동제어 관련",
      "options": [
        "펌프류ㆍ압축기 등의 화학물질 이송 또는 압축설비 닌 것은?",
        "온도ㆍ압력ㆍ유량 등을 지시ㆍ기록하는 자동제어 관련 ① 원유 정제처리업",
        "농약제조업(원제 제조)",
        "화약 및 불꽃제품 제조업",
        "복합비료의 단순혼합 제조업"
      ],
      "answer": null,
      "explanation": ""
    },
    {
      "no": 92,
      "question": "다음 중 폭발범위에 관한 설명으로 틀린 것은? 101. 안전난간대에 폭목(toe board)을 대는 이유는?",
      "options": [
        "상한값과 하한값이 존재한다. ① 작업자의 손을 보호하기 위하여",
        "온도에 비례하지만 압력과는 무관하다. ② 작업자의 작업능률을 높이기 위하여",
        "가연성 가스의 종류에 따라 각각 다른 값을 갖는다. ③ 안전난가대의 강도를 높이기 위하여",
        "공기와 혼합된 가연성 가스의 체적 농도로 나타낸다. ④ 공구 등 물체가 작업발판에서 지상으로 낙하되지 않도록"
      ],
      "answer": null,
      "explanation": ""
    },
    {
      "no": 93,
      "question": "화재감지기의 종류 중 연기감지기의 작동방식에 해당되는\n것은? 102. 차량계 건설기계 작업시 기계의 정도, 정락 등에 의한 근\n로자의 위험을 방지하기 위한 유의사항과 거리가 먼 것은?",
      "options": [
        "차동식 ② 보상식",
        "변속기능의 유지 ② 갓길의 붕괴방지",
        "정온식 ④ 이온화식",
        "도로의 폭 유지 ④ 지반의 부동침하방지"
      ],
      "answer": null,
      "explanation": ""
    },
    {
      "no": 94,
      "question": "산업안전보건기준에 관한 규칙에서 규정하고 있는 산화성\n액체 또는 산화성 고체에 해당하지 않는 것은? 103. 장비가 위치한 지면보다 낮은 장소를 굴착하는데 적합한\n장비는?",
      "options": [
        "염소산 ② 피크린산",
        "백호우 ② 파워쇼벨",
        "과망간산 ④ 과산화수소",
        "트럭크레인 ④ 진폴"
      ],
      "answer": null,
      "explanation": ""
    },
    {
      "no": 95,
      "question": "다음 중 금속화재에 해당하는 화재의 급수는?",
      "options": [],
      "answer": null,
      "explanation": ""
    },
    {
      "no": 104,
      "question": "비계에서 벽 고정을 하고 기둥과 기둥을 수평재나. 가새로",
      "options": [
        "A급 ② B급",
        "C급 ④ D급",
        "작업자의 추락재해를 방지하기 위하여",
        "좌굴을 방지하기 위해"
      ],
      "answer": null,
      "explanation": ""
    },
    {
      "no": 96,
      "question": "가연성 가스 및 증기의 위험도에 따른 방폭전기기기의 분류\n로 폭발등급을 사용하는데, 이러한 폭발등급을 결정하는 것 ③ 인장파괴를 방지하기 위해\n은?\n④ 해체를 용이하게 하기 위해",
      "options": [
        "인장파괴를 방지하기 위해",
        "해체를 용이하게 하기 위해",
        "발화도 ② 화염일주한계",
        "폭발한계 ④ 최소발화에너지 105. 가설통로를 설치하는 경우 경사는 최대 몇 도 이하로 하여"
      ],
      "answer": null,
      "explanation": ""
    },
    {
      "no": 97,
      "question": "아세틸렌 용접장치로 금속을 용접할 때 아세틸렌 가스의 발",
      "options": [
        "20 ② 25",
        "30 ④ 35",
        "49 ② 98"
      ],
      "answer": null,
      "explanation": ""
    },
    {
      "no": 106,
      "question": "흙막이 공법 선정시 고려사항으로 틀린 것은?\n③ 127 ④ 196",
      "options": [
        "127 ④ 196",
        "흙막이 해체를 고려",
        "안전하고 경제적인 공법 선택"
      ],
      "answer": null,
      "explanation": ""
    },
    {
      "no": 98,
      "question": "분진폭발의 특징에 관한 설명으로 옳은 것은?\n③ 차수성이 낮은 공법 선택",
      "options": [
        "차수성이 낮은 공법 선택",
        "가스폭발보다 발생에너지가 작다.",
        "지반성상에 적합한 공법 선택",
        "폭발압력과 연소속도는 가스폭발보다 크다.",
        "화염의 파급속도보다 압력의 파급속도가 크다."
      ],
      "answer": null,
      "explanation": ""
    },
    {
      "no": 107,
      "question": "흙막이공의 파괴 원인 중 하나인 보일링(boiling) 현상에\n④ 불완전연소로 인한 가스중독의 위험성이 적다. 관한 설명으로 틀린 것은?",
      "options": [
        "불완전연소로 인한 가스중독의 위험성이 적다. 관한 설명으로 틀린 것은?",
        "지하수위가 높은 지반을 굴착할 때 주로 발생한다."
      ],
      "answer": null,
      "explanation": ""
    },
    {
      "no": 99,
      "question": "압축기와 송풍기의 관로에 심한 공기의 맥동과 진동을 발생\n② 연약 사질토 지반에서 주로 발생한다.\n하면서 불안정한 운전이 되는 서어징(surging) 현상의 방지\n법으로 옳지 않은 것은? ③ 시트파일(sheet pile) 등의 저면에 분사현상이 발생한다.",
      "options": [
        "연약 사질토 지반에서 주로 발생한다.",
        "시트파일(sheet pile) 등의 저면에 분사현상이 발생한다.",
        "풍량을 감소시킨다. ④ 연약 점토지납에서 굴착면의 융기로 발생한다.",
        "배관의 경사를 완만하게 한다."
      ],
      "answer": null,
      "explanation": ""
    },
    {
      "no": 108,
      "question": "철골건립준비를 할 때 준수하여야 할 사항과 가장 거리가\n③ 교축밸브를 기계에서 멀리 설치한다.\n먼 것은?\n④ 토출가스를 흡입축에 바이패스 시키거나 방출밸브에 의",
      "options": [
        "교축밸브를 기계에서 멀리 설치한다.",
        "토출가스를 흡입축에 바이패스 시키거나 방출밸브에 의",
        "지상 작업장에서 건립준비 및 기계기구를 배치할 경우에"
      ],
      "answer": null,
      "explanation": ""
    },
    {
      "no": 100,
      "question": "다음 중 펌프의 공동현상(cavitation)을 방지하기 위한 방 안전조치를 한 후 작업하여야 한다.\n법으로 가장 적절한 것은?\n② 건립작업에 다소 지장이 있다하더라도 수목은 제거 하여",
      "options": [
        "건립작업에 다소 지장이 있다하더라도 수목은 제거 하여",
        "펌프의 설치 위치를 높게 한다. 서는 안된다.",
        "펌프의 회전속도를 빠르게 한다. ③ 산용전에 기계기구에 대한 정비 및 보수를 철저히 실시",
        "펌프의 유효 흡입양정을 작게한다.",
        "기계에 부탁된 앵커 등 고정장치와 기초구조 등을 확인",
        "흡입측에서 펌프의 토출량을 줄인다.",
        "샌드드레인(Sand drain) 공법"
      ],
      "answer": null,
      "explanation": ""
    },
    {
      "no": 109,
      "question": "다음 중 양중기에 해당되지 않는 것은?\n② 생석회 말뚝(Chemico pile) 공법",
      "options": [
        "생석회 말뚝(Chemico pile) 공법",
        "어스드릴 ② 크레인",
        "페이퍼드레인(Paper drain) 공법",
        "리프트 ④ 곤돌라",
        "바이브로 플로테이션(Vibro flotation) 공법"
      ],
      "answer": null,
      "explanation": ""
    },
    {
      "no": 110,
      "question": "히빙(Heaving)현상 방지대책으로 틀린 것은?",
      "options": [],
      "answer": null,
      "explanation": ""
    },
    {
      "no": 118,
      "question": "달비계에 사용하는 와이어로프의 사용금지 기준으로 틀린",
      "options": [
        "소단굴착을 실시하여 소단부 흙의 중량이 바닥을 누르게 것은?",
        "이음매가 있는 것",
        "흙막이 벽체 배면의 지반을 개량하여 흙의 전단강도를",
        "열과 전기 충격에 의해 손상된 것",
        "지름의 감소가 공칭지름의 7%를 초과하는 것",
        "부풀어 솟아오르는 바닥면의 토사를 제거한다.",
        "와이어로프의 한 꼬임에서 끊어진 소선의 수가 7% 이상",
        "흙막이 벽체의 근입깊이를 깊게 한다."
      ],
      "answer": null,
      "explanation": ""
    },
    {
      "no": 111,
      "question": "건축물의 해체공사에 대한 설명으로 틀린 것은?",
      "options": [],
      "answer": null,
      "explanation": ""
    },
    {
      "no": 119,
      "question": "다음 중 방망에 표시해야 할 사항이 아닌 것은?",
      "options": [
        "압쇄기와 대형 브레이커(Breaker)는 파워쇼벨 등에 설치",
        "제조자명 ② 제조년월",
        "재봉 치수 ④ 방망의 신축성",
        "철제 햄머(Hammer)는 크레인 등에 설치하여 사용한다.",
        "핸드 브레이커(Hand breaker) 사용 시 수직보다는 경사"
      ],
      "answer": null,
      "explanation": ""
    },
    {
      "no": 120,
      "question": "토사붕괴에 따른 재해를 방지하기 위한 흙막이 지보공 설\n를 주어 파쇄하는 것이 좋다.\n비가 아닌 것은?\n④ 전단톱의 회전날에는 접촉방지 커버를 설치하여야 한다.",
      "options": [
        "전단톱의 회전날에는 접촉방지 커버를 설치하여야 한다.",
        "흙막이판 ② 말뚝",
        "턴버클 ④ 띠장"
      ],
      "answer": null,
      "explanation": ""
    },
    {
      "no": 112,
      "question": "추락방지용 방망 중 그물코의 크기가 5cm 인 매듭방망 신\n품의 인장강도는 최소 몇 kg 이상이어야 하는가?",
      "options": [
        "60 ② 110",
        "150 ④ 200"
      ],
      "answer": null,
      "explanation": ""
    },
    {
      "no": 113,
      "question": "강풍 시 타워크레인의 운전작업을 중지해야 하는 순간 풍\n속기준은?(2017년 03월 03일 개정된 규정 적용됨)",
      "options": [
        "순간풍속이 초당 5m 초과",
        "순간풍속이 초당 10m 초과",
        "순간풍속이 초당 15m 초과",
        "순간풍속이 초당 20m 초과"
      ],
      "answer": null,
      "explanation": ""
    },
    {
      "no": 114,
      "question": "달비계의 최대 적재하중을 정함에 있어서 활용하는 안전계\n수의 기준으로 옳은 것은? (단, 곤돌라의 달비계를 제외한\n다.)",
      "options": [
        "달기 와이어로프 : 5 이상 ② 달기 강선 : 5 이상",
        "달기 체인 : 3 이상 ④ 달기 훅 : 5 이상"
      ],
      "answer": null,
      "explanation": ""
    },
    {
      "no": 115,
      "question": "해체공사에 있어서 발생되는 진동공해에 대한 설명으로 틀\n린 것은?",
      "options": [
        "진동수의 범위는 1 ~ 90Hz 이다.",
        "일반적으로 연직진동이 수평진동 보다 작다.",
        "진동의 전파거리는 예외적인 것을 제외하면 진동원에서",
        "지표에 있어 진동의 크기는 일반적으로 지진의 진도계급"
      ],
      "answer": null,
      "explanation": ""
    },
    {
      "no": 116,
      "question": "건설업 산업안전보건 관리비 중 계상비용에 해당되지 않는\n것은?",
      "options": [
        "외부비계, 작업발판 등의 가설구조물 설치 소요비",
        "근로자 건강관리비",
        "건설재해예방 기술지도비",
        "개인보호구 및 안전장구 구입비"
      ],
      "answer": null,
      "explanation": ""
    },
    {
      "no": 117,
      "question": "연약 점토지반 개량에 있어서 적합하지 않은 공법은?\n최강 자격증 기출문제 전자문제집 CBT : www.comcbt.com\n산업안전기사 ◐ 2015년 03월 08일 필기 기출문제 ◑ 전자문제집 CBT : www.comcbt.com\n전자문제집 CBT 홈페이지 : www.comcbt.com\n기출문제 및 해설집 다운로드 : www.comcbt.com/xe\n전자문제집 CBT 앱(구글플레이) : [다운로드]\n전자문제집 CBT란?\n종이 문제집이 아닌 인터넷으로 문제를 풀고 자동으로 채점하며\n모의고사, 오답 노트, 해설까지 제공하는 무료 기출문제 학습 프\n로그램으로 실제 시험에서 사용하는 OMR 형식의 CBT를 제공합\n니다.\nPC 버전 및 모바일 버전 완벽 연동\n교사용/학생용 관리기능도 제공합니다.\n오답 및 오탈자가 수정된 최신 자료와 해설은 전자문제집 CBT\n에서 확인하세요.\n1 2 3 4 5 6 7 8 9 10\n③ ④",
      "options": [
        "④ ① ① ④ ① ③ ④ ① ①",
        "② ② ③ ① ③ ③ ① ③ ②",
        "③ ③ ② ④ ② ③ ① ③ ②",
        "② ② ④ ④ ③ ① ① ④ ④",
        "③ ④ ① ④ ③ ① ① ④ ④",
        "② ② ③ ② ① ④ ① ③ ③",
        "③ ① ① ① ② ③ ① ③ ③",
        "② ② ④ ① ① ③ ④ ② ②",
        "② ③ ④ ① ③ ① ④ ② ①",
        "② ④ ② ④ ② ③ ③ ③ ③",
        "① ① ② ③ ③ ④ ② ① ③",
        "② ③ ④ ② ① ④ ④ ④ ③"
      ],
      "answer": null,
      "explanation": ""
    }
  ]
}