{
  "title": "산업안전기사20160821(해설집) (1).pdf",
  "questions": [
    {
      "no": 1,
      "question": "안전보건교육의 교육지도 원칙에 해당되지 않은 것은?\n이상입니다.",
      "options": [
        "피교육자 중심의 교육을 실시한다.",
        "동기부여를 한다.",
        "5관을 활용한다."
      ],
      "answer": null,
      "explanation": ""
    },
    {
      "no": 4,
      "question": "안전교육 방법 중 강의식 교육을 1시간 하려고 할 경우 가장\n④ 어려운 것부터 쉬운 것으로 시작한다.\n많이 소비되는 단계는?\n<문제 해설>",
      "options": [
        "어려운 것부터 쉬운 것으로 시작한다.",
        "도입 ② 제시",
        "적용 ④ 확인"
      ],
      "answer": null,
      "explanation": ""
    },
    {
      "no": 1,
      "question": "도입(준비):학습 할 준비\n[해설작성자 : pyo]",
      "options": [],
      "answer": null,
      "explanation": ""
    },
    {
      "no": 2,
      "question": "제시(설명):작업을 설명",
      "options": [],
      "answer": null,
      "explanation": ""
    },
    {
      "no": 3,
      "question": "적용(응용):작업을 시켜본다",
      "options": [],
      "answer": null,
      "explanation": ""
    },
    {
      "no": 2,
      "question": "근로손실일수 산출에 있어서 사망으로 인한 근로손실연수는",
      "options": [],
      "answer": null,
      "explanation": ""
    },
    {
      "no": 4,
      "question": "확인(총괄,평가):가르친 뒤 살펴본다\n보통 몇 년을 기준으로 산정하는가?\n[해설작성자 : pyo]",
      "options": [
        "30 ② 25",
        "15 ④ 10"
      ],
      "answer": null,
      "explanation": ""
    },
    {
      "no": 1,
      "question": "토의식 : 도입 (5분), 제시 (10분), 적용 (40분), 확인 (5분)\n[근로손실일수] 1.사망평균:30세, 2.근로가능연령:55세, 3.근로",
      "options": [],
      "answer": null,
      "explanation": ""
    },
    {
      "no": 2,
      "question": "강의식 : 도입 (5분), 제시 (40분), 적용 (10분), 확인 (5분)\n가능일수:300일 => (55-30)*300일 = 7,500일\n문제는 강의식 교육에 대하여 가장 많이 소비되는 단계를 물었\n<근로손실일수> 징애등급별 손실일수 + 비장애등급손실\n으므로 제시 (40분)이 정답.\n*(300/365), 사망 및 영구 전노동불능(신체장애1~3등급 : 7,500\n[해설작성자 : nani]\n일)\n[해설작성자 : pyo]\n세부시간은 출제가 안되고 오래걸리는 것만 주로 나오니\n강제토적\n사망에 의한 근로손실연수:",
      "options": [
        "55 - ②30 = 25년",
        "근로가능연령: 55세",
        "사망자의평균연령: 30세"
      ],
      "answer": null,
      "explanation": ""
    },
    {
      "no": 3,
      "question": "어느 사업장에서 당해년도에 총 660명의 재해자가 발생하였 \"적용\" 단계에서 시간을 많이 잡아먹습니다.\n다. 하인리히의 재해구성비율에 의하면 경상의 재해자는 몇 [해설작성자 : 계속 틀리니까 빡침]\n명으로 추정되겠는가?",
      "options": [],
      "answer": null,
      "explanation": ""
    },
    {
      "no": 5,
      "question": "안전교육 중 제 2단계로 시행되며 같은 것을 반복하여 개인",
      "options": [
        "58 ② 64",
        "600 ④ 631",
        "안전기술의 교육",
        "안전지식의 교육",
        "안전기능의 교육",
        "안전태도의 교육"
      ],
      "answer": null,
      "explanation": ""
    },
    {
      "no": 1,
      "question": "지식교육 2. 기능교육 3. 태도교육 하세요.)",
      "options": [
        "무엇이든 좋으니 많이 발언한다."
      ],
      "answer": null,
      "explanation": ""
    },
    {
      "no": 1,
      "question": "지식교육은 4단계로 또 나뉜다 ② 지정된 사람에 한하여 발언의 기회가 부여된다.\n도입(준비), 제시(설명), 적용(응용), 확인(평가) ③ 타인의 의견을 수정하거나 덧붙여서 말하여도 좋다.\n[해설작성자 : 럭키비키장박사] ④ 타인의 의견에 대하여 좋고 나쁨을 비평하지 않는다.\n<문제 해설>",
      "options": [
        "지정된 사람에 한하여 발언의 기회가 부여된다.",
        "타인의 의견을 수정하거나 덧붙여서 말하여도 좋다.",
        "타인의 의견에 대하여 좋고 나쁨을 비평하지 않는다."
      ],
      "answer": null,
      "explanation": ""
    },
    {
      "no": 6,
      "question": "산업안전보건법상 안전보건개선계획의 수립ㆍ시행명령을 받\n[Brainstorming]\n은 사업주는 고용노동부장관이 정하는 바에 따라 안전보건개\n-자유분방한 토의식 아이디어 창출법으로 편안한 분위기에서 연\n선계획서를 작성하여 그 명령을 받은 날부터 며칠 이내에 관\n상되는 사고를 발표해 나가는 방식\n할 지방고용노동관서의 장에게 제출해야 하는가?\n*브레인스토밍 4원칙",
      "options": [
        "15일 ② 30일"
      ],
      "answer": null,
      "explanation": ""
    },
    {
      "no": 1,
      "question": "비판금지: 좋다 나쁘다 비판금지\n③ 45일 ④ 60일",
      "options": [
        "45일 ④ 60일"
      ],
      "answer": null,
      "explanation": ""
    },
    {
      "no": 2,
      "question": "자유분방:자유로운 분위기에서 편안한 마음으로 발표\n<문제 해설>",
      "options": [],
      "answer": null,
      "explanation": ""
    },
    {
      "no": 3,
      "question": "대량발언:내용의 질적인 수준보다 양적으로 많이 발언\n[안전보건개선계획서 수립명령 후 60일이내 관할지방노동관서에",
      "options": [],
      "answer": null,
      "explanation": ""
    },
    {
      "no": 4,
      "question": "수정발언:타인의 발표내용을 수정하거나 개조하여 관련된 애용\n제출]\n을 추가 발표하여도 좋다\n-50인미만 사업장은 관할지방노동관서에 개선계획서를 제출하기\n[해설작성자 : pyo]\n前 안전보건공단의 적합성 검토를 받아야하므로\n가급적 수립명령 후 40일이내에 안전보건공단 지역본부로 개선\n[관리자 입니다.\n계획서를 제출\n2024년부터 무재해 운동 및 위험예지훈련(브레인스토밍 기법)이\n[해설작성자 : pyo]\n시험범위에서 제외되었습니다.\n참고 문제로만 이용 부탁 드립니다.]\n헷갈리기 쉬운것을 암기하는 방법\n유공안자 : 15 30 60 6개월 9. 산업안전보건법상 금지표지의 종류에 해당하지 않는 것은?\n유해 위험방지계획서 : 15일",
      "options": [
        "금연 ② 출입금지",
        "차량통행금지 ④ 적재금지"
      ],
      "answer": null,
      "explanation": ""
    },
    {
      "no": 7,
      "question": "재해통계를 작성하는 필요성에 대한 설명으로 틀린 것은?",
      "options": [],
      "answer": null,
      "explanation": ""
    },
    {
      "no": 1,
      "question": "금지표지: 출입금지, 보행금지, 차량통행금지, 사용금지, 탑승",
      "options": [
        "설비상의 결함요인을 개선 및 시정시키는데 활용한다.",
        "재해의 구성요소를 알고 분포상태를 알아 대책을 세우기"
      ],
      "answer": null,
      "explanation": ""
    },
    {
      "no": 2,
      "question": "경고표지: 인화성물질경고, 산화성물질경고, 폭발성물질경고,\n위함이다.\n급성독성물질경고, 부식성물질경고, 방사성물질경고, 고압전기경\n③ 근로자의 행동결함을 발견하여 안전 재교육 훈련자료로\n고, 매달은물체경고\n활용한다.\n낙하물경고, 고온경고, 저온경고, 몸균형상실경고,\n④ 관리책임 소재를 밝혀 관리자의 인책 자료로 삼는다.\n레이저광선경고, 위험장소경고,\n<문제 해설>\n<발암성,변이원성,생식독성,전신독성,호흡기과민성물\n[재해통계 작성시 유의사항]\n질경고>,\n-활용목적을 달성할 수 있는 충분한 내용을 만족시킬 것",
      "options": [
        "근로자의 행동결함을 발견하여 안전 재교육 훈련자료로",
        "관리책임 소재를 밝혀 관리자의 인책 자료로 삼는다."
      ],
      "answer": null,
      "explanation": ""
    },
    {
      "no": 3,
      "question": "안내표지: 녹십자표지, 응급구호표지, 들것, 세안장치, 비상구,\n-구체적으로 표시하여 그 내용은 용이하게 이해해서 이용, 활용\n좌측비상구, 우측비상구\n할 수 있을 것",
      "options": [],
      "answer": null,
      "explanation": ""
    },
    {
      "no": 4,
      "question": "지시표지: 보안경착용, 방독마스크착용, 보안면착용, 안전모착\n-도형이나 숫자에 의해 표시하지만, 율로 표시하는것이 일반적\n용, 귀마개착용, 안전화착용, 안전장갑착용, 안전복 착용\n이며 재해발생의 모체가 되는 근로자수와 근로시간수가\n[해설작성자 : pyo]\n기준이 되어 율을 표시하는 방법이 채택되고 있다..생산량이나\n운방량 등을 조합시켜서 율로 표시하는 일도 있다. 10. 작업내용 변경 시 일용근로자를 제외한 근로자의 사업 내\n-항목, 내용, 재해요소가 정확하게 파악되어 방지대책이 수립되 안전ㆍ보건 교육시간 기준으로 옳은 것은?\n도록 할 것",
      "options": [
        "1시간 이상 ② 2시간 이상",
        "4시간 이상 ④ 6시간 이상"
      ],
      "answer": null,
      "explanation": ""
    },
    {
      "no": 8,
      "question": "위험예지훈련에 있어 브레인 스토밍법의 원칙으로 적절하지\n[작업내용 변경시의 교육]\n않은 것은?(관련 규정 개정전 문제로 여기서는 기존 정답인\n-일용근로자 : 1시간 이상\n기출문제 해설은 최강 자격증 기출문제 전자문제집 CBT : www.comcbt.com 통해서 실시간으로 변경됩니다.\n본 해설집은 최강 자격증 기출문제 전자문제집 CBT 해설달기 프로젝트에 의해서 만들어진 자료입니다. 해설을 제공해 주신 모든 분들께 감사 드립니다.\n산업안전기사 ◐ 2016년 08월 21일 필기 기출문제 및 해설집◑ 전자문제집 CBT :www.comcbt.com\n-일용근로자를 제외한 근로자 : 2시간 이상",
      "options": [],
      "answer": null,
      "explanation": ""
    },
    {
      "no": 13,
      "question": "크레인, 리프트 및 곤돌라는 사업장에 설치가 끝난 날부터\n[해설작성자 : pyo]\n몇 년 이내에 최초의 안전검사를 실시해야 하는가?",
      "options": [
        "1년 ② 2년",
        "3년 ④ 4년"
      ],
      "answer": null,
      "explanation": ""
    },
    {
      "no": 11,
      "question": "OFF.J.T(Off the job Training) 교육방법의 장점으로 옳은",
      "options": [
        "법 제93조제3항에 따른 안전검사대상기계등의 안전검사 주기",
        "개개인에게 적절한 지도훈련이 가능하다. 1. 크레인(이동식 크레인은 제외한다), 리프트(이삿짐운반용",
        "훈련에 필요한 업무의 계속성이 끊어지지 않는다. 리프트는 제외한다) 및 곤돌라:",
        "다수의 대상자를 일괄적, 조직적으로 교육할 수 있다. 사업장에 설치가 끝난 날부터 3년 이내에 최초 안전검사를",
        "효과가 곧 업무에 나타나며, 훈련의 좋고 나쁨에 따라 실시하되, 그 이후부터 2년마다"
      ],
      "answer": null,
      "explanation": ""
    },
    {
      "no": 12,
      "question": "스트레스의 주요요인 중 환경이나 기타 외부에서 일어나는\n[해설작성자 : iykim71]\n자극요인이 아닌 것은?",
      "options": [
        "자존심의 손상 ② 대인관계 갈등 14. 산업안전보건법상 고용노동부장관은 자율안전확인대상 기계",
        "죽음, 질병 ④ 경제적 어려움 ㆍ기구 등의 안전에 관한 성능이 자율안전기준에 맞지 아니",
        "1 ② 3",
        "6 ④ 12"
      ],
      "answer": null,
      "explanation": ""
    },
    {
      "no": 18,
      "question": "매슬로우(Maslow)의 욕구 5단계 이론 중 자기보존에 관한\n[해설작성자 : 개꿀]\n안전욕구는 몇 단계에 해당되는가?",
      "options": [],
      "answer": null,
      "explanation": ""
    },
    {
      "no": 15,
      "question": "방진마스크의 형태에 따른 분류 중 그림에서 나타내는 것은",
      "options": [
        "제1단계 ② 제2단계",
        "제3단계 ④ 제4단계",
        "격리식 전면형 ② 직결식 전면형",
        "격리식 반면형 ④ 직결식 반면형"
      ],
      "answer": null,
      "explanation": ""
    },
    {
      "no": 16,
      "question": "무재해 운동을 추진하기 위한 조직의 3기둥으로 볼 수 없는\n다른 사람으로 인정받아야 충족 (Ex. 명예, 명성)\n것은?(관련 규정 개정전 문제로 여기서는 기존 정답인 3번\n5단계 - 자아실현 욕구 : 자신이 성취할수 있는 존재가 되도록\n을 누르면 정답 처리됩니다. 자세한 내용은 해설을 참고하\n충동하는 욕구\n세요.)\n창조적인 상태의 실현을 뜻하며 성",
      "options": [
        "최고경영자의 경영자세",
        "소집단 자주활동의 활성화",
        "전 종업원의 안전요원화",
        "라인관리자에 의한 안전보건의 추진"
      ],
      "answer": null,
      "explanation": ""
    },
    {
      "no": 19,
      "question": "헤드십의 특성이 아닌 것은?\n<무재해 운동 추진의 3기둥>",
      "options": [
        "지휘형태는 권위주의적이다.",
        "권한행사는 임명된 헤드이다.",
        "구성원과의 사회적 간격은 넓다.",
        "상관과 부하와의 관계는 개인적인 영향이다."
      ],
      "answer": null,
      "explanation": ""
    },
    {
      "no": 17,
      "question": "산업재해의 발생형태 중 사람이 평면상으로 넘어졌을 때의\n사고 유형은 무엇이라 하는가?\nleader-ship",
      "options": [
        "비래 ② 전도",
        "도괴 ④ 추락"
      ],
      "answer": null,
      "explanation": ""
    },
    {
      "no": 20,
      "question": "인간의 심리 중 안전수단이 생략되어 불안전 행위가 나타나\n즉, 이제부터 해석하고자 하는 사싱인 정상사상(TOP사상)과 중\n는 경우와 가장 거리가 먼 것은?\n간사상에 사용",
      "options": [
        "의식과잉이 있는 경우",
        "작업규율이 엄한 경우",
        "피로하거나 과로한 경우 23. 시스템안전 프로그램에서의 최초단계 해석으로 시스템 내의",
        "조명, 소음 등 주변 환경의 영향이 있는 경우 위험한 요소가 어떤 위험상태에 있는가를 정성적으로 평가",
        "FHA ② PHA",
        "FTA ④ FMEA"
      ],
      "answer": null,
      "explanation": ""
    },
    {
      "no": 21,
      "question": "FTA에 사용되는 기호 중 “통상 사상”을 나타내는 기호는?\n목표",
      "options": [],
      "answer": null,
      "explanation": ""
    },
    {
      "no": 1,
      "question": "시스템에 대한 모든 주요한 사고를 식별하고 대충의 말로 표\n시할것",
      "options": [
        "② 2. 사고를 유발하는 요인을 식별할것"
      ],
      "answer": null,
      "explanation": ""
    },
    {
      "no": 3,
      "question": "사고가 발생한다고 가정하고 시스템에 생기는 결과를 식별하\n고평가할것",
      "options": [],
      "answer": null,
      "explanation": ""
    },
    {
      "no": 4,
      "question": "식별된 사고를 범주(category)로 분류할것\n③ ④\n[해설작성자 : jun]\n<문제 해설>",
      "options": [
        "④"
      ],
      "answer": null,
      "explanation": ""
    },
    {
      "no": 24,
      "question": "의자 설계의 일반적인 원리로 가장 적절하지 않은 것은?",
      "options": [],
      "answer": null,
      "explanation": ""
    },
    {
      "no": 1,
      "question": "결함사상",
      "options": [
        "등근육의 정적 부하를 줄인다."
      ],
      "answer": null,
      "explanation": ""
    },
    {
      "no": 2,
      "question": "생략사상\n② 디스크가 받는 압력을 줄인다.",
      "options": [
        "디스크가 받는 압력을 줄인다."
      ],
      "answer": null,
      "explanation": ""
    },
    {
      "no": 3,
      "question": "기본사상\n③ 요부전만(腰部前灣)을 유지한다.",
      "options": [
        "요부전만(腰部前灣)을 유지한다."
      ],
      "answer": null,
      "explanation": ""
    },
    {
      "no": 4,
      "question": "통상사상\n④ 일정한 자세를 계속 유지하도록 한다.\n[해설작성자 : zins82]\n<문제 해설>\n4 자세고정을 줄인다\n4번 결함사상은 아니지만 작업이나 기계의 상태로부터 재해의\n[해설작성자 : bo]\n발생원인이 될 요소가 있는 것을 나타내는 통상사상의 기호이\n다.",
      "options": [
        "일정한 자세를 계속 유지하도록 한다."
      ],
      "answer": null,
      "explanation": ""
    },
    {
      "no": 25,
      "question": "다음의 설명은 무엇에 해당되는 것인가?\n[해설작성자 : jun]\n결함사상: 시스템 분석에 있어 조금 더 발전시켜야 하는 사상\n기본사상: 더 이상 분석할 필요 없는 사상\n생략사상: 더 이상 전개할 수 없는 사상",
      "options": [
        "동작 조작 미스(Miss)",
        "기억 판단 미스(Miss)",
        "인지 확인 미스(Miss)",
        "조치 과정 미스(Miss)"
      ],
      "answer": null,
      "explanation": ""
    },
    {
      "no": 22,
      "question": "두 가지 상태 중 하나가 고장 또는 결함으로 나타나는 비정\nHuman Error의 분류 및 발생과정\n상적인 사건은?",
      "options": [
        "톱사상 ② 정상적인 사상"
      ],
      "answer": null,
      "explanation": ""
    },
    {
      "no": 1,
      "question": "인지확인 에러\n③ 결함사상 ④ 기본적인 사상\n외계정보를 받아서 대뇌 감각 중추에서 인지되기까지 과정에서\n<문제 해설>\n일어나는 에러가 발생한다.\n[결함사상]\n결함이 재해로 연결되는 현상 또는 사실 상활 등을 나타내며 논",
      "options": [
        "결함사상 ④ 기본적인 사상"
      ],
      "answer": null,
      "explanation": ""
    },
    {
      "no": 2,
      "question": "판단기억 에러\n리게이트의 입력, 출력 2가지로 나타내며,\n인지한 상황을 판단하여 적응상태로 의사결정하여서 운동 중추\n하나가 고장 또는 결함으로 나타내며, FT도표의 정상에 선정되\n기출문제 해설은 최강 자격증 기출문제 전자문제집 CBT : www.comcbt.com 통해서 실시간으로 변경됩니다.\n본 해설집은 최강 자격증 기출문제 전자문제집 CBT 해설달기 프로젝트에 의해서 만들어진 자료입니다. 해설을 제공해 주신 모든 분들께 감사 드립니다.\n산업안전기사 ◐ 2016년 08월 21일 필기 기출문제 및 해설집◑ 전자문제집 CBT :www.comcbt.com\n로부터 처리되는 행동으로「이것을 잊어서 인지하지 못했다.」 <문제 해설>\n「기억이 틀려서 조작을 잘못했다.」등의 에러를 말한다. 병렬 신뢰도\n[1-((1-0.7)*(1-0.7))] = 0.91",
      "options": [],
      "answer": null,
      "explanation": ""
    },
    {
      "no": 3,
      "question": "동작조작 에러",
      "options": [],
      "answer": null,
      "explanation": ""
    },
    {
      "no": 29,
      "question": "사업장에서 인간공학 적용분야로 틀린 것은?\n운동중추로부터 의사결정상태의 동작이 지령되었으나 도중에서",
      "options": [
        "제품설계",
        "산업독성학",
        "재해ㆍ질병예방",
        "작업장 내 조사 및 연구"
      ],
      "answer": 1,
      "explanation": ""
    },
    {
      "no": 26,
      "question": "다음 FT도에서 최소컷셋(Minimal cut set)으로만 올바르게 비/공구설비 설계, 제품설계, 재해/질병 예방 으로 구분할 수 있\n나열한 것은? 다.\n산업독성학 -> 산업위생 적용분야\n[해설작성자 : 가자고오]",
      "options": [],
      "answer": null,
      "explanation": ""
    },
    {
      "no": 30,
      "question": "신호검출이론(SDT)에서 두 정규분포 곡선이 교차하는 부분\n에 판별기준이 놓였을 경우 Beta값으로 맞는 것은?",
      "options": [
        "Beta = 0 ② Beta < 1",
        "Beta = 1 ④ Beta > 1",
        "[X ] ② [X ], [X ]",
        "[X ,X ,X ] ④ [X ,X ],[X ,X ]"
      ],
      "answer": null,
      "explanation": ""
    },
    {
      "no": 31,
      "question": "인간이 낼 수 있는 최대의 힘을 최대근력이라고 하며 인간\n[X1,X3]\n은 자기의 최대근력을 잠시 동안만 낼 수 있다. 이에 근거\n[X1,X2]\n할 때 인간이 상당히 오래 유지할 수 있는 힘은 근력의 몇\n[X2,X3]\n% 이하인가?\n최소 미니멀 컷셋은 ? [X1]",
      "options": [
        "15% ② 20%",
        "25% ④ 30%"
      ],
      "answer": null,
      "explanation": ""
    },
    {
      "no": 27,
      "question": "인간-기계시스템의 설계 원칙으로 볼 수 없는 것은?\n지구력",
      "options": [
        "배열을 고려한 설계",
        "양립성에 맞게 설계",
        "인체특성에 적합한 설계",
        "기계적 성능에 적합한 설계"
      ],
      "answer": null,
      "explanation": ""
    },
    {
      "no": 32,
      "question": "소리의 크고 작은 느낌은 주로 강도의 함수이지만 진동수에\n인간 - 기계시스템 설계원칙\n의해서도 일부 영향을 받는다. 음량을 나타내는 척도인",
      "options": [],
      "answer": null,
      "explanation": ""
    },
    {
      "no": 1,
      "question": "배열을 고려한 설계\nphon의 기준 순음 주파수는?",
      "options": [],
      "answer": null,
      "explanation": ""
    },
    {
      "no": 2,
      "question": "양립성을 맞게 설계",
      "options": [
        "1000Hz ② 2000Hz"
      ],
      "answer": null,
      "explanation": ""
    },
    {
      "no": 3,
      "question": "인체특성에 적합한 설계\n③ 3000Hz ④ 4000Hz\n[해설작성자 : 가자고오]\n<문제 해설>\n[phon]",
      "options": [
        "3000Hz ④ 4000Hz"
      ],
      "answer": null,
      "explanation": ""
    },
    {
      "no": 28,
      "question": "병렬로 이루어진 두 요소의 신뢰도가 각각 0.7일 경우, 시\n- 최소가청음압의 기준이 되는 1 kHz에서 표준소리세기인 2 x\n스템 전체의 신뢰도는?\n10-5 [ Pa ]에 대한 dB 값을 기준으로하여,",
      "options": [
        "0.30 ② 0.49",
        "0.70 ④ 0.91",
        "방음보호 용구 사용",
        "차폐장치 및 흡음재 사용"
      ],
      "answer": null,
      "explanation": ""
    },
    {
      "no": 35,
      "question": "안전성 평가 항목에 해당하지 않은 것은?\n[해설작성자 : comcbt.com 이용자]",
      "options": [
        "작업자에 대한 평가",
        "기계설비에 대한 평가",
        "작업공정에 대한 평가",
        "레이아웃에 대한 평가"
      ],
      "answer": null,
      "explanation": ""
    },
    {
      "no": 1,
      "question": "관계자료의 정비검토\n- 소음이 2dB 증가하면 허용기간은 반감한다.\n2,정성적인 평가\n[해설작성자 : 사실내가헷갈려서적음]",
      "options": [],
      "answer": null,
      "explanation": ""
    },
    {
      "no": 3,
      "question": "정량적인 평가",
      "options": [],
      "answer": null,
      "explanation": ""
    },
    {
      "no": 33,
      "question": "위험관리에서 위험의 분석 및 평가에 유의할 사항으로 적절 4.안전대책 수립\n하지 않은 것은? 5.재해사례에 의한 평가",
      "options": [
        "기업 간의 의존도는 어느 정도인지 점검한다. 6.FTA에 의한 재평가",
        "발생의 빈도보다는 손실의 규모에 중점을 둔다. [해설작성자 : 부자아빠]",
        "작업표준의 의미를 충분히 이해하고 있는지 점검한다."
      ],
      "answer": null,
      "explanation": ""
    },
    {
      "no": 36,
      "question": "정량적 표시장치의 용어에 대한 설명 중 틀린 것은?\n④ 한 가지의 사고가 여러 가지 손실을 수반하는지 확인한",
      "options": [
        "한 가지의 사고가 여러 가지 손실을 수반하는지 확인한",
        "눈금단위(scale unit) : 눈금을 읽는 최소 단위",
        "눈금범위(scale range) : 눈금의 최고치와 최저치의 차",
        "수치간격(numbered interval) : 눈금에 나타낸 인접 수치",
        "눈금간격(graduatiom interval) : 최대눈금선 사이의 값"
      ],
      "answer": null,
      "explanation": ""
    },
    {
      "no": 37,
      "question": "강의용 책걸상을 설계할 때 고려해야 할 변수와 적용할 인\n관련이 있다.\n체측정자료 응용원칙이 적절하게 연결된 것은?\n[해설작성자 : 강꼬비]",
      "options": [
        "의자 높이 – 최대 집단치 설계",
        "의자 깊이 – 최대 집단치 설계"
      ],
      "answer": null,
      "explanation": ""
    },
    {
      "no": 34,
      "question": "작업장의 소음문제를 처리하기 위한 적극적인 대책이 아닌\n③ 의자 너비 – 최대 집단치 설계\n것은?\n④ 책상 높이 – 최대 집단치 설계",
      "options": [
        "의자 너비 – 최대 집단치 설계",
        "책상 높이 – 최대 집단치 설계",
        "소음의 격리",
        "소음원을 통제",
        "일상보전 ④ 개량보전"
      ],
      "answer": null,
      "explanation": ""
    },
    {
      "no": 38,
      "question": "촉감의 일반적인 척도의 하나인 2점문턱값(two-point\n위한 목적으로 매일 설비의 점검, 청소, 주유 및 교체 등을 행하\nthreshold)이 감소하는 순서대로 나열된 것은?\n는 보전활동",
      "options": [
        "손가락 → 손바닥 → 손가락 끝"
      ],
      "answer": null,
      "explanation": ""
    },
    {
      "no": 4,
      "question": "개량보전\n② 손바닥 → 손가락→ 손가락 끝\n설비의 신뢰성, 보전성, 경제성, 조작성, 안전성 등의 향상을 목\n③ 손가락 끝 → 손가락 → 손바닥\n적으로 설비의 재질이나 형상의 개량, 설계 변경 등을 행하는\n④ 손가락 끝 → 손바닥 → 손가락\n보전활동\n<문제 해설>\n[해설작성자 : 초랭구]\n2점문턱값 : 손의 두점을 누를때 느끼는 감각이 서로 다르게 느\n끼는 점 사이의 최소거리\n3과목 : 기계위험방지기술\n[해설작성자 : lwj]",
      "options": [
        "손바닥 → 손가락→ 손가락 끝",
        "손가락 끝 → 손가락 → 손바닥",
        "손가락 끝 → 손바닥 → 손가락"
      ],
      "answer": null,
      "explanation": ""
    },
    {
      "no": 41,
      "question": "방호장치의 설치목적이 아닌 것은?",
      "options": [],
      "answer": null,
      "explanation": ""
    },
    {
      "no": 39,
      "question": "산업안전보건법령에 따라 기계ㆍ기구 및 설비의 설치ㆍ이전",
      "options": [
        "가공물 등의 낙하에 위한 위험 방지",
        "위험부위와 신체의 접촉방지",
        "비산으로 인한 위험방지",
        "건조 설비 ② 공기압축기",
        "주유나 검사의 편리성",
        "화학설비 ④ 가스집합 용접장치"
      ],
      "answer": null,
      "explanation": ""
    },
    {
      "no": 1,
      "question": "금속이나 그 밖의 광물의 용해로\n[해설작성자 : 기사콜렉터입니다]",
      "options": [],
      "answer": null,
      "explanation": ""
    },
    {
      "no": 2,
      "question": "화학설비",
      "options": [],
      "answer": null,
      "explanation": ""
    },
    {
      "no": 3,
      "question": "건조설비 42. 아세틸렌 및 가스집합 용접장치의 저압용 수봉식 안전기의",
      "options": [],
      "answer": null,
      "explanation": ""
    },
    {
      "no": 4,
      "question": "가스집합 응집장치 유효수주는 최소 몇 mm 이상을 유지해야 하는가?",
      "options": [],
      "answer": null,
      "explanation": ""
    },
    {
      "no": 5,
      "question": "허가대상/관리대상 유해물질 및 분진작업 관련 설비",
      "options": [
        "15 ② 20",
        "25 ④ 30"
      ],
      "answer": null,
      "explanation": ""
    },
    {
      "no": 43,
      "question": "크레인 로프에 질량 2000kg의 물건을 10m/s2의 가속도로\n감아올릴 때, 로프에 걸리는 총 하중은 약 몇 kN인가?\n공기압축기 = 컴프레셔(공기주입기) 카센터 휴게소 등 많이 보",
      "options": [
        "39.6 ② 29.6",
        "19.6 ④ 9.6"
      ],
      "answer": null,
      "explanation": ""
    },
    {
      "no": 40,
      "question": "설계단계에서부터 보전이 불필요한 설비를 설계하는 것의 2000*(2000/9.8*10)\n보전방식은? 40*0.82[kg]*9.8",
      "options": [
        "보전예방 ② 생산보전 39600.036(N)/1000=39.6"
      ],
      "answer": null,
      "explanation": ""
    },
    {
      "no": 45,
      "question": "휴대용 연삭기 덮개의 각도는 몇 도 이내인가?",
      "options": [
        "60° ② 90°",
        "125° ④ 180°"
      ],
      "answer": null,
      "explanation": ""
    },
    {
      "no": 46,
      "question": "프레스의 종류에서 슬라이드 운동기구에 의한 분류에 해당\n((2000+2000/9.8*10)*9.8)/1000\n하지 않는 것은?\n[해설작성자 : 김경태]",
      "options": [
        "액압 프레스 ② 크랭크 프레스",
        "너클 프레스 ④ 마찰 프레스"
      ],
      "answer": null,
      "explanation": ""
    },
    {
      "no": 47,
      "question": "양중기에 해당하지 않는 것은?",
      "options": [],
      "answer": null,
      "explanation": ""
    },
    {
      "no": 44,
      "question": "보일러 압력방출장치의 종류에 해당하지 않는 것은?",
      "options": [
        "크레인 ② 리프트",
        "스프링식 ② 중추식",
        "체인블럭 ④ 곤돌라",
        "플런저식 ④ 지렛대식"
      ],
      "answer": null,
      "explanation": ""
    },
    {
      "no": 1,
      "question": "크레인",
      "options": [],
      "answer": null,
      "explanation": ""
    },
    {
      "no": 1,
      "question": "고저수위 조절장치 : 플로우트식, 전극식, 차압식",
      "options": [],
      "answer": null,
      "explanation": ""
    },
    {
      "no": 2,
      "question": "이동식 크레인",
      "options": [],
      "answer": null,
      "explanation": ""
    },
    {
      "no": 2,
      "question": "압력방출 장치 : 스프링식, 중추식, 지렛대식(일반적으로 스프",
      "options": [],
      "answer": null,
      "explanation": ""
    },
    {
      "no": 3,
      "question": "리프트\n링식 안전 밸브가 많이 사용)",
      "options": [],
      "answer": null,
      "explanation": ""
    },
    {
      "no": 4,
      "question": "곤돌라",
      "options": [],
      "answer": null,
      "explanation": ""
    },
    {
      "no": 3,
      "question": "압력제한스위치",
      "options": [],
      "answer": null,
      "explanation": ""
    },
    {
      "no": 5,
      "question": "승강기",
      "options": [],
      "answer": null,
      "explanation": ""
    },
    {
      "no": 4,
      "question": "화염검출기\n[해설작성자 : 예림빠]\n[해설작성자 : 우신형님]",
      "options": [],
      "answer": null,
      "explanation": ""
    },
    {
      "no": 48,
      "question": "비파괴시험의 종류가 아닌 것은?\n플런저식은 압축피스톤임 주사기 혹은 자동차 엔진처럼 압축식",
      "options": [
        "자분 탐상시험",
        "침투 탐상시험",
        "와류 탐상시험",
        "샤르피 충격시험"
      ],
      "answer": null,
      "explanation": ""
    },
    {
      "no": 5,
      "question": "플랜지가 현저히 작을 때(플리지는 숫돌 지름의 1/3이상일 것)\n비파괴검사의 종류 6.숫돌 불균형, 베어링 마모에 의한 진동이\n1침투탐상검사 7.반지름 방향 온도변화 심할 때\n2자븐탐상 [해설작성자 : 부자아빠]\n3방사선투고ㅏ",
      "options": [],
      "answer": null,
      "explanation": ""
    },
    {
      "no": 52,
      "question": "롤러기의 급정지장치 설치기준으로 틀린 것은?\n4초음파참상",
      "options": [
        "손조작식 급정지장치의 조작부는 밑면에서 1.8m 이내에",
        "복부조작식 급정지장치의 조작부는 밑면에서 0.8m 이상,"
      ],
      "answer": null,
      "explanation": ""
    },
    {
      "no": 1,
      "question": "1m 이내에 설치한다.\n음향방출검사\n③ 무릎조작식 급정지장치의 조작부는 밑면에서 0.8m 이내\n[해설작성자 : comcbt.com 이용자]\n에 설치한다.\n④ 설치위치는 급정지장치의 조작부 중심점을 기준으로 한\n샤르피 충격시험은 충격시험 중 하나로써 충격시험은 대표적인\n다.\n파괴시험이다.\n<문제 해설>\n[해설작성자 : comcbt.com 이용자]\n무릎으로 조작하는 것-밑면으로부터 0.4m 이상 0.6m 이내",
      "options": [
        "무릎조작식 급정지장치의 조작부는 밑면에서 0.8m 이내",
        "설치위치는 급정지장치의 조작부 중심점을 기준으로 한"
      ],
      "answer": null,
      "explanation": ""
    },
    {
      "no": 49,
      "question": "동력프레스의 종류에 해당하지 않는 것은? [해설작성자 : 부자아빠]",
      "options": [
        "크랭크 프레스 ② 푸트 프레스",
        "토글 프레스 ④ 액압 프레스 손조작시=1.8이내"
      ],
      "answer": null,
      "explanation": ""
    },
    {
      "no": 53,
      "question": "산업안전보건법상 보일러에 설치하는 압력방출장치에 대하\n[해설작성자 : 엠제이]\n여 검사 후 봉인에 사용되는 재료로 가장 적합한 것은?",
      "options": [],
      "answer": null,
      "explanation": ""
    },
    {
      "no": 50,
      "question": "목재가공용 등근톱의 톱날 지름이 500mm 일 경우 분할날",
      "options": [
        "납 ② 주석",
        "구리 ④ 알루미늄",
        "462 ② 362 <문제 해설>",
        "262 ④ 162 설치된 안전밸브에 대해서는 다음의 구분에 따른 검사주기마다"
      ],
      "answer": null,
      "explanation": ""
    },
    {
      "no": 54,
      "question": "밀링머신 작업의 안전수칙으로 적절하지 않은 것은?\n[해설작성자 : 김유빈]",
      "options": [
        "강력절삭을 할 때는 일감을 바이스로부터 길게 물린다.",
        "일감을 측정할 때는 반드시 정지시킨 다음에 한다.",
        "상하 이송장치의 핸들은 사용 후 반드시 빼두어야 한다.",
        "커터는 될 수 있는 한 컬럼에 가깝게 설치한다."
      ],
      "answer": null,
      "explanation": ""
    },
    {
      "no": 51,
      "question": "연삭숫돌의 파괴원인이 아닌 것은?",
      "options": [],
      "answer": null,
      "explanation": ""
    },
    {
      "no": 55,
      "question": "지게차의 헤드가드(head guard)는 지게차 최대하중의 몇 배",
      "options": [
        "외부의 충격을 받았을 때",
        "플랜지가 현저히 작을 때",
        "회전력이 결합력보다 클 때",
        "2 ② 3",
        "내ㆍ외면의 플랜지 지름이 동일할 때",
        "4 ④ 5",
        "바이트는 되도록 짧게 나오도록 설치한다.",
        "프레임 내의 피트(pit)에는 뚜껑을 설치한다.",
        "칩 브레이커를 사용하여 칩이 길게 되도록 한다."
      ],
      "answer": null,
      "explanation": ""
    },
    {
      "no": 56,
      "question": "기계설비의 작업능률과 안전을 위한 배치(layout)의 3단계를\n* 칩 브레이커는 선반작업에만 적용하며 칩을 짧게 자르는 장치\n올바른 순서대로 나열한 것은?\n입니다.",
      "options": [
        "지역배치 → 건물배치 → 기계배치",
        "건물배치 → 지역배치 → 기계배치",
        "기계배치 → 건물배치 → 지역배치 60. 산업안전보건법상 유해ㆍ위험방지를 위한 방호조치를 하지",
        "지역배치 → 기계배치 → 건물배치 아니하고는 양도, 대여, 설치 또는 사용에 제공하거나, 양도",
        "예초기 ② 진공포장기",
        "원심기 ④ 롤러기"
      ],
      "answer": null,
      "explanation": ""
    },
    {
      "no": 57,
      "question": "프레스기의 금형을 부착ㆍ해체 또는 조정하는 작업을 할\n유해 위험 방지를 위해 방호조치가 필요한 기계 기구등\n때, 슬라이드가 갑자기 작동함으로써 발생하는 근로자의 위\n예초기\n험을 방지하기 위해 사용해야 하는 것은?\n원심기",
      "options": [
        "방호울",
        "안전블록",
        "시건장치",
        "날접촉예방장치",
        "전극의 부식을 방지하기 위하여",
        "접촉 전압을 감소시키기 위하여",
        "접지 저항을 증가시키기 위하여",
        "접지선의 단선을 방지하기 위하여"
      ],
      "answer": null,
      "explanation": ""
    },
    {
      "no": 58,
      "question": "와이어로프의 지름 감소에 대한 폐기기준으로 옳은 것은?\n<문제 해설>",
      "options": [
        "공칭지름의 1퍼센트 초과",
        "공칭지름의 3퍼센트 초과",
        "공칭지름의 5퍼센트 초과",
        "공칭지름의 7퍼센트 초과",
        "전선관은 박강전선관을 사용한다."
      ],
      "answer": null,
      "explanation": ""
    },
    {
      "no": 59,
      "question": "플레이너 작업시의 안전대책이 아닌 것은?\n② 배관 인입부분은 씰링피팅(Sealing Fitting)을 설치하고",
      "options": [
        "배관 인입부분은 씰링피팅(Sealing Fitting)을 설치하고",
        "베드 위에 다른 물건을 올려놓지 않는다.",
        "절연안전모 ④ 대전방지용 구두",
        "전선관과 전기기기와의 접속은 관용평형나사에 의해 완 <문제 해설>",
        "가용성을 요하는 접속부분에는 플렉시블 피팅(Flexible [해설작성자 : 예림빠]"
      ],
      "answer": null,
      "explanation": ""
    },
    {
      "no": 65,
      "question": "인체의 피부저항은 피부에 땀이 나있는 경우 건조 시 보다\n는 안 된다.\n약 어느 정도 저하되는가?\n<문제 해설>\n전선관은 후강전선관을 사용한다.\n[해설작성자 : amigo13]",
      "options": [
        "②",
        "④"
      ],
      "answer": null,
      "explanation": ""
    },
    {
      "no": 63,
      "question": "정전용량 C 1 (μF)과 C 2 (μF)가 직렬 연결된 회로에 E(V)로 송 습기가 있는 경우 : 건조시의 1/10 감소\n전되다 갑자기 정전이 발생하였을 때, C 2 단자의 전압을 나 땀에 젖은 경우 :1/12~1/20 감소\n타낸 식은? 물에 젖은 경우 : 1/25 감소\n[해설작성자 : 허찬]",
      "options": [
        "② 66. 정전기 재해방지를 위하여 불활성화 할 수 없는 탱크, 탱크",
        "④",
        "물이나 기체를 혼합하는 비수용성 위험물의 배관 내 유",
        "저항률이 1010Ωㆍ㎝ 미만의 도전성 위험물의 배관유속은",
        "저항률이 1010Ωㆍ㎝ 이상인 위험물의 배관유속은 관내경",
        "이황화탄소 등과 같이 유동대전이 심하고 폭발위험성이"
      ],
      "answer": null,
      "explanation": ""
    },
    {
      "no": 64,
      "question": "충전선로의 활선작업 또는 활선근접작업을 하는 작업자의 67. 정전기로 인하여 화재로 진전되는 조건 중 관계가 없는 것\n감전위험을 방지하기 위해 착용하는 보호구로서 가장 거리 은?\n가 먼 것은?",
      "options": [
        "방전하기에 충분한 전위차가 있을 때",
        "절연장화 ② 절연장갑 ② 가연성가스 및 증기가 폭발한계 내에 있을 때",
        "대전하기 쉬운 금속부분에 접지를 한 상태일 때 3. 접지저항 저감제 사용",
        "정전기의 스파크 에너지가 가연성가스 및 증기의 최소점 4. 접지극의 규격을 크게"
      ],
      "answer": null,
      "explanation": ""
    },
    {
      "no": 1,
      "question": "접지(도체일 경우 효과 있으나 부도체는 효과 없다)",
      "options": [],
      "answer": null,
      "explanation": ""
    },
    {
      "no": 70,
      "question": "Dalziel에 의하여 동물실험을 통해 얻어진 전류값을 인체에",
      "options": [],
      "answer": null,
      "explanation": ""
    },
    {
      "no": 2,
      "question": "습기부여(공기중 습도 60~70%이상 유지한다)\n적용했을 때 심실세동을 일으키는 전기에너지(J)는? (단, 인",
      "options": [],
      "answer": null,
      "explanation": ""
    },
    {
      "no": 3,
      "question": "도전성 재료사용(절연성 재료는 절대 금한다)",
      "options": [],
      "answer": null,
      "explanation": ""
    },
    {
      "no": 4,
      "question": "대전 방지제 사용",
      "options": [],
      "answer": null,
      "explanation": ""
    },
    {
      "no": 5,
      "question": "제전기 사용\n체 전기저항은 500Ω으로 보며, 흐르는 전류",
      "options": [],
      "answer": null,
      "explanation": ""
    },
    {
      "no": 6,
      "question": "유속 조절(석유류 제품 1m/s 이하)\nmA로 한다.)\n[해설작성자 : 부자아빠]",
      "options": [
        "9.8 ② 13.6",
        "19.6 ④ 27"
      ],
      "answer": null,
      "explanation": ""
    },
    {
      "no": 68,
      "question": "화염일주한계에 대한 설명으로 옳은 것은? I=0.165/루트t [A]이므로 식대입해서 풀면 W=13.6J",
      "options": [
        "폭발성 가스와 공기의 혼합기에 온도를 높인 경우 화염 [해설작성자 : 카파]"
      ],
      "answer": null,
      "explanation": ""
    },
    {
      "no": 71,
      "question": "접지공사에 관한 설명으로 옳은 것은?(관련 규정 개정전 문\n② 폭발성 분위기에 있는 용기의 접합면 틈새를 통해 화염\n제로 여기서는 기존 정답인 1번을 누르면 정답 처리됩니다.\n이 내부에서 외부로 전파되는 것을 저지할 수 있는 틈새\n자세한 내용은 해설을 참고하세요.)\n의 최대간격치",
      "options": [
        "폭발성 분위기에 있는 용기의 접합면 틈새를 통해 화염",
        "뇌해 방지를 위한 피뢰기는 제1종 접지공사를 시행한다.",
        "폭발성 분위기 속에서 전기불꽃에 의하여 폭발을 일으킬",
        "중성선 전로에 시설하는 계통접지는 특별 제3종 접지공",
        "제3종 접지공사의 저항값은 100Ω이고 교류 750V이하의",
        "방폭설비에서 이상이 발생하여 불꽃이 생성된 경우에 그",
        "고ㆍ저압 전로의 변압기 저압측 중성선에는 반드시 제1"
      ],
      "answer": null,
      "explanation": ""
    },
    {
      "no": 2,
      "question": "중성선 전로에 시설하는 계통접지는 제2종 접지공사를 시행\n폭발등급 측정에 사용되는 표준 용기\n한다.\n내용적이 8[l], 틈새의 안길이(L)이 25[mm]인 용기로서 틈이",
      "options": [],
      "answer": null,
      "explanation": ""
    },
    {
      "no": 3,
      "question": "제3종 접지공사의 저항값은 100Ω이고 교류 400V이하의 저압\n폭 W[mm]를 변환시켜서 화염일주한계를 측정하도록 한것,\n기기에 설치한다.\nBY \"산업안전기사필기과년도\"",
      "options": [],
      "answer": null,
      "explanation": ""
    },
    {
      "no": 4,
      "question": "고ㆍ저압 전로의 변압기 저압측 중성선에는 반드시 제2종 접\n[해설작성자 : 미카엘]\n지공사를 시행한다.\n화염일주한계는 원래 가연성가스 또는 증기의 위험성을 나태내\n(2021년 변경된 KEC 규정에 따라서 종별 접지 문제는 출제되지\n는 특성 값의 하나이며, 좁은 뜻으로는 [화염의 일주(도주)를 발\n않습니다. 참고용으로만 이용 부탁 드립니다.)\n생하는 최소에너지]를 말합니다\n[해설작성자 : RS최원용]",
      "options": [],
      "answer": null,
      "explanation": ""
    },
    {
      "no": 72,
      "question": "접지 목적에 따른 분류에서 병원설비의 의료용 전기전자(M\nㆍE)기기와 모든 금속부분 또는 도전 바닥에도 접지하여 전",
      "options": [],
      "answer": null,
      "explanation": ""
    },
    {
      "no": 69,
      "question": "접지저항 저감 방법으로 틀린 것은?\n위를 동일하게 하기 위한 접지를 무엇이라 하는가?",
      "options": [
        "접지극의 병렬 접지를 실시한다.",
        "계통 접지",
        "접지극의 매설 깊이를 증가시킨다.",
        "등전위 접지",
        "접지극의 크기를 최대한 작게 한다.",
        "노이즈 방지용 접지",
        "접지극 주변의 토양을 개량하여 대지 저항률을 떨어뜨린",
        "정전기 장해방지 이용 접지"
      ],
      "answer": null,
      "explanation": ""
    },
    {
      "no": 1,
      "question": "접지극의 병렬 매설\n등전위접지의 목적: 전위가 일정 (EX: 병원의료용기기)",
      "options": [],
      "answer": null,
      "explanation": ""
    },
    {
      "no": 2,
      "question": "접지봉의 심타 매설\n기출문제 해설은 최강 자격증 기출문제 전자문제집 CBT : www.comcbt.com 통해서 실시간으로 변경됩니다.\n본 해설집은 최강 자격증 기출문제 전자문제집 CBT 해설달기 프로젝트에 의해서 만들어진 자료입니다. 해설을 제공해 주신 모든 분들께 감사 드립니다.\n산업안전기사 ◐ 2016년 08월 21일 필기 기출문제 및 해설집◑ 전자문제집 CBT :www.comcbt.com\n[해설작성자 : 미카엘] 기사 실기 난이도이니 외울 필요 없습니다..대신 자세한 해설이\n없이 교재도 여기도 다 엉성해서 남깁니다.\n등전위 접지:전위를 같게 하여 접지저항을 최소화하는 방법입니 [해설작성자 : 대략난감넌귤]\n다..전기 안전을 위해 전로를 형성하고, 위험 전압을 낮추고, 내",
      "options": [],
      "answer": null,
      "explanation": ""
    },
    {
      "no": 75,
      "question": "전기기기 방폭의 기본개념과 이를 이용한 방폭구조로 볼 수\n부 시설 기기를 보호하는 데 도움이 됩니다..\n없는 것은?",
      "options": [
        "점화원의 격리 : 내압(耐壓) 방폭구조",
        "폭발성 위험분위기 해소 : 유입 방폭구조",
        "전기기기 안전도의 증강 : 안전증 방폭구조",
        "점화능력의 본질적 억제 : 본질안전 방폭구조"
      ],
      "answer": null,
      "explanation": ""
    },
    {
      "no": 73,
      "question": "정전기 발생 원인에 대한 설명으로 옳은 것은? <문제 해설>",
      "options": [
        "분리속도가 느리면 정전기 발생이 커진다. 유입방폭구조(o)",
        "정전기 발생은 처음 접촉, 분리 시 최소가 된다. -폭발성 분위기가 발화할 수 없도록 전기설비 또는 전기설비의",
        "물질 표면이 오염된 표면일 경우 정전기 발생이 커진다. 부품을 보호액에 함침시키는 방폭구조",
        "접촉 면적이 작고 압력이 감소할수록 정전기 발생량이 [해설작성자 : 부자아빠]"
      ],
      "answer": null,
      "explanation": ""
    },
    {
      "no": 74,
      "question": "정격전류 20A와 25A인 전동기와 정격전류 10A인 전열기 6\n정답 2번 유입방폭구조는 점화원 격리로 들어갑니다\n대에 전기를 공급하는 200V 단상저압 간선에는 정격 전류\n몇 A의 과전류 차단기를 시설하여야 한는가?\n점화원 격리: 유입,내압,압력 있습니다",
      "options": [
        "200 ② 150",
        "125 ④ 100"
      ],
      "answer": 1,
      "explanation": ""
    },
    {
      "no": 1,
      "question": "1전동기+전열기=간선전류(전동기>50A) 있는 전압은 약 몇 V정도인가?",
      "options": [
        "2240 ② 2260",
        "2280 ④ 2300"
      ],
      "answer": null,
      "explanation": ""
    },
    {
      "no": 1,
      "question": "전동기x3+전열기 V=루트2E/C",
      "options": [],
      "answer": null,
      "explanation": ""
    },
    {
      "no": 2,
      "question": "전체 합x2.5 입니다. V=루트(0.26*10^-3*2/100*10^-12) =2280.35V\n둘 중 작은 값의 전류를 차단전류로 계산합니다.",
      "options": [],
      "answer": null,
      "explanation": ""
    },
    {
      "no": 77,
      "question": "전기기계ㆍ기구의 기능 설명으로 옳은 것은?",
      "options": [
        "CB는 부하전류를 개폐(ON-Off)시킬 수 있다.",
        "ACB는 접촉스파크 소호를 진공상태로 한다.",
        "DS는 회로의 개폐(ON-Off) 및 대용량 부하를 개폐시킨",
        "LA는 피뢰침으로서 낙뢰 피해의 이상 전압을 낮추어 준"
      ],
      "answer": null,
      "explanation": ""
    },
    {
      "no": 81,
      "question": "다음 중 인화성 물질이 아닌 것은?\nCB: Circuit Breaker, 차단기",
      "options": [
        "에테르 ② 아세톤",
        "에틸알코올 ④ 과염소산칼륨"
      ],
      "answer": null,
      "explanation": ""
    },
    {
      "no": 2,
      "question": "기중차단기(ACB) : 공기 중에서 아크를 자연 소호하는 차단\n과염소산 칼륨 : 산화성 액체 및 산화성 고체\n기\n[해설작성자 : 맑갑]",
      "options": [],
      "answer": null,
      "explanation": ""
    },
    {
      "no": 3,
      "question": "단로기(DS) : 반드시 무부하시 개폐 조작을 하여야 한다",
      "options": [],
      "answer": null,
      "explanation": ""
    },
    {
      "no": 4,
      "question": "피뢰기(LA) : 낙뢰에 의해 구내에 침입하는 이상 전압이나 부",
      "options": [],
      "answer": null,
      "explanation": ""
    },
    {
      "no": 82,
      "question": "다음 중 산업안전보건법령상 화학설비에 해당하는 것은?\n하 개폐 시 발생하는 개폐써지 등의 이상 전압을 억제하기 위해",
      "options": [
        "응축기ㆍ냉각기ㆍ가열기ㆍ증발기 등 열교환기류",
        "사이클론ㆍ백필터ㆍ전기집진기 등 분진처리설비",
        "온도ㆍ압력ㆍ유량 등을 지시ㆍ기록 등을 하는 자동제어"
      ],
      "answer": null,
      "explanation": ""
    },
    {
      "no": 78,
      "question": "배전선로에 정전작업 중 단락 접지기구를 사용하는 목적으\n④ 안전밸브ㆍ안전판ㆍ긴급차단 또는 방출밸브 등 비상조치\n로 적합한 것은?\n관련설비",
      "options": [
        "안전밸브ㆍ안전판ㆍ긴급차단 또는 방출밸브 등 비상조치",
        "통신선 유도 장해 방지",
        "배전용 기계 기구의 보호"
      ],
      "answer": null,
      "explanation": ""
    },
    {
      "no": 2,
      "question": "3.4 화학부속설비\n③ 배전선 통전 시 전위경도 저감\n[해설작성자 : 1]\n④ 혼촉 또는 오동작에 의한 감전방지\n<문제 해설>\n‘화학설비’는 해당 정답표시와 같고,\n전로가 정전된 경우에도 오통전, 다른 전로와의 접촉 또는 다른\n‘화학부속설비’ 경우는 온도 압력 유량 지시기록하는 자동제어\n전로에서의 유도작용 및 비상용 발전기의 가동 등으로 정전전로\n설비가 답입니다\n가 갑자기 충전되는 경우가 있으므로 이에 따른 감전 위험을 제\n[해설작성자 : 별]\n거하기 위해 작업개소에 근접한 지점에 충분한 용량을 갖는 단\n락접지기구를 사용하여 정전전로를 단락접지하는 것이 필요",
      "options": [
        "배전선 통전 시 전위경도 저감",
        "혼촉 또는 오동작에 의한 감전방지"
      ],
      "answer": null,
      "explanation": ""
    },
    {
      "no": 2,
      "question": "사이클론, 백필터, 전기집진기 등 분진처리설비\n[해설작성자 : comcbt.com 이용자]\n이것도 부속설비에 해당됩니다.\n정전작업 시 사람안전이 제일 중요 -> 감전방지",
      "options": [],
      "answer": null,
      "explanation": ""
    },
    {
      "no": 83,
      "question": "금속의 용접ㆍ용단 또는 가열에 사용되는 가스 등의 용기를\n[해설작성자 : comcbt.com 이용자]\n취급할 때의 준수사항으로 옳지 않은 것은?",
      "options": [
        "밸브의 개폐는 서서히 할 것"
      ],
      "answer": null,
      "explanation": ""
    },
    {
      "no": 79,
      "question": "교류 아크용접기의 허용사용률(%)은? (단, 정격사용률은\n② 용기의 온도를 섭씨 40도 이하로 유지할 것\n10%, 2차 정격전류는 500A, 교류 아크 용접기의 사용전류\n③ 운반할 때에는 환기를 위하여 캡을 씌우지 않을 것\n는 250A이다.)\n④ 용기의 부식ㆍ마모 또는 변형상태를 점검한 후 사용할",
      "options": [
        "용기의 온도를 섭씨 40도 이하로 유지할 것",
        "운반할 때에는 환기를 위하여 캡을 씌우지 않을 것",
        "용기의 부식ㆍ마모 또는 변형상태를 점검한 후 사용할",
        "30 ② 40",
        "50 ④ 60"
      ],
      "answer": null,
      "explanation": ""
    },
    {
      "no": 84,
      "question": "다음 중 자연발화를 방지하기 위한 일반적인 방법으로 적절",
      "options": [],
      "answer": null,
      "explanation": ""
    },
    {
      "no": 80,
      "question": "속류를 차단할 수 있는 최고의 교류전압을 피뢰기의 정격전\n하지 않은 것은?\n압이라고 하는데 이 값은 통상적으로 어떤 값으로 나타내고",
      "options": [
        "주위의 온도를 낮춘다.",
        "공기의 출입을 방지하고 밀폐시킨다.",
        "최대값 ② 평균값",
        "습도가 높은 곳에는 저장하지 않는다.",
        "실효값 ④ 파고값",
        "황린의 경우 산소와의 접촉을 피한다."
      ],
      "answer": null,
      "explanation": ""
    },
    {
      "no": 1,
      "question": "표면적이 넓을 것\n기출문제 해설은 최강 자격증 기출문제 전자문제집 CBT : www.comcbt.com 통해서 실시간으로 변경됩니다.\n본 해설집은 최강 자격증 기출문제 전자문제집 CBT 해설달기 프로젝트에 의해서 만들어진 자료입니다. 해설을 제공해 주신 모든 분들께 감사 드립니다.\n산업안전기사 ◐ 2016년 08월 21일 필기 기출문제 및 해설집◑ 전자문제집 CBT :www.comcbt.com",
      "options": [],
      "answer": null,
      "explanation": ""
    },
    {
      "no": 2,
      "question": "열전도율이 적을 것",
      "options": [],
      "answer": null,
      "explanation": ""
    },
    {
      "no": 87,
      "question": "다음 중 흡인시 인체에 구내염과 혈뇨, 손 떨림 등의 증상",
      "options": [],
      "answer": null,
      "explanation": ""
    },
    {
      "no": 3,
      "question": "주위의 온도가 높을 것\n을 일으키며 신경계를 대표적인 표적기관으로 하는 물질은?",
      "options": [],
      "answer": null,
      "explanation": ""
    },
    {
      "no": 4,
      "question": "발열량이 클 것",
      "options": [
        "백금 ② 석회석"
      ],
      "answer": null,
      "explanation": ""
    },
    {
      "no": 5,
      "question": "수분이 적당량 존재할 것\n③ 수은 ④ 이산화탄소\n[해설작성자 : 부자아빠]\n<문제 해설>\n구내염과 혈뇨, 손 떨림 등의 증상 -> 수은 중독\n자연발화 방지법\n[해설작성자 : 가자고오]",
      "options": [
        "수은 ④ 이산화탄소"
      ],
      "answer": null,
      "explanation": ""
    },
    {
      "no": 1,
      "question": "저장소의 온도를 낮출 것",
      "options": [],
      "answer": null,
      "explanation": ""
    },
    {
      "no": 2,
      "question": "산소와의 접촉을 피할 것",
      "options": [],
      "answer": null,
      "explanation": ""
    },
    {
      "no": 88,
      "question": "위험물을 저장ㆍ취급하는 화학설비 및 그 부속설비를 설치",
      "options": [],
      "answer": null,
      "explanation": ""
    },
    {
      "no": 3,
      "question": "통풍, 환기를 철저히 할 것\n할 때 '단위공정시설 및 설비로부터 다른 단위공정시설 및",
      "options": [],
      "answer": null,
      "explanation": ""
    },
    {
      "no": 4,
      "question": "습도가 높은 곳에는 저장하지 말 것\n설비의 사이'의 안전거리는 설비의 바깥 면으로부터 몇 m\n[해설작성자 : comcbt.com 이용자]\n이상이 되어야 하는가?",
      "options": [
        "5 ② 10"
      ],
      "answer": null,
      "explanation": ""
    },
    {
      "no": 85,
      "question": "대기압에서 물의 엔탈피가 1kcal/kg이었던 것이 가압하여\n③ 15 ④ 20",
      "options": [
        "15 ④ 20"
      ],
      "answer": null,
      "explanation": ""
    },
    {
      "no": 1,
      "question": "45kcal/kg을 나타내었다면 flash율은 얼마인가?(단, 물의\n<문제 해설>\n기화열은 540cal/g이라고 가정한다.)\n단위공정시설 및 설비로부터 다른 단위공정시설 및 설비의 사이",
      "options": [
        "0.00083 ② 0.0015",
        "0.0083 ④ 0.015"
      ],
      "answer": null,
      "explanation": ""
    },
    {
      "no": 89,
      "question": "다음 중 화재감지기에 있어 열감지 방식이 아닌 것은?\n기화열 단위가 cal/mol일 경우에는 분자량으로 나눈다.",
      "options": [
        "정온식 ② 광전식",
        "차동식 ④ 보상식"
      ],
      "answer": null,
      "explanation": ""
    },
    {
      "no": 86,
      "question": "다음 중 설비의 주요 구조부분을 변경함으로써 공정안전보",
      "options": [],
      "answer": null,
      "explanation": ""
    },
    {
      "no": 1,
      "question": "열감지기= 차동식,정온식,보상식\n고서를 제출하여야 하는 경우가 아닌 것은?",
      "options": [],
      "answer": null,
      "explanation": ""
    },
    {
      "no": 2,
      "question": "연기감지기= 이온화식, 광전식",
      "options": [
        "플레어스택을 설치 또는 변경하는 경우",
        "가스누출감지경보기를 교체 또는 추가로 설치하는 경우",
        "변경된 생산설비 및 부대설비의 해당 전기정격용량이",
        "생산량의 증가, 원료 또는 제품의 변경을 위하여 반응기"
      ],
      "answer": null,
      "explanation": ""
    },
    {
      "no": 90,
      "question": "고온에서 완전 열분해하였을 때 산소를 발생하는 물질은?\n[해설작성자 : 부자아빠]",
      "options": [
        "황화수소 ② 과염소산칼륨",
        "메틸리튬 ④ 적린"
      ],
      "answer": null,
      "explanation": ""
    },
    {
      "no": 1,
      "question": "생산량의 증가, 원료 또는 제품의 변경을 위하여 반응기 (관\nKClO4 → KCl + 2O2\n련설비포함)를 교체 또는 추가로 설치하는 경우\n[해설작성자 : 합격하시옵소서]",
      "options": [],
      "answer": null,
      "explanation": ""
    },
    {
      "no": 2,
      "question": "변경된 생산설비 및 부대설비의 해당 전기전격용량이 300kW\n이상 증가한 경우\n과염소산칼륨은 산화성고체이므로 연소시 산소발생",
      "options": [],
      "answer": null,
      "explanation": ""
    },
    {
      "no": 3,
      "question": "플레어스택을 설치 또는 변경하는 경우\n[해설작성자 : ㅈㄱㅇ]\n[해설작성자 : 이번엔 붙어보자]\n과염(소산)칼륨 소산→거꾸로 산소 ㅎ..\n기출문제 해설은 최강 자격증 기출문제 전자문제집 CBT : www.comcbt.com 통해서 실시간으로 변경됩니다.\n본 해설집은 최강 자격증 기출문제 전자문제집 CBT 해설달기 프로젝트에 의해서 만들어진 자료입니다. 해설을 제공해 주신 모든 분들께 감사 드립니다.\n산업안전기사 ◐ 2016년 08월 21일 필기 기출문제 및 해설집◑ 전자문제집 CBT :www.comcbt.com\n[해설작성자 : 어떻게든 외우자]",
      "options": [],
      "answer": null,
      "explanation": ""
    },
    {
      "no": 91,
      "question": "다음 중 파열판에 관한 설명으로 틀린 것은?",
      "options": [
        "압력 방출속도가 빠르다.",
        "설정 파열압력 이하에서 파열될 수 있다.",
        "한번 부착한 후에는 교환할 필요가 없다. ① 0.9 ② 1.2",
        "높은 점성의 슬러리나 부식성 유체에 적용할 수 있다. ③ 1.5 ④ 1.8"
      ],
      "answer": null,
      "explanation": ""
    },
    {
      "no": 92,
      "question": "다음 중 허용노출기준(TWA)이 가장 낮은 물질은?\n[해설작성자 : 광주밍키]",
      "options": [
        "불소 ② 암모니아",
        "황화수소 ④ 니트로벤젠 95. 폭발압력과 가연성가스의 농도와의 관계에 대한 설명으로"
      ],
      "answer": null,
      "explanation": ""
    },
    {
      "no": 1,
      "question": "불소 : 0.1ppm",
      "options": [
        "가연성가스의 농도와 폭발압력은 반비례 관계이다."
      ],
      "answer": null,
      "explanation": ""
    },
    {
      "no": 2,
      "question": "암모니아 : 25ppm ② 가연성가스의 농도가 너무 희박하거나 너무 진하여도 폭",
      "options": [
        "가연성가스의 농도가 너무 희박하거나 너무 진하여도 폭"
      ],
      "answer": null,
      "explanation": ""
    },
    {
      "no": 3,
      "question": "황화수소 : 10ppm 발 압력은 최대로 높아진다.",
      "options": [],
      "answer": null,
      "explanation": ""
    },
    {
      "no": 4,
      "question": "니트로벤젠 : 1ppm ③ 폭발압력은 화학양론 농도보다 약간 높은 농도에서 최대\n[해설작성자 : 내가니오빠야] 폭발압력이 된다.\n④ 최대 폭발압력의 크기는 공기와의 혼합기체에서보다 산\n시간가중평균노출기준(TWA 농도) 소의 농도가 큰 혼합기체에서 더 낮아진다.\n-일 8시간 작업하는 동안 반복 노출되더라도 건강장해를 일으키 <문제 해설>\n지 않는 유해물질의 평균 농도 1.가연성가스의 농도와 폭발압력은 비례관계이다\n[해설작성자 : 부자아빠] 2.가연성가스의 농도가 너무 희박하거나 진하면 폭발은 중지되\n므로 폭발압력은 낮아진다\nTWA가 낮을수록 위험함! 4.최대폭발압력의 크기는 공기보다 산소의 농도가 클때 더 높아\n[해설작성자 : 포인트 날로 먹기?] 진다\n[해설작성자 : 남돌]",
      "options": [
        "폭발압력은 화학양론 농도보다 약간 높은 농도에서 최대",
        "최대 폭발압력의 크기는 공기와의 혼합기체에서보다 산"
      ],
      "answer": null,
      "explanation": ""
    },
    {
      "no": 93,
      "question": "Burgess-Wheeler의 법칙에 따르면 서로 유사한 탄화수소계\n의 가스에서 폭발하한계의 농도(vol%)와 연소열(kcal/mol)의 96. 프로판가스 1m3를 완전 연소시키는데 필요한 이론 공기량\n곱의 값은 약 얼마정도인가? 몇 m3 인가? (단, 공기 중의 산소농도는 20vol%이다.)",
      "options": [
        "1100 ② 2800 ① 20 ② 25",
        "3200 ④ 3800 ③ 30 ④ 35"
      ],
      "answer": null,
      "explanation": ""
    },
    {
      "no": 94,
      "question": "산업안전보건법에서 정한 공정안전보고서의 제출대상 업종\n결론 프로판판의 산소몰 5 X 5배 = 25 입니다\n이 아닌 사업장으로서 유해ㆍ위험물질의 1일 취급량이 염소\n[해설작성자 : 여수 윤규보]\n10000kg, 수소 20000kg인 경우 공정안전보고서 제출대상\n여부를 판단하기 위한 R값은 얼마인가?(단, 유해ㆍ위험물질\nC3H8 프로판이 산소 O2와 반응한 완전연소식을 CO2와 H2O\n의 규정수량은 표에 따른다.)\n(물)의 비율로 나타내면 됩니다.\n기출문제 해설은 최강 자격증 기출문제 전자문제집 CBT : www.comcbt.com 통해서 실시간으로 변경됩니다.\n본 해설집은 최강 자격증 기출문제 전자문제집 CBT 해설달기 프로젝트에 의해서 만들어진 자료입니다. 해설을 제공해 주신 모든 분들께 감사 드립니다.\n산업안전기사 ◐ 2016년 08월 21일 필기 기출문제 및 해설집◑ 전자문제집 CBT :www.comcbt.com\n1 C3H 8+ 5 O2(산소) = 3CO2 + 4H2O 식으로 계산해서 비율 4.릴리프 장치가 작동 후 방출라인이 개방되지 않아야 한다.\n을 맞추면 [해설작성자 : 취준생]\n총 5개의 산소분자가 필요합니다.\n여기서 프로판1당 산소는 5가 필요하고, 공기중 산소량 20vol에 릴리프 장치가 작동후 방출라인이 개방되어야 할때는 파열판을\n는 산소분자가 1/5만큼 있는 셈이니 단독 설치한다\n산소필요량의 5배를 해주는겁니다. [해설작성자 : 몽블랑]\n[해설작성자 : 대략난감넌귤]",
      "options": [],
      "answer": null,
      "explanation": ""
    },
    {
      "no": 100,
      "question": "폭발원인물질의 물리적 상태에 따라 구분할 때 기상폭발\n(gas explosion)에 해당되지 않는 것은?\n위에 세개의 해설 모두 같은 내용을 말만 조금 다르게 말하고",
      "options": [
        "분진폭발 ② 응상폭발",
        "분무폭발 ④ 가스폭발"
      ],
      "answer": null,
      "explanation": ""
    },
    {
      "no": 97,
      "question": "니트로셀룰로오스와 같이 연소에 필요한 산소를 포함하고\n있는 물질이 연소하는 것을 무엇이라고 하는가?\n6과목 : 건설안전기술",
      "options": [
        "분해연소 ② 확산연소"
      ],
      "answer": null,
      "explanation": ""
    },
    {
      "no": 101,
      "question": "크롤라 크레인 사용시 준수사항으로 옳지 않은 것은?\n③ 그을음연소 ④ 자기연소",
      "options": [
        "그을음연소 ④ 자기연소",
        "운반에는 수송차가 필요하다.",
        "붐의 조립, 해체장소를 고려해야 한다.",
        "경사지 작업시 아웃트리거를 사용한다.",
        "크롤라의 폭을 넓게 할 수 있는 형을 사용할 경우에는"
      ],
      "answer": null,
      "explanation": ""
    },
    {
      "no": 98,
      "question": "다음 중 포소화약제 혼합장치로써 정하여진 농도로 물과 혼 은 피해야한다.\n합하여 거품 수용액을 만드는 장치가 아닌 것은? [해설작성자 : 환경짱]",
      "options": [
        "관로혼합장치 ② 차압혼합장치",
        "낙하혼합장치 ④ 펌프혼합장치 [추가 해설]"
      ],
      "answer": null,
      "explanation": ""
    },
    {
      "no": 99,
      "question": "다음 중 파열판과 스프링식 안전밸브를 직렬로 설치해야 할\n양중이가능해서 높고 좁은 회전반경을 지니고 있는데 거기에 경\n경우가 아닌 것은?\n사가 있으면 회전반경에 제한이 생기기에 트롤로 크레인 사용한",
      "options": [
        "부식물질로부터 스프링식 안전밸브를 보호할 때",
        "독성이 매우 강한 물질을 취급시 완벽하게 격리를 할 때",
        "스프링식 안전밸브에 막힘을 유발시킬 수 있는 슬러리를",
        "릴리프 장치가 작동 후 방출라인이 개방되어야 할 때 준수해야 할 사항이다. ( )안에 알맞은 숫자는?",
        "어스앵커 공법",
        "트렌치컷 공법",
        "A : 10, B : 2 ② A : 8 , B : 2 트렌치컷 공법은 굴착공사를 할 때 사용하는 공법이다",
        "A : 10, B : 3 ④ A : 8 , B : 3 [해설작성자 : 한경대짱]"
      ],
      "answer": null,
      "explanation": ""
    },
    {
      "no": 103,
      "question": "강관을 사용하여 비계를 구성하는 경우 준수하여야 하는\n사항으로 옳지 않은 것은?(관련 규정 개정전 문제로 여기\n어스앵커도 흙막이 공법의 분류에 속합니다\n서는 기존 정답인 2번을 누르면 정답 처리됩니다. 자세한\n흙막이 공법에는 지지방식에 의한 분류, 구조방식에 의한 분류\n내용은 해설을 참고하세요.)\n가 있는데 강제 널말뚝,",
      "options": [
        "비계기둥의 간격은 띠장 방향에서는 1.5m이상 1.8m 이",
        "비계기둥간의 적재하중은 300kg을 초과하지 않도록 할",
        "비계기둥의 제일 윗부분으로부터 31m 되는 지점 밑부분",
        "띠장간격은 1.5m 이하로 설치하되, 첫 번째 띠장은 지상 ① 압쇄기 ② 스크레이퍼",
        "잭 ④ 철해머"
      ],
      "answer": null,
      "explanation": ""
    },
    {
      "no": 2,
      "question": "비계기둥간의 적재하중은 400kg을 초과하지 않도록 할 것 스크레이퍼의 용도\n[해설작성자 : 서정팔] 1. 채굴",
      "options": [],
      "answer": null,
      "explanation": ""
    },
    {
      "no": 2,
      "question": "성토적재\n20년도 개정되어 기둥간격 띠장 방향은 1.85m 이하 (1번도 틀 3. 운반\n리다는 뜻) 4. 하역\n[해설작성자 : 이성계] [해설작성자 : ijjang]\n20년도 개정되어 띠장간격은 첫번째 상관없이 2m (4번도 틀리 스크레이퍼 = 싣는작업과 운반작업 혼자서 가능한 기계\n단 뜻) [해설작성자 : 보라매 오키토키]\n참고로, 띠장간격과 띠장방향 기둥간격을 헷갈리는 분들이 계신",
      "options": [],
      "answer": null,
      "explanation": ""
    },
    {
      "no": 107,
      "question": "다음은 가설통로를 설치하는 경우의 준수사항이다. 빈칸에\n데 다른겁니다.\n알맞은 수치를 고르면?\n[해설작성자 : 일성계]",
      "options": [],
      "answer": null,
      "explanation": ""
    },
    {
      "no": 104,
      "question": "깊이 10.5m 이상의 굴착의 경우 계측기기를 설치하여 흙\n막이 구조의 안전을 예측하여야 한다. 이에 해당하지 않는\n계측기기는?",
      "options": [
        "7 ② 6",
        "수위계 ② 경사계 ③ 5 ④ 4",
        "응력계 ④ 지진가속도계 <문제 해설>"
      ],
      "answer": null,
      "explanation": ""
    },
    {
      "no": 1,
      "question": "수위계 2.경사는 30도 이하로 할 것",
      "options": [],
      "answer": null,
      "explanation": ""
    },
    {
      "no": 2,
      "question": "경사계 3.경사가 15도를 초과하는 경우에는 미끄러지지 아니하는 구조",
      "options": [],
      "answer": null,
      "explanation": ""
    },
    {
      "no": 3,
      "question": "하중 및 침하계 로 할 것",
      "options": [],
      "answer": null,
      "explanation": ""
    },
    {
      "no": 4,
      "question": "응력계 4.추락할 위험이 있는 장소에는 안전난간을 설치할 것\n[해설작성자 : SGwannaB] 5.수직갱에 가설퇸 통로의 길이가 15m 이상인경우에는 10m 이\n내마다 계단참을 설치 할 것",
      "options": [],
      "answer": null,
      "explanation": ""
    },
    {
      "no": 105,
      "question": "다음 중 흙막이벽 설치공법에 속하지 않는 것은?",
      "options": [],
      "answer": null,
      "explanation": ""
    },
    {
      "no": 5,
      "question": "건설공사에 사용하는 높이 8m 이상인 비계다리에는 7m 이내",
      "options": [
        "강제 널말뚝 공법",
        "지하연속벽 공법",
        "2이상 ② 3이상",
        "5이상 ④ 10이상"
      ],
      "answer": 0,
      "explanation": ""
    },
    {
      "no": 108,
      "question": "중량물을 운반할 때의 자세로 옳은 것은?\n제163조(와이어로프 등 달기구의 안전계수)",
      "options": [
        "사업주는 양중기",
        "허리를 구부리고 양손으로 들어올린다.",
        "중량은 보통 체중의 60%가 적당하다.",
        "물건은 최대한 몸에서 멀리 떼어서 들어올린다.",
        "길이가 긴 물건은 앞쪽을 높게 하여 운반한다."
      ],
      "answer": null,
      "explanation": ""
    },
    {
      "no": 1,
      "question": "근로자가 탑승하는 운반구를 지지하는 달기와이어로프 또는",
      "options": [],
      "answer": null,
      "explanation": ""
    },
    {
      "no": 1,
      "question": "허리를 펴고 양손으로 들어올린다.\n달기체인의 경우: 10 이상",
      "options": [],
      "answer": null,
      "explanation": ""
    },
    {
      "no": 2,
      "question": "중량은 남자 40%, 여자 24%가 적당하다.",
      "options": [],
      "answer": null,
      "explanation": ""
    },
    {
      "no": 2,
      "question": "화물의 하중을 직접 지지하는 달기와이어로프 또는 달기체인",
      "options": [],
      "answer": null,
      "explanation": ""
    },
    {
      "no": 3,
      "question": "물건은 몸에서 최대한 가깝게 해서 들어 올린다.\n의 경우: 5 이상",
      "options": [],
      "answer": null,
      "explanation": ""
    },
    {
      "no": 4,
      "question": "이 경우는 파이프 같이 긴 물체를 들어서 운반한다고 할때",
      "options": [],
      "answer": null,
      "explanation": ""
    },
    {
      "no": 3,
      "question": "훅, 샤클, 클램프, 리프팅 빔의 경우: 3 이상\n내 몸쪽(앞쪽)을 위로 가게 하고 몸 반대쪽(뒷쪽)은 아래로 가게",
      "options": [],
      "answer": null,
      "explanation": ""
    },
    {
      "no": 4,
      "question": "그 밖의 경우: 4 이상\n해 운반하는게 맞습니다.\n② 사업주는 달기구의 경우 최대허용하중 등의 표식이 견고하게\n[해설작성자 : GTSC]\n붙어 있는 것을 사용하여야 한다.\n[해설작성자 : comcbt.com 이용자]",
      "options": [
        "사업주는 달기구의 경우 최대허용하중 등의 표식이 견고하게"
      ],
      "answer": null,
      "explanation": ""
    },
    {
      "no": 109,
      "question": "콘크리트의 압축강도에 영향을 주는 요소로 가장 거리가\n먼 것은?\n달기와이어로프 or 체인 안전 계수 문제",
      "options": [
        "콘크리트 양생 온도",
        "콘크리트 재령",
        "물-시멘트비",
        "거푸집 강도"
      ],
      "answer": null,
      "explanation": ""
    },
    {
      "no": 111,
      "question": "다음은 산업안전보건기준에 관한 규칙의 콘크리트 타설작\n않음\n업에 관한 사항이다. 빈칸에 들어갈 적절한 용어는?\n[해설작성자 : 보라매 오키토키]\n콘크리트 '재령':콘크리트 타설 후 경과된 시간이나 날수를 의미\n합니다..즉, 콘크리트가 굳기 시작하여 강도가 증가하는 시간을\n나타내는 용어입니다..재령이 짧다는 것은 콘크리트가 타설된 후",
      "options": [
        "A : 변형, B : 지반의 침하유무",
        "A : 변형, B : 개구부 방호설비",
        "A : 균열, B : 깔판",
        "A : 균열, B : 지주의 침하"
      ],
      "answer": null,
      "explanation": ""
    },
    {
      "no": 110,
      "question": "화물의 하중을 직접 지지하는 달기 와이어로프의 안전계수\n당일의 작업을 시작하기 전에 해당 작업에 관한 거푸집동바리등\n기출문제 해설은 최강 자격증 기출문제 전자문제집 CBT : www.comcbt.com 통해서 실시간으로 변경됩니다.\n본 해설집은 최강 자격증 기출문제 전자문제집 CBT 해설달기 프로젝트에 의해서 만들어진 자료입니다. 해설을 제공해 주신 모든 분들께 감사 드립니다.\n산업안전기사 ◐ 2016년 08월 21일 필기 기출문제 및 해설집◑ 전자문제집 CBT :www.comcbt.com\n의 변형 변위 및 지반의 침하유무 등을 점검하고 이상이 있으면 포함되는 사항이 아닌 것은?\n보수 할 것",
      "options": [
        "사용하는 차량계 건설기계의 종류 및 성능",
        "차량계 건설기계의 운행 경로",
        "차량계 건설기계에 의한 작업방법"
      ],
      "answer": null,
      "explanation": ""
    },
    {
      "no": 112,
      "question": "일반건설공사(갑)로서 대상액이 5억원 이상 50억원 미만인\n④ 차량계 건설기계의 유도자 배치 관련사항\n경우에 사업안전보건관리비의 비율 (가) 및 기초액 (나)으\n<문제 해설>\n로 옳은 것은?(관련 규정 개정전 문제로 여기서는 기존 정\n차량계 건설기계의 전도방지 조치\n답인 1번을 누르면 정답 처리됩니다. 자세한 내용은 해설",
      "options": [
        "차량계 건설기계의 유도자 배치 관련사항"
      ],
      "answer": null,
      "explanation": ""
    },
    {
      "no": 1,
      "question": "유도자 배치\n을 참고하세요.)",
      "options": [],
      "answer": null,
      "explanation": ""
    },
    {
      "no": 2,
      "question": "지반의 부동침하방지",
      "options": [
        "(가)1.86%, (나)5,349,000원"
      ],
      "answer": null,
      "explanation": ""
    },
    {
      "no": 3,
      "question": "갓길의 붕괴방지\n② (가)1.99%, (나)5,499,000원",
      "options": [
        "(가)1.99%, (나)5,499,000원"
      ],
      "answer": null,
      "explanation": ""
    },
    {
      "no": 4,
      "question": "도로의 폭 유지\n③ (가)2.35%, (나)5,400,000원\n[해설작성자 : 부자아빠]\n④ (가)1.57%, (나)4,411,000원\n<문제 해설>\n차량계 건설기계를 사용하는 작업의 작업계획서 내용\n5억 이하 일반건설공사는 2.93, 철도, 궤도 신설공사는 2.45%\n가. 사용하는 차량계 건설기계의 종류 및 성능\n[해설작성자 : 공사 종류도 바야대냐?!ㅠ]\n나. 차량계 건설기계의 운행 경로\n다..차량계 건설기계에 의한 작업방법\n5억 이하는 2.93, 5억 이상~50억은 1.86 공사비가 증가할수록\n*전도방지 조치와 달리 유도자 배치 관련 사항은 없음\n안전보건관리비 비율은 낮아짐.\n[해설작성자 : 엠제이]\n[해설작성자 : 산안기요정]",
      "options": [
        "(가)2.35%, (나)5,400,000원",
        "(가)1.57%, (나)4,411,000원"
      ],
      "answer": null,
      "explanation": ""
    },
    {
      "no": 116,
      "question": "콘크리트 타설시 안전수칙으로 옳지 않은 것은?\n23년 10월에 법 개정되서 공사종류에 일반건설공사(갑)없음",
      "options": [
        "타설순서는 계획에 의하여 실시하여야 한다.",
        "진동기는 최대한 많이 사용하여야 한다.",
        "콘크리트를 치는 도중에는 거푸집, 지보공 등의 이상유"
      ],
      "answer": null,
      "explanation": ""
    },
    {
      "no": 113,
      "question": "표면장력이 흙입자의 이동을 막고 조밀하게 다져지는 것을\n무를 확인하여야 한다.\n방해하는 현상과 관계 깊은 것은?\n④ 손수레로 콘크리트를 운반할 때에는 손수레를 타설하는",
      "options": [
        "손수레로 콘크리트를 운반할 때에는 손수레를 타설하는",
        "흙의 압밀(consolidation)",
        "흙의 침하(settlement)",
        "벌킹(bulking)",
        "과다짐(over compaction)",
        "안전관리자의 인건비",
        "교통통제를 위한 교통정리ㆍ신호수의 인건비",
        "기성제품에 부착된 안전장치 고장시 교체 비용",
        "근로자의 안전보건 증진을 위한 교육, 세미나 등에 소요"
      ],
      "answer": null,
      "explanation": ""
    },
    {
      "no": 114,
      "question": "추락방지망 설치 시 그물코의 크기가 10cm인 매듭 있는\n<문제 해설>\n방망의 신품에 대한 인장강도 기준으로 옳은 것은?\n안전관리비 중 안전관리자의 인건비 및 각종 업무수당에서 제외",
      "options": [
        "1000kgf 이상 ② 200kgf 이상",
        "300kgf 이상 ④ 400kgf 이상"
      ],
      "answer": null,
      "explanation": ""
    },
    {
      "no": 1,
      "question": "차량의 원활한 흐름 또는 교통통제를 위한 교통 정리자 또는\n<문제 해설>\n신호수의 인건비\n그물코의 크기 매듭없는방망 매듭있는방망",
      "options": [],
      "answer": null,
      "explanation": ""
    },
    {
      "no": 2,
      "question": "관리감독자의 업무수당 외의 인건비\n10cm 240(150)kg 200(135)kg",
      "options": [],
      "answer": null,
      "explanation": ""
    },
    {
      "no": 3,
      "question": "경비원, 청소원, 폐자재 처리원, 사무보조원의 인건비\n5cm - 110(60)kg\n[해설작성자 : 고등어]\n*( )는 폐기기준\n본래 건설업 산업안전보건관리비 계상 및 사용기준의 [별표2]안\n[해설작성자 : 서정팔]\n전관리비의 항목별 사용 불가내역으로 규정되어 있었으나 22년\n6월 개정때 삭제된 이후 존재하지 않는 규정입니다.",
      "options": [],
      "answer": null,
      "explanation": ""
    },
    {
      "no": 115,
      "question": "차량계 건설기계를 사용하는 작업 시 작업계획서 내용에\n기출문제 해설은 최강 자격증 기출문제 전자문제집 CBT : www.comcbt.com 통해서 실시간으로 변경됩니다.\n본 해설집은 최강 자격증 기출문제 전자문제집 CBT 해설달기 프로젝트에 의해서 만들어진 자료입니다. 해설을 제공해 주신 모든 분들께 감사 드립니다.\n산업안전기사 ◐ 2016년 08월 21일 필기 기출문제 및 해설집◑ 전자문제집 CBT :www.comcbt.com\n[해설작성자 : 24.4 해설] [해설작성자 : 혁기우빈]",
      "options": [],
      "answer": null,
      "explanation": ""
    },
    {
      "no": 118,
      "question": "크레인 또는 데릭에서 붐각도 및 작업반경별로 작용시킬\n수 있는 최대하중에서 후크(Hook), 와이어로프 등 달기구\n의 중량을 공제한 하중은?",
      "options": [
        "작업하중 ② 정격하중",
        "이동하중 ④ 적재하중"
      ],
      "answer": null,
      "explanation": ""
    },
    {
      "no": 119,
      "question": "산업안전보건법상 차량계 하역운반기계 등에 단위화물의\n문서의 수정 및 DB 저장, 기타 금전적 이익을 취하는\n무게가 100kg 이상인 화물을 싣는 작업 또는 내리는 작업\n일체의 행위를 금지 합니다.\n을 하는 경우에 해당 작업 지휘자가 준수하여야 할 사항과\n가장 거리가 먼 것은?\n전자문제집 CBT 홈페이지 : www.comcbt.com",
      "options": [
        "작업순서 및 그 순서마다의 작업방법을 정하고 작업을",
        "기구와 공구를 점검하고 불량품을 제거할 것",
        "대피방법을 미리 교육할 것",
        "로프 풀기 작업 또는 덮개 벗기기 작업은 적재함의 화물"
      ],
      "answer": null,
      "explanation": ""
    },
    {
      "no": 1,
      "question": "작업 순서 및 그 순서마다의 작업 방법을 정하고 작업을 지휘\n에서 확인하세요.\n할 것",
      "options": [],
      "answer": null,
      "explanation": ""
    },
    {
      "no": 2,
      "question": "기구 및 공구를 점검하고 불량품을 제거할 것",
      "options": [],
      "answer": null,
      "explanation": ""
    },
    {
      "no": 3,
      "question": "해당 작업을 하는 장소에 관계 근로자가 아닌 사람이 출입하 1 2 3 4 5 6 7 8 9 10\n④ ②",
      "options": [
        "② ① ② ③ ④ ④ ② ④ ②"
      ],
      "answer": null,
      "explanation": ""
    },
    {
      "no": 4,
      "question": "로프를 풀거나 덮개를 벗기는 작업을 행하는 때에는 적재함의\n③",
      "options": [
        "① ③ ③ ② ③ ② ② ④ ②",
        "③ ② ④ ② ① ④ ④ ② ③"
      ],
      "answer": null,
      "explanation": ""
    },
    {
      "no": 120,
      "question": "다음 와이어로프 중 양중기에 사용가능한 범위 안에 있다",
      "options": [
        "① ③ ③ ① ④ ③ ② ② ①",
        "와이어로프의 한 꼬임(스트랜드)에서 끊어진 소선의 수가 ④ ③ ① ③ ④ ① ③ ④ ② ③",
        "지름의 감소가 공칭지름의 8% 인 것 ④ ③ ① ① ① ① ② ④ ④ ④",
        "심하게 부식된 것 61 62 63 64 65 66 67 68 69 70",
        "① ① ④ ③ ④ ③ ② ③ ②",
        "이음매가 있는 것",
        "② ③ ① ② ③ ① ④ ② ③",
        "① ③ ② ① ② ③ ② ② ②",
        "① ① ① ③ ② ④ ③ ④ ②",
        "① ② ④ ④ ② ① ④ ④ ③",
        "① ③ ② ④ ② ② ② ③ ①"
      ],
      "answer": null,
      "explanation": ""
    }
  ]
}