{
  "title": "산업안전기사20220305(해설집) (1).pdf",
  "questions": [
    {
      "no": 1,
      "question": "산업안전보건법령상 산업안전보건위원회의 구성·운영에 관한\n③ 10 ④ 20\n설명 중 틀린 것은?\n<문제 해설>",
      "options": [
        "10 ④ 20",
        "정기회의는 분기마다 소집한다.",
        "위원장은 위원 중에서 호선(互選)한다.",
        "근로자대표가 지명하는 명예산업안전감독관은 근로자 위",
        "공사금액 100억원 이상의 건설업의 경우 산업안전보건위"
      ],
      "answer": null,
      "explanation": ""
    },
    {
      "no": 5,
      "question": "안전·보건 교육계획 수립 시 고려사항 중 틀린 것은?\n<문제 해설>",
      "options": [
        "필요한 정보를 수집한다.",
        "현장의 의견을 고려하지 않는다.",
        "지도안은 교육대상을 고려하여 작성한다.",
        "법령에 의한 교육에만 그치지 않아야 한다."
      ],
      "answer": null,
      "explanation": ""
    },
    {
      "no": 1,
      "question": "근로자대표 2.명예산업안전감독관 3.근로자대표가 지명하는 9\n명 6. 학습지도의 형태 중 몇 사람의 전문가가 주제에 대한 견해를\n산업안전보건법 시행령 [별표 9] 산업안전보건위원회를 구성해 발표하고 참가자로 하여금 의견을 내거나 질문을 하게 하는\n야 할 사업의 종류 및 사업장의 상시근로자 수 토의방식은?\n다른 업종은 모두 상시근로자 수로 지정되어 있고, 건설업은 공",
      "options": [
        "포럼(Forum)",
        "심포지엄(Symposium)",
        "버즈세션(Buzz session)",
        "자유토의법(Free discussion method)"
      ],
      "answer": null,
      "explanation": ""
    },
    {
      "no": 2,
      "question": "산업안전보건법령상 잠함(潛函) 또는 잠수 작업 등 높은 기압\n심포지엄 : 2~5명의 전문가가 동일한 주제 혹은 상호 관련되는\n에서 작업하는 근로자의 근로시간 기준은?\n소주제에 대해서 각자의 전문적인 견해를 제시하는 방식",
      "options": [
        "1일 6시간, 1주 32시간 초과금지",
        "1일 6시간, 1주 34시간 초과금지",
        "1일 8시간, 1주 32시간 초과금지",
        "1일 8시간, 1주 34시간 초과금지"
      ],
      "answer": null,
      "explanation": ""
    },
    {
      "no": 3,
      "question": "산업현장에서 재해 발생 시 조치 순서로 옳은 것은?\n하게 하고 다시 깊이 파고들어 토의하는 방법.(피교육자)",
      "options": [
        "긴급처리 → 재해조사 → 원인분석 → 대책수립",
        "긴급처리 → 원인분석 → 대책수립 → 재해조사",
        "재해조사 → 원인분석 → 대책수립 → 긴급처리",
        "재해조사 → 대책수립 → 원인분석 → 긴급처리"
      ],
      "answer": null,
      "explanation": ""
    },
    {
      "no": 4,
      "question": "산업재해보험적용근로자 1000명인 플라스틱 제조 사업장에서 [해설작성자 : 김0진]\n기출문제 해설은 최강 자격증 기출문제 전자문제집 CBT : www.comcbt.com 통해서 실시간으로 변경됩니다.\n본 해설집은 최강 자격증 기출문제 전자문제집 CBT 해설달기 프로젝트에 의해서 만들어진 자료입니다. 해설을 제공해 주신 모든 분들께 감사 드립니다.\n산업안전기사 ◐ 2022년 03월 05일 필기 기출문제 및 해설집◑ 전자문제집 CBT :www.comcbt.com",
      "options": [],
      "answer": null,
      "explanation": ""
    },
    {
      "no": 7,
      "question": "산업안전보건법령상 근로자 안전보건교육 대상에 따른 교육 8. 버드(Bird)의 신 도미노이론 5단계에 해당하지 않는 것은?\n시간 기준 중 틀린 것은? (단, 상시작업이며, 일용근로자는",
      "options": [
        "제어부족(관리) ② 직접원인(징후)",
        "간접원인(평가) ④ 기본원인(기원)",
        "특별교육 – 16시간 이상 <문제 해설>",
        "채용 시 교육 – 8시간 이상 버드의 신도미노 이론",
        "작업내용 변경 시 교육 – 2시간 이상 1) 통제(제어)의 부족",
        "사무직 종사 근로자 정기교육 – 매분기 1시간 이상 2) 기본 원인"
      ],
      "answer": null,
      "explanation": ""
    },
    {
      "no": 9,
      "question": "재해예방의 4원칙에 해당하지 않는 것은?\n특별교육:일용근로자(2시간),타워크레인신호(8시간),그외 16시간",
      "options": [
        "예방가능의 원칙",
        "손실우연의 원칙",
        "원인연계의 원칙",
        "재해 연쇄성의 원칙"
      ],
      "answer": null,
      "explanation": ""
    },
    {
      "no": 1,
      "question": "손실우연의 원칙\n사무직 종사 근로자 정기교육 - 매반기 6시간 이상",
      "options": [],
      "answer": null,
      "explanation": ""
    },
    {
      "no": 2,
      "question": "원인연계의 원칙\n[해설작성자 : 건기탈락]",
      "options": [],
      "answer": null,
      "explanation": ""
    },
    {
      "no": 3,
      "question": "예방가능의 원칙",
      "options": [],
      "answer": null,
      "explanation": ""
    },
    {
      "no": 4,
      "question": "대책선정의 원칙\n23년 9월 27일 개정사항\n[해설작성자 : 3월5일 합격^^]\n정기교육 주기: 매분기 -> 매반기로 완화",
      "options": [],
      "answer": null,
      "explanation": ""
    },
    {
      "no": 10,
      "question": "안전점검을 점검시기에 따라 구분할 때 다음에서 설명하는\n대신에 정기교육 시간이 전부 2배가 되었습니다.\n안전점검은?\n사무직 판매업 종사 근로자 매반기 6시간 이상\n그외 근로자 12시간 이상...\n(법령 직접 찾아봤는데 관리감독의 지위는 같은 칸에 없어서 어\n디 나와있는지, 왜 쓰신건지 모르겠네요 )",
      "options": [
        "정기점검 ② 수시점검",
        "특별점검 ④ 임시점검"
      ],
      "answer": null,
      "explanation": ""
    },
    {
      "no": 11,
      "question": "타일러(Tyler)의 교육과정 중 학습경험선정의 원리에 해당하\n기간제 근로자(1주일 초과, 1달 이내 시) - 4시간\n는 것은?\n[해설작성자 : Rivolo]",
      "options": [
        "기회의 원리 ② 계속성의 원리",
        "계열성의 원리 ④ 통합성의 원리"
      ],
      "answer": null,
      "explanation": ""
    },
    {
      "no": 1,
      "question": "수직적 조직원리 /\n[해설작성자 : 닥터김]",
      "options": [],
      "answer": null,
      "explanation": ""
    },
    {
      "no": 2,
      "question": "수평적 조직원리 /\n기출문제 해설은 최강 자격증 기출문제 전자문제집 CBT : www.comcbt.com 통해서 실시간으로 변경됩니다.\n본 해설집은 최강 자격증 기출문제 전자문제집 CBT 해설달기 프로젝트에 의해서 만들어진 자료입니다. 해설을 제공해 주신 모든 분들께 감사 드립니다.\n산업안전기사 ◐ 2022년 03월 05일 필기 기출문제 및 해설집◑ 전자문제집 CBT :www.comcbt.com",
      "options": [],
      "answer": null,
      "explanation": ""
    },
    {
      "no": 3,
      "question": "학습경험 조직원리의 특성 - 계속성, 계열성, 통합성 6. 상병(傷病)보상연금\n[해설작성자 : 할라할라] 7. 장례비",
      "options": [],
      "answer": null,
      "explanation": ""
    },
    {
      "no": 8,
      "question": "직업재활급여",
      "options": [],
      "answer": null,
      "explanation": ""
    },
    {
      "no": 12,
      "question": "주의(Attention)의 특성에 관한 설명 중 틀린 것은?\n[해설작성자 : iykim71]",
      "options": [
        "고도의 주의는 장시간 지속하기 어렵다.",
        "한 지점에 주의를 집중하면 다른 곳의 주의는 약해진다. 14. 산업안전보건법령상 그림과 같은 기본 모형이 나타내는 안",
        "최고의 주의 집중은 의식의 과잉 상태에서 가능하다. 전·보건표시의 표시사항으로 옳은 것은? (단, L은 안전·보건",
        "여러 자극을 지각할 때 소수의 현란한 자극에 선택적 주 표시를 인식할 수 있거나 인식해야 할 안전거리를 말한다.)"
      ],
      "answer": null,
      "explanation": ""
    },
    {
      "no": 2,
      "question": "한 지점에 주의를 집중하면 다른 곳의 주의는 약해진다 -뱡\n향성",
      "options": [
        "금지 ② 경고"
      ],
      "answer": null,
      "explanation": ""
    },
    {
      "no": 4,
      "question": "여러 자극을 지각할 때 소수의 자극에 선택적 주의를 기울이\n③ 지시 ④ 안내\n는 경향이 있다..- 선택성\n<문제 해설>\n바탕:흰색/기본모형:녹색/관련부호:녹색\n주의의 특성은\n예) 녹십자,응급구호, 들것, 세안장치, 비상용기구, 비상구\n선택성 방향성 변동성 입니다..참고하세요\n[해설작성자 : 이거따면취업될까?]\n[해설작성자 : comcbt.com 이용자]\n산업안전보건법 시행규칙 [별표 6] 안전보건표지의 종류와 형태\n아래와 같은 오류 신고가 있었습니다.\n(제38조제1항 관련)\n여러분들의 많은 의견 부탁 드립니다.",
      "options": [
        "지시 ④ 안내"
      ],
      "answer": null,
      "explanation": ""
    },
    {
      "no": 1,
      "question": "금지표지 - 빨강색 굵은 원에 빨강색 사선 그은 금지표시\n추후 여러분들의 의견을 반영하여 정답을 수정하도록 하겠습니",
      "options": [],
      "answer": null,
      "explanation": ""
    },
    {
      "no": 2,
      "question": "경고표지 - 2종류: 1) 빨강색 마름모꼴 테두리 2) 까망색 굵\n다.\n은 삼각형 테두리\n참고로 정답 변경은 오류 신고 5회 이상일 경우 수정합니다.",
      "options": [],
      "answer": null,
      "explanation": ""
    },
    {
      "no": 3,
      "question": "지시표지 - 파랑색 바탕 채워진 원",
      "options": [],
      "answer": null,
      "explanation": ""
    },
    {
      "no": 4,
      "question": "안내표지 - 2종류: 1) 녹십자표지는 녹색 원형 테두리 내에\n[오류 신고 내용]\n녹색 십자표시 2) 나머지는 녹색 바탕 채워진 사각형\n해설에서 고도의 주의는 장시간 지속하기 어렵다 <<변동성이 아",
      "options": [],
      "answer": null,
      "explanation": ""
    },
    {
      "no": 5,
      "question": "관계자외 출입금지 - 까망색 가는 선 사각형 테두리 안에 '\n닌 단속성입니다.\n관계자외 출입금지'로 시작하는 문자열만 들어있음\n단속성 : 고도의 집중은 장시간 집중 곤란하다..(단기간만 가능\n[해설작성자 : iykim71]\n하다.)\n산업안전보건법 시행규칙 [별표 9] 안전보건표지의 기본모형(제\n[오류신고 반론]\n40조제1항 관련) <- 이쪽이 위 그림이 직접적으로 나와있습니\n변동성 맞습니다..변동성: 주기적으로 부주의의 리듬이 존재하여\n다\n장시간 주의를 지속할 수 없음\n위 그림은 기본모형 4번 '안내'입니다\n[해설작성자 : ㅇㅇ]\n[해설작성자 : iykim71]",
      "options": [],
      "answer": null,
      "explanation": ""
    },
    {
      "no": 13,
      "question": "산업재해보상보험법령상 보험급여의 종류가 아닌 것은?",
      "options": [],
      "answer": null,
      "explanation": ""
    },
    {
      "no": 15,
      "question": "기업내의 계층별 교육훈련 중 주로 관리감독자를 교육대상",
      "options": [
        "장례비 ② 간병급여",
        "직업재활급여 ④ 생산손실비용",
        "TWI(Training Within Industry)",
        "ATT(American Telephone Telegram)",
        "MTP(Management Training Program)"
      ],
      "answer": null,
      "explanation": ""
    },
    {
      "no": 1,
      "question": "요양급여\n④ ATP(Administration Training Program)",
      "options": [
        "ATP(Administration Training Program)"
      ],
      "answer": null,
      "explanation": ""
    },
    {
      "no": 2,
      "question": "휴업급여\n<문제 해설>",
      "options": [],
      "answer": null,
      "explanation": ""
    },
    {
      "no": 3,
      "question": "장해급여",
      "options": [],
      "answer": null,
      "explanation": ""
    },
    {
      "no": 1,
      "question": "TWI(Training Within Industry) : 초급관리자 대상 교육, 작업",
      "options": [],
      "answer": null,
      "explanation": ""
    },
    {
      "no": 4,
      "question": "간병급여\n지도, 개선 방법 등 교육",
      "options": [],
      "answer": null,
      "explanation": ""
    },
    {
      "no": 5,
      "question": "유족급여\n기출문제 해설은 최강 자격증 기출문제 전자문제집 CBT : www.comcbt.com 통해서 실시간으로 변경됩니다.\n본 해설집은 최강 자격증 기출문제 전자문제집 CBT 해설달기 프로젝트에 의해서 만들어진 자료입니다. 해설을 제공해 주신 모든 분들께 감사 드립니다.\n산업안전기사 ◐ 2022년 03월 05일 필기 기출문제 및 해설집◑ 전자문제집 CBT :www.comcbt.com",
      "options": [],
      "answer": null,
      "explanation": ""
    },
    {
      "no": 2,
      "question": "ATT(American Telephone Telegram) : 고급관리자 대상, 정 동력 등과 밀접한 관계를 갖는다.\n책수립, 조직 운용 관련 교육 <문제 해설>",
      "options": [],
      "answer": null,
      "explanation": ""
    },
    {
      "no": 3,
      "question": "MTP(Management Training Program) : 중간계층 관리자 대 육체적 리듬 23일 주기로 반복\n상 지성적 리듬 33일 주기로 반복",
      "options": [],
      "answer": null,
      "explanation": ""
    },
    {
      "no": 4,
      "question": "ATP(Administration Training Program) : 경영자 대상 교육 감성적 리듬 28일 주기로 반복\n[해설작성자 : 합격 가즈아] [해설작성자 : 가즈앙]\n아래와 같은 오류 신고가 있었습니다. 지성 - 머리로생각하고 ㅣ 33\n여러분들의 많은 의견 부탁 드립니다. 감성 - 가슴으로생각하고 ㅣ 28\n추후 여러분들의 의견을 반영하여 정답을 수정하도록 하겠습니 육체 - 행동에 옮기자 ㅣ 23\n다. 머리로생각하는게 33일 가슴으로 생각하는게 28일 행동에 옮기\n참고로 정답 변경은 오류 신고 5회 이상일 경우 수정합니다. 는데 23일 로 외웠습니다.\n[해설작성자 : 김뿡빵]\n[오류 신고 내용]\nATT는 계층 한정이 안되있어요 5일 차이다.\n[해설작성자 : 하기시러잉] 육체 23일\n감성 : 육체23일 +5 = 28일",
      "options": [],
      "answer": null,
      "explanation": ""
    },
    {
      "no": 16,
      "question": "사회행동의 기본 형태가 아닌 것은?\n지성 : 감성28일 +5 = 33일",
      "options": [
        "모방 ② 대립",
        "도피 ④ 협력",
        "광점이 작은 것",
        "대상이 단순한 것",
        "광의 강도가 큰 것",
        "시야의 다른 부분이 어두운 것"
      ],
      "answer": null,
      "explanation": ""
    },
    {
      "no": 17,
      "question": "위험예지훈련의 문제해결 4라운드에 해당하지 않는 것은?\n<문제 해설>\n(관련 규정 개정전 문제로 여기서는 기존 정답인 4번을 누\n암실 내에 정지된 작은 광점이나 밤하늘의 별들을 응시하면 움\n르면 정답 처리됩니다. 자세한 내용은 해설을 참고하세요.)\n직이는 것처럼 보이는 현상",
      "options": [
        "현상파악 ② 본질추구",
        "발생하기 쉬운 조건 - ⓐ 광점이 작을수록 ⓑ 시야의 다른",
        "대책수립 ④ 원인결정"
      ],
      "answer": null,
      "explanation": ""
    },
    {
      "no": 18,
      "question": "바이오리듬(생체리듬)에 관한 설명 중 틀린 것은?",
      "options": [
        "할로겐용 - 회색",
        "안정기(+)와 불안정기(-)의 교차점을 위험일이라 한다.",
        "황화수소용 - 회색",
        "감성적 리듬은 33일을 주기로 반복하며, 주의력, 예감",
        "암모니아용 - 회색",
        "시안화수소용 - 회색",
        "지성적 리듬은 “I”로 표시하며 사고력과 관련이 있다.",
        "육체적 리듬은 신체적 컨디션의 율동적 발현, 즉 식욕·활"
      ],
      "answer": null,
      "explanation": ""
    },
    {
      "no": 23,
      "question": "서브시스템 분석에 사용되는 분석방법으로 시스템 수명주기\n관련) 18 추가표시 <표 5> 정화통 외부 측면의 표시 색\n에서 ㉠에 들어갈 위험분석기법은?\n[해설작성자 : iykim71]\n보호구 안전인증 고시 [별표 5] 방독마스크의 성능기준(제14조\n관련) 18 추가표시 <표 5> 정화통 외부 측면의 표시 색\n유기화합물용 정화통 : 갈색\n할로겐용/황화수소용/시안화수소용: 회색\n아황산용 정화통 : 노랑색\n암모니아용 정화통 : 녹색",
      "options": [
        "PHA ② FHA",
        "FTA ④ ETA"
      ],
      "answer": null,
      "explanation": ""
    },
    {
      "no": 21,
      "question": "인간공학적 연구에 사용되는 기준 척도의 요건 중 다음 설 계에서 적용\n명에 해당하는 것은? [해설작성자 : jhlyu]\nPHA : 예비위험분석으로 시스템 구성단계에서 사용\nFTA(Fault Tree Analysis) : 복잡하고 대형화된 시스템의 신뢰성",
      "options": [
        "신뢰성 ② 적절성 및 안정성 분석에 이용되는 기법",
        "검출성 ④ 무오염성 [해설작성자 : 공부어디까지하나]"
      ],
      "answer": null,
      "explanation": ""
    },
    {
      "no": 24,
      "question": "정신적 작업 부하에 관한 생리적 척도에 해당하지 않는 것\n적절성 : 의도된 목적에 적합\n은?\n민감도 : 예상 차이점에 비례하는 단위로 측정",
      "options": [
        "근전도",
        "뇌파도",
        "부정맥 지수"
      ],
      "answer": null,
      "explanation": ""
    },
    {
      "no": 22,
      "question": "그림과 같은 시스템에서 부품 A, B, C, D의 신뢰도가 모두 ④ 점멸융합주파수\nr로 동일할 때 이 시스템의 신뢰도는? <문제 해설>\n근전도는 신체적 작업 부하임\n[해설작성자 : 월급루팡]\n근전도는 육체적 작업 부하에 관한 생리적 척도로, 근수축",
      "options": [
        "점멸융합주파수",
        "r(2-r2) 정도 또는 근피로도 측정 시 사용된다.",
        "r2(2-r)2 [해설작성자 : 일단 하고 보자 콩]",
        "r2(2-r2)",
        "r2(2-r) 25. A사의 안전관리자는 자사 화학 설비의 안전성 평가를 실시",
        "건조물",
        "공장 내 배치",
        "입지조건",
        "원재료, 중간제품"
      ],
      "answer": null,
      "explanation": ""
    },
    {
      "no": 28,
      "question": "통화이해도 척도로서 통화 이해도에 영향을 주는 잡음의 영\n- 운전관계 : 원재료, 중간체 제품, 공정, 수송, 저장, 공정기기\n향을 추정하는 지수는?\n등",
      "options": [
        "명료도 지수 ② 통화 간섭 수준",
        "이해도 점수 ④ 통화 공진 수준"
      ],
      "answer": null,
      "explanation": ""
    },
    {
      "no": 26,
      "question": "불(Boole) 대수의 관계식으로 틀린 것은? <문제 해설>\n통화 이해도(speech intelligibility )에 끼치는 소음의 영향을 추",
      "options": [
        "정하는 지수. 주어진 상황에서의 통화 간섭 수준은 500, 1000,",
        "다..소음의 주파수별 분포가 평평할 경우 특히 유용한 지표이다.",
        ""
      ],
      "answer": null,
      "explanation": ""
    },
    {
      "no": 29,
      "question": "예비위험분석(PHA)에서 식별된 사고의 범주가 아닌 것은?\n④",
      "options": [
        "① 중대(critical)",
        "한계적(marginal)",
        "파국적(catastrophic)",
        "수용가능(acceptable)"
      ],
      "answer": null,
      "explanation": ""
    },
    {
      "no": 27,
      "question": "인간공학의 목표와 거리가 가장 먼 것은?\n때, 정상사상의 발생확률함수로 맞는 것은?",
      "options": [
        "사고 감소",
        "생산성 증대",
        "안전성 향상",
        "근골격계질환 증가 ① q 1 q 2 + q 1 q 2 - q 2 q 3",
        "q 1 q 2 + q 1 q 3 - q 2 q 3",
        "q 1 q 2 + q 1 q 3 + q 2 q 3 - q 1 q 2 q 3",
        "q 1 q 2 + q 1 q 3 + q 2 q 3 - 2q 1 q 2 q 3"
      ],
      "answer": null,
      "explanation": ""
    },
    {
      "no": 31,
      "question": "반사경 없이 모든 방향으로 빛을 발하는 점광원에서 3m 떨",
      "options": [],
      "answer": null,
      "explanation": ""
    },
    {
      "no": 5,
      "question": "하루에 총 2시간 이상 쪼그리고 앉거나 무릎을 굽힌 자세에\n어진 곳의 조도가 300lux라면 2m 떨어진 곳에서 조도(lux)\n서 이루어지는 작업\n는?",
      "options": [],
      "answer": null,
      "explanation": ""
    },
    {
      "no": 6,
      "question": "하루에 총 2시간 이상 지지되지 않은 상태에서 1kg 이상의",
      "options": [
        "375 ② 675",
        "875 ④ 975"
      ],
      "answer": null,
      "explanation": ""
    },
    {
      "no": 7,
      "question": "하루에 총 2시간 이상 지지되지 않은 상태에서 4.5kg 이상의\n빛으로부터의 거리가 다른 곳의 조도를 구하기 위해서는\n물건을 한 손으로 들거나\n광도를 먼저 구해야 한다\n동일한 힘으로 쥐는 작업\n3m 떨어진 곳의 조도가 300lux 이므로",
      "options": [],
      "answer": null,
      "explanation": ""
    },
    {
      "no": 8,
      "question": "하루에 10회 이상 25kg 이상의 물체를 드는 작업\n광도 = 300 * 3^2 = 2700cd",
      "options": [],
      "answer": null,
      "explanation": ""
    },
    {
      "no": 9,
      "question": "하루에 25회 이상 10kg 이상의 물체를 무릎 아래에서 들거\n따라서 2m 떨어진 곳의 조도는\n나, 어깨 위에서 들거나,\n2700 = X * 2^2 -> X = 2700 / 2^2 = 675\n팔을 뻗은 상태에서 드는 작업\n(2017년 1회 기출에서 숫자만 바꿔서 출제)",
      "options": [],
      "answer": null,
      "explanation": ""
    },
    {
      "no": 10,
      "question": "하루에 총 2시간 이상, 분당 2회 이상 4.5kg 이상의 물체를\n[해설작성자 : dream1101]\n드는 작업",
      "options": [],
      "answer": null,
      "explanation": ""
    },
    {
      "no": 11,
      "question": "하루에 총 2시간 이상 시간당 10회 이상 손 또는 무릎을 사\n추가설명\n용하여 반복적으로 충격을\nE = I /r^2\n가하는 작업\n해당 공식에서 조도는 거리의 제곱에 반비례합니다..\n[해설작성자 : 무야아빠]\n1/3^2 : 300 = 1/2^2 : x\n풀면 300 * 9 / 4 = x = 675 33. 시각적 식별에 영향을 주는 각 요소에 대한 설명 중 틀린\n[해설작성자 : comcbt.com 이용자] 것은?",
      "options": [
        "조도는 광원의 세기를 말한다."
      ],
      "answer": null,
      "explanation": ""
    },
    {
      "no": 32,
      "question": "근골격계부담작업의 범위 및 유해요인조사 방법에 관한 고\n② 휘도는 단위 면적당 표면에 반사 또는 방출되는 광량을\n시상 근골격계부담작업에 해당하지 않는 것은? (단, 상시작\n말한다.\n업을 기준으로 한다.)\n③ 반사율은 물체의 표면에 도달하는 조도와 광도의 비를",
      "options": [
        "휘도는 단위 면적당 표면에 반사 또는 방출되는 광량을",
        "반사율은 물체의 표면에 도달하는 조도와 광도의 비를",
        "하루에 10회 이상 25kg 이상의 물체를 드는 작업",
        "하루에 총 2시간 이상 쪼그리고 앉거나 무릎을 굽힌 자",
        "광도 대비란 표적의 광도와 배경의 광도의 차이를 배경",
        "하루에 총 2시간 이상 시간당 5회 이상 손 또는 무릎을",
        "하루에 4시간 이상 집중적으로 자료입력 등을 위해 키보",
        "중요성의 원칙"
      ],
      "answer": null,
      "explanation": ""
    },
    {
      "no": 1,
      "question": "하루에 4시간 이상 집중적으로 자료입력 등을 위해 키보드 ② 사용 빈도의 원칙\n또는 마우스를 조작하는 ③ 사용 순서의 원칙\n작업 ④ 기능별 배치의 원칙",
      "options": [
        "사용 빈도의 원칙",
        "사용 순서의 원칙",
        "기능별 배치의 원칙"
      ],
      "answer": null,
      "explanation": ""
    },
    {
      "no": 2,
      "question": "하루에 총 2시간 이상 목, 어깨, 팔꿈치, 손목 또는 손을 사 <문제 해설>\n용하여 같은 동작을 반복 부품(공간)배치의 원칙\n기출문제 해설은 최강 자격증 기출문제 전자문제집 CBT : www.comcbt.com 통해서 실시간으로 변경됩니다.\n본 해설집은 최강 자격증 기출문제 전자문제집 CBT 해설달기 프로젝트에 의해서 만들어진 자료입니다. 해설을 제공해 주신 모든 분들께 감사 드립니다.\n산업안전기사 ◐ 2022년 03월 05일 필기 기출문제 및 해설집◑ 전자문제집 CBT :www.comcbt.com",
      "options": [],
      "answer": null,
      "explanation": ""
    },
    {
      "no": 1,
      "question": "중요성의 원칙(일반적 위치결정) : 부품을 작동하는 성능이 =WBGT(℃) = (0.7*자연습구온도) + (0.3*흑구온도)\n체계의 목표 달성에 긴요한 정도에 따라 우선순위를 결정한다. [해설작성자 : 썌근호]",
      "options": [],
      "answer": null,
      "explanation": ""
    },
    {
      "no": 2,
      "question": "사용빈도의 원칙(일반적 위치결정) : 부품을 사용하는 빈도에",
      "options": [],
      "answer": null,
      "explanation": ""
    },
    {
      "no": 37,
      "question": "FTA에서 사용되는 논리게이트 중 입력과 반대되는 현상으\n따라 우선순위를 결정한다.\n로 출력되는 것은?\n​3. 기능별 배치의 원칙(배치결정) : 기능적으로 관련된 부품들",
      "options": [
        "부정 게이트",
        "억제 게이트"
      ],
      "answer": null,
      "explanation": ""
    },
    {
      "no": 4,
      "question": "사용순서의 원칙(배치결정) : 사용순서에 따라 장치들을 가까\n③ 배타적 OR 게이트\n이에 배치한다.\n④ 우선적 AND 게이트\n[해설작성자 : 10년만참자]\n<문제 해설>",
      "options": [
        "배타적 OR 게이트",
        "우선적 AND 게이트"
      ],
      "answer": null,
      "explanation": ""
    },
    {
      "no": 35,
      "question": "HAZOP 분석기법의 장점이 아닌 것은? 부정 게이트 : 반대출력",
      "options": [
        "학습 및 적용이 쉽다. 억제 게이트 : 특정 조건 만족 시 출력",
        "기법 적용에 큰 전문성을 요구하지 않는다. 배타적 OR 게이트 : 오직 한 개의 발생 시 출력",
        "짧은 시간에 저렴한 비용으로 분석이 가능하다. 우선적 AND 게이트 : 특정 순서로 발생 시 출력",
        "다양한 관점을 가진 팀 단위 수행이 가능하다. 조합 AND 게이트 : 언젠가 2개 입력시 출력"
      ],
      "answer": null,
      "explanation": ""
    },
    {
      "no": 38,
      "question": "부품고장이 발생하여도 기계가 추후 보수 될 때까지 안전한\n각각의 장비에 대해 잠재된 위험이나 기능저하, 운전 잘못 등과\n기능을 유지할 수 있도록 하는 기능은?\n전체로서의 시설을 결과적으로 미칠 수 있는 영향 등을 평가하",
      "options": [
        "fail - soft ② fail - active",
        "fail - operational ④ fail – passive"
      ],
      "answer": null,
      "explanation": ""
    },
    {
      "no": 39,
      "question": "양립성의 종류가 아닌 것은?\n[해설작성자 : 도롱뇽]",
      "options": [
        "개념의 양립성 ② 감성의 양립성",
        "운동의 양립성 ④ 공간의 양립성"
      ],
      "answer": null,
      "explanation": ""
    },
    {
      "no": 36,
      "question": "태양광이 내리쬐지 않는 옥내의 습구흑구 온도지수(WBGT)\n- 운동의 양립성: 조작장치 방향과 기계의 움직이는 방향이 일\n산출 식은?\n치(ex. 자동차 헨들 오른쪽으로 회전하면 차가 오른쪽으로 이동)",
      "options": [
        "0.6 × 자연습구온도 + 0.3 × 흑구온도",
        "0.7 × 자연습구온도 + 0.3 × 흑구온도",
        "0.6 × 자연습구온도 + 0.4 × 흑구온도",
        "0.7 × 자연습구온도 + 0.4 × 흑구온도"
      ],
      "answer": null,
      "explanation": ""
    },
    {
      "no": 0,
      "question": "7 × 자연습구온도 + 0.2 × 흑구온도 + 0.1 × 건구온도\n총 4가지.\n옥스퍼드 지수(습건지수)\n[해설작성자 : 양평사나이]",
      "options": [],
      "answer": null,
      "explanation": ""
    },
    {
      "no": 0,
      "question": "85 × 습구온도 + 0.15 × 건구온도\n[해설작성자 : 합격 가즈아]",
      "options": [],
      "answer": null,
      "explanation": ""
    },
    {
      "no": 40,
      "question": "James Reason의 원인적 휴먼에러 종류 중 다음 설명의 휴\n먼에러 종류는?\n■습구흑구 온도 지수 (WBGT)",
      "options": [
        "옥외 (태양광선이 내리쬐는장소) 7:2:1",
        "옥내 OR 옥외(태양관선이 내리쬐지않는장소) 7:3",
        "고의 사고(Violation)",
        "숙련 기반 에러(Skill based error)"
      ],
      "answer": null,
      "explanation": ""
    },
    {
      "no": 42,
      "question": "산업안전보건법령상 크레인에 전용탑승설비를 설치하고 근\n③ 규칙 기반 착오(Rule based mistake)\n로자를 달아 올린 상태에서 작업에 종사시킬 경우 근로자의\n④ 지식 기반 착오(Knowledge based mistake)\n추락 위험을 방지하기 위하여 실시해야 할 조치 사항으로\n<문제 해설>\n적합하지 않은 것은?\n휴먼에러의 분류",
      "options": [
        "규칙 기반 착오(Rule based mistake)",
        "지식 기반 착오(Knowledge based mistake)",
        "승차석 외의 탑승 제한",
        "안전대나 구명줄의 설치",
        "탑승설비의 하강시 동력하강방법을 사용",
        "탑승설비가 뒤집히거나 떨어지지 않도록 필요한 조치",
        "...크레인에 전용 탑승설비를 설치하고 추락 위험을 방지하기"
      ],
      "answer": null,
      "explanation": ""
    },
    {
      "no": 1,
      "question": "탑승설비가 뒤집히거나 떨어지지 않도록 필요한 조치를 할\n- 숙련 기반 에러(Skill based error): 무의식에 의한 행동.\n것\n실수(slip), 망각(lapse)",
      "options": [],
      "answer": null,
      "explanation": ""
    },
    {
      "no": 2,
      "question": "안전대나 구명줄을 설치하고, 안전난간을 설치할 수 있는 구\n- 규칙 기반 착오(Rule based mistake): 잘못된 규칙을 기\n조인 경우에는 안전난간을 설치할 것\n억하거나, 정확한 규칙이라도 상황에 맞지 않게 잘못 적용",
      "options": [],
      "answer": null,
      "explanation": ""
    },
    {
      "no": 3,
      "question": "탑승설비를 하강시킬 때에는 동력하강방법으로 할 것\n- 지식 기반 착오(Knowledge based mistake):\n-> 크레인 등은 원칙적으로는 근로자를 운반하는 용도가 아니므\n장기 기억 속에 관련 지식이 없는 경우 추론이나 유추\n로 승차석이 없음. 승차석이 있는 기계는 차량계임.\n로 지식 처리 중에 실패 또는 과오로 이어진 경우\n⑦ 사업주는 차량계 하역운반기계(화물자동차는 제외한다)를 사\n[해설작성자 : iykim71]\n용하여 작업을 하는 경우 승차석이 아닌 위치에 근로자를 탑승\n시켜서는 아니 된다.\n3과목 : 기계위험방지기술\n[해설작성자 : iykim71]",
      "options": [],
      "answer": null,
      "explanation": ""
    },
    {
      "no": 41,
      "question": "산업안전보건법령상 사업주가 진동 작업을 하는 근로자에게\n충분히 알려야 할 사항과 거리가 가장 먼 것은? 아래와 같은 오류 신고가 있었습니다.",
      "options": [
        "인체에 미치는 영향과 증상 여러분들의 많은 의견 부탁 드립니다.",
        "진동기계·기구 관리방법 추후 여러분들의 의견을 반영하여 정답을 수정하도록 하겠습니",
        "보호구 선정과 착용방법 다.",
        "진동재해 시 비상연락체계 참고로 정답 변경은 오류 신고 5회 이상일 경우 수정합니다."
      ],
      "answer": null,
      "explanation": ""
    },
    {
      "no": 4,
      "question": "진동재해시 비상연락체계 --> 진동 장해 예방방법 [오류 신고 내용]\n[해설작성자 : 사이다] 산업안전보건법령에서는 기계나 설비에 근로자가 탑승할 때 반\n드시 전용의 탑승설비(즉, 규정된 승강구, 발판 등)를 사용하게\n산업안전보건기준에 관한 규칙 하여 불의의 추락 등 사고를 방지하도록 규정하고 있습니다.\n- 제2편 안전기준의 각 장은 거의 대부분 ~에 의한 위험방지 전용 탑승설비의 설치 및 사용\n- 제3편 보건기준의 각 장은 거의 대부분 ~에 의한 건강장해의 근로자가 승차석 외의 부위를 임의로 탑승하는 것을 금지하고,\n예방 반드시 규정된 전용 탑승설비를 사용해야 합니다.\n제3편 보건기준 > 제4장 소음 및 진동에 의한 건강장해의 예방 따라서 위 문제에서 보기는 모두 옳은 것이므로 틀린것을 찾는\n> 제4절 진동작업 관리 > 제519조 유해성 등의 주지 문제이므로 정답이 없습니다.\n...다음 각 호의 사항을 근로자에게 충분히 알려야 한다. [해설작성자 : 닥터김]",
      "options": [],
      "answer": null,
      "explanation": ""
    },
    {
      "no": 1,
      "question": "인체에 미치는 영향과 증상",
      "options": [],
      "answer": null,
      "explanation": ""
    },
    {
      "no": 43,
      "question": "연삭기에서 숫돌의 바깥지름이 150mm 일 경우 평형플랜지",
      "options": [],
      "answer": null,
      "explanation": ""
    },
    {
      "no": 2,
      "question": "보호구의 선정과 착용방법\n지름은 몇 mm 이상이어야 하는가?",
      "options": [],
      "answer": null,
      "explanation": ""
    },
    {
      "no": 3,
      "question": "진동 기계ㆍ기구 관리방법",
      "options": [
        "30 ② 50"
      ],
      "answer": null,
      "explanation": ""
    },
    {
      "no": 4,
      "question": "진동 장해 예방방법\n③ 60 ④ 90\n[해설작성자 : iykim71]\n<문제 해설>\n기출문제 해설은 최강 자격증 기출문제 전자문제집 CBT : www.comcbt.com 통해서 실시간으로 변경됩니다.\n본 해설집은 최강 자격증 기출문제 전자문제집 CBT 해설달기 프로젝트에 의해서 만들어진 자료입니다. 해설을 제공해 주신 모든 분들께 감사 드립니다.\n산업안전기사 ◐ 2022년 03월 05일 필기 기출문제 및 해설집◑ 전자문제집 CBT :www.comcbt.com\n⑤ 연삭숫돌의 고정법 : 플랜지는 연삭숫돌 지름의 1/3 크기 1.1배 권상 시 경보와 함께 권상동작이 정지되고 횡행과 주행동\n[해설작성자 : 김인하사랑해] 작이 불가능한 구조이어야 한다..다만, 타워크레인은 정격하중의",
      "options": [
        "60 ④ 90",
        "연삭숫돌의 고정법 : 플랜지는 연삭숫돌 지름의 1/3 크기 1.1배 권상 시 경보와 함께 권상동작이 정지되고 횡행과 주행동"
      ],
      "answer": null,
      "explanation": ""
    },
    {
      "no": 1,
      "question": "05배 이내로 한다.\n연삭기는 산업안전보건법 및 시행령에서 [자율안전확인대상기계 사. 과부하방지장치에는 정상동작상태의 녹색램프와 과부하 시\n등 - 기계 또는 설비]에 속하므로 경고 표시를 할 수 있는 붉은색램프와 경보음을 발하는 장치 등\n규격은 고용노동부의 [위험기계.기구 자율안전확인 고시]에서 을 갖추어야 하며, 양중기 운전자가 확인할 수 있는 위치에 설\n찾아야 함 치해야 한다.\n[위험기계.기구 자율안전확인 고시]의 [별표 1] 연삭기 또는 연 [해설작성자 : 히히모카]\n마기의 제작 및 안전기준(제5조 관련)",
      "options": [],
      "answer": null,
      "explanation": ""
    },
    {
      "no": 7,
      "question": "숫돌 고정장치의 요건 > 라. 평형플랜지의 직경은 설치하는 양중기용 과부하방지장치는 [안전인증대상기계등 - 방호장치]에\n숫돌 직경의 1/3 이상, 여유값은 1.5mm 이상,... 속하므로\n[해설작성자 : iykim71] 고용노동부고시 중 [방호장치 안전인증 고시]에서 규격을 찾을\n수 있음",
      "options": [],
      "answer": null,
      "explanation": ""
    },
    {
      "no": 44,
      "question": "플레이너 작업시의 안전대책이 아닌 것은?\n[별표 2] 양중기 과부하방지장치 성능기준(제6조 관련) > 2. 일",
      "options": [
        "베드 위에 다른 물건을 올려놓지 않는다.",
        "바이트는 되도록 짧게 나오도록 설치한다.",
        "프레임 내의 피트(pit)에는 뚜껑을 설치한다.",
        "칩 브레이커를 사용하여 칩이 길게 되도록 한다."
      ],
      "answer": null,
      "explanation": ""
    },
    {
      "no": 2,
      "question": "방호장치의 기능을 제거 또는 정지할 때 양중기의 기능도 동\n시에 정지하여야 합니다.",
      "options": [],
      "answer": null,
      "explanation": ""
    },
    {
      "no": 45,
      "question": "양중기 과부하방지장치의 일반적인 공통사항에 대한 설명\n따라서 정답은 2번\n중 부적합한 것은?\n[해설작성자 : 울산전동화 가인컴퍼니]",
      "options": [
        "과부하방지장치와 타 방호장치는 기능에 서로 장애를 주",
        "방호장치의 기능을 변형 또는 보수할 때 양중기의 기능",
        "과부하방지장치에는 정상동작상태의 녹색램프와 과부하"
      ],
      "answer": null,
      "explanation": ""
    },
    {
      "no": 46,
      "question": "산업안전보건법령상 프레스 작업시작 전 점검해야 할 사항\n④ 과부하방지장치 작동 시 경보음과 경보램프가 작동되어\n에 해당하는 것은?\n야 하며 양중기는 작동이 되지 않아야 한다. 다만, 크레",
      "options": [
        "과부하방지장치 작동 시 경보음과 경보램프가 작동되어",
        "와이어로프가 통하고 있는 곳 및 작업장소의 지반상태",
        "하역장치 및 유압장치 기능",
        "권과방지장치 및 그 밖의 경보장치의 기능",
        "1행정 1정지기구·급정지장치 및 비상정지 장치의 기능"
      ],
      "answer": null,
      "explanation": ""
    },
    {
      "no": 1,
      "question": "프레스등을 사용하여 작업을 할 때(제2편제1장제3절)\n동시에 정지할 수 있는 구조이어야 한다.\n가. 클러치 및 브레이크의 기능\n바. 과부하방지장치는 별표 2의2 각 호의 시험 후 정격하중의\n나. 크랭크축.플라이휠.슬라이드.연결봉 및 연결 나사의 풀\n기출문제 해설은 최강 자격증 기출문제 전자문제집 CBT : www.comcbt.com 통해서 실시간으로 변경됩니다.\n본 해설집은 최강 자격증 기출문제 전자문제집 CBT 해설달기 프로젝트에 의해서 만들어진 자료입니다. 해설을 제공해 주신 모든 분들께 감사 드립니다.\n산업안전기사 ◐ 2022년 03월 05일 필기 기출문제 및 해설집◑ 전자문제집 CBT :www.comcbt.com\n림 여부 [해설작성자 : comcbt.com 이용자]\n다..1행정 1정지기구.급정지장치 및 비상정지장치의 기능\n라. 슬라이드 또는 칼날에 의한 위험방지 기구의 기능 + 둥근톱기계 : 톱날접촉예방장치, 반발예방장치\n마. 프레스의 금형 및 고정볼트 상태 띠톱기계 : 덮개, 날접촉예방장치\n바. 방호장치의 기능 나머진 동일\n사. 전단기의 칼날 및 테이블의 상태 [해설작성자 : Rivolo]",
      "options": [],
      "answer": null,
      "explanation": ""
    },
    {
      "no": 49,
      "question": "다음 중 금속 등의 도체에 교류를 통한 코일을 접근시켰을\n와이어로프가 통하고 있는 곳 및 작업장소의 지반상태: 5. 이동\n때, 결함이 존재하면 코일에 유기되는 전압이나 전류가 변\n식 크레인을 사용하여 작업을 할 때\n하는 것을 이용한 검사방법은?\n하역장치 및 유압장치 기능의 이상 유무",
      "options": [
        "자분탐상검사",
        "초음파탐상검사",
        "와류탐상검사",
        "침투형광탐상검사"
      ],
      "answer": null,
      "explanation": ""
    },
    {
      "no": 47,
      "question": "방호장치를 분류할 때는 크게 위험장소에 대한 방호장치와 1. 자분탐상검사 : 금속표면의 비교적 낮은 부분의 결함을 발견\n위험원에 대한 방호장치로 구분할 수 있는데, 다음 중 위험 하는 것에 이용하는 자력을 이용한 비파괴 검사의 일종.\n장소에 대한 방호장치가 아닌 것은? 2. 초음파탐상검사 : 초음파를 피검사체에 전파하고 그의 음향적",
      "options": [
        "격리형 방호장치 성질을 이용해서 재료내의 결함의 유무를 조사하는 검사",
        "접근거부형 방호장치 4. 침투형광탐상검사 : 형광염료(황록색)를 포함하고 있는 침투",
        "접근반응형 방호장치 액을 사용하여 암실 또는 어두운 장소(20 lx이하)에서 자외선",
        "포집형 방호장치 (320～400nm)을 조사하여 결함지시모양을 관찰하는 방법"
      ],
      "answer": null,
      "explanation": ""
    },
    {
      "no": 50,
      "question": "산업안전보건법령상에서 정한 양중기의 종류에 해당하지 않\n2) 2013년부터 [위험기계.기구 방호조치 기준]으로 변경되었고\n는 것은?\n여기에는 \"분류\"에 해당하는 설명이 나오지 않음",
      "options": [
        "크레인[호이스트(hoist)를 포함한다]",
        "도르래"
      ],
      "answer": null,
      "explanation": ""
    },
    {
      "no": 2,
      "question": "\"방호장치\"란...\n③ 곤돌라\n가. ... 위치제한형 방호장치\n④ 승강기\n나. ... 접근거부형 방호장치\n<문제 해설>\n다..... 접근반응형 방호장치\n산업안전보건기준에 관한 규칙 > 제132조(양중기)\n라. 연삭기 덮개나 반발예방장치 등과 같이... 위험원이 비산하",
      "options": [
        "곤돌라",
        "승강기",
        "양중기란 다음 각 호의 기계를 말한다."
      ],
      "answer": null,
      "explanation": ""
    },
    {
      "no": 1,
      "question": "크레인[호이스트(hoist)를 포함한다]\n마. ... 감지형 방호장치",
      "options": [],
      "answer": null,
      "explanation": ""
    },
    {
      "no": 2,
      "question": "이동식 크레인\n바. 안전전압으로 강하, 충분한 절연내력, 점화원의 방폭적 격",
      "options": [],
      "answer": null,
      "explanation": ""
    },
    {
      "no": 3,
      "question": "리프트(이삿짐운반용 리프트의 경우에는 적재하중이 0.1톤 이\n리, 안전도 증가, 점화능력 본질적 억제, 충분한 인장강도...\n상인 것으로 한정한다)\n[해설작성자 : iykim71]",
      "options": [],
      "answer": null,
      "explanation": ""
    },
    {
      "no": 4,
      "question": "곤돌라",
      "options": [],
      "answer": null,
      "explanation": ""
    },
    {
      "no": 48,
      "question": "산업안전보건법령상 목재가공용 기계에 사용되는 방호장치 5. 승강기\n의 연결이 옳지 않은 것은? [해설작성자 : iykim71]",
      "options": [
        "둥근톱기계 : 톱날접촉예방장치"
      ],
      "answer": null,
      "explanation": ""
    },
    {
      "no": 51,
      "question": "롤러의 급정지를 위한 방호장치를 설치하고자 한다. 앞면\n② 띠톱기계 : 날접촉예방장치\n롤러 직경이 36cm 이고, 분당회전속도가 50rpm이라면 급\n③ 모떼기기계 : 날접촉예방장치\n정지거리는 약 얼마 이내이어야 하는가? (단, 무부하동작에\n④ 동력식 수동대패기계 : 반발예방장치\n해당한다.)\n<문제 해설>",
      "options": [
        "띠톱기계 : 날접촉예방장치",
        "모떼기기계 : 날접촉예방장치",
        "동력식 수동대패기계 : 반발예방장치",
        "45cm ② 50cm",
        "55cm ④ 60cm 이상 토출압력시험 실시)"
      ],
      "answer": null,
      "explanation": ""
    },
    {
      "no": 54,
      "question": "슬라이드가 내려옴에 따라 손을 쳐내는 막대가 좌우로 왕복\nD:직경(MM)=360mm,N=1분간회전수(rpm)=50PPM\n하면서 위험점으로부터 손을 보호하여 주는 프레스의 안전\n표면속도=(3.14*360*50)/1000\n장치는?\n=56.52",
      "options": [
        "수인식 방호장치",
        "양손조작식 방호장치",
        "손쳐내기식 방호장치",
        "게이트 가드식 방호장치"
      ],
      "answer": null,
      "explanation": ""
    },
    {
      "no": 1,
      "question": "표면원주 속도가 30(m/min)미만 : 급정지 거리는 앞면 롤러\n3) 손쳐내기식 방호장치 : 손을 쳐내는 막대가 좌우로 왕복하면\n원주의 1/3 이내\n서 위험점으로부터 손을 보호",
      "options": [],
      "answer": null,
      "explanation": ""
    },
    {
      "no": 2,
      "question": "표면원주 속도가 30(m/min)이상 : 급정지 거리는 앞면 롤러\n4) 게이트 가드식 방호장치 : 가드가 열려 있는 상태에서는 기계\n원주의 1/2.5 이내\n의 위험부분이 동작되지 않고 기계가 위험한 상태일 때에는 가\n*직경(?)을 이용한 원주 공식: 원주=?×?)\n드를 열 수 없도록 한 방호장치\n풀이: 급정지거리=(3.14*36)/2.5\n[해설작성자 : 10년만참자]\n=>113.1/2.5\n=45.24",
      "options": [],
      "answer": null,
      "explanation": ""
    },
    {
      "no": 55,
      "question": "산업안전보건법령에 따라 사업주는 근로자가 안전하게 통행\n[해설작성자 : 닥터김]\n할 수 있도록 통로에 얼마 이상의 채광 또는 조명시설을 하\n여야 하는가?",
      "options": [],
      "answer": null,
      "explanation": ""
    },
    {
      "no": 52,
      "question": "다음 중 금형 설치·해체작업의 일반적인 안전사항으로 틀린",
      "options": [
        "50럭스 ② 75럭스",
        "90럭스 ④ 100럭스",
        "고정볼트는 고정 후 가능하면 나사산이 3~4개 정도 짧"
      ],
      "answer": null,
      "explanation": ""
    },
    {
      "no": 1,
      "question": "작업면의 조도 기준\n록 해야 한다.",
      "options": [
        "초정밀 작업 750lux↑ ex)시계수리",
        "금형 고정용 브래킷(물림판)을 고정시킬 때 고정용 브래",
        "정밀 작업 300lux↑",
        "보통 작업 150lux↑",
        "그 밖(통로 등) 75lux↑",
        "금형을 설치하는 프레스의 T홈 안길이는 설치 볼트 직경",
        "금형의 설치용구는 프레스의 구조에 적합한 형태로 한"
      ],
      "answer": null,
      "explanation": ""
    },
    {
      "no": 56,
      "question": "산업안전보건법령상 다음 중 보일러의 방호장치와 가장 거\n다.\n리가 먼 것은?\n<문제 해설>",
      "options": [
        "언로드밸브",
        "압력방출장치",
        "압력제한스위치",
        "고저수위 조절장치"
      ],
      "answer": null,
      "explanation": ""
    },
    {
      "no": 53,
      "question": "산업안전보건법령상 보일러에 설치하는 압력방출장치에 대\n언로드밸브는 압송밸브\n하여 검사 후 봉인에 사용되는 재료에 가장 적합한 것은?\n[해설작성자 : comcbt.com 이용자]",
      "options": [
        "납 ② 주석",
        "구리 ④ 알루미늄"
      ],
      "answer": null,
      "explanation": ""
    },
    {
      "no": 57,
      "question": "다음 중 롤러기 급정지장치의 종류가 아닌 것은?",
      "options": [
        "어깨조작식 ② 손조작식",
        "복부조작식 ④ 무릎조작식",
        "㉮ 600, ㉯ 0.4 ② ㉮ 1800, ㉯ 0.6",
        "㉮ 4500, ㉯ 8 ④ ㉮ 8000, ㉯ 25"
      ],
      "answer": null,
      "explanation": ""
    },
    {
      "no": 58,
      "question": "산업안전보건법령에 따라 레버풀러(lever puller) 또는 체인\nW[mm]를 변화 시켜 화염 일주 한계를 측정하는 것.\n블록(chain block)을 사용하는 경우 훅의 입구(hook mouth)\n[해설작성자 : 호천]\n간격이 제조자가 제공하는 제품사양서 기준으로 몇 % 이상\n벌어진 것은 폐기하여야 하는가?",
      "options": [],
      "answer": null,
      "explanation": ""
    },
    {
      "no": 62,
      "question": "다음 차단기는 개폐기구가 절연물의 용기 내에 일체로 조립",
      "options": [
        "3 ② 5",
        "7 ④ 10",
        "OS ② VCB",
        "MCCB ④ ACB"
      ],
      "answer": null,
      "explanation": ""
    },
    {
      "no": 59,
      "question": "컨베이어(conveyor) 역전방지장치의 형식을 기계식과 전기\n할의 차단기\n식으로 구분할 때 기계식에 해당하지 않는 것은?\n[해설작성자 : 한텍HSE]",
      "options": [
        "라쳇식 ② 밴드식",
        "슬러스트식 ④ 롤러식"
      ],
      "answer": null,
      "explanation": ""
    },
    {
      "no": 63,
      "question": "한국전기설비규정에 따라 보호등전위본딩 도체로서 주접지\n단자에 접속하기 위한 등전위본딩 도체(구리도체)의 단면적",
      "options": [],
      "answer": null,
      "explanation": ""
    },
    {
      "no": 60,
      "question": "다음 중 연삭숫돌의 3요소가 아닌 것은?\n은 몇 mm2 이상이어야 하는가? (단, 등전위본딩 도체는 설",
      "options": [
        "결합제 ② 입자",
        "저항 ④ 기공",
        "2.5 ② 6",
        "16 ④ 50"
      ],
      "answer": null,
      "explanation": ""
    },
    {
      "no": 64,
      "question": "저압전로의 절연성능 시험에서 전로의 사용전압이 380v인",
      "options": [],
      "answer": null,
      "explanation": ""
    },
    {
      "no": 61,
      "question": "다음 ( ) 안의 알맞은 내용을 나타낸 것은?\n경우 전로의 전선 상호간 및 전로와 대지 사이의 절연저항\n은 최소 몇 MΩ 이상이어야 하는가?\n기출문제 해설은 최강 자격증 기출문제 전자문제집 CBT : www.comcbt.com 통해서 실시간으로 변경됩니다.\n본 해설집은 최강 자격증 기출문제 전자문제집 CBT 해설달기 프로젝트에 의해서 만들어진 자료입니다. 해설을 제공해 주신 모든 분들께 감사 드립니다.\n산업안전기사 ◐ 2022년 03월 05일 필기 기출문제 및 해설집◑ 전자문제집 CBT :www.comcbt.com",
      "options": [
        "0.1 ② 0.3 구조",
        "0.5 ④ 1 [해설작성자 : 10년만참자]"
      ],
      "answer": null,
      "explanation": ""
    },
    {
      "no": 68,
      "question": "다음 중 전동기를 운전하고자 할 때 개폐기의 조작순서로\n[저압전로의 절연저항]\n옳은 것은?\nSELV(비접지)와 PELV(접지)와 250V;0.5메가옴/FELV(불절연)와",
      "options": [
        "메인 스위치 → 분전반 스위치 → 전동기용 개폐기",
        "분전반 스위치 → 메인 스위치 → 전동기용 개폐기",
        "전동기용 개폐기 → 분전반 스위치 → 메인 스위치",
        "분전반 스위치 → 전동기용 스위치 → 메인 스위치"
      ],
      "answer": null,
      "explanation": ""
    },
    {
      "no": 65,
      "question": "전격의 위험을 결정하는 주된 인자로 가장 거리가 먼 것은?",
      "options": [],
      "answer": null,
      "explanation": ""
    },
    {
      "no": 69,
      "question": "다음 빈칸에 들어갈 내용으로 알맞은 것은?",
      "options": [
        "통전전류 ② 통전시간",
        "통전경로 ④ 접촉전압"
      ],
      "answer": null,
      "explanation": ""
    },
    {
      "no": 1,
      "question": "통전전류",
      "options": [],
      "answer": null,
      "explanation": ""
    },
    {
      "no": 2,
      "question": "통전시간",
      "options": [],
      "answer": null,
      "explanation": ""
    },
    {
      "no": 3,
      "question": "통전경로",
      "options": [],
      "answer": null,
      "explanation": ""
    },
    {
      "no": 4,
      "question": "전원의종류",
      "options": [
        "ⓐ 0.35 kV/m 이하, ⓑ 0.833 μT 이하",
        "ⓐ 3.5 kV/m 이하, ⓑ 8.33 μT 이하",
        "ⓐ 3.5 kV/m 이하, ⓑ 83.3 μT 이하"
      ],
      "answer": null,
      "explanation": ""
    },
    {
      "no": 66,
      "question": "교류 아크용접기의 허용사용률(%)은? (단, 정격사용률은 ④ ⓐ 35 kV/m 이하, ⓑ 833 μT 이하\n10%, 2차 정격전류는 500A, 교류 아크용접기의 사용전류는 <문제 해설>\n250A 이다.) 제17조 (유도장해 방지)",
      "options": [
        "ⓐ 35 kV/m 이하, ⓑ 833 μT 이하",
        "30 ② 40 ① 교류 특고압 가공전선로에서 발생하는 극저주파 전자계는 지",
        "50 ④ 60 표상 1m에서 전계가 3.5kV/m 이하, 자계가 83.3μT 이하가 되"
      ],
      "answer": null,
      "explanation": ""
    },
    {
      "no": 70,
      "question": "감전사고를 방지하기 위한 방법으로 틀린 것은?\n허용사용율(%)=정격사용율(%)*(2차정격전류/사용전류)2",
      "options": [
        "전기기기 및 설비의 위험부에 위험표지",
        "전기설비에 대한 누전차단기 설치",
        "전기기에 대한 정격표시"
      ],
      "answer": null,
      "explanation": ""
    },
    {
      "no": 67,
      "question": "내압방폭구조의 필요충분조건에 대한 사항으로 틀린 것은? ④ 무자격자는 전기계 및 기구에 전기적인 접촉 금지",
      "options": [
        "무자격자는 전기계 및 기구에 전기적인 접촉 금지",
        "폭발화염이 외부로 유출되지 않을 것 <문제 해설>",
        "습기침투에 대한 보호를 충분히 할 것 정격표시는 모든 기기에 다~되어있지요",
        "내부에서 폭발한 경우 그 압력에 견딜 것 사고방지방법은 아닙니다",
        "외함의 표면온도가 외부의 폭발성가스를 점화되지 않을 [해설작성자 : 엉덩이에모기물림]",
        "0.5 ② 0.75",
        "1 ④ 1.25 폭발성 가스 분위기 형성 가능성이 크다.",
        "기기그룹에 따라 폭발성가스를 분류할 때 ⅡA의 대표 가",
        "연면거리는 두 도전부 사이의 고체 절연물 표면을 따른"
      ],
      "answer": null,
      "explanation": ""
    },
    {
      "no": 72,
      "question": "정전기의 재해방지 대책이 아닌 것은?\n올,프로판.",
      "options": [
        "부도체에는 도전성을 향상 또는 제전기를 설치 운영한",
        "접촉 및 분리를 일으키는 기계적 작용으로 인한 정전기",
        "저항률이 1010Ω·cm 미만의 도전성 위험물의 배관유속은 ① 근로자가 절연용 방호구의 설치·해체작업을 하는 경우에",
        "생산공정에 별다른 문제가 없다면, 습도를 70%정도 유 치를 사용하도록 하여야 한다.",
        "저압인 경우에는 해당 전기작업자가 절연용 보호구를 착",
        "유자격자가 아닌 근로자가 근로자의 몸 또는 긴 도전성"
      ],
      "answer": null,
      "explanation": ""
    },
    {
      "no": 73,
      "question": "어떤 부도체에서 정전용량이 10pF이고, 전압이 5kV 일 때\n④ 고압 및 특별고압의 전로에서 전기작업을 하는 근로자에\n전하량(C)은?\n게 활선작업용 기구 및 장치를 사용하여야 한다.",
      "options": [
        "고압 및 특별고압의 전로에서 전기작업을 하는 근로자에",
        "9×10-12 ② 6×10-10",
        "5×10-8 ④ 2×10-6",
        "직렬갭, 특성요소",
        "병렬갭, 특성요소",
        "직렬갭, 충격요소",
        "병렬갭, 충격요소"
      ],
      "answer": null,
      "explanation": ""
    },
    {
      "no": 74,
      "question": "KS C IEC 60079-0에 따른 방폭에 대한 설명으로 틀린 것\n특성요소 - 뇌전류 방전시 피뢰기 자신의 전위 상승을 억제하여\n은?\n자신의 절연 파괴를 방지하는 역할을 한다.",
      "options": [
        "기호 “X”는 방폭기기의 특정사용조건을 나타내는 데 사",
        "인화하한(LFL)과 인화상한(UFL) 사이의 범위가 클수록 77. 정전기 제거 방법으로 가장 거리가 먼 것은?",
        "작업장 바닥을 도전처리한다.",
        "설비의 도체 부분은 접지시킨다.",
        "작업자는 대전방지화를 신는다."
      ],
      "answer": null,
      "explanation": ""
    },
    {
      "no": 81,
      "question": "다음 설명이 의미하는 것은?\n④ 작업장을 항온으로 유지한다.\n<문제 해설>",
      "options": [
        "작업장을 항온으로 유지한다."
      ],
      "answer": null,
      "explanation": ""
    },
    {
      "no": 1,
      "question": "작업장 바닥을 도전처리한다.-->정전기는 전기가 정지해있는\n상태. 따라서 도전(전류를 흐르게 함)하여 전류를 움직이게 함.",
      "options": [],
      "answer": null,
      "explanation": ""
    },
    {
      "no": 2,
      "question": "설비의 도체 부분은 접지시킨다.-->마찬가지로 전류를 흐르게\n함.",
      "options": [],
      "answer": null,
      "explanation": ""
    },
    {
      "no": 3,
      "question": "작업자는 대전방지화를 신는다.-->정전기 재해 예방으로 대전",
      "options": [
        "비등 ② 과열·과압",
        "폭발 ④ 반응폭주"
      ],
      "answer": null,
      "explanation": ""
    },
    {
      "no": 4,
      "question": "작업장을 항온으로 유지한다.--> 온도는 정전기와 상관이 없 <문제 해설>\n음.굳이 상관있다면 습도인거같음 1. 비등 : 액체가 끓어오름. 액체가 어느 온도 이상으로 가열되\n[해설작성자 : 감자국 ㄱㅇㅈ] 어, 그 증기압이 주위의 압력보다 커져서 액체의 표면뿐만 아니\n라 내부에서도 기화하는 현상을 이른다.",
      "options": [],
      "answer": null,
      "explanation": ""
    },
    {
      "no": 78,
      "question": "인체의 전기저항을 0.5kΩ이라고 하면 심실세동을 일으키는 2. 과열: 지나치게 뜨거워짐. 또는 그런 열. / 과압 : 지나치게\n위험한계 에너지는 몇 J 인가? (단, 심실세동전류값 높은 압력",
      "options": [],
      "answer": null,
      "explanation": ""
    },
    {
      "no": 3,
      "question": "폭발 : 물질이 급격한 화학 변화나 물리 변화를 일으켜 부\n피가 몹시 커져 폭발음이나 파괴 작용이 따름. 또는 그런 현상.\nmA 의 Dalziel의 식을 이용하며, 통전시간은\n[해설작성자 : 가즈앙]\n1초로 한다.)",
      "options": [
        "13.6 ② 12.6 82. 다음 중 전기화재의 종류에 해당하는 것은?",
        "11.6 ④ 10.6 ① A급 ② B급",
        "C급 ④ D급"
      ],
      "answer": null,
      "explanation": ""
    },
    {
      "no": 79,
      "question": "다음 중 전기설비기술기준에 따른 전압의 구분으로 틀린 것\n은? 83. 다음 중 폭발범위에 관한 설명으로 틀린 것은?",
      "options": [
        "저압 : 직류 1kV 이하 ① 상한값과 하한값이 존재한다.",
        "고압 : 교류 1kV를 초과, 7kV 이하 ② 온도에는 비례하지만 압력과는 무관하다.",
        "특고압 : 직류 7kV 초과 ③ 가연성 가스의 종류에 따라 각각 다른 값을 갖는다.",
        "특고압 : 교류 7kV 초과 ④ 공기와 혼합된 가연성 가스의 체적 농도로 나타낸다."
      ],
      "answer": null,
      "explanation": ""
    },
    {
      "no": 80,
      "question": "가스 그룹 ⅡB 지역에 설치된 내압방폭구조 “d” 장비의 플\n랜지 개구부에서 장애물까지의 최소 거리(mm)는?",
      "options": [],
      "answer": null,
      "explanation": ""
    },
    {
      "no": 2,
      "question": "온도 상승시 하한계 소폭증가, 상한계 증가",
      "options": [
        "10 ② 20",
        "30 ④ 40"
      ],
      "answer": null,
      "explanation": ""
    },
    {
      "no": 86,
      "question": "열교환기의 열교환 능률을 향상시키기 위한 방법으로 거리\n가 먼 것은?",
      "options": [
        "유체의 유속을 적절하게 조절한다.",
        "유체의 흐르는 방향을 병류로 한다.",
        "3.75~13.21 ② 4.33~13.21 ③ 열교환기 입구와 출구의 온도차를 크게 한다.",
        "4.33~15.22 ④ 3.75~15.22 ④ 열전도율이 좋은 재료를 사용한다."
      ],
      "answer": null,
      "explanation": ""
    },
    {
      "no": 87,
      "question": "다음 중 인화성 물질이 아닌 것은?",
      "options": [
        "디에틸에테르 ② 아세톤",
        "에틸알코올 ④ 과염소산칼륨"
      ],
      "answer": null,
      "explanation": ""
    },
    {
      "no": 85,
      "question": "위험물을 저장·취급하는 화학설비 및 그 부속설비를 설치할 (산화제: 산소를 공급해 다른 물질의 연소를 촉진하는 물질.)\n때 '단위공정시설 및 설비로부터 다른 단위공정시설 및 설비 [해설작성자 : 닥터김]\n의 사이'의 안전거리는 설비의 바깥 면으로부터 몇 m 이상",
      "options": [],
      "answer": null,
      "explanation": ""
    },
    {
      "no": 88,
      "question": "산업안전보건법령상 위험물질의 종류에서 “폭발성 물질 및\n이 되어야 하는가?\n유기과산화물”에 해당하는 것은?",
      "options": [
        "5 ② 10",
        "리튬 ② 아조화합물",
        "15 ④ 20",
        "아세틸렌 ④ 셀룰로이드류"
      ],
      "answer": null,
      "explanation": ""
    },
    {
      "no": 1,
      "question": "리튬 - 물반응성 물질 및 인화성 고체\n열로 사이 : 사무실 등 바깥면으로부터 20m 이상 (단, 난방용",
      "options": [],
      "answer": null,
      "explanation": ""
    },
    {
      "no": 2,
      "question": "아세틸렌 - 인화성가스\n보일러인 경우 또는 방호구조로 설치된 경우 예외)\n기출문제 해설은 최강 자격증 기출문제 전자문제집 CBT : www.comcbt.com 통해서 실시간으로 변경됩니다.\n본 해설집은 최강 자격증 기출문제 전자문제집 CBT 해설달기 프로젝트에 의해서 만들어진 자료입니다. 해설을 제공해 주신 모든 분들께 감사 드립니다.\n산업안전기사 ◐ 2022년 03월 05일 필기 기출문제 및 해설집◑ 전자문제집 CBT :www.comcbt.com",
      "options": [],
      "answer": null,
      "explanation": ""
    },
    {
      "no": 3,
      "question": "셀룰로이드류 - 물반응성 물질 및 인화성 고체 C2H5OH + 3O2 -> 2CO2 + 3H2O\n[해설작성자 : 내일시험!] [해설작성자 : 알코올은 뒤에 oh 붙음]",
      "options": [],
      "answer": null,
      "explanation": ""
    },
    {
      "no": 89,
      "question": "건축물 공사에 사용되고 있으나, 불에 타는 성질이 있어서\n에틸알코올의 화학식은 C2H5OH 는 사전에 알고 계셔야 합니다\n화재 시 유독한 시안화수소 가스가 발생되는 물질은?\n이것만 알면 답은 문제에서 유추하실 수 있습니다",
      "options": [
        "염화비닐 ② 염화에틸렌",
        "메타크릴산메틸 ④ 우레탄"
      ],
      "answer": null,
      "explanation": ""
    },
    {
      "no": 90,
      "question": "반응기를 설계할 때 고려하여야 할 요인으로 가장 거리가\n좌변의 H는 작은숫자 5 그리고 생략된 1 해서 6 우변에 H2O앞\n먼 것은?\n에 숫자가 없으니 6이되려면 3이 되야겠죠?",
      "options": [
        "부식성 ② 상의 형태",
        "온도 범위 ④ 중간생성물의 유무"
      ],
      "answer": null,
      "explanation": ""
    },
    {
      "no": 1,
      "question": "부식성",
      "options": [],
      "answer": null,
      "explanation": ""
    },
    {
      "no": 2,
      "question": "상의 형태\n에틸기 C2H5-에 알코올기 -OH",
      "options": [],
      "answer": null,
      "explanation": ""
    },
    {
      "no": 3,
      "question": "온도 범위\n에틸알코올 C2H5OH 맞습니다",
      "options": [],
      "answer": null,
      "explanation": ""
    },
    {
      "no": 4,
      "question": "운전압력\n[해설작성자 : 토토]",
      "options": [],
      "answer": null,
      "explanation": ""
    },
    {
      "no": 5,
      "question": "체류시간과 공간속도",
      "options": [],
      "answer": null,
      "explanation": ""
    },
    {
      "no": 6,
      "question": "열전달",
      "options": [],
      "answer": null,
      "explanation": ""
    },
    {
      "no": 92,
      "question": "산업안전보건법령상 각 물질이 해당하는 위험물질의 종류를",
      "options": [],
      "answer": null,
      "explanation": ""
    },
    {
      "no": 7,
      "question": "온도조절\n옳게 연결한 것은?",
      "options": [],
      "answer": null,
      "explanation": ""
    },
    {
      "no": 8,
      "question": "조작방법",
      "options": [
        "아세트산(농도 90%) - 부식성 산류"
      ],
      "answer": null,
      "explanation": ""
    },
    {
      "no": 9,
      "question": "수율\n② 아세톤(농도 90%) - 부식성 염기류\n[해설작성자 : 한텍HSE]\n③ 이황화탄소 – 인화성 가스\n④ 수산화칼륨 – 인화성 가스",
      "options": [
        "아세톤(농도 90%) - 부식성 염기류",
        "이황화탄소 – 인화성 가스",
        "수산화칼륨 – 인화성 가스"
      ],
      "answer": null,
      "explanation": ""
    },
    {
      "no": 91,
      "question": "에틸알코올 1몰이 완전 연소 시 생성되는 CO 와 H O의 몰\n2 2\n<문제 해설>\n수로 옳은 것은?\n농도 60% 이상 - 인산, 아세트산 , 불산",
      "options": [
        "CO : 1, H O : 4",
        "CO : 2, H O : 3",
        "CO : 3, H O : 2",
        "CO : 4, H O : 1"
      ],
      "answer": null,
      "explanation": ""
    },
    {
      "no": 93,
      "question": "물과의 반응으로 유독한 포스핀가스를 발생하는 것은?\n따라서, C2H6 + 3.5 O2 → 2 CO2 + 3 H2O",
      "options": [
        "HCl",
        "NaCl",
        "Ca P",
        "Al(OH)",
        "벤젠 ② 메탄올",
        "이황화탄소 ④ 경유"
      ],
      "answer": null,
      "explanation": ""
    },
    {
      "no": 94,
      "question": "분진폭발의 요인을 물리적 인자와 화학적 인자로 분류할 때\n이황화탄소 : -30 ℃\n화학적 인자에 해당하는 것은?\n경유 : 62 ℃",
      "options": [
        "연소열 ② 입도분포",
        "열전도율 ④ 입자의 형성",
        "분해열 ② 증발열",
        "산화열 ④ 중합열"
      ],
      "answer": null,
      "explanation": ""
    },
    {
      "no": 4,
      "question": "중합열(시안화수소)\n연소열은 물질의 고유특성으로 물질 연소 반응시 발생하는 열입 5. 미생물에 의한 발화(먼지, 퇴비)\n니다. [해설작성자 : 투잡상담사]\n따라서 화학적인자입니다..\n[해설작성자 : 오늘시험보러간다] 증발은 열을뺏기는 거라서 자연발화의 조건이 될수없음\n[해설작성자 : 보라매 오키톡끼]",
      "options": [],
      "answer": null,
      "explanation": ""
    },
    {
      "no": 95,
      "question": "메탄올에 관한 설명으로 틀린 것은?",
      "options": [
        "무색투명한 액체이다.",
        "비중은 1보다 크고, 증기는 공기보다 가볍다.",
        "금속나트륨과 반응하여 수소를 발생한다.",
        "물에 잘 녹는다."
      ],
      "answer": null,
      "explanation": ""
    },
    {
      "no": 2,
      "question": "비중은 0.79로 1보다 작다.\n분해열 : 셀룰로이드, 니트로 셀룰로오스\n[해설작성자 : 한텍HSE]\n[해설작성자 : 벤치마킹]\n메탄올 (CH3OH) = 원자량 : H : 1, C : 12 , O : 16 이므로 99. 비점이 낮은 가연성 액체 저장탱크 주위에 화재가 발생했을\n메탄올의 분자량은 12 + 3 + 16 + 1 = 32 // 공기의 분자 때 저장탱크 내부의 비등현상으로 인한 압력 상승으로 탱크\n량 : 약 29 가 파열되어 그 내용물이 증발, 팽창하면서 발생되는 폭발\n이므로 증기는 공기보다 무겁다. 현상은?\n[해설작성자 : 명재는천재인가]",
      "options": [
        "Back Draft ② BLEVE",
        "Flash Over ④ UVCE"
      ],
      "answer": null,
      "explanation": ""
    },
    {
      "no": 96,
      "question": "다음 중 자연발화가 쉽게 일어나는 조건으로 틀린 것은?\n<문제 해설>",
      "options": [
        "주위온도가 높을수록",
        "열 축적이 클수록",
        "적당량의 수분이 존재할 때",
        "표면적이 작을수록"
      ],
      "answer": null,
      "explanation": ""
    },
    {
      "no": 1,
      "question": "표면적이 넓을 것\n추후 여러분들의 의견을 반영하여 정답을 수정하도록 하겠습니",
      "options": [],
      "answer": null,
      "explanation": ""
    },
    {
      "no": 2,
      "question": "열전도율이 작을 것\n다.",
      "options": [],
      "answer": null,
      "explanation": ""
    },
    {
      "no": 3,
      "question": "발열량이 클 것\n참고로 정답 변경은 오류 신고 5회 이상일 경우 수정합니다.",
      "options": [],
      "answer": null,
      "explanation": ""
    },
    {
      "no": 4,
      "question": "주위의 온도가 높을 것(분자운동 활발)\n[해설작성자 : 투잡상담사]\n[오류 신고 내용]\nExpending이 아니라 Expanding 입니다.",
      "options": [],
      "answer": null,
      "explanation": ""
    },
    {
      "no": 97,
      "question": "다음 중 인화점이 가장 낮은 것은?\n기출문제 해설은 최강 자격증 기출문제 전자문제집 CBT : www.comcbt.com 통해서 실시간으로 변경됩니다.\n본 해설집은 최강 자격증 기출문제 전자문제집 CBT 해설달기 프로젝트에 의해서 만들어진 자료입니다. 해설을 제공해 주신 모든 분들께 감사 드립니다.\n산업안전기사 ◐ 2022년 03월 05일 필기 기출문제 및 해설집◑ 전자문제집 CBT :www.comcbt.com\n[해설작성자 : 귤아빠]",
      "options": [
        "일반적으로 수평부재의 거푸집은 연직부재의 거푸집보다"
      ],
      "answer": null,
      "explanation": ""
    },
    {
      "no": 100,
      "question": "사업주는 산업안전보건법령에서 정한 설비에 대해서는 과\n② 해체된 거푸집이나 각목 등에 박혀있는 못 또는 날카로\n압에 따른 폭발을 방지하기 위하여 안전밸브 등을 설치하\n운 돌출물은 즉시 제거하여야 한다.\n여야 한다. 다음 중 이에 해당하는 설비가 아닌 것은?\n③ 상하 동시 작업은 원칙적으로 금지하여 부득이한 경우에",
      "options": [
        "해체된 거푸집이나 각목 등에 박혀있는 못 또는 날카로",
        "상하 동시 작업은 원칙적으로 금지하여 부득이한 경우에",
        "원심펌프",
        "정변위 압축기",
        "거푸집 해체작업장 주위에는 관계자를 제외하고는 출입",
        "정변위 펌프(토출축에 차단밸브가 설치된 것만 해당한다)",
        "배관(2개 이상의 밸브에 의하여 차단되어 대기온도에서"
      ],
      "answer": null,
      "explanation": ""
    },
    {
      "no": 3,
      "question": "거푸집을 해체할 때에는 다음 각 목에 정하는 사항을 유념하\n제261조(안전밸브 등의 설치)\n여 작업하여야 한다..",
      "options": [],
      "answer": null,
      "explanation": ""
    },
    {
      "no": 1,
      "question": "압력용기\n가. 해체작업을 할 때에는 안전모등 안전 보호장구를 착용토록",
      "options": [],
      "answer": null,
      "explanation": ""
    },
    {
      "no": 2,
      "question": "정변위 압축기\n하여야 한다..",
      "options": [],
      "answer": null,
      "explanation": ""
    },
    {
      "no": 3,
      "question": "정변위 펌프(토출축에 차단밸브가 설치된 것만 해당한다)\n나. 거푸집 해체작업장 주위에는 관계자를 제외하고는 출입을",
      "options": [],
      "answer": null,
      "explanation": ""
    },
    {
      "no": 4,
      "question": "배관(2개 이상의 밸브에 의하여 차단되어 대기온도에서\n금지시켜야 한다..\n액체의 열팽창에 의하여 파열될 우려가 있는 것으로 한정한다)\n다..상하 동시 작업은 원칙적으로 금지하여 부득이한 경우에는\nETC.\n긴밀히 연락을 위하며 작업을 하여야 한다..\n[해설작성자 : 한텍HSE]\n라. 거푸집 해체때 구조체에 무리한 충격이나 큰 힘에 의한 지\n렛대 사용은 금지하여야 한다..\n6과목 : 건설안전기술 마. 보 또는 스라브 거푸집을 제거할 때에는 거푸집의 낙하 충\n격으로 인한 작업원의 돌발적 재해를 방지하여야 한다..",
      "options": [],
      "answer": null,
      "explanation": ""
    },
    {
      "no": 101,
      "question": "유해·위험방지계획서 제출 시 첨부서류로 옳지 않은 것은?\n바. 해체된 거푸집이나 각목 등에 박혀있는 못 또는 날카로운",
      "options": [
        "공사현장의 주변 현황 및 주변과의 관계를 나타내는 도",
        "공사개요서",
        "전체공정표",
        "작업인부의 배치를 나타내는 도면 및 서류"
      ],
      "answer": null,
      "explanation": ""
    },
    {
      "no": 1,
      "question": "공사개요서\n->정답인 이유는 수평부재=천장에 붙은 거푸집,",
      "options": [],
      "answer": null,
      "explanation": ""
    },
    {
      "no": 2,
      "question": "전체공정표\n연직부재=벽체에 사용된 즉 수직을 이룬 상태로 붙인 거푸집입",
      "options": [],
      "answer": null,
      "explanation": ""
    },
    {
      "no": 3,
      "question": "산업안전보건관리비 사용계획\n니다.",
      "options": [],
      "answer": null,
      "explanation": ""
    },
    {
      "no": 4,
      "question": "재해 발생 위험 시 연락 및 대피방법\n타설 후 양생을 하고 거푸집을 해체하려고 할 때 벽체에 붙인",
      "options": [],
      "answer": null,
      "explanation": ""
    },
    {
      "no": 5,
      "question": "공사현장의 주변 현황 및 주변과의 관계를 나타내는 도면\n거푸집부터 떼게 됩니다.\n[해설작성자 : 문OPEN]\n그리고 그 다음에 천장에 붙인 거푸집을 해체하게 되는데,\n통상적으로 천장에 붙인 수평부재는 벽체에 붙인 연직부재보다\n[유해위험방지 계획서 첨부서류] >> 고용노동부장관에게 제출\n더 긴 양생 기간을 갖습니다.\n바닥/천장이 무너져내리는 것을 막기 위해서입니다.\n제조업의 경우(전기계약용량 300kW 이상) : 작업시작 15일 전\n[해설작성자 : comcbt.com 이용자]\n까지\n-건축물 평면도",
      "options": [],
      "answer": null,
      "explanation": ""
    },
    {
      "no": 103,
      "question": "사다리식 통로 등을 설치하는 경우 통로 구조로서 옳지 않\n-기계설비 개요를 나타낸 서류(배치도면)\n은 것은?\n-원재료 및 제품의 취급, 제조 등 제조방법 개요",
      "options": [
        "발판의 간격은 일정하게 한다.",
        "발판과 벽과의 사이는 15 cm 이상의 간격을 유지한다.",
        "사다리의 상단은 걸쳐놓은 지점으로부터 60cm 이상 올",
        "폭은 40cm 이상으로 한다."
      ],
      "answer": null,
      "explanation": ""
    },
    {
      "no": 102,
      "question": "거푸집 해체작업 시 유의사항으로 옳지 않은 것은?",
      "options": [],
      "answer": null,
      "explanation": ""
    },
    {
      "no": 1,
      "question": "발판과 벽 사이 15cm이상\n기출문제 해설은 최강 자격증 기출문제 전자문제집 CBT : www.comcbt.com 통해서 실시간으로 변경됩니다.\n본 해설집은 최강 자격증 기출문제 전자문제집 CBT 해설달기 프로젝트에 의해서 만들어진 자료입니다. 해설을 제공해 주신 모든 분들께 감사 드립니다.\n산업안전기사 ◐ 2022년 03월 05일 필기 기출문제 및 해설집◑ 전자문제집 CBT :www.comcbt.com",
      "options": [],
      "answer": null,
      "explanation": ""
    },
    {
      "no": 2,
      "question": "폭 30cm이상 통행을 위하여 그 사이에 1.2m 이상 거리를 두거나 안",
      "options": [],
      "answer": null,
      "explanation": ""
    },
    {
      "no": 3,
      "question": "사다리 상단은 걸친점에서 60cm이상 내표지 또는 비상벨 등을 설치한다.",
      "options": [],
      "answer": null,
      "explanation": ""
    },
    {
      "no": 4,
      "question": "기울기 75도 이하(고정식:90도이하, 7m이상일때 2.5m지점부 <문제 해설>\n터 등받이울 설치) 주된 목적이 하역운반기계용인 출입구에는 인접하여 보행자용\n[해설작성자 : 비밀요원] 출입구를 따로 설치할 것\n[해설작성자 : 문open]",
      "options": [],
      "answer": null,
      "explanation": ""
    },
    {
      "no": 104,
      "question": "추락 재해방지 설비 중 근로자의 추락재해를 방지 할 수\n있는 설비로 작업발판 설치가 곤란한 경우에 필요한 설비 107. 건설작업장에서 근로자가 상시 작업하는 장소의 작업면 조\n는? 도기준으로 옳지 않은 것은? (단, 갱내 작업장과 감광재료",
      "options": [
        "경사로 ② 추락방호망 를 취급하는 작업장의 경우는 제외)",
        "고장사다리 ④ 달비계 ① 초정밀작업 : 600럭스(lux) 이상",
        "정밀작업 : 300럭스(lux) 이상",
        "보통작업 : 150럭스(lux) 이상",
        "초정밀, 정밀, 보통작업을 제외한 기타 작업 : 75럭스"
      ],
      "answer": null,
      "explanation": ""
    },
    {
      "no": 105,
      "question": "콘크리트 타설작업을 하는 경우에 준수해야할 사항으로 옳\n정밀 4배 300\n지 않은 것은?\n초정밀 10배 750",
      "options": [
        "당일의 작업을 시작하기 전에 해당 작업에 관한 거푸집",
        "작업 중에는 거푸집동바리 등의 변형·변위 및 침하 유무 관리비의 개인보호구 및 안전장구 구입비 항목에서 안전관",
        "콘크리트 타설작업 시 거푸집붕괴의 위험이 발생할 우려 ① 안전·보건관리자가 선임되지 않은 현장에서 안전·보건업",
        "콘크리트를 타설하는 경우에는 편심이 발생하지 않도록 린터 등 업무용 기기",
        "혹한·혹서에 장기간 노출로 인해 건강장해를 일으킬 우",
        "근로자에게 일률적으로 지급하는 보냉·보온장구",
        "감리원이나 외부에서 방문하는 인사에게 지급하는 보호"
      ],
      "answer": null,
      "explanation": ""
    },
    {
      "no": 106,
      "question": "작업장 출입구 설치 시 준수해야 할 사항으로 옳지 않은\n바뀐 법 기준으로 9번 항목까지 있고 그 중 3번 보호구 항목입\n것은?\n니다.",
      "options": [
        "출입구의 위치·수 및 크기가 작업장의 용도와 특성에 맞"
      ],
      "answer": null,
      "explanation": ""
    },
    {
      "no": 3,
      "question": "다음 각 목의 어느 하나에 해당하는 보호구\n도록 한다.\n가. 추락 및 감전 위험방지용 안전모\n② 출입구에 문을 설치하는 경우에는 근로자가 쉽게 열고\n나. 안전화\n닫을 수 있도록 한다.\n다..안전장갑\n③ 주된 목적이 하역운반기계용인 출입구에는 보행자용 출\n라. 방진마스크\n입구를 따로 설치하지 않는다.\n④ 계단이 출입구와 바로 연결된 경우에는 작업자의 안전한\n마. 방독마스크\n기출문제 해설은 최강 자격증 기출문제 전자문제집 CBT : www.comcbt.com 통해서 실시간으로 변경됩니다.\n본 해설집은 최강 자격증 기출문제 전자문제집 CBT 해설달기 프로젝트에 의해서 만들어진 자료입니다. 해설을 제공해 주신 모든 분들께 감사 드립니다.\n산업안전기사 ◐ 2022년 03월 05일 필기 기출문제 및 해설집◑ 전자문제집 CBT :www.comcbt.com\n바. 송기(送氣)마스크 풍속에 따른 주행크레인 방지조치\n사. 전동식 호흡보호구 - 순간 풍속이 10m/s 초과하는 경우 크레인의 설치, 수리, 점\n아. 보호복 검, 해체 작업중지\n자. 안전대 - 순간 풍속이 15m/s 초과하는 경우 크레인의 운전작업을 중지\n차. 차광(遮光) 및 비산물(飛散物) 위험방지용 보안경 - 순간 풍속이 30m/s 초과하는 경우 옥외에 설치되어 있는 주\n카. 용접용 보안면 행크레인에 대하여 이탈방지장치를 작동시키는 등 이탈방지를\n타. 방음용 귀마개 또는 귀덮개 위한 조치\n[해설작성자 : 합격하고 싶다]\n핵심은 문제에서는 [전관리비의 개인보호구 및 안전장구 구입비",
      "options": [
        "출입구에 문을 설치하는 경우에는 근로자가 쉽게 열고",
        "주된 목적이 하역운반기계용인 출입구에는 보행자용 출",
        "계단이 출입구와 바로 연결된 경우에는 작업자의 안전한"
      ],
      "answer": null,
      "explanation": ""
    },
    {
      "no": 110,
      "question": "지반 등의 굴착작업 시 연암의 굴착면 기울기로 옳은 것\n항목- 3항?]이라 언급했는데\n은?(2023년 11월 14일 개정된 규정 적용됨)\n중대재해 목격으로 발생한 정신질환을 치료하기 위해 소요되는",
      "options": [
        "1 : 0.5 ② 1 : 0.8",
        "1 : 1.0 ④ 1 : 1.2"
      ],
      "answer": null,
      "explanation": ""
    },
    {
      "no": 1,
      "question": "안전관리자가 선임되지 않은 현장의 안전담당이 사용하는 업\n건지 1:0.5~1:1\n무용기기는 산업재해예방목적으로 적합하게 사용할 수 있는지에\n풍화암 1:0.8\n대한 의문\n연암 1:0.5",
      "options": [],
      "answer": null,
      "explanation": ""
    },
    {
      "no": 2,
      "question": "혹한기. 혹서기 기간 옥외 작업 시 장기간 고.저온의 노출로\n경암 1:0.3\n인해 건강장해를 일으킬 우려가 있는 경우 해당 근로자들에게\n지급되는 기능성 보호구는 6번항목 근로자 건강장해예방비에 해\n2021년 11월 19일 개정된 규정\n당된다고 판단\n습지 : 1:1~1:1.5",
      "options": [],
      "answer": null,
      "explanation": ""
    },
    {
      "no": 3,
      "question": "어느 근로자나 일률적으로 지급할 수 있는것은 가장 기본적\n건지 : 1:0.5~1:1\n인 안전화, 안전모 등의 보호구이며 보냉, 보온장구는 2번 지문\n풍화암 : 1:1.0(변경)\n에 따른 해당사항에 지급이 가능한 것으로 판단\n연암 : 1:1.0(변경)",
      "options": [],
      "answer": null,
      "explanation": ""
    },
    {
      "no": 4,
      "question": "감리원이나 외부에서 방문하는 인사, 회사 VIP등의 안전모,\n경암 : 1:0.5(변경)\n안전화 등은 현장 방문을 위한 목적으로 근로자 산업재해예방목\n적으로 사용할 수 없음.\n2023년 11월 14일 개정 규정(산업안전보건규칙 [별표11])\n모래 : 1 : 1.8(추가)\n* 산업안전보건관리비는 근로자의 재해예방목적 예방으로만 사\n연암 : 1 : 1.0\n용할 수 있도록 합시다.\n풍화암 : 1 : 1.0\n[해설작성자 : 제로맨]\n경암 : 1 : 0.5",
      "options": [],
      "answer": null,
      "explanation": ""
    },
    {
      "no": 109,
      "question": "옥외에 설치되어 있는 주행크레인에 대하여 이탈방지장치 그 밖의 흙 : 1 : 1.2(추가)\n를 작동시키는 등 그 이탈을 방지하기 위한 조치를 하여야",
      "options": [],
      "answer": null,
      "explanation": ""
    },
    {
      "no": 111,
      "question": "철골작업 시 철골부재에서 근로자가 수직방향으로 이동하\n하는 순간풍속에 대한 기준으로 옳은 것은?\n는 경우엔 설치하여야 하는 고정된 승강로의 최대 답단 간",
      "options": [
        "순간풍속이 초당 10m를 초과하는 바람이 불어올 우려가",
        "20cm ② 25cm",
        "순간풍속이 초당 20m를 초과하는 바람이 불어올 우려가",
        "30cm ④ 40cm",
        "순간풍속이 초당 30m를 초과하는 바람이 불어올 우려가",
        "순간풍속이 초당 40m를 초과하는 바람이 불어올 우려가",
        "연결재가 적은 구조로 되기 쉽다.",
        "부재의 결합이 간단하여 불완전한 결합이 많다.",
        "구조물이라는 통상의 개념이 확고하지 않으며 조립의 정밀도",
        "부재가 과소단면이거나 결함재가 되기 쉽다.",
        "전체 구조에 대한 구조계산 기준이 부족하다.",
        "숙련공 부족 및 고령화 : 작업능률 및 품질저하, 중대재해 발"
      ],
      "answer": null,
      "explanation": ""
    },
    {
      "no": 112,
      "question": "흙막이벽 근입깊이를 깊게하고, 전면의 굴착부분을 남겨두\n생\n어 흙의 중량으로 대항하게 하거나, 굴착예정부분의 일부\n② 자재 수급 및 구조물 형태의 어려움\n를 미리 굴착하여 기초콘크리트를 타설하는 등의 대책과\n③ 가설기자재의 자체중량 과다\n가장 관계가 깊은 것은?\n④ 가설공사 계획이 시공단계에서 결정",
      "options": [
        "자재 수급 및 구조물 형태의 어려움",
        "가설기자재의 자체중량 과다",
        "가설공사 계획이 시공단계에서 결정",
        "파이핑현상이 있을 때",
        "가설공사 시 건설공해 발생",
        "히빙현상이 있을 때",
        "지하수위가 높을 때",
        "굴착깊이가 깊을 때",
        "고층화 될수록 기상(비, 바람 등) 변화의 영향을 더욱 많이",
        "강관 및 틀비계의 제한 높이 : 지상에서 45m",
        "추락 및 낙하, 비래의 위험이 크다.",
        "고소작업에 따른 심리적, 육체적 부담감이 가중되어 재해발"
      ],
      "answer": null,
      "explanation": ""
    },
    {
      "no": 115,
      "question": "강관틀비계를 조립하여 사용하는 경우 준수해야할 기준으",
      "options": [],
      "answer": null,
      "explanation": ""
    },
    {
      "no": 113,
      "question": "재해사고를 방지하기 위하여 크레인에 설치된 방호장치로\n로 옳지 않은 것은?\n옳지 않은 것은?",
      "options": [
        "수직방향으로 6m, 수평방향으로 8m 이내마다 벽이음을",
        "공기정화장치 ② 비상정지장치",
        "제동장치 ④ 권과방지장치",
        "높이가 20m를 초과하거나 중량물의 적재를 수반하는 작",
        "길이가 띠장 방향으로 4m 이하이고 높이가 10m를 초과",
        "과부하방지장치",
        "정격하중표시",
        "권과방지장치",
        "주틀 간에 교차 가새를 설치하고 최상층 및 5층 이내마",
        "비상정지장치",
        "훅해지장치"
      ],
      "answer": null,
      "explanation": ""
    },
    {
      "no": 114,
      "question": "가설구조물의 문제점으로 옳지 않은 것은?\n[해설작성자 : 윤파]",
      "options": [
        "도괴재해의 가능성이 크다.",
        "추락재해 가능성이 크다."
      ],
      "answer": null,
      "explanation": ""
    },
    {
      "no": 116,
      "question": "비계의 높이가 2m 이상인 작업장소에 작업발판을 설치할\n③ 부재의 결합이 간단하나 연결부가 견고하다.\n경우 준수하여야 할 기준으로 옳지 않은 것은?\n④ 구조물이라는 통상의 개념이 확고하지 않으며 조립의 정",
      "options": [
        "부재의 결합이 간단하나 연결부가 견고하다.",
        "구조물이라는 통상의 개념이 확고하지 않으며 조립의 정",
        "작업발판의 폭은 30cm 이상으로 한다.",
        "발판재료간의 틈은 3cm 이하로 한다. 직선운반할것",
        "추락의 위험성이 있는 장소에는 안전난간을 설치한다. [해설작성자 : 떡먹다살찐빵]",
        "발판재료는 뒤집히거나 떨어지지 않도록 2개 이상의 지"
      ],
      "answer": null,
      "explanation": ""
    },
    {
      "no": 120,
      "question": "가설통로의 설치기준으로 옳지 않은 것은?\n지물에 연결하거나 고정시킨다.",
      "options": [
        "경사가 15°를 초과하는 때에는 미끄러지지 않는 구조로",
        "건설공사에 사용하는 높이 8m 이상인 비계다리에는 7m",
        "수직갱에 가설된 통로의 길이가 15m 이상일 경우에는",
        "추락의 위험이 있는 장소에는 안전난간을 설치한다."
      ],
      "answer": null,
      "explanation": ""
    },
    {
      "no": 117,
      "question": "사면지반 개량공법으로 옳지 않은 것은? [해설작성자 : 비밀요원]",
      "options": [
        "전기 화학적 공법",
        "석회 안정처리 공법",
        "이온 교환 방법",
        "옹벽 공법"
      ],
      "answer": null,
      "explanation": ""
    },
    {
      "no": 118,
      "question": "법면 붕괴에 의한 재해 예방조치로서 옳은 것은?",
      "options": [
        "지표수와 지하수의 침투를 방지한다.",
        "법면의 경사를 증가한다.",
        "절토 및 성토높이를 증가한다.",
        "토질의 상태에 관계없이 구배조건을 일정하게 한다."
      ],
      "answer": null,
      "explanation": ""
    },
    {
      "no": 1,
      "question": "외적 원인\n- 사면, 법면의 경사 및 기울기의 증가\n- 절토 및 성토 높이의 증가\n- 공사에 의한 진동 및 반복하중의 증가\n- 지표수 및 지하수의 침투에 의한 토사 중량의 증가\n- 지진, 차량, 구조물의 하중작용\n- 토사 및 암석의 혼합층 두께",
      "options": [],
      "answer": null,
      "explanation": ""
    },
    {
      "no": 2,
      "question": "내적 원인\n- 절토 사며의 토질, 암질\n- 성토 사면의 토질구성 및 분포\n- 토석의 강도 저하\n[해설작성자 : 10년만참자]",
      "options": [],
      "answer": null,
      "explanation": ""
    },
    {
      "no": 119,
      "question": "취급·운반의 원칙으로 옳지 않은 것은?",
      "options": [
        "운반 작업을 집중하여 시킬 것",
        "생산을 최고로 하는 운반을 생각할 것",
        "곡선 운반을 할 것",
        "연속 운반을 할 것",
        "② ① ③ ② ② ④ ③ ④ ②",
        "③ ④ ④ ① ① ④ ② ③ ③",
        "② ② ① ④ ③ ④ ② ④ ④",
        "③ ① ④ ③ ② ① ③ ② ③",
        "① ② ④ ② ④ ④ ④ ③ ②",
        "③ ① ③ ② ① ① ④ ③ ③",
        "③ ② ④ ④ ② ② ① ③ ③",
        "② ③ ③ ③ ① ④ ① ① ③",
        "③ ② ① ② ② ④ ② ④ ④",
        "① ③ ① ② ④ ③ ② ② ①",
        "① ④ ② ② ③ ① ② ③ ③",
        "② ① ③ ② ① ④ ① ③ ③"
      ],
      "answer": null,
      "explanation": ""
    }
  ]
}