{
  "title": "산업안전기사20210814(해설집).pdf",
  "questions": [
    {
      "no": 1,
      "question": "안전점검표(체크리스트) 항목 작성 시 유의사항으로 틀린 것\n학습경험 조직의 원리\n은?",
      "options": [],
      "answer": null,
      "explanation": ""
    },
    {
      "no": 1,
      "question": "계속성의 원리",
      "options": [
        "정기적으로 검토하여 설비나 작업방법이 타당성 있게 개"
      ],
      "answer": null,
      "explanation": ""
    },
    {
      "no": 2,
      "question": "계열성의 원리\n조된 내용일 것",
      "options": [],
      "answer": null,
      "explanation": ""
    },
    {
      "no": 3,
      "question": "통합성의 원리\n② 사업장에 적합한 독자적 내용을 가지고 작성할 것",
      "options": [
        "사업장에 적합한 독자적 내용을 가지고 작성할 것"
      ],
      "answer": null,
      "explanation": ""
    },
    {
      "no": 4,
      "question": "균형성의 원리\n③ 위험성이 낮은 순서 또는 긴급을 요하는 순서대로 작성할",
      "options": [
        "위험성이 낮은 순서 또는 긴급을 요하는 순서대로 작성할"
      ],
      "answer": null,
      "explanation": ""
    },
    {
      "no": 5,
      "question": "다양성의 원리\n것",
      "options": [],
      "answer": null,
      "explanation": ""
    },
    {
      "no": 6,
      "question": "보편성의 원리\n④ 점검항목을 이해하기 쉽게 구체적으로 표현할 것\n=========================\n<문제 해설>\n학습경험 선정의 원리\n안전점검표 항목은 위험성이 높은 순서 또는 긴급을 요하는 순",
      "options": [
        "점검항목을 이해하기 쉽게 구체적으로 표현할 것"
      ],
      "answer": null,
      "explanation": ""
    },
    {
      "no": 1,
      "question": "기회의 원리\n서대로 작성하여야 한다.",
      "options": [],
      "answer": null,
      "explanation": ""
    },
    {
      "no": 2,
      "question": "만족의 원리(동기유발의 원리)\n[해설작성자 : 현대제철 마텐이]",
      "options": [],
      "answer": null,
      "explanation": ""
    },
    {
      "no": 3,
      "question": "가능성의 원리",
      "options": [],
      "answer": null,
      "explanation": ""
    },
    {
      "no": 2,
      "question": "안전교육에 있어서 동기부여방법으로 가장 거리가 먼 것은? 4. 다목적달성의 원리",
      "options": [
        "책임감을 느끼게 한다. 5. 협동의 원리",
        "관리감독을 철저히 한다. [해설작성자 : Greentea]",
        "자기 보존본능을 자극한다."
      ],
      "answer": null,
      "explanation": ""
    },
    {
      "no": 4,
      "question": "근로자 1000명 이상의 대규모 사업장에 적합한 안전관리 조\n④ 물질적 이해관계에 관심을 두도록 한다.\n직의 유형은?\n<문제 해설>",
      "options": [
        "물질적 이해관계에 관심을 두도록 한다.",
        "직계식 조직",
        "참모식 조직",
        "병렬식 조직",
        "직계참모식 조직"
      ],
      "answer": null,
      "explanation": ""
    },
    {
      "no": 3,
      "question": "교육과정 중 학습경험조직의 원리에 해당하지 않는 것은? 직계참모 대규모 1000명이상",
      "options": [
        "기회의 원리 ② 계속성의 원리 [해설작성자 : 짝재]",
        "계열성의 원리 ④ 통합성의 원리"
      ],
      "answer": null,
      "explanation": ""
    },
    {
      "no": 5,
      "question": "산업안전보건법령상 안전보건표지의 종류와 형태 중 관계자\n<문제 해설>\n외 출입금지에 해당하지 않는 것은?\n\"범위 이계통\"",
      "options": [
        "관리대상물질 작업장"
      ],
      "answer": null,
      "explanation": ""
    },
    {
      "no": 1,
      "question": "계속성의 원리\n② 허가대상물질 작업장",
      "options": [
        "허가대상물질 작업장"
      ],
      "answer": null,
      "explanation": ""
    },
    {
      "no": 2,
      "question": "계열성의 원리-교육 내용의 순서 결정\n③ 석면취급ㆍ해체 작업장",
      "options": [
        "석면취급ㆍ해체 작업장"
      ],
      "answer": null,
      "explanation": ""
    },
    {
      "no": 3,
      "question": "통합성의 원리\n④ 금지대상물질의 취급 실험실",
      "options": [
        "금지대상물질의 취급 실험실"
      ],
      "answer": null,
      "explanation": ""
    },
    {
      "no": 4,
      "question": "범위\n<문제 해설>\n[해설작성자 : 허찬]\n관리자외 출입금지 표시\n허가대상물작 작업장- 허가물질명칭 제조 사용 보관중\n타일러의 학습경험 조직원리\n석면취급 . 해체 작업장\n1) 계속성의 원리 : 학습 경험의 여러 동일 요소들을 계속해서\n금지대상물질의 취급 실험실 등 - 발암물질 취급\n반복하는 것 - 누적학습\n[해설작성자 : 쥬]\n2) 계열성의 원리 : 교육내용이 확장되며 부분에서 전체를 학습\n하는 것",
      "options": [],
      "answer": null,
      "explanation": ""
    },
    {
      "no": 6,
      "question": "산업안전보건법령상 명시된 타워크레인을 사용하는 작업에서\n3) 통합성의 원리 : 관련 내용을 연결하여 제시하여 학습하는 것\n신호업무를 하는 작업 시 특별교육 대상 작업별 교육 내용이\n-기회의 원리는 학습경험의 '선정원리'중 하나입니다\n아닌 것은? (단, 그 밖에 안전ㆍ보건관리에 필요한 사항은 제\n4) 기회의 원리 : 교육목표를 달성하기 위해서는 학습자에게 충\n외한다.)\n분한 기회가 주어져야 한다",
      "options": [
        "신호방법 및 요령에 관한 사항",
        "걸고리ㆍ와이어로프 점검에 관한 사항",
        "화물의 취급 및 안전작업방법에 관한 사항",
        "인양물이 적재될 지반의 조건, 인양하중, 풍압 등이 인양"
      ],
      "answer": null,
      "explanation": ""
    },
    {
      "no": 10,
      "question": "강의식 교육지도에서 가장 많은 시간을 소비하는 단계는?\n신호수가 걸고리 와이어로프 점검사항을 알필요가 없겟죠",
      "options": [
        "도입 ② 제시",
        "적용 ④ 확인"
      ],
      "answer": null,
      "explanation": ""
    },
    {
      "no": 7,
      "question": "보호구 안전인증 고시상 추락방지대가 부착된 안전대 일반구 시간 소비 많은 단계\n조에 관한 내용 중 틀린 것은? 강의식 - 제시",
      "options": [
        "죔줄은 합성섬유로프를 사용해서는 안된다. 토의식 - 적용",
        "고정된 추락방지대의 수직구명줄은 와이어로프 등으로 하 [해설작성자 : 비보험코스트코]",
        "수직구명줄에서 걸이설비와의 연결부위는 훅 또는 카라비 강제 토적(도적) 외우면 쉽습니당",
        "추락방지대를 부착하여 사용하는 안전대는 신체지지의 방"
      ],
      "answer": null,
      "explanation": ""
    },
    {
      "no": 11,
      "question": "위험예지훈련 4단계의 진행 순서를 바르게 나열한 것은?\n법으로 안전그네만을 사용하여야 하며 수직구명줄이 포함",
      "options": [
        "목표설정→현상파악→대책수립→본질추구",
        "목표설정→현상파악→본질추구→대책수립",
        "현상파악→본질추구→대책수립→목표설정",
        "현상파악→본질추구→목표설정→대책수립"
      ],
      "answer": null,
      "explanation": ""
    },
    {
      "no": 8,
      "question": "하인리히 재해 구성 비율 중 무상해사고가 600건이라면 사망 *위험예지훈련의 추진을 위한 문제해결 4단계\n또는 중상 발생 건수는? 현상파악(사실의 파악) → 본질추구(원인조사) → 대책수립(대책",
      "options": [
        "1 ② 2 을 세움) → 목표설정(행동계획 작성)",
        "29 ④ 58 [해설작성자 : 천소라짱]"
      ],
      "answer": null,
      "explanation": ""
    },
    {
      "no": 9,
      "question": "재해사례연구 순서로 옳은 것은?\n다.\n[해설작성자 : comcbt.com 이용자]",
      "options": [],
      "answer": null,
      "explanation": ""
    },
    {
      "no": 12,
      "question": "레윈(Lewin.K)에 의하여 제시된 인간의 행동에 관한 식을",
      "options": [
        "㉠문제점의 발견, ㉡대책수립, ㉢사실의 확인 올바르게 표현한 것은? (단, B는 인간의 행동, P는 개체, E",
        "㉠문제점의 발견, ㉡사실의 확인, ㉢대책수립 는 환경, f는 함수관계를 의미한다.)",
        "㉠사실의 확인, ㉡대책수립, ㉢문제점의 발견 ① B=f(PㆍE) ② B=f(P+1)E",
        "㉠사실의 확인, ㉡문제점의 발견, ㉢대책수립 ③ P=Eㆍf(B) ④ E=f(PㆍB)"
      ],
      "answer": null,
      "explanation": ""
    },
    {
      "no": 16,
      "question": "상황성 누발자의 재해유발원인이 아닌 것은?\n함,감독,직무의 안정",
      "options": [
        "심신의 근심",
        "작업의 어려움",
        "도덕성의 결여",
        "기계설비의 결함"
      ],
      "answer": null,
      "explanation": ""
    },
    {
      "no": 13,
      "question": "산업안전보건법령상 근로자에 대한 일반 건강진단의 실시\n시기 기준으로 옳은 것은? 재해 누발자의 유형",
      "options": [
        "사무직에 종사하는 근로자: 1년에 1회 이상",
        "사무직에 종사하는 근로자: 2년에 1회 이상 1.미숙성 누발자: 기능 미숙자, 환경에 익숙하지 못한 자",
        "사무직외의 업무에 종사하는 근로자: 6월에 1회 이상",
        "사무직외의 업무에 종사하는 근로자: 2년에 1회 이상 2.상황성 누발자: 작업에 어려움이 많은 자, 기계 설비의 결함이"
      ],
      "answer": null,
      "explanation": ""
    },
    {
      "no": 3,
      "question": "소질성 누발자: 개인 소질 가운데 재해 원인 요소를 가지고 있\n사무직 건강검진 2년1회 는 자, 개인의 특수 성격 소유자\n사무직 정기교육 매반기 6시간 이상 * 소질성 누발자의 공통된 성격 *\n[해설작성자 : 헷갈리네용] - 주의력 산만 및 주의력 지속 불능\n- 저지능",
      "options": [],
      "answer": null,
      "explanation": ""
    },
    {
      "no": 14,
      "question": "매슬로우(Maslow)의 욕구 5단계 이론 중 안전욕구의 단계\n- 도덕성의 결여\n는?\n- 흥분성",
      "options": [
        "제1단계 ② 제2단계",
        "제3단계 ④ 제4단계"
      ],
      "answer": null,
      "explanation": ""
    },
    {
      "no": 4,
      "question": "습관성 누발자: 재해 경험에 의해 겁쟁이가 되거나 신경과민이\n제1단계(생리적 욕구) : 기아,갈증,호흡,배설,성욕 등 인간의 가\n된 자, 슬럼프에 빠져있는 자\n장 기본적인 욕구\n[해설작성자 : 유태균]\n제2단계(안전 욕구): 자기 보존 욕구\n제3단계(사회적 욕구): 소속감과 애정 욕구 17. 인간의 의식 수준을 5단계로 구분할 때 의식이 몽롱한 상태\n제4단계(존경 욕구): 인정받으려는 욕구 의 단계는?\n제5단계(자아실현의 욕구): 잠재적인 능력을 실현하고자 하는 욕",
      "options": [
        "Phase Ⅰ ② Phase Ⅱ",
        "Phase Ⅲ ④ Phase Ⅳ"
      ],
      "answer": null,
      "explanation": ""
    },
    {
      "no": 15,
      "question": "교육계획 수립 시 가장 먼저 실시하여야 하는 것은?\n단계 / 의식의 모드 / 생리적 상태",
      "options": [
        "교육내용의 결정",
        "실행교육계획서 작성",
        "교육의 요구사항 파악",
        "교육실행을 위한 순서, 방법, 자료의 검토"
      ],
      "answer": null,
      "explanation": ""
    },
    {
      "no": 1,
      "question": "교육의 필요점 및 요구사항 파악\n/ 안정기거, 휴식\n기출문제 해설은 최강 자격증 기출문제 전자문제집 CBT : www.comcbt.com 통해서 실시간으로 변경됩니다.\n본 해설집은 최강 자격증 기출문제 전자문제집 CBT 해설달기 프로젝트에 의해서 만들어진 자료입니다. 해설을 제공해 주신 모든 분들께 감사 드립니다.\n산업안전기사 ◐ 2021년 08월 14일 필기 기출문제 및 해설집◑ 전자문제집 CBT :www.comcbt.com\nPhase3: 상쾌 / 적극적 1. 최고경영자의 자세\n/ 적극활동 2. 안전조직의 라인화\nPhase4: 과긴장 / 일점집중현상, 긴급방위 / 감정 3. 자주관리 활동의 활성화\n흥분\n[해설작성자 : 유태균] <무재해운동 추진기법>---->\"삼자위원 TBM\"(3번 자문자답만\n메치시키면 쉽게 암기 가능)",
      "options": [],
      "answer": null,
      "explanation": ""
    },
    {
      "no": 18,
      "question": "산업안전보건법령상 사업장에서 산업재해 발생 시 사업주가",
      "options": [],
      "answer": null,
      "explanation": ""
    },
    {
      "no": 1,
      "question": "위험예지 훈련\n기록ㆍ보존하여야 하는 사항을 모두 고른 것은? (단, 산업재",
      "options": [],
      "answer": null,
      "explanation": ""
    },
    {
      "no": 2,
      "question": "원포인트 위험예지훈련\n해조사표와 요양신청서의 사본은 보존하지 않았다.)",
      "options": [],
      "answer": null,
      "explanation": ""
    },
    {
      "no": 3,
      "question": "자문자답 위험예지훈련",
      "options": [],
      "answer": null,
      "explanation": ""
    },
    {
      "no": 4,
      "question": "TBM 위험예지훈련",
      "options": [],
      "answer": null,
      "explanation": ""
    },
    {
      "no": 5,
      "question": "삼각위험예지훈련\n[해설작성자 : 허찬]\n[관리자 입니다.",
      "options": [
        "ㄱ, ㄹ ② ㄴ, ㄷ, ㄹ",
        "ㄱ, ㄴ, ㄷ ④ ㄱ, ㄴ, ㄷ, ㄹ"
      ],
      "answer": null,
      "explanation": ""
    },
    {
      "no": 19,
      "question": "A사업장의 조건이 다음과 같을 때 A사업장에서 연간재해발\n생으로 인한 근로손실일수는?",
      "options": [
        "time error ② omission error",
        "command error ④ extraneous error"
      ],
      "answer": null,
      "explanation": ""
    },
    {
      "no": 2,
      "question": "생략에러: 작업내지 절차를 주행하지 않는데서 기인하는 에러",
      "options": [
        "480 ② 720",
        "960 ④ 1440"
      ],
      "answer": null,
      "explanation": ""
    },
    {
      "no": 0,
      "question": "4=(x/(1000*2400))*1000\n생략 에러(부작위 에러)-Omission Error-\"안 한 것\", \"남은 것\"\nx=2400*0.4=960\n과잉행동 에러-Extraneous Act Error\n[해설작성자 : 행저]\n실행 에러(작위 에러)-Commission Error-\"한 것\", \"바뀐 것\"\n순서 에러-Sequential Error",
      "options": [],
      "answer": null,
      "explanation": ""
    },
    {
      "no": 20,
      "question": "무재해운동의 이념 중 선취의 원칙에 대한 설명으로 옳은\n시간 에러- Time Error\n것은?(관련 규정 개정전 문제로 여기서는 기존 정답인 3번\n[해설작성자 : 허찬]\n을 누르면 정답 처리됩니다. 자세한 내용은 해설을 참고하\n세요.)",
      "options": [],
      "answer": null,
      "explanation": ""
    },
    {
      "no": 22,
      "question": "스트레스의 영향으로 발생된 신체 반응의 결과인 스트레인",
      "options": [
        "사고의 잠재요인을 사후에 파악하는 것",
        "근로자 전원이 일체감을 조성하여 참여하는 것",
        "인지적 활동 - EEG",
        "위험요소를 사전에 발견, 파악하여 재해를 예방 또는 방",
        "육체적 동적 활동 - GSR",
        "정신 운동적 활동 - EOG",
        "관리감독자 또는 경영층에서의 자발적 참여로 안전 활동",
        "국부적 근육 활동 – EMG"
      ],
      "answer": null,
      "explanation": ""
    },
    {
      "no": 1,
      "question": "무의 원칙(zero 원칙)\nEMG-근전도(국부근육)",
      "options": [],
      "answer": null,
      "explanation": ""
    },
    {
      "no": 2,
      "question": "참가의 원칙\nRPE-운동자각도",
      "options": [],
      "answer": null,
      "explanation": ""
    },
    {
      "no": 3,
      "question": "선취의 원칙(안전제일)\nEEG-뇌파도(인지도)\nECG-심전도\n<무재해 3요소>\n기출문제 해설은 최강 자격증 기출문제 전자문제집 CBT : www.comcbt.com 통해서 실시간으로 변경됩니다.\n본 해설집은 최강 자격증 기출문제 전자문제집 CBT 해설달기 프로젝트에 의해서 만들어진 자료입니다. 해설을 제공해 주신 모든 분들께 감사 드립니다.\n산업안전기사 ◐ 2021년 08월 14일 필기 기출문제 및 해설집◑ 전자문제집 CBT :www.comcbt.com\nFFF-점멸융합주파수 오른쪽으로 돌리면 오른쪽으로가는것 등등\nEOG-안구전위도 [해설작성자 : 보라매 오키토키]\n3번 항의 EOG 정신적 운동 활동과 연관 여부는 미확인\n[해설작성자 : 허찬] 양립성: 가능한 한 사용자가 알고 있거나, 자연스러운 신호를 선\n택\nGSR-전기피부반응 ex) 긴급한 신호일 때 높은 주파수를 사용하고 높고 깊게 울리\n[해설작성자 : 참깨] 도록~\n[해설작성자 : 벤치마킹]",
      "options": [],
      "answer": null,
      "explanation": ""
    },
    {
      "no": 3,
      "question": "EOG- 안구반응: 망막질환진산 수단",
      "options": [],
      "answer": null,
      "explanation": ""
    },
    {
      "no": 25,
      "question": "FTA에 대한 설명으로 가장 거리가 먼 것은?\n[해설작성자 : comcbt.com 이용자]",
      "options": [
        "정성적 분석만 가능",
        "하향식(top-down) 방법",
        "복잡하고 대형화된 시스템에 활용",
        "논리게이트를 이용하여 도해적으로 표현하여 분석하는"
      ],
      "answer": 1,
      "explanation": ""
    },
    {
      "no": 23,
      "question": "일반적인 시스템의 수명곡선(욕조곡선)에서 고장형태 중 증 FTA- 연량 톱다운방식(연역식,정량적,Top Down-하향식)\n가형 고장률을 나타내는 기간으로 옳은 것은? [해설작성자 : comcbt.com 이용자]",
      "options": [
        "우발 고장기간 ② 마모 고장기간",
        "초기 고장기간 ④ Burn-in 고장기간 정성적, 정량적 둘다 사용가능합니다"
      ],
      "answer": null,
      "explanation": ""
    },
    {
      "no": 1,
      "question": "초기고장 : 사용개시후 비교적 초기 스트레스에 견디지 못하\n게 되어 고장이 발생하는 구간이며 고장률은 감소 하는 경향을 FTA(fault tree analysis) : 특정 사고에 대해 그 사고의 원인이\n보임 되는 장치 및 기기 결함이나 작업자 오류들을 연역적이며 정량",
      "options": [],
      "answer": null,
      "explanation": ""
    },
    {
      "no": 2,
      "question": "우발고장 : 시간의 경과와 더불어 시스템 또는 제품이 안정화 적으로 평가하는 방법.\n되면서 사용조건의 우발적인 변화에 기인하여 발생하는 고장. [해설작성자 : 남준희]\n고장율 일정.",
      "options": [],
      "answer": null,
      "explanation": ""
    },
    {
      "no": 26,
      "question": "발생 확률이 동일한 64가지의 대안이 있을 때 얻을 수 잇는",
      "options": [],
      "answer": null,
      "explanation": ""
    },
    {
      "no": 3,
      "question": "마모고장 : 일정 기간 경과 후 마모 또는 노후에 기인하여 발\n총 정보량은?\n생, 설비의 고장률이 증가함.",
      "options": [
        "6bit ② 16bit",
        "32bit ④ 64bit"
      ],
      "answer": null,
      "explanation": ""
    },
    {
      "no": 24,
      "question": "청각적 표시장치의 설계 시 적용하는 일반 원리에 대한 설 <문제 해설>\n명으로 틀린 것은? 2*2*2*2*2*2=64 1bit=0,1 2ea를 말함(64를 끝까지 나눌 경우",
      "options": [
        "양립성이란 긴급용 신호일 때는 낮은 주파수를 사용하는 2,2,2,2,2,2-->2가 6개 나옴)",
        "검약성이란 조작자에 대한 입력신호는 꼭 필요한 정보만 1bit 6개이므로 6bit",
        "근사성이란 복잡한 정보를 나타내고자 할 때 2단계의 신",
        "분리성이란 두 가지 이상의 채널을 듣고 있다면 각 채널"
      ],
      "answer": null,
      "explanation": ""
    },
    {
      "no": 27,
      "question": "인간-기계 시스템의 설계 과정을 [보기]와 같이 분류할 때\n<문제 해설>\n다음 중 인간, 기계의 기능을 할당하는 단계는?\n양립성의 종류 (개념, 이동, 공간, 양식 총 네 가지)",
      "options": [],
      "answer": null,
      "explanation": ""
    },
    {
      "no": 1,
      "question": "개념 양립성(conceptual compatibility)\n코드와 기호가 사람들이 가진 개념과 어느정도 연관되는가\n를 다루는 것입니다..예를 들어 개념 양립성이란 사람들이 사용\n할 코드와 기호가 얼마나 의미를 가진 것인가에 관한 것입니\n다..(긴급 신호일 때는 그 개념에 맞게 높은 주파수를 사용한다.)\n[해설작성자 : comcbt.com 이용자]",
      "options": [
        "기본 설계",
        "인터페이스 설계",
        "시스템의 목표와 성능명세 결정",
        "보조물 설계 혹은 편의수단 설계 것은?",
        "선반의 높이",
        "공구의 크기"
      ],
      "answer": null,
      "explanation": ""
    },
    {
      "no": 1,
      "question": "기능의 할당 ③ 출입문의 크기",
      "options": [
        "출입문의 크기"
      ],
      "answer": null,
      "explanation": ""
    },
    {
      "no": 2,
      "question": "인간의 성능조건 ④ 안내 데스크의 높이",
      "options": [
        "안내 데스크의 높이"
      ],
      "answer": null,
      "explanation": ""
    },
    {
      "no": 3,
      "question": "직무분석 <문제 해설>",
      "options": [],
      "answer": null,
      "explanation": ""
    },
    {
      "no": 4,
      "question": "작업설계 최대치 : 출입문,통로,비상구\n[해설작성자 : 허찬] 평균치 : 안내데스크\n최소치 : 선반의 높이,조정장치\n**인간-기계 시스템의 평가척도나 변수--->\"종속변수\" [해설작성자 : 허찬]\n[해설작성자 : 허찬]",
      "options": [],
      "answer": null,
      "explanation": ""
    },
    {
      "no": 30,
      "question": "인간공학의 궁극적인 목적과 가장 관계가 깊은 것은?",
      "options": [],
      "answer": null,
      "explanation": ""
    },
    {
      "no": 28,
      "question": "FT도에서 최소 컷셋을 올바르게 구한 것은?",
      "options": [
        "경제성 향상",
        "인간 능력의 극대화",
        "설비의 가동률 향상",
        "안전성 및 효율성 향상"
      ],
      "answer": null,
      "explanation": ""
    },
    {
      "no": 1,
      "question": "인간공학의 궁극적인 목적: 안전성 제고와 능률의 향상.",
      "options": [
        "안정성의 향상과 사고방지",
        "기계 조작의 능률성과 생산성의 방향",
        "쾌적성",
        "(XI, X2) ② (X1, X3)"
      ],
      "answer": null,
      "explanation": ""
    },
    {
      "no": 31,
      "question": "‘화재 발생’이라는 시작(초기)사상에 대하여, 화재감지기, 화\n③ (X2, X3) ④ (X1, X2, X3)\n재 경보, 스프링클러 등의 성공 또는 실패 작동여부와 그\n<문제 해설>\n확률에 따른 피해 결과를 분석하는데 가장 적합한 위험 분\nA1=(X1,X2)\n석 기법은?\nA2=(X1)or(X2)",
      "options": [
        "(X2, X3) ④ (X1, X2, X3)",
        "FTA ② ETA",
        "FHA ④ THERP"
      ],
      "answer": null,
      "explanation": ""
    },
    {
      "no": 1,
      "question": "FTA-연량 ,Top사상(연역식,정량-연량)\nA2=(X1)or(X2)→ A2=(X1)or(X3)",
      "options": [],
      "answer": null,
      "explanation": ""
    },
    {
      "no": 2,
      "question": "ETA-양귀:연속된 사건들의 발생 경로 분석(정량,귀납식-양\n[해설작성자 : comcbt.com 이용자]\n귀)-\"이(E)양귀\"-화재발생->화재감지기->화재경보->스프링클러",
      "options": [],
      "answer": null,
      "explanation": ""
    },
    {
      "no": 3,
      "question": "FHA-서브시스템\n반달 모양 = And 회로, 특징은 버튼 2개 동시에 눌러야만 작동.",
      "options": [],
      "answer": null,
      "explanation": ""
    },
    {
      "no": 4,
      "question": "THERT-인간-기계\n1개씩 눌르면 작동안함. 결국 엑스1과 엑스2는 무조건 부등켜",
      "options": [],
      "answer": null,
      "explanation": ""
    },
    {
      "no": 5,
      "question": "FMEA-귀성(귀납식,정성적-고장형태 및 영향부석)\n안고 가야함",
      "options": [],
      "answer": null,
      "explanation": ""
    },
    {
      "no": 6,
      "question": "FMECA-치명도",
      "options": [],
      "answer": null,
      "explanation": ""
    },
    {
      "no": 7,
      "question": "MORT-원자력,관범위\n초생달 모양 - OR 회로, 특징은 버튼 1개만 눌러도 작동, 물론",
      "options": [],
      "answer": null,
      "explanation": ""
    },
    {
      "no": 8,
      "question": "CA-위험도\n아무것도 안눌르면 작동안함.",
      "options": [],
      "answer": null,
      "explanation": ""
    },
    {
      "no": 9,
      "question": "DT-신뢰도\n결국 엑스1과 엑스3 중에 아무 놈이나 달고 가면 됨",
      "options": [],
      "answer": null,
      "explanation": ""
    },
    {
      "no": 10,
      "question": "HAZOP( AS WELL AS-증가/ PART OF-감소,REVERSE :논\n리적 반대-역)\n제일 대가리가 T라는 놈 특성이 And 회로, A1 부서에서 처올라",
      "options": [],
      "answer": null,
      "explanation": ""
    },
    {
      "no": 11,
      "question": "O & SHA- 운영 및 지원 위험분석\n온 부하 두 놈은 사장 아들 딸이라 생각하고",
      "options": [],
      "answer": null,
      "explanation": ""
    },
    {
      "no": 12,
      "question": "OHA -운용위험분석\n무조건 안고 가야 하는대, A2 부서에서 올라온 두 부하는 한녀\n[해설작성자 : 허찬]\n석만 쓰면 되므로,\n공통으로 들어가는 녀석은 엑스1, 그리고 무조건 써야 하는 엑 32. 여러 사람이 사용하는 의자의 좌판 높이 설계 기준으로 옳\n스2 은 것은?\n그래서 결국 까리하게 적는다면 T = X1,X2",
      "options": [
        "5% 오금높이 ② 50% 오금높이",
        "75% 오금높이 ④ 95% 오금높이"
      ],
      "answer": null,
      "explanation": ""
    },
    {
      "no": 29,
      "question": "일반적으로 인체측정치의 최대집단치를 기준으로 설계하는\n기출문제 해설은 최강 자격증 기출문제 전자문제집 CBT : www.comcbt.com 통해서 실시간으로 변경됩니다.\n본 해설집은 최강 자격증 기출문제 전자문제집 CBT 해설달기 프로젝트에 의해서 만들어진 자료입니다. 해설을 제공해 주신 모든 분들께 감사 드립니다.\n산업안전기사 ◐ 2021년 08월 14일 필기 기출문제 및 해설집◑ 전자문제집 CBT :www.comcbt.com\n의자의 최소높이-최소치(5% 오금높이) (1-0.01)^4\n[해설작성자 : 허찬] =0.99^4\n=0.96\n오금(무릎)높이보다 5% 낮게 설계 0.9^4=0.651\n[해설작성자 : 여긴어디고난누구냐] [해설작성자 : 홀민]",
      "options": [],
      "answer": null,
      "explanation": ""
    },
    {
      "no": 33,
      "question": "FTA에서 사용되는 사상기호 중 결함사상을 나타낸 기호로\n타이어 1개의 신뢰도는 (1-0.01=0.99)가 되며\n옳은 것은?\n자동차 타이어는 하나만 파열되도 시스템이 정지하므로 직렬 관\n계\n자동차의 신뢰도 = 0.99 * 0.99 * 0.99 * 0.99 = 0.96",
      "options": [
        "②"
      ],
      "answer": null,
      "explanation": ""
    },
    {
      "no": 36,
      "question": "다음 그림에서 명료도 지수는?\n③ ④\n<문제 해설>",
      "options": [
        "④"
      ],
      "answer": null,
      "explanation": ""
    },
    {
      "no": 1,
      "question": "원기(원-기본사상)",
      "options": [],
      "answer": null,
      "explanation": ""
    },
    {
      "no": 2,
      "question": "직결(직사각형-결함사상)",
      "options": [],
      "answer": null,
      "explanation": ""
    },
    {
      "no": 3,
      "question": "정부(정사각형-부정게이트)",
      "options": [],
      "answer": null,
      "explanation": ""
    },
    {
      "no": 4,
      "question": "삼전(삼각형-전이기호)",
      "options": [],
      "answer": null,
      "explanation": ""
    },
    {
      "no": 5,
      "question": "육억(육각형-억제게이트)",
      "options": [],
      "answer": null,
      "explanation": ""
    },
    {
      "no": 6,
      "question": "생마(마름모-생략사상)",
      "options": [],
      "answer": null,
      "explanation": ""
    },
    {
      "no": 7,
      "question": "다섯통(오각형-통상사상)\n[해설작성자 : 허찬]",
      "options": [],
      "answer": null,
      "explanation": ""
    },
    {
      "no": 34,
      "question": "기술개발과정에서 효율성과 위험성을 종합적으로 분석ㆍ판\n단할 수 있는 평가방법으로 가장 적절한 것은?",
      "options": [
        "0.38 ② 0.68",
        "Risk Assessment ③ 1.38 ④ 5.68",
        "Risk Management <문제 해설>",
        "Safety Assessment 명료도 지수=(-0.7*1)+(0.18*1)+(0.6*2)+(0.7*1)=1.38",
        "Technology Assessment [해설작성자 : 허찬]"
      ],
      "answer": null,
      "explanation": ""
    },
    {
      "no": 1,
      "question": "Risk Assessment 리스크 어세스먼트: 생산활동에 지장을 줄 여러분들의 많은 의견 부탁 드립니다.\n수 있는 리스크(Risk)를 파악하고 제거하는 활동 추후 여러분들의 의견을 반영하여 정답을 수정하도록 하겠습니",
      "options": [],
      "answer": null,
      "explanation": ""
    },
    {
      "no": 2,
      "question": "Risk Management 리스크 메니지먼트(무엇인지 모르겠음) 다.",
      "options": [],
      "answer": null,
      "explanation": ""
    },
    {
      "no": 3,
      "question": "Safety Assessment 세이프티 어세스먼트: 인적,물적 손실을 참고로 정답 변경은 오류 신고 5회 이상일 경우 수정합니다.\n방지하기 위한 설비 전 공정에 걸친 안전성 평가",
      "options": [],
      "answer": null,
      "explanation": ""
    },
    {
      "no": 4,
      "question": "Technology Assessment 테크놀로지 어세스먼트: 기술 개발 [오류 신고 내용]\n과정에서의 효율성과 위험성을 종합적으로 분석 판단하는 프로 문제 자체에 오류가 있습니다\n세스 Log 1/2은 -0.7이 아니라 -0.3이고 정정한 수치대로 계산하면",
      "options": [],
      "answer": null,
      "explanation": ""
    },
    {
      "no": 1,
      "question": "78이 되어야 합니다\n보기에 없는 안전성 평가의 종류 [해설작성자 : 산업기사 어렵다]\nHuman Assessment 휴먼 어세스먼트: 인적오류,인간,사고 상의\n평가 [오류신고 반론]\n[해설작성자 : 문과생임대빵] LOG 0.5는 소수점 반올림 0.7맞는뎁쇼\n[해설작성자 : 산업기사쉽다]",
      "options": [],
      "answer": null,
      "explanation": ""
    },
    {
      "no": 35,
      "question": "자동차를 타이어가 4개인 하나의 시스템으로 볼 때, 타이어\n1개가 파열될 확률이 0.01이라면, 이 자동차의 신뢰도는 약\n[추가 오류 신고]\n얼마인가?\n에듀X 교재에서는 Log 1/2는 -0.3이라고 명시되어 있고",
      "options": [
        "0.91 ② 0.93",
        "0.96 ④ 0.99"
      ],
      "answer": null,
      "explanation": ""
    },
    {
      "no": 38,
      "question": "FMEA 분석 시 고장평점법의 5가지 평가요소에 해당하지 않\n다른 문제집 확인 가능한분 계시면 확인 부탁 드립니다.\n는 것은?\n신고시 출판사명까지 기제 부탁 드립니다.]",
      "options": [
        "고장발생의 빈도",
        "신규설계의 가능성",
        "기능적 고장 영향의 중요도",
        "영향을 미치는 시스템의 범위"
      ],
      "answer": null,
      "explanation": ""
    },
    {
      "no": 0,
      "question": "5는 -0.7이 맞습니다.\n\"중요도 범위와 빈도는 고장방지의 가능성과 신규설계의 정도에\n[해설작성자 : ㅇㅅㅇ]\n있다.\"\n[해설작성자 : 허찬]\n[추가 오류 신고]\nlog0.5 = -0.3이 맞습니다.",
      "options": [],
      "answer": null,
      "explanation": ""
    },
    {
      "no": 2,
      "question": "신규설계의 가능성이 아니라 정도\n공학의 log e는 자연상수의 log 값으로 해당 문제의 풀에 맞지\n[해설작성자 : 어허]\n않습니다.\n[해설작성자 : 공학석사 안전관리자]",
      "options": [],
      "answer": null,
      "explanation": ""
    },
    {
      "no": 39,
      "question": "건구온도 30℃, 습구온도 35℃일 때의 옥스퍼드(Oxford) 지\n수는?",
      "options": [],
      "answer": null,
      "explanation": ""
    },
    {
      "no": 37,
      "question": "정보수용을 위한 작업자의 시각 영역에 대한 설명으로 옳은",
      "options": [
        "20.75 ② 24.58",
        "30.75 ④ 34.25",
        "판별시야 – 안구운동만으로 정보를 주시하고 순간적으로",
        "유효시야 – 시력, 색판별 등의 시각 기능이 뛰어나며 정",
        "보조시야 – 머리부분의 운동이 안구운동을 돕는 형태로",
        "유도시야 – 제시된 정보의 존재를 판별할 수 있는 정도"
      ],
      "answer": null,
      "explanation": ""
    },
    {
      "no": 40,
      "question": "설비보전에서 평균수리시간을 나타내는 것은?\n란\"",
      "options": [
        "MTBF ② MTTR",
        "MTTF ④ MTBP"
      ],
      "answer": null,
      "explanation": ""
    },
    {
      "no": 1,
      "question": "MTBF:평균고장시간간격 (Mean Time Between Failure)\n위)-->\"유도공간\" \"뭔가 있다\" ---공간좌표",
      "options": [],
      "answer": null,
      "explanation": ""
    },
    {
      "no": 2,
      "question": "MTTR:평균수리시간 (Mean Time To Repair)\n[해설작성자 : 허찬]",
      "options": [],
      "answer": null,
      "explanation": ""
    },
    {
      "no": 3,
      "question": "MTTF:평균고장시간 (Mean Time To Failure)\n예시로 쉽게 이해해보기 (운전 중 상황)\n3과목 : 기계위험방지기술\n•앞 유리에 있는 내비게이션 → 유효시야\n•정면 교통표지판에 쓰인 숫자 → 판별시야 41. 산업안전보건법령상 사업장내 근로자 작업환경 중 ‘강렬한\n•조수석 옆에 있는 물병 → 보조시야 소음작업’에 해당하지 않는 것은?\n•후방에서 누가 다가오는 느낌 → 유도시야",
      "options": [
        "85데시벨 이상의 소음이 1일 10시간 이상 발생하는 작",
        "51 ④ 55",
        "90데시벨 이상의 소음이 1일 8시간 이상 발생하는 작업 <문제 해설>",
        "95데시벨 이상의 소음이 1일 4시간 이상 발생하는 작업 Y=6+0.1x",
        "100데시벨 이상의 소음이 1일 2시간 이상 발생하는 작 [해설작성자 : 댕이아빠]"
      ],
      "answer": null,
      "explanation": ""
    },
    {
      "no": 1,
      "question": "“소음작업”이란 1일 8시간 작업을 기준으로 85데시벨 이상의 [해설작성자 : 코이루]\n소음이 발생하는 작업을 말한다.",
      "options": [],
      "answer": null,
      "explanation": ""
    },
    {
      "no": 2,
      "question": "“강렬한 소음작업”이란 다음 각목의 어느 하나에 해당하는 가드의 개구간격은 X<160mm일 경우 Y=6+0.15*X\n작업을 말한다. (X=안전거리, Y= 최대개구간격)\n가. 90데시벨 이상의 소음이 1일 8시간 이상 발생하는 작업 단. 일반평형보호망, 위험점이 전동체인인경우에는\n나. 95데시벨 이상의 소음이 1일 4시간 이상 발생하는 작업 Y=6+0.1*X 가되며\n다..100데시벨 이상의 소음이 1일 2시간 이상 발생하는 작업 위 문제는 평형보호망을 설치 하므로 Y=6+0.1*350 = 41mm\n라. 105데시벨 이상의 소음이 1일 1시간 이상 발생하는 작업 [해설작성자 : 산업안전초보]\n마. 110데시벨 이상의 소음이 1일 30분 이상 발생하는 작업\n바. 115데시벨 이상의 소음이 1일 15분 이상 발생하는 작업 KOSHA Guide M-135-2023\n[해설작성자 : comcbt.com 이용자] 개구부 간격\n가드를 설치할 때 일반적인 개구부의 간격은 다음의 수식으로\n90데시벨 8시간 확실하게 외우고 5데시벨 증가할때마다 시간은 계산한다.\n절반씩 줄이면 됩니다 y = 6 + 0.15 x (x < 160mm)\n[해설작성자 : 보라매 오키토키] (단: x ≧ 160mm 이면 y=30)\n여기서 x : 개구부에서 위험점까지의 최단거리(mm)\n바 115 데시벨 소음 1일15분 y : 개구부의 간격(mm)\n115 / 115 하나만 외우고 데시벨은 5씩 감소 소음은 x2 해도 다만, 위험점이 전동체인 경우 개구부의 간격은 다음식으로 계\n됩니다 산한다.\n[해설작성자 : 내일시험 ㅜ] y = 6 + x/10 (단, x < 760mm에서 유효)\n여기서 x : 개구부에서 전동대차 위험점까지의 최단거리(mm)",
      "options": [],
      "answer": null,
      "explanation": ""
    },
    {
      "no": 42,
      "question": "산업안전보건법령상 프레스의 작업 시작 전 점검 사항이 아\ny : 개구부의 간격(mm)\n닌 것은?",
      "options": [
        "슬라이드 또는 칼날에 의한 위험방지 기구의 기능",
        "프레스의 금형 및 고정볼트 상태",
        "전단기의 칼날 및 테이블의 상태",
        "권과방지장치 및 그 밖의 경보장치의 기능 44. 다음 연삭숫돌의 파괴원인 중 가장 적절하지 않은 것은?",
        "숫돌의 회전속도가 너무 빠른 경우",
        "플랜지의 직경이 숫돌 직경의 1/3이상으로 고정된 경우"
      ],
      "answer": null,
      "explanation": ""
    },
    {
      "no": 1,
      "question": "브레이크 및 클러치의 정상 작동 여부 ③ 숫돌 자체에 균열 및 파손이 있는 경우",
      "options": [
        "숫돌 자체에 균열 및 파손이 있는 경우"
      ],
      "answer": null,
      "explanation": ""
    },
    {
      "no": 2,
      "question": "크랭크 축, 플라이 휠, 연결봉 등의 체결 나사의 풀림 여부 ④ 숫돌에 과대한 충격을 준 경우",
      "options": [
        "숫돌에 과대한 충격을 준 경우"
      ],
      "answer": null,
      "explanation": ""
    },
    {
      "no": 3,
      "question": "급정지장치 및 비상정지장치 정상작동 여부 <문제 해설>",
      "options": [],
      "answer": null,
      "explanation": ""
    },
    {
      "no": 4,
      "question": "위험방지 기구등의 기능 정상 작동 여부 2번 -> 플랜지가 현저히 작을 때 연삭숫돌이 파괴될 수 있음(플",
      "options": [],
      "answer": null,
      "explanation": ""
    },
    {
      "no": 5,
      "question": "프레스 금형등의 도정 상태 랜지의 직경이 숫돌 직경의 1/3이상일 것)",
      "options": [],
      "answer": null,
      "explanation": ""
    },
    {
      "no": 6,
      "question": "프레스 방호장치 정상 설치 상태 [해설작성자 : 합격뿌!]\n(권과방지 장치 및 그 밖의 경보장치는 크레인 등의 사용전 점",
      "options": [],
      "answer": null,
      "explanation": ""
    },
    {
      "no": 45,
      "question": "화물중량이 200kgf, 지게차의 중량이 400kgf, 앞바퀴에서\n검사항 임)\n화물의 무게중심까지의 최단거리가 1m일 때 지게차가 안정\n[해설작성자 : comcbt.com 이용자]\n되기 위하여 앞바퀴에서 지게차의 무게중심까지 최단거리는\n최소 몇 m를 초과해야 하는가?\n권과방지장치 = 크레인",
      "options": [
        "0.2m ② 0.5m",
        "1m ④ 2m"
      ],
      "answer": null,
      "explanation": ""
    },
    {
      "no": 43,
      "question": "동력전달부분의 전방 35cm 위치에 일반 평형보호망을 설치 200kgfx1m<400kgfx미지수(m)\n하고자 한다. 보호망의 최대 구멍의 크기는 몇 mm인가? x>0.5m",
      "options": [
        "41 ② 45 [해설작성자 : comcbt.com 이용자]"
      ],
      "answer": null,
      "explanation": ""
    },
    {
      "no": 46,
      "question": "산업안전보건법령상 압력용기에서 안전인증된 파열판에 안 48. 산업안전보건법령상 프레스를 제외한 사출성형기ㆍ주형조형\n전인증 표시 외에 추가로 나타내어야 하는 사항이 아닌 것 기 및 형단조기 등에 관한 안전조치 사항으로 틀린 것은?\n은?",
      "options": [
        "근로자의 신체 일부가 말려들어갈 우려가 있는 경우에는",
        "분출차(%) ② 호칭지름 양수조작식 방호장치를 설치하여 사용한다.",
        "용도(요구성능) ④ 유체의 흐름방향 지시 ② 게이트 가드식 방호장치를 설치할 경우에는 연동구조를",
        "사출성형기의 전면에 작업용 발판을 설치할 경우 근로자"
      ],
      "answer": null,
      "explanation": ""
    },
    {
      "no": 1,
      "question": "호칭지름 가 쉽게 미끄러지지 않는 구조여야 한다.",
      "options": [],
      "answer": null,
      "explanation": ""
    },
    {
      "no": 2,
      "question": "용도(요구성능) ④ 기계의 히터 등의 가열 부위, 감전 우려가 있는 부위에",
      "options": [
        "기계의 히터 등의 가열 부위, 감전 우려가 있는 부위에"
      ],
      "answer": null,
      "explanation": ""
    },
    {
      "no": 3,
      "question": "유체의 흐름방향 지시 는 방호덮개를 설치하여 사용한다.",
      "options": [],
      "answer": null,
      "explanation": ""
    },
    {
      "no": 4,
      "question": "파열판 재질 <문제 해설>",
      "options": [],
      "answer": null,
      "explanation": ""
    },
    {
      "no": 5,
      "question": "설치압력 및 설정온도 문을 닫지 않고 동작하게 되면 큰일 남.\n[해설작성자 : comcbt.com 이용자] [해설작성자 : 뚝배기 기사]",
      "options": [],
      "answer": null,
      "explanation": ""
    },
    {
      "no": 49,
      "question": "연강의 인장강도가 420MPa이고, 허용응력이 140MPa이라\n[안전인증 안전밸브 표시사항]\n면 안전율은?\n호칭지름",
      "options": [
        "1 ② 2",
        "3 ④ 4"
      ],
      "answer": null,
      "explanation": ""
    },
    {
      "no": 50,
      "question": "밀링 작업 시 안전 수칙에 관한 설명으로 틀린 것은?\n[안전인증 파열판 표시사항]",
      "options": [
        "칩은 기계를 정지시킨 다음에 브러시 등으로 제거한다.",
        "일감 또는 부속장치 등을 설치하거나 제거할 때는 반드",
        "면장갑을 반드시 끼고 작업한다.",
        "강력 절삭을 할 때는 일감을 바이스에 깊게 물린다."
      ],
      "answer": null,
      "explanation": ""
    },
    {
      "no": 47,
      "question": "선반에서 일감의 길이가 지름에 비하여 상당히 길 때 사용\n면장갑의 끼임으로 인해 신체 일부(손)가 빨려들어가는 상황 발\n하는 부속품으로 절삭 시 절삭저항에 의한 일감의 진동을\n생\n방지하는 장치는?\n[해설작성자 : 파워변]",
      "options": [
        "칩 브레이커 ② 척 커버",
        "방진구 ④ 실드"
      ],
      "answer": null,
      "explanation": ""
    },
    {
      "no": 51,
      "question": "다음 중 프레스기에 사용되는 방호장치에 있어 원칙적으로\n<문제 해설>\n급정지 기구가 부착되어야만 사용할 수 있는 방식은?",
      "options": [],
      "answer": null,
      "explanation": ""
    },
    {
      "no": 1,
      "question": "칩 브레이커 : 칩을 짧게 절단하는 장치",
      "options": [
        "양수조작식 ② 손쳐내기식"
      ],
      "answer": null,
      "explanation": ""
    },
    {
      "no": 2,
      "question": "척 커버 : 기어 등을 복개하는 장치\n③ 가드식 ④ 수인식",
      "options": [
        "가드식 ④ 수인식"
      ],
      "answer": null,
      "explanation": ""
    },
    {
      "no": 3,
      "question": "방진구 : 일감의 길이가 지름에 비하여 상당히 길때 사용하는\n<문제 해설>\n부속품으로 절삭 시 절삭저항에 의한 진동을 방지\n1행정 1정지식: 양수조작식",
      "options": [],
      "answer": null,
      "explanation": ""
    },
    {
      "no": 4,
      "question": "쉴드 : 침 및 절삭유의 비산을 방지하기 위해 설치하는 플라스\n+누름버튼 상호간 거리(내측:300mm이상)\n틱 덮개\n[해설작성자 : comcbt.com 이용자]\n[해설작성자 : 궁금만땅]",
      "options": [],
      "answer": null,
      "explanation": ""
    },
    {
      "no": 52,
      "question": "산업안전보건법령상 지게차의 최대하중의 2배 값이 6톤일\n문제의 진동을 방지하는 장치라는 해설을 참조하여 경우 헤드가드의 강도는 몇 톤의 등분포정하중에 견딜 수\n보기의 사전적 의미를 찾으면 쉽게 답을 찾을 수 있음. 있어야 하는가?\nㄴ 방진 ... 진동을 방지",
      "options": [
        "4 ② 6",
        "8 ④ 10"
      ],
      "answer": null,
      "explanation": ""
    },
    {
      "no": 56,
      "question": "프레스기의 안전대책 중 손을 금형 사이에 집어넣을 수 없\n[해설작성자 : comcbt.com 이용자]\n도록 하는 본질적 안전화를 위한 방식(no-hand in die)에\n해당하는 것은?\n강도는 지게차의 최대하중의 2배 값(4톤을 넘는 값에 대해서는",
      "options": [
        "수인식 ② 광전자식",
        "방호울식 ④ 손쳐내기식"
      ],
      "answer": null,
      "explanation": ""
    },
    {
      "no": 53,
      "question": "강자성체를 자화하여 표면의 누설자속을 검출하는 비파괴 방호울이 설치되면 손이 들어갈 틈이 없겠죠??\n검사 방법은? [해설작성자 : comcbt.com 이용자]",
      "options": [
        "방사선 투과 시험",
        "인장시험 No hand in die 방식 종류",
        "초음파 탐상 시험 안전울 부착 프레스",
        "자분 탐상 시험 안전금형 부착 프레스"
      ],
      "answer": null,
      "explanation": ""
    },
    {
      "no": 57,
      "question": "회전하는 부분의 접선방향으로 몰려 들어갈 위험이 존재하\n[해설작성자 : 한번에 붙자 ]\n는 점으로 주로 체인, 풀리, 벨트, 기어와 랙 등에서 형성되",
      "options": [],
      "answer": null,
      "explanation": ""
    },
    {
      "no": 54,
      "question": "산업안전보건법령상 보일러 방호장치로 거리가 가장 먼 것 는 위험점은?\n은?",
      "options": [
        "끼임점 ② 협착점",
        "고저수위 조절장치 ③ 절단점 ④ 접선물림점",
        "아웃트리거 <문제 해설>",
        "압력방출장치 산업재해 명칭으로는 끼임, 협착, 절단이 있으나 문제에서는 위",
        "압력제한스위치 험점을 묻고 있으므로 정답은 4번"
      ],
      "answer": null,
      "explanation": ""
    },
    {
      "no": 2,
      "question": "끼임점 - 회전 또는 직선 + 고정",
      "options": [],
      "answer": null,
      "explanation": ""
    },
    {
      "no": 55,
      "question": "산업안전보건법령상 아세틸렌 용접장치에 관한 설명이다. (",
      "options": [],
      "answer": null,
      "explanation": ""
    },
    {
      "no": 3,
      "question": "절단점 - 회전\n)안에 공통으로 들어갈 내용으로 옳은 것은?",
      "options": [],
      "answer": null,
      "explanation": ""
    },
    {
      "no": 4,
      "question": "물림점 - 회전 + 회전",
      "options": [],
      "answer": null,
      "explanation": ""
    },
    {
      "no": 5,
      "question": "접선물림점 - 회전 + 접선",
      "options": [],
      "answer": null,
      "explanation": ""
    },
    {
      "no": 6,
      "question": "회전말림점 - 돌기회전\n[해설작성자 : 기계.기구 및 설비]",
      "options": [],
      "answer": null,
      "explanation": ""
    },
    {
      "no": 58,
      "question": "산업안전보건법령상 양중기에 해당하지 않는 것은? (문제\n오류로 가답안 발표시 3번으로 발표되었지만 확정 답안 발",
      "options": [
        "분기장치 표시 3, 4번이 정답처리 되었습니다. 여기서는 가답안인 3",
        "자동발생 확인장치 번을 누르면 정답 처리 됩니다.)",
        "유수 분리장치 ① 곤돌라",
        "안전기 ② 이동식 크레인",
        "적재하중 0.05톤의 이삿짐운반용 리프트 화물용 엘리베"
      ],
      "answer": null,
      "explanation": ""
    },
    {
      "no": 1,
      "question": "아세틸렌 용접장치의 취관마다 안전기를 설치하여야 한다..다 ④ 화물용 엘리베이터\n만, 주관 및 취관에 가장 가까운 분기관마다 안전기를 부착한 <문제 해설>\n경우에는 그러하지 아니하다. 양중기의 종류",
      "options": [
        "화물용 엘리베이터"
      ],
      "answer": null,
      "explanation": ""
    },
    {
      "no": 2,
      "question": "가스용기가 발생기와 분리되어 있는 아세틸렌 용접장치에 대 1) 크레인\n하여는 발생기와 가스용기 사이에 안전기를 설치하여야 한다. 2) 이동식 크레인\n[해설작성자 : 꿀2] 3) 리프트\n기출문제 해설은 최강 자격증 기출문제 전자문제집 CBT : www.comcbt.com 통해서 실시간으로 변경됩니다.\n본 해설집은 최강 자격증 기출문제 전자문제집 CBT 해설달기 프로젝트에 의해서 만들어진 자료입니다. 해설을 제공해 주신 모든 분들께 감사 드립니다.\n산업안전기사 ◐ 2021년 08월 14일 필기 기출문제 및 해설집◑ 전자문제집 CBT :www.comcbt.com\n4) 곤돌라 [해설작성자 : 산업안전초보]\n5) 승강기\n[해설작성자 : 모두다 화이팅!]\n4과목 : 전기위험방지기술",
      "options": [],
      "answer": null,
      "explanation": ""
    },
    {
      "no": 61,
      "question": "피뢰시스템의 등급에 따른 회전구체의 반지름으로 틀린 것\n이삿짐용 리프트는 적재하중 0.1ton 이상\n은?\n[해설작성자 : comcbt.com 이용자]",
      "options": [
        "Ⅰ등급: 20m ② Ⅱ등급: 30m",
        "Ⅲ등급: 40m ④ Ⅳ등급: 60m"
      ],
      "answer": null,
      "explanation": ""
    },
    {
      "no": 1,
      "question": "크레인[호이스트(hoist)를 포함한다]\n1등급 20m",
      "options": [],
      "answer": null,
      "explanation": ""
    },
    {
      "no": 2,
      "question": "이동식 크레인\n2등급 30m",
      "options": [],
      "answer": null,
      "explanation": ""
    },
    {
      "no": 3,
      "question": "리프트(이삿짐운반용 리프트의 경우에는 적재하중이 0.1톤 이\n3등급 45m\n상인 것으로 한정한다)\n4등급 60m",
      "options": [],
      "answer": null,
      "explanation": ""
    },
    {
      "no": 4,
      "question": "곤돌라\n[해설작성자 : 임영환]",
      "options": [],
      "answer": null,
      "explanation": ""
    },
    {
      "no": 5,
      "question": "승강기\n내압방폭구조 플랜지 개구부와 장애물까지 최소거리\n승강기\n- IIA: 10mm",
      "options": [],
      "answer": null,
      "explanation": ""
    },
    {
      "no": 1,
      "question": "승객용 엘리베이터\n- IIB: 30mm",
      "options": [],
      "answer": null,
      "explanation": ""
    },
    {
      "no": 2,
      "question": "승객화물용 엘리베이터\n- IIC: 40mm",
      "options": [],
      "answer": null,
      "explanation": ""
    },
    {
      "no": 3,
      "question": "소형화물용, 화물용 엘리베이터\n[해설작성자 : 혹시나해서준비했어]",
      "options": [],
      "answer": null,
      "explanation": ""
    },
    {
      "no": 4,
      "question": "에스컬레이터",
      "options": [],
      "answer": null,
      "explanation": ""
    },
    {
      "no": 62,
      "question": "전류가 흐르는 상태에서 단로기를 끊었을 때 여러 가지 파\n승강기에 화물용 엘리베이터가 포함되므로 3, 4 모두 정답처리\n괴작용을 일으킨다. 다음 그림에서 유입차단기의 차단순서\n될 수 없습니다..\n와 투입순서가 안전수칙에 가장 적합한 것은?\n[해설작성자 : 닥터김]",
      "options": [],
      "answer": null,
      "explanation": ""
    },
    {
      "no": 59,
      "question": "다음 설명 중 ( )안에 알맞은 내용은?",
      "options": [
        "차단: ㉮→㉯→㉰, 투입: ㉮→㉯→㉰",
        "1/4 ② 1/3",
        "차단: ㉯→㉰→㉮, 투입: ㉯→㉰→㉮",
        "1/2.5 ④ 1/2",
        "차단: ㉰→㉯→㉮, 투입: ㉰→㉮→㉯",
        "차단: ㉯→㉰→㉮, 투입: ㉰→㉮→㉯"
      ],
      "answer": null,
      "explanation": ""
    },
    {
      "no": 60,
      "question": "산업안전보건법령상 지게차에서 통상적으로 갖추고 있어야\n하나, 마스트의 후방에서 화물이 낙하함으로써 근로자에게\n차단기, 단로기 동작 비교는 아실테고\n위험을 미칠 우려가 없는 때에는 반드시 갖추지 않아도 되\n단로기 2개(전원측,부하측)중에 뭘 먼저 동작시킬건지는\n는 것은?\n차단하거나 투입할태나 항상 부하에 가까운 것부터 동작시키면",
      "options": [
        "전조등 ② 헤드가드",
        "백레스트 ④ 포크"
      ],
      "answer": null,
      "explanation": ""
    },
    {
      "no": 63,
      "question": "다음은 무슨 현상을 설명한 것인가?\n을 방지하기 위한 backrest를 설치 하여야 한다\n사업주는 백레스트를 갖추지 아니한 지게차를 사용해서는 아니\n된다.\n(단. 마스트의 후방에서 화물이 낙하함으로써 근로자가 위험해질\n우려가 없는 경우에는 그러하지 아니하다)\n기출문제 해설은 최강 자격증 기출문제 전자문제집 CBT : www.comcbt.com 통해서 실시간으로 변경됩니다.\n본 해설집은 최강 자격증 기출문제 전자문제집 CBT 해설달기 프로젝트에 의해서 만들어진 자료입니다. 해설을 제공해 주신 모든 분들께 감사 드립니다.\n산업안전기사 ◐ 2021년 08월 14일 필기 기출문제 및 해설집◑ 전자문제집 CBT :www.comcbt.com",
      "options": [
        "대전 ② 충전 (300^2/200^2)*0.3 = 0.675x100= 67.5%",
        "방전 ④ 열전"
      ],
      "answer": null,
      "explanation": ""
    },
    {
      "no": 67,
      "question": "피뢰기의 제한 전압이 752kV이고 변압기의 기준충격 절연\n<문제 해설>\n강도가 1050kV이라면, 보호 여유도(%)는 약 얼마인가?\n정전기 방전 현상에 대한 내용이다.",
      "options": [
        "18 ② 28",
        "40 ④ 43"
      ],
      "answer": null,
      "explanation": ""
    },
    {
      "no": 39,
      "question": "6276... 반올림 40%\n전하가 이동하는 현상 -> \"방전\"\n[해설작성자 : comcbt.com 이용자]\n[해설작성자 : 화이팅]\n보호여유도 = {(충격절연강도-제한전압) / 제한전압} x 100\n방전은 전위차가 있는 두개의 대전체가 거리를 두고 일으키는\n{(1050-752)/752}x100 = 39.6276... 반올림 40%\n반응이고\n[해설작성자 : comcbt.com 이용자]\n대전은 접촉 또는 접촉과분리를 반복하면서 발생하는 전하량 평\n형의 깨짐\n[(1050/752)-1]*100=39.6276\n[해설작성자 : 원조로미]\n[해설작성자 : 허찬]",
      "options": [],
      "answer": null,
      "explanation": ""
    },
    {
      "no": 64,
      "question": "정전기 재해를 예방하기 위해 설치하는 제전기의 제전효율",
      "options": [],
      "answer": null,
      "explanation": ""
    },
    {
      "no": 68,
      "question": "절연물의 절연불량 주요원인으로 거리가 먼 것은?\n은 설치 시에 얼마 이상이 되어야 하는가?",
      "options": [
        "진동, 충격 등에 의한 기계적 요인",
        "40%이상 ② 50%이상",
        "산화 등에 의한 화학적 요인",
        "70%이상 ④ 90%이상",
        "온도상승에 의한 열적 요인",
        "정격전압에 의한 전기적 요인"
      ],
      "answer": null,
      "explanation": ""
    },
    {
      "no": 3,
      "question": "2.1.4 제전기의 설치\n1) 높은 이상전압 등에 의한 전기적 요인\n(1) 제전기의 설치 전 후에 전위를 측정하여 제전의 목표치를\n2) 진동, 충격 등에 의한 기계적 요인\n만족하는 위치 또는 제전효율이 \"90%\"인 위치\n3) 산화 등에 의한 화학적 요인\n[해설작성자 : 법령 찾는거 재밌네]\n4) 온도상승에 의한 열적 요인",
      "options": [],
      "answer": null,
      "explanation": ""
    },
    {
      "no": 65,
      "question": "정전기 화재폭발 원인으로 인체대전에 대한 예방대책으로 [해설작성자 : 노력원숭이]\n옳지 않은 것은?",
      "options": [
        "Wrist Strap을 사용하여 접지선과 연결한다. 정격 전압: 전기 기기가 안전하고 정상적으로 작동하기 위해 필",
        "대전방지제를 넣은 제전복을 착용한다. 요한 표준 전압을 의미합니다..기기 설계 시 미리 정해진 전압으",
        "대전방지 성능이 있는 안전화를 착용한다. 로 작동시켜야 안정성과 수명을 보장할 수 있으며, 정격 전압보",
        "바닥 재료는 고유저항이 큰 물질로 사용한다. 다 낮거나 높으면 작동이 불안정해지거나 심한 경우 손상될 수"
      ],
      "answer": null,
      "explanation": ""
    },
    {
      "no": 4,
      "question": "고유저항이 작아야 바닥으로 (누설)전류가 흐르겠죠? [해설작성자 : 김툴툴]\n[해설작성자 : 전기기샤]",
      "options": [],
      "answer": null,
      "explanation": ""
    },
    {
      "no": 69,
      "question": "고장전류를 차단할 수 있는 것은?",
      "options": [
        "차단기(CB) ② 유입 개폐기(OS)",
        "단로기(DS) ④ 선로 개폐기(LS)"
      ],
      "answer": null,
      "explanation": ""
    },
    {
      "no": 66,
      "question": "정격사용률이 30%, 정격2차전류가 300A인 교류아크 용접기 1. 차단기: 부하전휴 개폐는 물론 고장전류도 차단 가능.\n를 200A로 사용하는 경우의 허용사용률(%)은? 2. 단로기: 무부하 전류는 개폐 가능하나, 부하전류나 고장전류",
      "options": [
        "13.3 ② 67.5 는 개폐 불가능.",
        "110.3 ④ 157.5 3. 개폐기: 부하전류 계페는 가능하나 고장전류는 차단 불가능."
      ],
      "answer": null,
      "explanation": ""
    },
    {
      "no": 70,
      "question": "주택용 배선차단기 B타입의 경우 순시동작범위는? (단, I 는\nn\n기출문제 해설은 최강 자격증 기출문제 전자문제집 CBT : www.comcbt.com 통해서 실시간으로 변경됩니다.\n본 해설집은 최강 자격증 기출문제 전자문제집 CBT 해설달기 프로젝트에 의해서 만들어진 자료입니다. 해설을 제공해 주신 모든 분들께 감사 드립니다.\n산업안전기사 ◐ 2021년 08월 14일 필기 기출문제 및 해설집◑ 전자문제집 CBT :www.comcbt.com\n차단기 정격전류이다.) 소값은 약 몇 Ω인가? (단, 변압기의 저압 측 중성점에 접지",
      "options": [
        "3I 초과 ~ 5I 이하 가 되어 있다.)",
        "5I 초과 ~ 10I 이하 ① 1240 ② 2794",
        "10I 초과 ~ 15I 이하 ③ 4840 ④ 8383",
        "10I 초과 ~ 20I 이하 <문제 해설>"
      ],
      "answer": null,
      "explanation": ""
    },
    {
      "no": 71,
      "question": "다음 중 방폭 구조의 종류가 아닌 것은?\n2)20*1000 = (루트3)*220V*A, A = 52.49",
      "options": [
        "유압 방폭구조(k)",
        "내압 방폭구조(d)",
        "본질안전 방폭구조(i)",
        "압력 방폭구조(p)"
      ],
      "answer": null,
      "explanation": ""
    },
    {
      "no": 1,
      "question": "20*1000/(루트3*220)=52.48638811\n유압 방폭구조(k)→ 유입 방폭구조(Oil Immersed Type:O)",
      "options": [],
      "answer": null,
      "explanation": ""
    },
    {
      "no": 2,
      "question": "52.48638811/2000=0.02624319405\n- 점화원을 기름 속에 가두어 인화성 분위기에 접촉되지 않도록",
      "options": [],
      "answer": null,
      "explanation": ""
    },
    {
      "no": 3,
      "question": "220/0.02624319405=8383.12591=8383\n한 방폭구조.\n[해설작성자 : 루피]\n[해설작성자 : Seeker]",
      "options": [],
      "answer": null,
      "explanation": ""
    },
    {
      "no": 74,
      "question": "감전사고로 인한 전격사의 메카니즘으로 가장 거리가 먼 것\n방폭구조의 종류 은?",
      "options": [],
      "answer": null,
      "explanation": ""
    },
    {
      "no": 1,
      "question": "내압 방폭구조 (Ex d)",
      "options": [
        "흉부수축에 의한 질식"
      ],
      "answer": null,
      "explanation": ""
    },
    {
      "no": 2,
      "question": "안전증 방폭구조 (Ex e) ② 심실세동에 의한 혈액순환기능의 상실",
      "options": [
        "심실세동에 의한 혈액순환기능의 상실"
      ],
      "answer": null,
      "explanation": ""
    },
    {
      "no": 3,
      "question": "압력 방폭구조 (Ex p) ③ 내장파열에 의한 소화기계통의 기능상실",
      "options": [
        "내장파열에 의한 소화기계통의 기능상실"
      ],
      "answer": null,
      "explanation": ""
    },
    {
      "no": 4,
      "question": "본질안전 방폭구조 (Ex i) ④ 호흡중추신경 마비에 따른 호흡기능 상실",
      "options": [
        "호흡중추신경 마비에 따른 호흡기능 상실"
      ],
      "answer": null,
      "explanation": ""
    },
    {
      "no": 5,
      "question": "유입 방폭구조 (Ex o) <문제 해설>",
      "options": [],
      "answer": null,
      "explanation": ""
    },
    {
      "no": 6,
      "question": "특수 방폭구조 (Ex s) 전격현상의 메커니즘\n1) 심실세동에 의한 혈액순환기능 상실\n유압 방폭구조란건 없음. 2) 호흡중추신경 마비에 따른 호흡정지\n[해설작성자 : 닥터김] 3) 흉부수축에 의한 질식\n[해설작성자 : 노력원숭이]",
      "options": [],
      "answer": null,
      "explanation": ""
    },
    {
      "no": 72,
      "question": "동작 시 아크가 발생하는 고압 및 특고압용 개폐기ㆍ차단기\n의 이격거리(목재의 벽 또는 천장, 기타 가연성 물체로부터 75. 욕조나 샤워시설이 있는 욕실 또는 화장실에 콘센트가 시설\n의 거리)의 기준으로 옳은 것은? (단, 사용전압이 35kV 이 되어 있다. 해당 전로에 설치된 누전차단기의 정격감도전류\n하의 특고압용의 기구 등으로서 동작할 때에 생기는 아크의 와 동작시간은?\n방향과 길이를 화재가 발생할 우려가 없도록 제한하는 경우",
      "options": [
        "정격감도전류 15mA 이하, 동작시간 0.01초 이하",
        "정격감도전류 15mA 이하, 동작시간 0.03초 이하",
        "고압용: 0.8m 이상, 특고압용: 1.0m 이상 ③ 정격감도전류 30mA 이하, 동작시간 0.01초 이하",
        "고압용: 1.0m 이상, 특고압용: 2.0m 이상 ④ 정격감도전류 30mA 이하, 동작시간 0.03초 이하",
        "고압용: 2.0m 이상, 특고압용: 3.0m 이상 <문제 해설>",
        "고압용: 3.5m 이상, 특고압용: 4.0m 이상 욕조나 샤워실 누전차단기의 정격감도전류 15mA이하->동작"
      ],
      "answer": null,
      "explanation": ""
    },
    {
      "no": 73,
      "question": "3300/220V, 20kVA인 3상 변압기로부터 공급받고 있는 저 76. 50kW, 60Hz 3상 유도전동기가 380V 전원에 접속된 경우\n압 전선로의 절연 부분의 전선과 대지 간의 절연저항의 최 흐르는 전류(A)는 약 얼마인가? (단, 역률은 80%이다.)\n기출문제 해설은 최강 자격증 기출문제 전자문제집 CBT : www.comcbt.com 통해서 실시간으로 변경됩니다.\n본 해설집은 최강 자격증 기출문제 전자문제집 CBT 해설달기 프로젝트에 의해서 만들어진 자료입니다. 해설을 제공해 주신 모든 분들께 감사 드립니다.\n산업안전기사 ◐ 2021년 08월 14일 필기 기출문제 및 해설집◑ 전자문제집 CBT :www.comcbt.com",
      "options": [
        "82.24 ② 94.96 최소 이격거리는 40mm이다.",
        "116.30 ④ 164.47 <문제 해설>"
      ],
      "answer": null,
      "explanation": ""
    },
    {
      "no": 79,
      "question": "KS C IEC 60079-0의 정의에 따라 ‘두 도전부 사이의 고체\n[해설작성자 : 허찬]\n절연물 표면을 따른 최단거리’를 나타내는 명칭은?",
      "options": [
        "전기적 간격",
        "절연공간거리",
        "연면거리",
        "충전물 통과거리"
      ],
      "answer": null,
      "explanation": ""
    },
    {
      "no": 77,
      "question": "인체저항을 500Ω이라 한다면, 심실세동을 일으키는 위험 연면거리:서로 절연된 두 도전부 사이의 절연 표면을 통한 최단\n한계 에너지는 약 몇 J 인가? (단, 심실세동전류값 거리\n문제에서 고체 절연물 표면을 따르는 최단거리라고 해서 연면거\n리입니다.\n의 Dalziel의 식을 이용하며, 통전시간은\n[해설작성자 : 최재서1]\n1초로 한다.)",
      "options": [
        "11.5 ② 13.6 두 개의 도전성 부분 간의 절연물 표면을 따라 측정한 가장",
        "15.3 ④ 16.2 짧은 거리를 말한다."
      ],
      "answer": null,
      "explanation": ""
    },
    {
      "no": 80,
      "question": "접지 목적에 따른 분류에서 병원설비의 의료용 전기전자(M\n[해설작성자 : 모두다 화이팅!]\nㆍE)기기와 모든 금속부분 또는 도전바닥에도 접지하여 전\n위를 동일하게 하기 위한 접지를 무엇이라 하는가?\n에너지 W = I^2 * R * T [J]",
      "options": [
        "계통 접지",
        "등전위 접지",
        "노이즈방지용 접지",
        "정전기 장해방지 이용 접지"
      ],
      "answer": null,
      "explanation": ""
    },
    {
      "no": 78,
      "question": "내압방폭용기 “d”에 대한 설명으로 틀린 것은? 계통 >> 고압전로와 저압전로 혼촉 시 감전이나 화재방지",
      "options": [
        "원통형 나사 접합부의 체결 나사산 수는 5산 이상이어야 정전기방지용 >>> 정전기 축적에 의한 폭발재해방지",
        "가스/증기 그룹이 ⅡB일 때 내압 접합면과 장애물과의",
        "용기 내부의 폭발이 용기 주위의 폭발성 가스 분위기로 계통접지: 고압전로와 저압전로 혼축 시 사고 방지/",
        "가스/증기 그룹이 ⅡC일 때 내압 접합면과 장애물과의 등전위 접지 - 병원에 있어서 의료기기 안전 위해 /"
      ],
      "answer": null,
      "explanation": ""
    },
    {
      "no": 81,
      "question": "다음 중 고체연소의 종류에 해당하지 않는 것은?\n발생)",
      "options": [
        "표면연소 ② 증발연소",
        "분해연소 ④ 예혼합연소"
      ],
      "answer": null,
      "explanation": ""
    },
    {
      "no": 1,
      "question": "과산화나트륨 : 1류위험물\n4) 자기연소",
      "options": [],
      "answer": null,
      "explanation": ""
    },
    {
      "no": 2,
      "question": "황린: 3류위험물\n[해설작성자 : 모두다 화이팅!]",
      "options": [],
      "answer": null,
      "explanation": ""
    },
    {
      "no": 3,
      "question": "연소산나트륨:1류위험물",
      "options": [],
      "answer": null,
      "explanation": ""
    },
    {
      "no": 4,
      "question": "아세트알데히드:4류위험물\n기체연료연소\n물과 반응하여 폭발성 수소기체를 발생시키는건 나트륨의 특징",
      "options": [],
      "answer": null,
      "explanation": ""
    },
    {
      "no": 1,
      "question": "확산연소\n으로 \"나트륨\"과 \"염소산나트륨\"과의 이름 혼동으로 출제된 보기",
      "options": [],
      "answer": null,
      "explanation": ""
    },
    {
      "no": 2,
      "question": "혼합연소\n같습니다.",
      "options": [],
      "answer": null,
      "explanation": ""
    },
    {
      "no": 3,
      "question": "폭발연소\n(위험물 종류는 1~6류로 사실상 위험물기능장 시험에서나 자세\n[해설작성자 : 1004빈]\n히 공부할 내용으로 정답률도 29%인거 보면 사실상 틀리라고\n낸 문제 같습니다.)",
      "options": [],
      "answer": null,
      "explanation": ""
    },
    {
      "no": 82,
      "question": "가연성물질을 취급하는 장치를 퍼지하고자 할 때 잘못된 것\n[해설작성자 : 닥터김]\n은?",
      "options": [
        "대상물질의 물성을 파악한다."
      ],
      "answer": null,
      "explanation": ""
    },
    {
      "no": 84,
      "question": "공정안전보고서 중 공정안전자료에 포함하여야 할 세부내용\n② 사용하는 불활성가스의 물성을 파악한다.\n에 해당하는 것은?\n③ 퍼지용 가스를 가능한 한 빠른 속도로 단시간에 다량 송",
      "options": [
        "사용하는 불활성가스의 물성을 파악한다.",
        "퍼지용 가스를 가능한 한 빠른 속도로 단시간에 다량 송",
        "비상조치계획에 따른 교육계획",
        "안전운전지침서",
        "장치내부를 세정한 후 퍼지용 가스를 송입한다.",
        "각종 건물ㆍ설비의 배치도",
        "도급업체 안전관리계획"
      ],
      "answer": null,
      "explanation": ""
    },
    {
      "no": 3,
      "question": "퍼지용 가스를 천천히 송입해야함",
      "options": [
        "영 제44조에 따라 공정안전보고서에 포함해야 할 세부내용은"
      ],
      "answer": null,
      "explanation": ""
    },
    {
      "no": 83,
      "question": "위험물질에 대한 설명 중 틀린 것은?\n가. 취급·저장하고 있거나 취급·저장하려는 유해·위험물질의 종",
      "options": [
        "과산화나트륨에 물이 접촉하는 것은 위험하다.",
        "황린은 물속에 저장한다.",
        "염소산나트륨은 물과 반응하여 폭발성의 수소기체를 발",
        "아세트알데히드는 0℃이하의 온도에서도 인화할 수 있"
      ],
      "answer": null,
      "explanation": ""
    },
    {
      "no": 85,
      "question": "디에틸에테르의 연소범위에 가장 가까운 값은?",
      "options": [
        "2~10.4% ② 1.9~48%",
        "2.5~15% ④ 1.5~7.8%",
        "건축물 안에 설치되는 경우, 감지대상가스의 비중이 공"
      ],
      "answer": null,
      "explanation": ""
    },
    {
      "no": 86,
      "question": "공기 중에서 A 가스의 폭발하한계는 2.2vol%이다. 이 폭발\n독성가스 누출경보기는 해당 독성가스의 허용농도 이하에서 경\n하한계 값을 기준으로 하여 표준 상태에서 A 가스와 공기의\n보가 울리도록 설정하여야 합니다.\n혼합기체 1m3에 함유되어 있는 A 가스의 질량을 구하면 약\n[해설작성자 : SK]\n몇 g 인가? (단, A 가스의 분자량은 26이다.)",
      "options": [
        "19.02 ② 25.54",
        "가연성 가스누출감지경보기는 감지대상 가스의 폭발하한계",
        "29.02 ④ 35.54",
        "가스누출감지경보의 정밀도는 경보설정치에 대하여 가연성"
      ],
      "answer": null,
      "explanation": ""
    },
    {
      "no": 2,
      "question": "2vol%=0.022\n[해설작성자 : 화이팅!!]\n1160.7g/m3*0.022=25.54g\n[해설작성자 : 단위 추가] 89. 폭발을 기상폭발과 응상폭발로 분류할 때 기상폭발에 해당\n되지 않는 것은?\n22*26/22.4=25.53571429=25.54",
      "options": [
        "분진 폭발 ② 혼합가스폭발",
        "분무폭발 ④ 수증기폭발"
      ],
      "answer": null,
      "explanation": ""
    },
    {
      "no": 87,
      "question": "다음 물질 중 물에 가장 잘 융해되는 것은?",
      "options": [
        "아세톤 ② 벤젠",
        "톨루엔 ④ 휘발유"
      ],
      "answer": null,
      "explanation": ""
    },
    {
      "no": 1,
      "question": "응상폭발: 고체 또는 액체 상태의 물질이 물리적 변화로 인해\n아세톤: 제4류 위험물 중 제1석유류 수용성\n발생하는 폭발.\n나머지는 제4류 위험물 중 제1석유류 비수용성",
      "options": [],
      "answer": null,
      "explanation": ""
    },
    {
      "no": 2,
      "question": "기상폭발: 기체 상태의 물질이 화학적 반응으로 인해 발생하\n[해설작성자 : 집에서는 위험물 자격증이 있어서 공부가 안 돼]\n는 폭발.\n- 수증기폭발: 응상폭발의 대표적인 예이며, 수증기가 기체 라",
      "options": [],
      "answer": null,
      "explanation": ""
    },
    {
      "no": 88,
      "question": "가스누출감지경보기 설치에 관한 기술상의 지침으로 틀린\n는점에서 헷갈릴 수 있으나 수증기는 물이 증발해서 기체 상태\n것은?\n로 존재하기 때문에 응상폭발임을 주의 해야 합니다.",
      "options": [
        "암모니아를 제외한 가연성가스 누출감지경보기는 방폭성",
        "독성가스 누출감지경보기는 해당 독성가스 허용농도의"
      ],
      "answer": null,
      "explanation": ""
    },
    {
      "no": 90,
      "question": "다음 가스 중 가장 독성이 큰 것은?\n25% 이하에서 경보가 울리도록 설정하여야 한다.",
      "options": [
        "CO ② COCI",
        "하나의 감지대상가스가 가연성이면서 독성인 경우에는",
        "NH ④ H"
      ],
      "answer": null,
      "explanation": ""
    },
    {
      "no": 94,
      "question": "에틸렌(C H )이 완전연소하는 경우 다음의 Jones식을 이용\n보기가 한글로 주어지면 포스겐 > 1차세계대전에서 인명살상용 2 4\n하여 계산할 경우 연소하한계는 약 몇 vol%인가?\n독가스로도 사용된 가스, 폭스바겐>독일>치명적 독가스 이렇게\n연상식으로 외워도 좋습니다.\n[해설작성자 : 닥터김]",
      "options": [
        "0.55 ② 3.6"
      ],
      "answer": null,
      "explanation": ""
    },
    {
      "no": 91,
      "question": "처음 온도가 20℃인 공기를 절대압력 1기압에서 3기압으로 ③ 6.3 ④ 8.5\n단열압축하면 최종온도는 약 몇 도인가? (단, 공기의 비열비 <문제 해설>",
      "options": [
        "6.3 ④ 8.5"
      ],
      "answer": null,
      "explanation": ""
    },
    {
      "no": 1,
      "question": "4이다.) <한개의 에틸렌 완전연소를 위해 3EA 산소가 필요함>",
      "options": [
        "68℃ ② 75℃ C2H4+3O2->2CO2+2H2O",
        "128℃ ④ 164℃ jones 식 LFL=0.55*Cst"
      ],
      "answer": null,
      "explanation": ""
    },
    {
      "no": 95,
      "question": "[보기]의 물질을 폭발 범위가 넓은 것부터 좁은 순서로 옳",
      "options": [],
      "answer": null,
      "explanation": ""
    },
    {
      "no": 92,
      "question": "물질의 누출방지용으로써 접합면을 상호 밀착시키기 위하여 게 배열한 것은?\n사용하는 것은?",
      "options": [
        "개스킷 ② 체크밸브",
        "플러그 ④ 콕크 ① CO＞H 2 ＞C 3 H 8 ＞CH 4",
        "H 2 ＞CO＞CH 4 ＞C 3 H 8",
        "C 3 H 8 ＞CO＞CH 4 ＞H 2",
        "CH 4 ＞H 2 ＞CO＞C 3 H 8"
      ],
      "answer": null,
      "explanation": ""
    },
    {
      "no": 93,
      "question": "건조설비의 구조를 구조부분, 가열장치, 부속설비로 구분할 (화학식 표기보다 한글표기가 더 잘 외워지는 분을 위해 남겨봅\n때 다음 중 “부속설비”에 속하는 것은? 니다)",
      "options": [
        "보온판 ② 열원장치 [해설작성자 : 닥터김]",
        "소화장치 ④ 철골부",
        "수소 ④ 산소",
        "디아조화합물 ② 황린 <문제 해설>",
        "알킬알루미늄 ④ 마그네슘 분말 산소는 조연성가스이다"
      ],
      "answer": null,
      "explanation": ""
    },
    {
      "no": 99,
      "question": "반응기를 조작방식에 따라 분류할 때 해당되지 않는 것은?\n체에 해당함",
      "options": [
        "회분식 반응기",
        "반회분식 반응기",
        "연속식 반응기",
        "관형식 반응기"
      ],
      "answer": null,
      "explanation": ""
    },
    {
      "no": 1,
      "question": "질산에스테르류\n<문제 해설>",
      "options": [],
      "answer": null,
      "explanation": ""
    },
    {
      "no": 2,
      "question": "니트로화합물\n<반응기 조작방식에 의한 분류>---->\"반회분 연속플러그\"",
      "options": [],
      "answer": null,
      "explanation": ""
    },
    {
      "no": 3,
      "question": "니트로소화합물",
      "options": [],
      "answer": null,
      "explanation": ""
    },
    {
      "no": 1,
      "question": "회분식 반응기",
      "options": [],
      "answer": null,
      "explanation": ""
    },
    {
      "no": 4,
      "question": "아조화합물",
      "options": [],
      "answer": null,
      "explanation": ""
    },
    {
      "no": 2,
      "question": "반회분식 반응기",
      "options": [],
      "answer": null,
      "explanation": ""
    },
    {
      "no": 5,
      "question": "디아조화합물",
      "options": [],
      "answer": null,
      "explanation": ""
    },
    {
      "no": 3,
      "question": "연속식 반응기",
      "options": [],
      "answer": null,
      "explanation": ""
    },
    {
      "no": 6,
      "question": "하이드라진 유도체",
      "options": [],
      "answer": null,
      "explanation": ""
    },
    {
      "no": 4,
      "question": "플러그흐름 반응기",
      "options": [],
      "answer": null,
      "explanation": ""
    },
    {
      "no": 7,
      "question": "유기과산화물\n[해설작성자 : 머리에 안들와]\n<구조에 따른분류>",
      "options": [],
      "answer": null,
      "explanation": ""
    },
    {
      "no": 1,
      "question": "관형 반응기\n[위험물 종류]",
      "options": [],
      "answer": null,
      "explanation": ""
    },
    {
      "no": 2,
      "question": "교반조형 반응기",
      "options": [],
      "answer": null,
      "explanation": ""
    },
    {
      "no": 1,
      "question": "폭발성 물질 및 유기과산화물",
      "options": [],
      "answer": null,
      "explanation": ""
    },
    {
      "no": 3,
      "question": "탐형 반응기\n- 위에 7개\n[해설작성자 : 허찬]",
      "options": [],
      "answer": null,
      "explanation": ""
    },
    {
      "no": 2,
      "question": "물반응성 물질 및 인화성 고체\n구조에 대한 것은 형태에 대한것과 유사하니\n- 리튬, 칼륨, 나트륨\n관형,교반조형,탐형 모두 “형”이 포함되고 즉 형태 구조를 의미\n- 황, 황린, 황화인, 적린\n하니\n- 알킬알루미늄, 알킬리튬\n오답을 쉽게 구분 가능\n- 마크네슘/금속 분말, 알칼리금속, 유기금속화합물, 금속의 수\n[해설작성자 : 마스터박]\n소화물/인화물\n- 셀룰로이드",
      "options": [],
      "answer": null,
      "explanation": ""
    },
    {
      "no": 100,
      "question": "다음 중 가연성 물질과 산화성 고체가 혼합하고 있을 때\n연소에 미치는 현상으로 옳은 것은?",
      "options": [],
      "answer": null,
      "explanation": ""
    },
    {
      "no": 3,
      "question": "산화성 액체 및 산화성 고체",
      "options": [
        "착화온도(발화점)가 높아진다.",
        "최소점화에너지가 감소하며, 폭발의 위험성이 증가한다.",
        "가스나 가연성 증기의 경우 공기혼합보다 연소범위가 축",
        "공기 중에서보다 산화작용이 약하게 발생하여 화염온도"
      ],
      "answer": null,
      "explanation": ""
    },
    {
      "no": 97,
      "question": "화염방지기의 설치에 관한 사항으로 ( )에 알맞은 것은?\n<문제 해설>\n산화성 고체는 반응성이 강하고 가열, 충격, 마찰에 의해 산소를\n방출하기 쉽다.\n[해설작성자 : 1004빈]\n최소점화에너지감소(착화온도는 내려간다.)\n인화성 기체 또는 액체의 발생속도가 열의 일상속도를 상회하는",
      "options": [
        "상단 ② 하단",
        "중앙 ④ 무게중심"
      ],
      "answer": null,
      "explanation": ""
    },
    {
      "no": 101,
      "question": "건설현장에서 사용되는 작업발판 일체형 거푸집의 종류에\n해당되지 않는 것은?",
      "options": [],
      "answer": null,
      "explanation": ""
    },
    {
      "no": 98,
      "question": "다음 중 인화성 가스가 아닌 것은?",
      "options": [
        "갱폼(gang form)",
        "부탄 ② 메탄",
        "슬립폼(slip form) 의 강도가 있는 재료일 것",
        "클라이밍 폼(climbing form) ④ 안전난간은 구조적으로 가장 취약한 지점에서 가장 취약",
        "유로폼(euro form) 한 방향으로 작용하는 100kg 이상의 하중에 견딜 수 있"
      ],
      "answer": null,
      "explanation": ""
    },
    {
      "no": 1,
      "question": "갱폼 2. 슬립폼 3. 클라이밍 폼 4. 터널라이닝 폼 발끝막이판은 바닥면등으로부터 10cm 이상의 높이를 유지할 것\n[해설작성자 : 허찬] [해설작성자 : 루피]",
      "options": [],
      "answer": null,
      "explanation": ""
    },
    {
      "no": 106,
      "question": "흙 속의 전단응력을 증대시키는 원인에 해당하지 않는 것\n유로폼은 일체형이 아닌 조립식 거푸집이라고 합니다..\n은?\n[해설작성자 : 던파노꾸루]",
      "options": [
        "자연 또는 인공에 의한 지하공동의 형성"
      ],
      "answer": null,
      "explanation": ""
    },
    {
      "no": 102,
      "question": "콘크리트 타설작업을 하는 경우 준수하여야 할 사항으로 ② 함수비의 감소에 따른 흙의 단위체적 중량의 감소\n옳지 않은 것은? ③ 지진, 폭파에 의한 진동 발생",
      "options": [
        "함수비의 감소에 따른 흙의 단위체적 중량의 감소",
        "지진, 폭파에 의한 진동 발생",
        "당일의 작업을 시작하기 전에 해당 작업에 관한 거푸집 ④ 균열내에 작용하는 수압증가",
        "콘크리트를 타설하는 경우에는 편심이 발생하지 않도록 감소한다",
        "설계도서상의 콘크리트 양생기간을 준수하여 거푸집동바",
        "작업 중에는 거푸집동바리등의 변형ㆍ변위 및 침하 유무 여러분들의 많은 의견 부탁 드립니다."
      ],
      "answer": null,
      "explanation": ""
    },
    {
      "no": 4,
      "question": "이상이 있으면 작업을 중지하고 대피해야 합니다 [오류 신고 내용]\n해설 틀렸습니다.",
      "options": [],
      "answer": null,
      "explanation": ""
    },
    {
      "no": 103,
      "question": "버팀보, 앵커 등의 축하중 변화상태를 측정하여 이들 부재\n'함수비의 감소'에 따른 '흙의 단위체적 중량의 증가' 가 맞는 말\n의 지지효과 및 그 변화 추이를 파악하는데 사용되는 계측\n입니다.\n기기는?\n[해설작성자 : 닥터김]",
      "options": [
        "water level meter ② load cell",
        "piezo meter ④ strain gauge 107. 다음은 산업안전보건법령에 따른 항타기 또는 항발기에 권"
      ],
      "answer": null,
      "explanation": ""
    },
    {
      "no": 104,
      "question": "차량계 건설기계를 사용하여 작업을 하는 경우 작업계획서\n내용에 포함되지 않는 것은?",
      "options": [
        "사용하는 차량계 건설기계의 종류 및 성능",
        "차량계 건설기계의 운행경로 ① 1회 ② 2회",
        "차량계 건설기계에 의한 작업방법 ③ 4회 ④ 6회",
        "차량계 건설기계의 유지보수방법 <문제 해설>"
      ],
      "answer": null,
      "explanation": ""
    },
    {
      "no": 105,
      "question": "근로자의 추락 등의 위험을 방지하기 위한 안전난간의 설\n'2회' 감기고 남을 수 있는 충분한 길이여야 한다.\n치기준으로 옳지 않은 것은?\n[해설작성자 : 지나가던 한량]",
      "options": [
        "상부 난간대와 중간 난간대는 난간 길이 전체에 걸쳐 바",
        "발끝막이판은 바닥면등으로부터 20cm이상의 높이를 유 공사로 볼 수 없는 것은?",
        "지상 높이가 31m 이상인 건축물의 건설공사",
        "난간대는 지름 2.7cm 이상의 금속제 파이프나 그 이상",
        "터널 건설공사",
        "깊이 10m 이상인 굴착공사 결론식:파이^2 × 2.14×10^6×8.31 / 350^2 =1432.78",
        "다리의 전체길이가 40m 이상인 건설공사"
      ],
      "answer": null,
      "explanation": ""
    },
    {
      "no": 109,
      "question": "사다리식 통로 등을 설치하는 경우 고정식 사다리식 통로\n우 단위변환이 중요해서 네이버에서 한번 보고오시고 푸는게 도\n의 기울기는 최대 몇 도 이하로 하여야 하는가?\n움이 될껍니다",
      "options": [
        "60도 ② 75도",
        "80도 ④ 90도",
        "꼬임이 끊어진 섬유로프를 화물운반용으로 사용해서는",
        "심하게 부식된 섬유로프를 고정용으로 사용해서는 안 된",
        "차량 등에서 화물을 내리는 작업 시 해당 작업에 종사하",
        "부두 또는 안벽의 선을 따라 통로를 설치하는 경우에는"
      ],
      "answer": null,
      "explanation": ""
    },
    {
      "no": 110,
      "question": "거푸집동바리 구조에서 높이가 l=3.5m인 파이프서포트의 112. 추락방지용 방망 중 그물코의 크기가 5cm인 매듭방망 신\n좌굴하중은? (단, 상부받이판과 하부받이판은 힌지로 가정 품의 인장강도는 최소 몇 kg이상이어야 하는가?\n하고, 단면2차모멘트 I=8.31cm4, 탄성계수",
      "options": [
        "60 ② 110",
        "150 ④ 200",
        "14060N ② 15060N <문제 해설>",
        "16060N ④ 17060N * 그물코의 크기 10cm"
      ],
      "answer": null,
      "explanation": ""
    },
    {
      "no": 113,
      "question": "단관비계의 도괴 또는 전도를 방지하기 위하여 사용하는\n[해설작성자 : 허찬]\n벽이음의 간격기준으로 옳은 것은?",
      "options": [
        "수직방향 5m 이하, 수평방향 5m 이하",
        "수직방향 6m 이하, 수평방향 6m 이하",
        "수직방향 7m 이하, 수평방향 7m 이하",
        "수직방향 8m 이하, 수평방향 8m 이하"
      ],
      "answer": null,
      "explanation": ""
    },
    {
      "no": 114,
      "question": "인력으로 화물을 인양할 때의 몸의 자세와 관련하여 준수\n하여야 할 사항으로 옳지 않은 것은?\n정답은 3번이 맞으나 산업안전보건법관리비 사용가능내역 고용",
      "options": [
        "한쪽 발은 들어올리는 물체를 향하여 안전하게 고정시키",
        "등은 항상 직립한 상태와 90도 각도를 유지하여 가능한",
        "팔은 몸에 밀착시키고 끌어당기는 자세를 취하며 가능한 파괴의 종류에 해당하지 않는 것은?",
        "사면내파괴(Slope failure)",
        "손가락으로만 인양물을 잡아서는 아니 되며 손바닥으로 ② 사면선단파괴(Toe failure)",
        "사면인장파괴(Tension failure)",
        "사면저부파괴(Base failure)"
      ],
      "answer": null,
      "explanation": ""
    },
    {
      "no": 115,
      "question": "산업안전보건관리비 항목 중 안전시설비로 사용가능한 것\n- 사면저부파괴\n은?(관련 규정 개정전 문제로 여기서는 기존 정답인 3번을\n[해설작성자 : 장원영러버]\n누르면 정답 처리됩니다. 자세한 내용은 해설을 참고하세\n요.)\n유한사면에서 원형활동면에 의해 발생하는 일반적인 사면파괴는",
      "options": [
        "원활한 공사수행을 위한 가설시설 중 비계설치 비용",
        "소음관련 민원예방을 위한 건설현장 소음방지용 방음시"
      ],
      "answer": null,
      "explanation": ""
    },
    {
      "no": 1,
      "question": "사면내파괴 : 사면 내부에서 미끄럼이 발생하는 형태\n③ 근로자의 재해예방을 위한 목적으로만 사용하는 CCTV에",
      "options": [
        "근로자의 재해예방을 위한 목적으로만 사용하는 CCTV에"
      ],
      "answer": null,
      "explanation": ""
    },
    {
      "no": 2,
      "question": "사면선단파괴 : 사면의 하부(선단)에서 붕괴가 시작되는 형태\n사용되는 비용",
      "options": [],
      "answer": null,
      "explanation": ""
    },
    {
      "no": 3,
      "question": "사면저부파괴 : 사면의 기저부에서 발생하는 붕괴형태\n④ 기계ㆍ기구 등과 일체형 안전장치의 구입비용\n[해설작성자 : 버터]\n<문제 해설>\n안전시설비 등: 법ㆍ영ㆍ규칙 및 고시에서 규정하거나 그에 준\n사면파괴의 종류 = 내선자 ( 사면내,사면선단,사면저부 )\n하여 필요로 하는 각종 안전표지ㆍ경보 및 유도시설, 감시 시설,\n[해설작성자 : 평택카리나]\n방호장치, 안전ㆍ보건시설 및 그 설치비용(시설의 설치ㆍ보수ㆍ\n해체 시 발생하는 인건비 등 경비를 포함한다) 117. 강관비계를 사용하여 비계를 구성하는 경우 준수해야할 기\n[해설작성자 : 1004빈] 준으로 옳지 않은 것은?",
      "options": [
        "기계ㆍ기구 등과 일체형 안전장치의 구입비용",
        "비계기둥의 간격은 띠장 방향에서는 1.85m이하, 장선(長"
      ],
      "answer": null,
      "explanation": ""
    },
    {
      "no": 1,
      "question": "원활한 공사수행을 하기위한건 산업안전보건 관리비로 사용 線) 방향에서는 1.5m 이하로 할 것\n불가 ② 띠장 간격은 2.0m 이하로 할 것\n- 산업안전보건법 외 타 법에서 하게한 경우, 공사내역에 반영 ③ 비계기둥의 제일 윗부분으로부터 31m 되는 지점 밑부분\n된 경우 등 의 비계기둥은 2개의 강관으로 묶어 세울 것\n- 위 같은 경우는 공사내역에 반영될 경우이므로 산업안전보건 ④ 비계기둥 간의 적재하중은 600kg을 초과하지 않도록 할\n관리비 사용불가 것",
      "options": [
        "띠장 간격은 2.0m 이하로 할 것",
        "비계기둥의 제일 윗부분으로부터 31m 되는 지점 밑부분",
        "비계기둥 간의 적재하중은 600kg을 초과하지 않도록 할"
      ],
      "answer": null,
      "explanation": ""
    },
    {
      "no": 2,
      "question": "1번과 같은 맥락 <문제 해설>",
      "options": [],
      "answer": null,
      "explanation": ""
    },
    {
      "no": 3,
      "question": "공사관련 내용 확인 및 안전관리를 위한 다목적 CCTV라고 비계기둥 간의 적재하중은 400kg을 초과하지 않도록 할 것.\n했으면 안되겠지만, [해설작성자 : 산안기 산안산기 동시도전]\n지문에서는 근로자의 재해예방을 위한 목적이라고 되어있기 때",
      "options": [],
      "answer": null,
      "explanation": ""
    },
    {
      "no": 118,
      "question": "다음은 산업안전보건법령에 따른 화물자동차의 승강설비에\n문에 시설비로 가능\n기출문제 해설은 최강 자격증 기출문제 전자문제집 CBT : www.comcbt.com 통해서 실시간으로 변경됩니다.\n본 해설집은 최강 자격증 기출문제 전자문제집 CBT 해설달기 프로젝트에 의해서 만들어진 자료입니다. 해설을 제공해 주신 모든 분들께 감사 드립니다.\n산업안전기사 ◐ 2021년 08월 14일 필기 기출문제 및 해설집◑ 전자문제집 CBT :www.comcbt.com\n관한 사항이다. ( )안에 알맞은 내용으로 옳은 것은? ③ 전단강도(kg/cm2)\n④ R.M.R\n<문제 해설>\n<암질판별기준>",
      "options": [
        "전단강도(kg/cm2)",
        "R.M.R"
      ],
      "answer": null,
      "explanation": ""
    },
    {
      "no": 1,
      "question": "일축 압축강도",
      "options": [],
      "answer": null,
      "explanation": ""
    },
    {
      "no": 2,
      "question": "RQD",
      "options": [],
      "answer": null,
      "explanation": ""
    },
    {
      "no": 3,
      "question": "RMR",
      "options": [],
      "answer": null,
      "explanation": ""
    },
    {
      "no": 4,
      "question": "탄성파 속도\n***조선의 달인 블로그 발취****",
      "options": [
        "2m ② 4m [해설작성자 : 허찬]",
        "6m ④ 8m"
      ],
      "answer": null,
      "explanation": ""
    },
    {
      "no": 119,
      "question": "달비계의 최대 적재하중을 정함에 있어서 활용하는 안전계\n[해설작성자 : 제발 합격을..]\n수의 기준으로 옳은 것은? (단, 곤돌라의 달비계를 제외한\n다.)(관련 규정 개정전 문제로 여기서는 기존 정답인 1번을\n누르면 정답 처리됩니다. 자세한 내용은 해설을 참고하세\n요.)",
      "options": [
        "달기 훅: 5 이상",
        "달기 강선: 5 이상",
        "달기 체인: 3 이상",
        "달기 와이어로프: 5 이상"
      ],
      "answer": null,
      "explanation": ""
    },
    {
      "no": 120,
      "question": "발파작업 시 암질변화 구간 및 이상암질의 출현 시 반드시\n암질판별을 실시하여야 하는데, 이와 관련된 암질판별기준\n과 가장 거리가 먼 것은?(관련 규정 개정전 문제로 여기서\n는 기존 정답인 3번을 누르면 정답 처리됩니다. 자세한 내\n용은 해설을 참고하세요.)",
      "options": [
        "R.Q.D(%)",
        "탄성파속도(m/sec)",
        "② ① ④ ① ② ① ② ④ ②",
        "① ② ② ③ ③ ① ④ ③ ③",
        "② ② ① ① ① ① ① ③ ④",
        "① ② ④ ③ ③ ④ ② ④ ②",
        "④ ① ② ② ① ③ ② ③ ③",
        "① ④ ② ④ ③ ④ ③ ② ③",
        "④ ③ ④ ④ ② ③ ④ ① ①",
        "② ④ ③ ② ② ② ② ③ ②",
        "③ ③ ③ ② ② ① ② ④ ②",
        "① ③ ② ② ① ① ④ ④ ②",
        "④ ② ④ ② ② ② ④ ④ ①",
        "② ① ② ③ ③ ④ ① ① ③"
      ],
      "answer": null,
      "explanation": ""
    }
  ]
}