{
  "title": "산업안전기사20170826(해설집) (2).pdf",
  "questions": [
    {
      "no": 1,
      "question": "A 사업장의 강도율이 2.5이고, 연간 재해발생 건수가 12건,\n조사하면서 잠재재해 위험요인을 색출한다.\n연간 총 근로 시간수가 120만 시간 일 때 이 사업장의 종합\n[해설작성자 : 산업안전기사합격!!!]\n재해지수는 약 얼마인가?",
      "options": [
        "1.6 ② 5.0"
      ],
      "answer": null,
      "explanation": ""
    },
    {
      "no": 3,
      "question": "위치, 순서, 패턴, 형상, 기억오류 등 외부적 요인에 의해 나\n③ 27.6 ④ 230\n타나는 것은?\n<문제 해설>",
      "options": [
        "27.6 ④ 230",
        "메트로놈 ② 리스크테이킹",
        "부주의 ④ 착오",
        "버즈세션(Buzz session)",
        "포럼(Forum)",
        "심포지엄(Symposium)",
        "패널 디스커션(Panel discussion)"
      ],
      "answer": null,
      "explanation": ""
    },
    {
      "no": 2,
      "question": "재해발생시 조치순서 중 재해조사 단계에서 실시하는 내용으 발표하고 토의\n로 옳은 것은? 심포지엄 : 몇 사람의 전문가 견해를 발표한 뒤 참가자로 하여",
      "options": [
        "현장보존 금 의견이나 질문을 하게하여 토의",
        "관계자에게 통보 패널 디스커션 : 전원이 참가하여 사회자의 입회하에 토의",
        "잠재재해 위험요인의 색출 [해설작성자 : 매너남]",
        "피해자의 응급조치"
      ],
      "answer": null,
      "explanation": ""
    },
    {
      "no": 5,
      "question": "하인리히의 재해발생 이론은 다음과 같이 표현할 수 있다. 이\n<문제 해설>\n때 α 가 의미하는 것으로 옳은 것은?\n피재기계정지, 피해자 구출 및 응급조치, 관계자 통보, 2차 재해\n예방조치, 현장보존\n[해설작성자 : 부소산성]",
      "options": [
        "노출된 위험의 상태"
      ],
      "answer": null,
      "explanation": ""
    },
    {
      "no": 1,
      "question": "2.4.는 긴급처리의 내용이고 재해조사단계는 1.6하원칙에의거\n② 재해의 직접원인\n사상자보고 2.잠재위험요인색출 두가지내용입니다.\n③ 재해의 간접원인\n[해설작성자 : 369FA-A]\n④ 잠재된 위험의 상태\n<문제 해설>\n재해발생시 조치순서 7단계\n하인리히의 재해발생 이론\n긴급처리-재해조사-원인강구-대책수립-대책실시계획-실시-평가\n1단계:선천적 결함(사회,환경,유전적)\n[해설작성자 : 슥봉이]\n2단계:개인적 결함\n3단계:불안전 행동(인적결함), 불안정한 상태(물적결함)\n조사하면서, 잠재재해의 위험요인을 색출할 수 있겠죠?\n4단계:사고\n5단계:재해(상해)\n재해가 발행할 때, 긴급처리해야 할 사항은,\n현장을 보존하고, 관계자에게 통보하고, 피해자가 있으면 응급조\n* 라인리히의 재해발생 이론\n기출문제 해설은 최강 자격증 기출문제 전자문제집 CBT : www.comcbt.com 통해서 실시간으로 변경됩니다.\n본 해설집은 최강 자격증 기출문제 전자문제집 CBT 해설달기 프로젝트에 의해서 만들어진 자료입니다. 해설을 제공해 주신 모든 분들께 감사 드립니다.\n산업안전기사 ◐ 2017년 08월 26일 필기 기출문제 및 해설집◑ 전자문제집 CBT :www.comcbt.com\n재해발생 = 물적 불안전상태 + 인적 불안정상태 + 잠재된 위험 정기안전ㆍ보건교육의 교육내용이 아닌 것은?\n의 상태",
      "options": [
        "재해의 직접원인",
        "재해의 간접원인",
        "잠재된 위험의 상태",
        "작업 개시 전 점검에 관한 사항",
        "산업보건 및 직업병 예방에 관한 사항",
        "유해ㆍ위험 작업환경 관리에 관한 사항",
        "작업공정의 유해ㆍ위험과 재해 예방대책에 관한 사항"
      ],
      "answer": null,
      "explanation": ""
    },
    {
      "no": 6,
      "question": "브레인스토밍(Brain-storming) 기법의 4원칙에 관한 설명으\n<문제 해설>\n로 틀린 것은?(관련 규정 개정전 문제로 여기서는 기존 정답\n사업 내 안전·보건교육(제33조제1항 관련)\n인 4번을 누르면 정답 처리됩니다. 자세한 내용은 해설을 참\n가. 근로자 정기안전·보건교육\n고하세요.)\n○ 산업안전 및 사고 예방에 관한 사항",
      "options": [
        "한 사람이 많은 의견을 제시할 수 있다.",
        "타인의 의견을 수정하여 발언할 수 있다.",
        "타인의 의견에 대하여 비판, 비평하지 않는다.",
        "의견을 발언할 때에는 주어진 요건에 맞추어 발언한다."
      ],
      "answer": null,
      "explanation": ""
    },
    {
      "no": 7,
      "question": "재해원인 분석방법의 통계적 원인분석 중 사고의 유형, 기안\n○ 정리정돈 및 청소에 관한 사항\n물 등 분류항목을 큰 순서대로 도표화한 것은?\n○ 사고 발생 시 긴급조치에 관한 사항",
      "options": [
        "파레토도 ② 특성요인도",
        "크로스도 ④ 관리도"
      ],
      "answer": null,
      "explanation": ""
    },
    {
      "no": 10,
      "question": "안전점검 보고서 작성내용 중 주요 사항에 해당되지 않는\n를 나타내는 방법\n것은?\n크로스 - 두가지 또는 그이상의 요인이 서로 밀접한 상호관계를",
      "options": [
        "작업현장의 현 배치 상태와 문제점",
        "재해다발요인과 유형분석 및 비교 데이터 제시",
        "안전관리 스텝의 인적사항",
        "보호구, 방호장치 작업환경 실태와 개선제시"
      ],
      "answer": null,
      "explanation": ""
    },
    {
      "no": 8,
      "question": "산업안전보건법령상 안전ㆍ보건표지의 종류 중 안내표지에\n안전점검 보고서에 안전관리 스탭의 인적사항은 필요없음\n해당하지 않은 것은?\n[해설작성자 : PPT]",
      "options": [
        "들것 ② 비상용기구",
        "출입구 ④ 세안장치"
      ],
      "answer": null,
      "explanation": ""
    },
    {
      "no": 11,
      "question": "안전교육방법 중 구안법(Project Method)의 4단계의 순서로\n<문제 해설>\n옳은 것은?\n녹십자표지, 응급구호표지, 들것, 세안장치, 비상용기구, 비상구,",
      "options": [
        "목적결정 → 계획수립 → 활동 → 평가",
        "계획수립 → 목적결정 → 활동 → 평가",
        "활동 → 계획수립 → 목적결정 → 평가",
        "평가 → 계획수립 → 목적결정 → 활동"
      ],
      "answer": null,
      "explanation": ""
    },
    {
      "no": 12,
      "question": "보호구 안전인증 고시에 따른 방음용 귀마개 또는 귀덮개와",
      "options": [],
      "answer": null,
      "explanation": ""
    },
    {
      "no": 9,
      "question": "산업안전보건법령상 근로자 안전ㆍ보건교육 중 관리감독자\n기출문제 해설은 최강 자격증 기출문제 전자문제집 CBT : www.comcbt.com 통해서 실시간으로 변경됩니다.\n본 해설집은 최강 자격증 기출문제 전자문제집 CBT 해설달기 프로젝트에 의해서 만들어진 자료입니다. 해설을 제공해 주신 모든 분들께 감사 드립니다.\n산업안전기사 ◐ 2017년 08월 26일 필기 기출문제 및 해설집◑ 전자문제집 CBT :www.comcbt.com\n관련된 용어의 정의 중 다음 ( )안에 알맞은 것은? [해설작성자 : 쿠라니]\n라인형 - 100닝겐 미만\n스태프형 - 100~1000닝겐\n라 & 스 - 1000닝겐 이상\n[해설작성자 : 와라떼끼이놈아]",
      "options": [
        "A ② B",
        "C ④ D"
      ],
      "answer": null,
      "explanation": ""
    },
    {
      "no": 13,
      "question": "무재해운동 추진기법 중 위험예지훈련 4라운드 기법에 해당\n시와 전달이 신속 정확함, 대신 전문성이 떨어지며 라인에 막대\n하지 않는 것은?(관련 규정 개정전 문제로 여기서는 기존\n한 책임이 주어짐\n정답인 4번을 누르면 정답 처리됩니다. 자세한 내용은 해설\n참모식 조직(스탭) : 안전지식과 기술축적에 용이, 경영자에게\n을 참고하세요.)\n지도 조언 자문역할 수행 가능 , 대신 생산과 안전을 별개의 취",
      "options": [
        "현상파악 ② 행동 목표설정",
        "대책수립 ④ 안전평가"
      ],
      "answer": null,
      "explanation": ""
    },
    {
      "no": 1,
      "question": "현상파악 2.본질추구 3.대책수립 4.목표설정\n혼동하기 쉽다..\n[해설작성자 : 북삼고김인직]\n[관리자 입니다.\n2024년부터 무재해 운동이 시험범위에서 제외되었습니다.",
      "options": [],
      "answer": null,
      "explanation": ""
    },
    {
      "no": 15,
      "question": "인간의 행동특성과 관련한 레빈의 법칙(Lewin)중 P가 의미\n참고 문제로만 이용 부탁 드립니다.]\n하는 것은?",
      "options": [],
      "answer": null,
      "explanation": ""
    },
    {
      "no": 14,
      "question": "다음 그림과 같은 안전관리 조직의 특징으로 틀린 것은?",
      "options": [
        "사람의 경험, 성격 등",
        "인간의 행동",
        "심리에 영향을 주는 인간관계",
        "심리에 영향을 미치는 작업환경",
        "1000명 이상의 대규모 사업장에 적합하다."
      ],
      "answer": null,
      "explanation": ""
    },
    {
      "no": 16,
      "question": "안전교육의 단계에 있어 교육대상자가 스스로 행함으로서\n② 생산부분은 안전에 대한 책임과 권한이 없다.\n습득하게 하는 교육은?\n③ 사업장의 특수성에 적합한 기술연구를 전문적으로 할 수",
      "options": [
        "생산부분은 안전에 대한 책임과 권한이 없다.",
        "사업장의 특수성에 적합한 기술연구를 전문적으로 할 수",
        "의식교육 ② 기능교육",
        "지식교육 ④ 태도교육",
        "권한다툼이나 조정 때문에 통제수속이 복잡해지며, 시간",
        "간접경험의 원리"
      ],
      "answer": null,
      "explanation": ""
    },
    {
      "no": 17,
      "question": "부주의의 현상으로 볼 수 없는 것은?\n② 자발학습의 원리",
      "options": [
        "자발학습의 원리",
        "의식의 단절 ② 의식수준 지속",
        "상호학습의 원리",
        "의식의 과잉 ④ 의식의 우회",
        "참여교육의 원리"
      ],
      "answer": null,
      "explanation": ""
    },
    {
      "no": 1,
      "question": "의식 단절\n상호학습의 원리 : 교학상장을 기하는 학습이다",
      "options": [],
      "answer": null,
      "explanation": ""
    },
    {
      "no": 2,
      "question": "의식 우회\n생활적응의 원리 : 이론보다 실생활에 적용되는 학습이여야 한",
      "options": [],
      "answer": null,
      "explanation": ""
    },
    {
      "no": 3,
      "question": "의식 수준 저하\n다",
      "options": [],
      "answer": null,
      "explanation": ""
    },
    {
      "no": 4,
      "question": "의식 혼란\n[해설작성자 : comcbt.com 이용자]",
      "options": [],
      "answer": null,
      "explanation": ""
    },
    {
      "no": 5,
      "question": "의식 과잉\n[해설작성자 : 가자고오]\n자발적 학습의 원리 : 강제적인 학습이 아니다\n자기주도적 학습의 원리 : 자기가 설계한 목적 및 방법으로 학",
      "options": [],
      "answer": null,
      "explanation": ""
    },
    {
      "no": 18,
      "question": "산업안전보건법상 근로시간 연장의 제한에 관한 기준에서\n습한다\n아래의 ( )안에 알맞은 것은?\n상호학습의 원리 : 교학상장을 기하는 학습이다\n생활적응의 원리 = 참여교육의 원리 : 이론보다 실생활에 적용\n되는 학습이여야 한다\n[해설작성자 : 어허]\n2과목 : 인간공학 및 시스템안전공학",
      "options": [
        "㉠ 6, ㉡ 34 ② ㉠ 7, ㉡ 36"
      ],
      "answer": null,
      "explanation": ""
    },
    {
      "no": 21,
      "question": "설비보전을 평가하기 위한 식으로 틀린 것은?\n③ ㉠ 8, ㉡ 40 ④ ㉠ 8, ㉡ 44",
      "options": [
        "㉠ 8, ㉡ 40 ④ ㉠ 8, ㉡ 44",
        "성능가동률 = 속도가동률 × 정미가동률",
        "시간가동률 = (부하시간 - 정지시간) / 부하시간",
        "설비종합효율 = 시간가동률 × 성능가동률 × 양품률",
        "정미가동률 = (생산량 × 기준주기시간) / 가동시간"
      ],
      "answer": null,
      "explanation": ""
    },
    {
      "no": 4,
      "question": "정미가동률=(생산량*실제 주기시간)/(부하시간-정지시간)",
      "options": [],
      "answer": null,
      "explanation": ""
    },
    {
      "no": 19,
      "question": "일반적으로 시간의 변화에 따라 야간에 상승하는 생체리듬 [해설작성자 : 턱걸이합]\n은?",
      "options": [],
      "answer": null,
      "explanation": ""
    },
    {
      "no": 22,
      "question": "“표시장치와 이에 대응하는 조종장치간의 위치 또는 배열이",
      "options": [
        "맥박수 ② 염분량",
        "혈압 ④ 체중",
        "개념양립성 ② 운동양립성",
        "문화양립성 ④ 공간양립성"
      ],
      "answer": null,
      "explanation": ""
    },
    {
      "no": 23,
      "question": "다음 그림은 THERP 를 수행하는 예이다. 작업개시점 N1\n에서부터 작업종점 N4까지 도달할 확률은? (단, P(Bi), i=1,\n낮에는 땀 흘리니 염분이 감소하고 밤에는 땀 안흘리니까 증가\n2, 3, 4는 해당 확률을 나타내며, 각 직무과오의 발생은 상\n[해설작성자 : 보라매 오키토키]\n호독립이라 가정한다.)",
      "options": [],
      "answer": null,
      "explanation": ""
    },
    {
      "no": 20,
      "question": "성인학습의 원리에 해당되지 않는 것은?\n기출문제 해설은 최강 자격증 기출문제 전자문제집 CBT : www.comcbt.com 통해서 실시간으로 변경됩니다.\n본 해설집은 최강 자격증 기출문제 전자문제집 CBT 해설달기 프로젝트에 의해서 만들어진 자료입니다. 해설을 제공해 주신 모든 분들께 감사 드립니다.\n산업안전기사 ◐ 2017년 08월 26일 필기 기출문제 및 해설집◑ 전자문제집 CBT :www.comcbt.com\n<문제 해설>\n초정밀750lux.정밀300lux.보통150lux.그외75lux\n[해설작성자 : 가즈아 합격]",
      "options": [],
      "answer": null,
      "explanation": ""
    },
    {
      "no": 26,
      "question": "다음 그림과 같은 시스템의 신뢰도는 약 얼마인가? (단, 각\n각의 네모안의 수치는 각 공정의 신뢰도를 나타낸 것이다.)",
      "options": [
        "1 - P(B1)",
        "P(B2)ㆍP(B3)",
        "0.378 ② 0.478",
        "0.578 ④ 0.675",
        ""
      ],
      "answer": null,
      "explanation": ""
    },
    {
      "no": 0,
      "question": "8*0.9*(1-(1-0.75)*(1-0.85))*(1-(1-0.8)*(1-0.9))*0.85=0.57\n7\n④\n직렬 신뢰도=A*B*C ...\n<문제 해설>\n병렬 신뢰도=1-(1-A)(1-B)(1-C) ...\nf(A -> B) , A 에서 B 로 갈 확률\n[해설작성자 : 얍줌마]\nf(N1 -> N3) = P(B2)\nf(N3 -> N4) = P(B3), f(N3 -> N1) = P(B4)\n직렬 A X B X C\n병렬 A, B 는 (A+B)-(AXB)\nX = f(N1 -> N4) = f(N1 -> N3)*f(N3 -> N4) + {f(N1 ->\nN3)*f(N3 -> N1)}*f(N1 -> N4) 27. FTA 결과 다음과 같은 패스셋을 구하였다. X 4 가 중복사상인\nX = P(B2)*P(B3) + P(B2)*P(B4)*X 경우, 최소 패스셋(minimal path sets)으로 맞는 것은?\nX - P(B2)*P(B4)*X = P(B2)*P(B3)\nX*(1 - P(B2)*P(B4)) = P(B2)*P(B3)\nX = P(B2)*P(B3) / ((1 - P(B2)*P(B4)))\n[해설작성자 : CancerFlux]",
      "options": [
        "직렬 신뢰도=A*B*C ...",
        "{X , X } ② {X , X , X }",
        "{X , X , X } ④ {X , X , X }와 {X , X }"
      ],
      "answer": null,
      "explanation": ""
    },
    {
      "no": 24,
      "question": "격렬한 육체적 작업의 작업부담 평가 시 활용되는 주요 생 2 3 4 2 3 4 3 4\n<문제 해설>\n리적 척도로만 이루어진 것은?\nFTA(Fault Tree Analysis) : 특정 예상 사고에 대해 원인이 되는",
      "options": [
        "부정맥, 작업량",
        "맥박수, 산소 소비량",
        "점멸융합주파수, 폐활량",
        "점멸융합주파수, 근전도"
      ],
      "answer": null,
      "explanation": ""
    },
    {
      "no": 28,
      "question": "인간 - 기계 통합 체계의 인간 또는 기계에 의해서 수행되\n[추가 해설]\n는 기본기능의 유형에 해당하지 않는 것은?\n작업이 인체에 미치는 생리적 부담은 주로 맥박수, 심박수와 호",
      "options": [
        "감지 ② 환경",
        "행동 ④ 정보보관"
      ],
      "answer": null,
      "explanation": ""
    },
    {
      "no": 25,
      "question": "산업안전보건기준에 관한 규칙상 작업장의 작업면에 따른\n감지기능 정보처리 및 의사결정기능 행동기능 정보보관기능\n적정 조명 수준은 초정밀 작업에서 ( ㉠ )lux 이상이고, 보\n출력기능\n통작업에서는 ( ㉡ )lux 이상이다. ( )안에 들어갈 내용은?\n[해설작성자 : comcbt.com 이용자]",
      "options": [
        "㉠:650, ㉡:150 ② ㉠:650, ㉡:250",
        "㉠:750, ㉡:150 ④ ㉠:750, ㉡:250",
        "보류 ② 부적정",
        "적정 ④ 조건부 적정"
      ],
      "answer": null,
      "explanation": ""
    },
    {
      "no": 32,
      "question": "인간공학 연구조사에 사용되는 기준의 구비조건과 가장 거\n[해설작성자 : 강꼬비]\n리가 먼 것은?",
      "options": [],
      "answer": null,
      "explanation": ""
    },
    {
      "no": 29,
      "question": "시스템의 운용단계에서 이루어져야 할 주요한 시스템안전",
      "options": [
        "적절성",
        "다양성",
        "생산시스템 분석 및 효율성 검토 ③ 무오염성",
        "안전성 손상 없이 사용설명서의 변경과 수정을 평가 ④ 기준 척도의 신뢰성",
        "운용, 안전성 수준유지를 보증하기 위한 안전성 검사 <문제 해설>",
        "운용, 보전 및 위급 시 절차를 평가하여 설계시 고려사 기준척도의 일반적요건"
      ],
      "answer": null,
      "explanation": ""
    },
    {
      "no": 33,
      "question": "FTA에 대한 설명으로 틀린 것은?\n경과 수정을 요할 것",
      "options": [
        "정성적 분석만 가능하다.",
        "하향식(top-down) 방법이다.",
        "짧은 시간에 점검할 수 있다.",
        "비전문가라도 쉽게 할 수 있다."
      ],
      "answer": null,
      "explanation": ""
    },
    {
      "no": 1,
      "question": "FTA는 연역적, 정량적\n- 위험상태의 재발방지를 위해 적절한 개량조치를 강구할 것\n[해설작성자 : 얍줌마]\n[해설작성자 : comcbt.com 이용자]\nFTA는 정성ㆍ정량적 분석이 가능하다.\n효율성 검토와 시스템 안전과는 서로 트레이드 오프 관계이다.\n[해설작성자 : 나그네]\n[해설작성자 : 산업안전기사합격!!!]",
      "options": [],
      "answer": null,
      "explanation": ""
    },
    {
      "no": 30,
      "question": "인체측정치의 응용원리에 해당하지 않는 것은? 3. FTA의 전산화를 통하여 사고발생에 기여도가 높은 중요원인",
      "options": [
        "조절식 설계 ② 극단치 설계 을 분석파악하여 사고예방을 위한 노력과 시간을 절감할 수 있",
        "평균치 설계 ④ 다차원식 설계 다."
      ],
      "answer": null,
      "explanation": ""
    },
    {
      "no": 34,
      "question": "4m 또는 그보다 먼 물체만을 잘 볼 수 있는 원시 안경은\n을 수용할 수 있는 경우\n몇 D 인가? (단, 명시거리는 25cm 로 한다.)\n평균치 설계 : 다른 기준이 적용되기 어려운 경우 마지막으로",
      "options": [
        "1.75D ② 2.75D",
        "3.75D ④ 4.75D"
      ],
      "answer": null,
      "explanation": ""
    },
    {
      "no": 1,
      "question": "최대 치수와 최소 치수 (극단치 설계)",
      "options": [],
      "answer": null,
      "explanation": ""
    },
    {
      "no": 2,
      "question": "조절식 설계 (5 % ~ 95 %)\n초점거리와 디옵터",
      "options": [],
      "answer": null,
      "explanation": ""
    },
    {
      "no": 3,
      "question": "평균치를 기준으로 한 설계\n1/25 - 1/400 = 1/초점거리\n[해설작성자 : 빡고수박교수]\n초점거리 = 26.667",
      "options": [],
      "answer": null,
      "explanation": ""
    },
    {
      "no": 31,
      "question": "산업안전보건법령상 유해ㆍ위험방지계획서의 심사 결과에 디옵터 = 100/ 초점거리 = 100 / 26.67 = 3.75\n따른 구분ㆍ판정의 종류에 해당하지 않는 것은? [해설작성자 : Jack]\n기출문제 해설은 최강 자격증 기출문제 전자문제집 CBT : www.comcbt.com 통해서 실시간으로 변경됩니다.\n본 해설집은 최강 자격증 기출문제 전자문제집 CBT 해설달기 프로젝트에 의해서 만들어진 자료입니다. 해설을 제공해 주신 모든 분들께 감사 드립니다.\n산업안전기사 ◐ 2017년 08월 26일 필기 기출문제 및 해설집◑ 전자문제집 CBT :www.comcbt.com\n-압력",
      "options": [],
      "answer": null,
      "explanation": ""
    },
    {
      "no": 35,
      "question": "작업공간 설계에 있어 “접근제한요건”에 대한 설명으로 맞\n-조작\n는 것은?",
      "options": [
        "조절식 의자와 같이 누구나 사용할 수 있도록 설계한다."
      ],
      "answer": null,
      "explanation": ""
    },
    {
      "no": 2,
      "question": "정성적 평가항목\n② 비상벨의 위치를 작업자의 신체조건에 맞추어 설계한다.\n-입지조건\n③ 트럭운전이나 수리작업을 위한 공간을 확보하여 설계한\n-공장내의 배치\n다.\n-소방 설비\n④ 박물관의 미술품 전시와 같이, 장애물 뒤의 타겟과의 거\n-공정 기기\n리를 확보하여 설계한다.\n-수송,저장\n<문제 해설>\n-원재료\n작업공간 설계에 있어 \"접근제한 요건\" 은 반드시 거리 확보가\n-중간체\n필요하다\n-제품\n[해설작성자 : 마중물]\n[해설작성자 : 여사]",
      "options": [
        "비상벨의 위치를 작업자의 신체조건에 맞추어 설계한다.",
        "트럭운전이나 수리작업을 위한 공간을 확보하여 설계한",
        "박물관의 미술품 전시와 같이, 장애물 뒤의 타겟과의 거"
      ],
      "answer": null,
      "explanation": ""
    },
    {
      "no": 36,
      "question": "인간의 에러 중 불필요한 작업 또는 절차를 수행함으로써",
      "options": [],
      "answer": null,
      "explanation": ""
    },
    {
      "no": 39,
      "question": "청각에 관한 설명으로 틀린 것은?\n기인한 에러를 무엇이라 하는가?",
      "options": [
        "인간에게 음의 높고 낮은 감각을 주는 것은 음의 진폭이",
        "Omission error ② Sequential error",
        "Extraneous error ④ Commission error",
        "1000 Hz 순음의 가청최소음압을 음의 강도 표준치로 사",
        "일반적으로 음이 한 옥타브 높아지면 진동수는 2배 높아",
        "복합음은 여러 주파수대의 강도를 표현한 주파수별 분포"
      ],
      "answer": null,
      "explanation": ""
    },
    {
      "no": 37,
      "question": "FTA(Fault tree analysis)의 기호 중 다음의 사상기호에 적\n합한 각각의 명칭은?",
      "options": [],
      "answer": null,
      "explanation": ""
    },
    {
      "no": 40,
      "question": "초음파 소음(ultrasonic noise)에 대한 설명으로 잘못된 것\n은?",
      "options": [
        "전형적으로 20000 Hz 이상이다.",
        "가청영역 위의 주파수를 갖는 소음이다.",
        "소음이 3dB 증가하면 허용기간은 반감한다.",
        "20000 Hz 이상에서 노출 제한은 110 dB 이다.",
        "전이기호와 통상사상",
        "통상사상과 생략사상",
        "통상사상과 전이기호",
        "생략사상과 전이기호"
      ],
      "answer": null,
      "explanation": ""
    },
    {
      "no": 38,
      "question": "화학설비에 대한 안전성 평가에서 정성적 평가 항목이 아닌",
      "options": [],
      "answer": null,
      "explanation": ""
    },
    {
      "no": 41,
      "question": "보일러에서 프라이밍(Priming)과 포오밍(Foaming)의 발생\n것은?\n원인으로 가장 거리가 먼 것은?",
      "options": [
        "건조물 ② 취급물질",
        "역화가 발생되었을 경우",
        "공장내의 배치 ④ 입지조건",
        "기계적 결함이 있을 경우",
        "보일러가 과부하로 사용될 경우"
      ],
      "answer": null,
      "explanation": ""
    },
    {
      "no": 1,
      "question": "정량적 평가 항목\n④ 보일러 수에 불순물이 많이 포함되었을 경우\n-취급물질\n<문제 해설>\n-화학 설비의 용량\n보일러에서 캐리오버 현상의 원인으로 다음 2가지가 있다..\n-온도\n기출문제 해설은 최강 자격증 기출문제 전자문제집 CBT : www.comcbt.com 통해서 실시간으로 변경됩니다.\n본 해설집은 최강 자격증 기출문제 전자문제집 CBT 해설달기 프로젝트에 의해서 만들어진 자료입니다. 해설을 제공해 주신 모든 분들께 감사 드립니다.\n산업안전기사 ◐ 2017년 08월 26일 필기 기출문제 및 해설집◑ 전자문제집 CBT :www.comcbt.com",
      "options": [
        "보일러 수에 불순물이 많이 포함되었을 경우",
        "2시간 ② 4시간"
      ],
      "answer": null,
      "explanation": ""
    },
    {
      "no": 1,
      "question": "프라이밍(Priming) ③ 8시간 ④ 10시간\n보이러 튜브 내면의 막비등으로 인하한 수적이 증기와 함께 비 <문제 해설>\n산하여 증기관으로 누출되어 증기의 건도가 저하되는 것을 말 소음허용 노출기준 :연속소음 90dB에서 8시간\n함.\n원인) [추가 해설]\n1) 주증기 밸브의 급개 (기계적 결함) 강렬한 소음작업\n2) 보일러 수위 이상 상승 (기계적 결함) 90db 1일 8시간이상 작업\n3) 증기 부하 과대 (과부하) 95db 1일 4시간이상 작업\n4) 보일러 농축 배수 과대 (과부하) 이후 5db 증가할때만다 1/2씩 시간이 줄어든다..",
      "options": [
        "8시간 ④ 10시간"
      ],
      "answer": null,
      "explanation": ""
    },
    {
      "no": 45,
      "question": "보일러에서 압력이 규정 압력이상으로 상승하여 과열되는",
      "options": [],
      "answer": null,
      "explanation": ""
    },
    {
      "no": 2,
      "question": "포오밍(Forming)\n원인으로 가장 관계가 적은 것은?\n보일러수의 과잉 농축 또는 물속에 존재하는 유분(불순물)에 의",
      "options": [
        "수관 및 본체의 청소 불량",
        "관수가 부족할 때 보일러 가동",
        "절탄기의 미부착",
        "수면계의 고장으로 인한 드럼내의 물의 감소"
      ],
      "answer": null,
      "explanation": ""
    },
    {
      "no": 1,
      "question": "기계적 결함이 있을 경우\n절탄기 : 보일러의 굴뚝에서 버려지는 여열을 이용하여 보일러",
      "options": [],
      "answer": null,
      "explanation": ""
    },
    {
      "no": 2,
      "question": "보일러가 과부하로 사용될 경우\n에 공급되는 급수를 예열하는 장치.",
      "options": [],
      "answer": null,
      "explanation": ""
    },
    {
      "no": 3,
      "question": "보일러 수에 불순물이 많이 포함되었을 경우\n[해설작성자 : 쿠라니]",
      "options": [],
      "answer": null,
      "explanation": ""
    },
    {
      "no": 4,
      "question": "고수위",
      "options": [],
      "answer": null,
      "explanation": ""
    },
    {
      "no": 5,
      "question": "급격한 과열\n보일러 과열의 원인\n[해설작성자 : 가자고오]",
      "options": [],
      "answer": null,
      "explanation": ""
    },
    {
      "no": 1,
      "question": "수관과 본체의 청소 불량",
      "options": [],
      "answer": null,
      "explanation": ""
    },
    {
      "no": 42,
      "question": "허용응력이 1kN/mm2 이고, 단면적이 2mm2인 강판의 극한 2. 관수 부족 시 보일러 가동\n하중이 4000N이라면 안전율은 얼마인가? 3. 수면계 고장으로 드럼 내 물의 감소",
      "options": [
        "2 ② 4 [해설작성자 : 빡고수박교수]",
        "5 ④ 50"
      ],
      "answer": null,
      "explanation": ""
    },
    {
      "no": 46,
      "question": "크레인에서 일반적인 권상용 와이어로프 및 권상용 체인의\n<문제 해설>\n안전율 기준은?\n1kN = 1000N",
      "options": [
        "10 이상 ② 2.7 이상",
        "4 이상 ④ 5 이상"
      ],
      "answer": null,
      "explanation": ""
    },
    {
      "no": 1,
      "question": "근로자가 탑승하는 운반구를 지지하는 달기와이어로프 또는\n극한강도=극한하중/단면적 = 4000N/2mm^ = 2000N/mm^ =\n달기체인의 경우: 10이상\n2kN/mm^",
      "options": [],
      "answer": null,
      "explanation": ""
    },
    {
      "no": 2,
      "question": "화물의 하중을 직접 지지한는 달기와이어로프 또는 달기체인\n2kN/mm^ / 1kN/mm^ = 2\n의 경우: 5 이상\n[해설작성자 : 가자고오]",
      "options": [],
      "answer": null,
      "explanation": ""
    },
    {
      "no": 3,
      "question": "훅,샤클,리프팅 빔의 경우: 3 이상",
      "options": [],
      "answer": null,
      "explanation": ""
    },
    {
      "no": 43,
      "question": "슬라이드 행정수가 100 spm 이하이거나, 행정길이가 4.그 밖의 경우: 4 이상\n50mm 이상의 프레스에 설치해야 하는 방호장치 방식은? [해설작성자 : 부자아빠]",
      "options": [
        "양수조작식 ② 수인식",
        "가드식 ④ 광전자식 와이어로프의 안전율"
      ],
      "answer": null,
      "explanation": ""
    },
    {
      "no": 1,
      "question": "슬라이드 행정 수가 100SPM 이하 지브의 지지용 와이어로프, 가이로프 및 고정용 와이어로프 :",
      "options": [],
      "answer": null,
      "explanation": ""
    },
    {
      "no": 2,
      "question": "슬라이드 행정길이가 50mm 이상 4.0",
      "options": [],
      "answer": null,
      "explanation": ""
    },
    {
      "no": 3,
      "question": "완전회전식 클러치 프레스에 적합 케이블 크레인의 메인 로프, 레일로프 : 2.7",
      "options": [],
      "answer": null,
      "explanation": ""
    },
    {
      "no": 4,
      "question": "수인끈의 재료는 합성섬유로 직경이 4mm 이상이어야 한다. [해설작성자 : 김한성]\n[해설작성자 : 빡고수박교수]",
      "options": [],
      "answer": null,
      "explanation": ""
    },
    {
      "no": 47,
      "question": "컨베이어에 사용되는 방호장치와 그 목적에 관한 설명이 옳",
      "options": [],
      "answer": null,
      "explanation": ""
    },
    {
      "no": 44,
      "question": "“강렬한 소음작업”이라 함은 90dB이상의 소음이 1일 몇 시 지 않은 것은?\n간 이상 발생되는 작업을 말하는가?",
      "options": [
        "운전 중인 컨베이어 등의 위로 넘어가고자 할 때를 위하",
        "근로자의 신체 일부가 말려들 위험이 있을 때 이를 즉시 ① 투과력 우수, 미세한 결함에 대한 감도↑",
        "내부 결함 위치, 크기, 방향을 어느 정도 정확이 측정할 수",
        "정전, 전압강하 등에 따른 화물 이탈을 방지하기 위해 있다.",
        "단지 한 면에서 탐상이 가능하며, 검사 결과를 브라운관을",
        "낙하물에 의한 위험 방지를 위한 덮개 또는 울을 설치한 통해 즉시 알 수 있 다.",
        "이동성이 양호, 균열 등 면상 결함의 검 출 능력이 RT보다"
      ],
      "answer": null,
      "explanation": ""
    },
    {
      "no": 51,
      "question": "다음 설명에 해당하는 기계는?",
      "options": [],
      "answer": null,
      "explanation": ""
    },
    {
      "no": 48,
      "question": "연삭숫돌의 지름이 20cm이고, 원주속도가 250m/min일 때\n연삭숫돌의 회전수는 약 몇 rpm인가?",
      "options": [
        "398 ② 433",
        "489 ④ 552",
        "선반 ② 호방 머신",
        "연삭기 ④ 밀링"
      ],
      "answer": null,
      "explanation": ""
    },
    {
      "no": 1,
      "question": "밀링 작업에서 생기는 칩은 가늘고 예리해 부상 확률이 높으\n므로 보안경을 착용해야 한다.",
      "options": [],
      "answer": null,
      "explanation": ""
    },
    {
      "no": 49,
      "question": "범용 수동 선반의 방호조치에 관한 설명으로 옳지 않은 것",
      "options": [],
      "answer": null,
      "explanation": ""
    },
    {
      "no": 2,
      "question": "칩은 기계를 정지시킨 다음 브러쉬로 제거한다.\n은?",
      "options": [],
      "answer": null,
      "explanation": ""
    },
    {
      "no": 3,
      "question": "강력 절삭을 할 때에는 일감을 바이스에 깊게 물린다.",
      "options": [
        "척 가드의 폭은 공작물의 가공작업에 방해가 되지 않는"
      ],
      "answer": null,
      "explanation": ""
    },
    {
      "no": 4,
      "question": "급속이송은 백래시 제거장치가 동작하지 않고 있음을 확인한\n범위 내에서 척 전체 길이를 방호할 수 있을 것\n다음에 행동한다.\n② 척 가드의 개방 시 스핀들의 작동이 정지되도록 연동회\n[해설작성자 : 빡고수박교수]\n로를 구성할 것\n③ 전면 칩 가드의 폭은 새들 폭 이하로 설치할 것\nchip이 가늘고 예리하다 -> 밀링\n④ 전면 칩 가드는 심압대가 베드 끝단부에 위치하고 있고\n[해설작성자 : 가자고오]\n공작물 고정 장치에서 심압대까지 가드를 연장시킬 수\n없는 경우에는 부착위치를 조정할 수 있을 것",
      "options": [
        "척 가드의 개방 시 스핀들의 작동이 정지되도록 연동회",
        "전면 칩 가드의 폭은 새들 폭 이하로 설치할 것",
        "전면 칩 가드는 심압대가 베드 끝단부에 위치하고 있고"
      ],
      "answer": null,
      "explanation": ""
    },
    {
      "no": 52,
      "question": "취성재료의 극한강도가 128MPa이며, 허용응력이 64MPa일\n<문제 해설>\n경우 안전계수는?\n전면 칩 가드의 폭은 새들 폭 이상일 것",
      "options": [
        "1 ② 2",
        "4 ④ 1/2"
      ],
      "answer": null,
      "explanation": ""
    },
    {
      "no": 50,
      "question": "다음 중 용접부에 발생한 미세균열, 용입부족, 융합불량의\n극한강도/허용응력\n검출에 가장 적합한 비파괴검사법은?\n[해설작성자 : 신중환]",
      "options": [
        "방사선투과 검사",
        "침투탐상 검사"
      ],
      "answer": null,
      "explanation": ""
    },
    {
      "no": 53,
      "question": "프레스기에 금형 설치 및 조정 작업 시 준수 하여야 할 안\n③ 자분탐상 검사\n전수칙으로 틀린 것은?\n④ 초음파탐상 검사",
      "options": [
        "자분탐상 검사",
        "초음파탐상 검사",
        "금형을 부착하기 전에 하사점을 확인한다.",
        "금형의 체결은 올바른 치공구를 사용하고 균등하게 체결",
        "면상 결함 검출 등이 우수, X-선 검사로 탐상하기 불가능한",
        "금형은 하형부터 잡고 무거운 금형의 받침은 인력으로",
        "초음파 파장은 검출 가능한 결함의 크기 와 전파능력은 파장",
        "슬라이드의 불시하강을 방지하기 위하여 안전블록을 제"
      ],
      "answer": null,
      "explanation": ""
    },
    {
      "no": 4,
      "question": "프레스 슬라이드가 하강해서 찡기면 사망...\n[해설작성자 : 뿌리뉴워] 크레인을 필요한 상황에서는 저속으로 중지시킬 수 있도록 브레\n이크장치 가아닌 고속으로 중지시킬수 있어야한다.",
      "options": [],
      "answer": null,
      "explanation": ""
    },
    {
      "no": 54,
      "question": "컨베이어 작업시작 전 점검사항에 해당하지 않는 것은?\n고속과 저속의 구분을 하는것이 중요합니다..정답은 3번",
      "options": [
        "브레이크 및 클러치 기능의 이상 유무",
        "비상정지장치 기능의 이상 유무",
        "이탈 등의 방지장치 기능의 이상 유무 56. 프레스의 작업 시작 전 점검 사항이 아닌 것은?",
        "원동기 및 풀리 기능의 이상 유무 ① 권과방지장치 및 그 밖의 경보장치의 기능",
        "슬라이드 또는 칼날에 의한 위험방지 기구의 기능",
        "프레스기의 금형 및 고정볼트 상태",
        "전단기의 칼날 및 테이블의 상태"
      ],
      "answer": null,
      "explanation": ""
    },
    {
      "no": 57,
      "question": "보일러에서 압력방출장치가 2개 설치된 경우 최고 사용압력\n[해설작성자 : 예띠]\n이 1MPa일 때 압력방출장치의 설정 방법으로 가장 옳은 것\n은?\n1번 브레이크 및 클러치 기능의 이상 유무는 프레스 작업시작",
      "options": [
        "2개 모두 1.1MPa 이하에서 작동되도록 설정하였다.",
        "하나는 1MPa 이하에서 작동되고 나머지는 1.1MPa 이하"
      ],
      "answer": null,
      "explanation": ""
    },
    {
      "no": 55,
      "question": "크레인의 방호장치에 대한 설명으로 틀린 것은? ③ 하나는 1MPa 이하에서 작동되고 나머지는 1.05MPa 이",
      "options": [
        "하나는 1MPa 이하에서 작동되고 나머지는 1.05MPa 이",
        "권과방지장치를 설치하지 않은 크레인에 대해서는 권상 하에서 작동되도록 설정하였다.",
        "2개 모두 1.05MPa 이하에서 작동되도록 설정하였다.",
        "운반물의 중량이 초과되지 않도록 과부하방지장치를 설 치가 2개이상 설치된 경우에",
        "크레인을 필요한 상황에서는 저속으로 중지시킬 수 있도 최고사용압력의 1.05배 이하에서 작동되도록 부착하여야 한다."
      ],
      "answer": null,
      "explanation": ""
    },
    {
      "no": 58,
      "question": "다음 중 롤러기에 설치하여야 할 방호장치는?\n④ 작업 중에 이상발견 또는 긴급히 정지시켜야 할 경우에",
      "options": [
        "작업 중에 이상발견 또는 긴급히 정지시켜야 할 경우에",
        "반발예방장치 ② 급정지장치",
        "접촉예방장치 ④ 파열판장치"
      ],
      "answer": null,
      "explanation": ""
    },
    {
      "no": 1,
      "question": "급정지장치\n충돌 시 충격을 완화시킬 수 있는 완충장치를 설치한다는 승강",
      "options": [],
      "answer": null,
      "explanation": ""
    },
    {
      "no": 2,
      "question": "안전캡\n기에 해당하는 방호장치\n[해설작성자 : 예띠]\n[해설작성자 : Jack]\n롤러의 방호장치\n완충장치는 승강기에 필요한 방호장치이고",
      "options": [],
      "answer": null,
      "explanation": ""
    },
    {
      "no": 1,
      "question": "급정지장치\n충돌방지장치는 크레인의 방호장치입니다.",
      "options": [],
      "answer": null,
      "explanation": ""
    },
    {
      "no": 2,
      "question": "가드\n****문제는 함정으로 수험생들을 혼란 유도 또는 혼동에 빠지",
      "options": [],
      "answer": null,
      "explanation": ""
    },
    {
      "no": 3,
      "question": "역회전장치\n게 한 것임 (함정입니다)\n롤러기에서의 아래와 같이 문제 출제경향이 있읍니다.\n크레인은 충돌방지장치입니다.",
      "options": [],
      "answer": null,
      "explanation": ""
    },
    {
      "no": 1,
      "question": "롤러기의 방호장치->출제됨\n시험 치는 날 문제를 건성으로 읽거나 덜 읽거나 임의 해석에",
      "options": [],
      "answer": null,
      "explanation": ""
    },
    {
      "no": 2,
      "question": "가드간격[일반 Y=6+0.15X (X<160mm,단 X>(크거나 같을경\n주의해야 합니다..\n우)160mm Y=30)-반복하여 출제됨\n하나의 해석에 두개의 예을 말하는 경우 거의 틀릴 확률이 많은\n2-1. 위험점이 전동체인 경우 개구부 간격 Y=6+0.1X\n이유-->꼬아서 출제 내기가 쉽거든요\n(X<760mm유효)\n[해설작성자 : 허찬]\n기출문제 해설은 최강 자격증 기출문제 전자문제집 CBT : www.comcbt.com 통해서 실시간으로 변경됩니다.\n본 해설집은 최강 자격증 기출문제 전자문제집 CBT 해설달기 프로젝트에 의해서 만들어진 자료입니다. 해설을 제공해 주신 모든 분들께 감사 드립니다.\n산업안전기사 ◐ 2017년 08월 26일 필기 기출문제 및 해설집◑ 전자문제집 CBT :www.comcbt.com",
      "options": [],
      "answer": null,
      "explanation": ""
    },
    {
      "no": 3,
      "question": "급정지거리 표면속도 30 미만->급정지 거리 1/3/표면속도 그냥 외웁시다\n30이상->급정지 거리1/2.5-->반복하여 출제됨 파두장 60us = 90mA이하",
      "options": [],
      "answer": null,
      "explanation": ""
    },
    {
      "no": 4,
      "question": "급정지 속도(손조작식 1.8m 이내 / 복부조작식 0.8~1.1m / 325us = 60mA이하\n무릅조작식 0.6~0.4m)-->반복하여 출제됨 700us = 40mA이하",
      "options": [],
      "answer": null,
      "explanation": ""
    },
    {
      "no": 5,
      "question": "와이어 직경 4mm,6mm,절단하중 2.94kgn [해설작성자 : 한방합격]",
      "options": [],
      "answer": null,
      "explanation": ""
    },
    {
      "no": 6,
      "question": "표면속도 V=파이*D*N/1000-->출제 빈번함",
      "options": [],
      "answer": null,
      "explanation": ""
    },
    {
      "no": 62,
      "question": "고압 및 특고압의 전로에 시설하는 피뢰기에 접지공사를 할\n****Eternal Sun님 자료 발취\n때 접지저항의 최대값은 몇 Ω이하로 해야 하는가?\n[해설작성자 : 허찬]",
      "options": [
        "100 ② 20"
      ],
      "answer": null,
      "explanation": ""
    },
    {
      "no": 59,
      "question": "연삭기의 숫돌 지름이 300 mm 일 경우 평형 플랜지의 지 ③ 10 ④ 5\n름은 몇 mm 이상으로 해야 하는가? <문제 해설>",
      "options": [
        "10 ④ 5",
        "50 ② 100 피뢰기의 접지저항은 10옴 이하로 한다.",
        "150 ④ 200 [해설작성자 : 쿠라니]"
      ],
      "answer": null,
      "explanation": ""
    },
    {
      "no": 60,
      "question": "기계설비에 대한 본질적인 안전화 방안의 하나인 풀 프루프\n특3종 : 400이상의 기기 누전\n(Fool Proof)에 관한 설명으로 거리가 먼 것은?\n[해설작성자 : ㄱㅈㅂㄱ]",
      "options": [
        "계기나 표시를 보기 쉽게 하거나 이른바 인체공학적 설",
        "설비 및 기계장치 일부가 고장이 난 경우 기능의 저하는",
        "인간이 에러를 일으키기 어려운 구조나 기능을 가진다.",
        "조작순서가 잘못되어도 올바르게 작동한다.",
        "정격감도전류 30mA, 동작시간 0.01 초 이내",
        "정격감도전류 30mA, 동작시간 0.03초 이내",
        "정격감도전류 15mA, 동작시간 0.01 초 이내",
        "정격감도전류 15mA, 동작시간 0.03 초 이내"
      ],
      "answer": null,
      "explanation": ""
    },
    {
      "no": 64,
      "question": "다음 중 전압을 구분할 것으로 알맞은 것은?(2021년 개정된\n4과목 : 전기위험방지기술\nKEC 규정)",
      "options": [],
      "answer": null,
      "explanation": ""
    },
    {
      "no": 61,
      "question": "인체의 손과 발사이에 과도전류를 인가한 경우에 파두장",
      "options": [
        "저압이란 교류 600V 이하, 직류는 교류의 교류의 루트2",
        "고압이란 교류 7000V 이하, 직류 7500V 이하의 전압을",
        "4 ② 40 말한다.",
        "400 ④ 800 ③ 특고압이란 교류, 직류 모두 7000V를 초과하는 전압을",
        "고압이란 교류, 직류 모두 7500V를 넘지 않는 전압을 말 심실세동 - 혈액순환기능 상실"
      ],
      "answer": null,
      "explanation": ""
    },
    {
      "no": 68,
      "question": "다음은 전기안전에 관한 일반적인 사항을 기술한 것이다.\n특 7kv초과\n옳게 설명된 것은?(2021년 개정된 KEC 규정 적용됨)",
      "options": [],
      "answer": null,
      "explanation": ""
    },
    {
      "no": 65,
      "question": "단로기를 사용하는 주된 목적은?",
      "options": [
        "200V 동력용 전동기의 외함에 접지공사를 하였다.",
        "과부하 차단 ② 배선에 사용할 전선의 굵기를 허용전류, 기계적강도, 전",
        "변성기의 개폐 압강하 등을 고려하여 결정하였다.",
        "이상전압의 차단 ③ 누전을 방지하기 위해 피뢰침 설비를 설치하였다.",
        "무부하 선로의 개폐 ④ 전선 접속시 전선의 세기가 30% 이상 감소되었다."
      ],
      "answer": null,
      "explanation": ""
    },
    {
      "no": 69,
      "question": "정격사용률이 30%, 정격2차전류가 300A인 교류아크 용접기",
      "options": [],
      "answer": null,
      "explanation": ""
    },
    {
      "no": 66,
      "question": "전격의 위험을 결정하는 주된 인자로 가장 거리가 먼 것은? 를 200A로 사용하는 경우의 허용사용률(%)은?",
      "options": [
        "통전전류 ② 통전시간 ① 67.5 ② 91.6",
        "통전경로 ④ 통전전압 ③ 110.3 ④ 130.5"
      ],
      "answer": null,
      "explanation": ""
    },
    {
      "no": 70,
      "question": "어느 변전소에서 고장전류가 유입되었을 때 도전성구조물과\n그 부근 지표상의 점과의 사이(약 1m)의 허용접촉전압은 약\n전압은 정전기이므로 처음에는 강한 전기가 발생하지만 후에 인\n체없는 영향없음\n[해설작성자 : 필기는 할만해] 몇 V 인가? (단, 심실세동전류: , 인체의\n저항: 1000Ω, 지표면의 저항률: 150Ωㆍm, 통전시간을 1초",
      "options": [],
      "answer": null,
      "explanation": ""
    },
    {
      "no": 67,
      "question": "감전되어 사망하는 주된 메커니즘으로 틀린 것은?\n로 한다.)",
      "options": [
        "심장부에 전류가 흘러 심실세동이 발생하여 혈액순환기",
        "202 ② 186",
        "228 ④ 164",
        "흉골에 전류가 흘러 혈압이 약해져 뇌에 산소 공급기능",
        "뇌의 호흡중추 신경에 전류가 흘러 호흡기능이 정지되어",
        "흉부에 전류가 흘러 흉부수축에 의한 질식으로 일어난"
      ],
      "answer": null,
      "explanation": ""
    },
    {
      "no": 74,
      "question": "Freiberger가 제시한 인체의 전기적 등가회로는 다음 중 어\n느 것인가? (단, 단위는 다음과 같다. 단위: R(Ω), L(H),\nV=IR\nC(F))\nV=0.165/^(루트)1×(1,000+(150×1.5))=202.125[V]\n[해설작성자 : 류여사]",
      "options": [],
      "answer": null,
      "explanation": ""
    },
    {
      "no": 71,
      "question": "아크용접 작업 시 감전사고 방지대책으로 틀린 것은?",
      "options": [
        "① 절연 장갑의 사용",
        "절연 용접봉의 사용",
        "적정한 케이블의 사용",
        "④ 절연 용접봉의 홀더의 사용"
      ],
      "answer": null,
      "explanation": ""
    },
    {
      "no": 2,
      "question": "절연용접봉을 사용하면 전기가 흐르지 않아 용접이 불가능함\n③\n[해설작성자 : comcbt.com 이용자]\n아크용접 작업 시 감전사고 방지대책\n④",
      "options": [
        "[해설작성자 : comcbt.com 이용자]",
        ""
      ],
      "answer": null,
      "explanation": ""
    },
    {
      "no": 1,
      "question": "절연 장갑의 사용",
      "options": [],
      "answer": null,
      "explanation": ""
    },
    {
      "no": 2,
      "question": "자동전격방지장치의 사용 <문제 해설>",
      "options": [],
      "answer": null,
      "explanation": ""
    },
    {
      "no": 3,
      "question": "적정한 케이블의 사용 Freiberger = RCRC로 외우시면 편합니다",
      "options": [],
      "answer": null,
      "explanation": ""
    },
    {
      "no": 4,
      "question": "절연 용접봉의 홀더의 사용 [해설작성자 : 중대재해]\n[해설작성자 : 루피]",
      "options": [],
      "answer": null,
      "explanation": ""
    },
    {
      "no": 75,
      "question": "전동기용 퓨즈 사용 목적으로 알맞은 것은?",
      "options": [],
      "answer": null,
      "explanation": ""
    },
    {
      "no": 72,
      "question": "인체저항에 대한 설명으로 옳지 않은 것은?",
      "options": [
        "과전압 차단",
        "인체저항은 접촉면적에 따라 변한다. ② 누설전류 차단",
        "피부저항은 물에 젖어 있는 경우 건조시의 약 1/12로 저 ③ 지락과전류 차단",
        "회로에 흐르는 과전류 차단",
        "인체저항은 한 개의 단일 저항체로 보아 최악의 상태를 <문제 해설>",
        "인체에 전압이 인가되면 체내로 전류가 흐르게 되어 전 회로에 흐르는 과전류를 차단할 목적으로 사용한다"
      ],
      "answer": null,
      "explanation": ""
    },
    {
      "no": 76,
      "question": "누전으로 인한 화재의 3요소에 대한 요건이 아닌 것은?",
      "options": [],
      "answer": null,
      "explanation": ""
    },
    {
      "no": 2,
      "question": "피부가 물에 젖어 있을 경우 1/25로 저항률 저하",
      "options": [
        "접속점 ② 출화점",
        "누전점 ④ 접지점"
      ],
      "answer": null,
      "explanation": ""
    },
    {
      "no": 77,
      "question": "교류아크 용접기의 자동전격 방지장치란 용접기의 2차전압\n을 25V 이하로 자동조절하여 안전을 도모하려는 것이다. 다",
      "options": [],
      "answer": null,
      "explanation": ""
    },
    {
      "no": 73,
      "question": "저압방폭전기의 배관방법에 대한 설명으로 틀린 것은?\n음 사항 중 어떤 시점에서 그 기능이 발휘 되어야 하는가?",
      "options": [
        "전선관용 부속품은 방폭구조에 정한 것을 사용한다.",
        "전체 작업시간 동안",
        "전선관용 부속품은 유효 접속면의 깊이를 5mm 이상 되",
        "아크를 발생시킬 때만",
        "용접작업을 진행하고 있는 동안만",
        "배선에서 케이블의 표면온도가 대상하는 발화온도에 충",
        "용접작업 중단 직후부터 다음 아크 발생 시 까지",
        "가요성 피팅(Fitting)은 방폭 구조를 이용하되 내측 반경",
        "용접작업 1초 이내 정지하는 순간 자동적으로 접촉하여도 감",
        "\"용접작업을 정지하는 순간에 작동하여 다음 아크 발생 시까",
        "주회로를 제어하는 장치와 보조변압기로 구성된다 소화는 마른 모래나 분말 소화약제를 사용해야한다."
      ],
      "answer": null,
      "explanation": ""
    },
    {
      "no": 78,
      "question": "누전차단기를 설치하여야 하는 곳은? 82. 다음 중 상온에서 물과 격렬히 반응하여 수소를 발생시키는",
      "options": [
        "기계기구를 건조한 장소에 시설한 경우 물질은?",
        "대지전압이 220V에서 기계기구를 물기가 없는 장소에 ① Au ② K",
        "S ④ Ag",
        "전기용품안전 관리법의 적용을 받는 2중 절연구조의 기 <문제 해설>",
        "전원측에 절연변압기(2차 전압이 300V 이하)를 시설한 (칼륨) (물) (수산화칼륨) (수소)"
      ],
      "answer": null,
      "explanation": ""
    },
    {
      "no": 2,
      "question": "대지전압이 150V를 초과하는 이동형 또는 가반형 전동기기는 Au 금\n누전차단기를 설치 해야함 K 칼륨\n[해설작성자 : 얍줌마] S 유황\nAg 은",
      "options": [],
      "answer": null,
      "explanation": ""
    },
    {
      "no": 79,
      "question": "방폭구조와 기호의 연결이 틀린 것은?\n[해설작성자 : 남돌]",
      "options": [
        "압력방폭구조 : p",
        "내압방폭구조 : d",
        "안전증방폭구조 : s",
        "본질안전방폭구조 : ia 또는 ib"
      ],
      "answer": null,
      "explanation": ""
    },
    {
      "no": 80,
      "question": "전격에 의해 심실세동이 일어날 확률이 가장 큰 심장 맥동",
      "options": [],
      "answer": null,
      "explanation": ""
    },
    {
      "no": 83,
      "question": "산업안전보건법령상 안전밸브 등의 전단ㆍ후단에는 차단밸\n주기 파형의 설명으로 옳은 것은? (단, 심장 맥동주기를 심\n브를 설치하여서는 아니되지만 다음 중 자물쇠형 또는 이에\n전도에서 보았을 때의 파형이다.)\n준하는 형식의 차단밸브를 설치할 수 있는 경우로 틀린 것",
      "options": [
        "심실의 수축에 따른 파형이다.",
        "심실의 팽창에 따른 파형이다.",
        "인접한 화학설비 및 그 부속설비에 안전밸브 등이 각각",
        "심실의 수축 종료 후 심실의 휴식 시 발생하는 파형이",
        "심실의 수축 시작 후 심실의 휴식 시 발생하는 파형이",
        "안전밸브 등의 배출용량의 4분의 1 이상에 해당하는 용",
        "화학설비 및 그 부속설비에 안전밸브 등이 복수방식으로",
        "열팽창에 의하여 상승된 압력을 낮추기 위한 목적으로"
      ],
      "answer": null,
      "explanation": ""
    },
    {
      "no": 81,
      "question": "다음 중 마그네슘의 저장 및 취급에 관한 설명으로 틀린 것\n동압력조절밸브와 안전밸브 등이 병렬로 연결된 경우\n은?",
      "options": [
        "산화제와 접촉을 피한다.",
        "고온의 물이나 과열 수증기와 접촉하면 격렬히 반응하므",
        "분말은 분진폭발성이 있으므로 누설되지 않도록 포장한"
      ],
      "answer": null,
      "explanation": ""
    },
    {
      "no": 84,
      "question": "압축기와 송풍의 관로에 심한 공기의 맥동과 진동을 발생하\n다.\n면서 불안정한 운전이 되는 서어징(surging) 현상의 방지법\n④ 화재발생시 물의 사용을 금하고, 이산화탄소소화기를 사\n으로 옳지 않은 것은?\n용하여야 한다.",
      "options": [
        "화재발생시 물의 사용을 금하고, 이산화탄소소화기를 사",
        "풍량을 감소시킨다.",
        "배관의 경사를 완만하게 한다. CaC2 + 2H2O → Ca(OH)2 + C2H2",
        "교축밸브를 기계에서 멀리 설치한다. (탄화칼슘) (물) (수산화칼슘) (아세틸렌)",
        "토출가스를 흡입측에 바이패스 시키거나 방출밸브에 의 [해설작성자 : 쿠라니]"
      ],
      "answer": null,
      "explanation": ""
    },
    {
      "no": 89,
      "question": "다음 중 분진폭발에 관한 설명으로 틀린 것은?\n서 부하에 따라 풍량을 적절히 조절하여야 한다.",
      "options": [
        "가스폭발에 비교하여 연소시간이 짧고, 발생에너지가 작"
      ],
      "answer": null,
      "explanation": ""
    },
    {
      "no": 85,
      "question": "(보기) 의 물질을 폭발 범위가 넓은 것부터 좁은 순서로 바 ② 최초의 부분적인 폭발이 분진의 비산으로 2차, 3차 폭발\n르게 배열한 것은? 로 파급되어 피해가 커진다.\n③ 가스에 비하여 불완전 연소를 일으키기 쉬우므로 연소\n후 가스에 의한 중독 위험이 있다.\n④ 폭발시 입자가 비산하므로 이것에 부딪치는 가연물로 국",
      "options": [
        "최초의 부분적인 폭발이 분진의 비산으로 2차, 3차 폭발",
        "가스에 비하여 불완전 연소를 일으키기 쉬우므로 연소",
        "폭발시 입자가 비산하므로 이것에 부딪치는 가연물로 국",
        "CO>H >C H >CH ② H >CO>CH >C H",
        "C H >CO>CH >H ④ CH >H >CO>C H",
        "H2 (수소): 4 ~75%",
        "CO(일산화탄소) :12.5 ~ 74%",
        "CH4(메탄):5 ~15%",
        "C3H8(프로판): 2.1 ~9.5%"
      ],
      "answer": null,
      "explanation": ""
    },
    {
      "no": 1,
      "question": "화염이 크다.",
      "options": [],
      "answer": null,
      "explanation": ""
    },
    {
      "no": 86,
      "question": "다음 중 산업안전보건법령상 위험물질의 종류와 해당 물질 2.연소속도가 빠르다.\n이 올바르게 연결된 것은?",
      "options": [
        "부식성 산류 - 아세트산(농도 90% [분진폭발]",
        "부식성 염기류 - 아세톤(농도 90%) 1. 에너지가 크다.",
        "인화성 가스 - 이황화탄소 2.연소시간이 길다.",
        "인화성 가스 - 수산화칼륨 3.불완전 연소로 인한 중독(CO)이 발생한다."
      ],
      "answer": null,
      "explanation": ""
    },
    {
      "no": 90,
      "question": "다음 물질 중 인화점이 가장 낮은 물질은?\n수산화칼륨(농도 40% 이상) - 부식성 염기류",
      "options": [
        "이황화탄소 ② 아세톤",
        "크실렌 ④ 경유"
      ],
      "answer": null,
      "explanation": ""
    },
    {
      "no": 87,
      "question": "다음 중 화재 시 주수에 의해 오히려 위험성이 증대되는 물 <문제 해설>\n질은? 이황화탄소(-30) < 아세톤 (-18) < 크실렌 (17.2) < 경유 (",
      "options": [
        "황린 ② 니트로셀룰로오스 50~70)",
        "적린 ④ 금속나트륨 [해설작성자 : 붐신]"
      ],
      "answer": null,
      "explanation": ""
    },
    {
      "no": 88,
      "question": "물과 탄화칼슘이 반응하면 어떤 가스가 생성되는가?",
      "options": [
        "염소가스 ② 아황산가스 91. 다음의 2가지 물질을 혼합 또는 접촉하였을 때 발화 또는",
        "수성가스 ④ 아세틸렌가스 폭발의 위험성이 가장 낮은 것은?",
        "니트로셀룰로오스와 물",
        "나트륨과 물"
      ],
      "answer": null,
      "explanation": ""
    },
    {
      "no": 95,
      "question": "다음 중 자연발화에 대한 설명으로 틀린 것은?\n③ 염소산칼륨과 유황",
      "options": [
        "염소산칼륨과 유황",
        "분해열에 의해 자연발화가 발생할 수 있다.",
        "황화인과 무기과산화물",
        "입자의 표면적이 넓을수록 자연발화가 발생하기 쉽다.",
        "자연발화가 발생하지 않기 위해 습도를 가능한 한 높게",
        "열의 축적은 자연발화를 일으킬 수 있는 인자이다."
      ],
      "answer": null,
      "explanation": ""
    },
    {
      "no": 96,
      "question": "반응성 화학물질의 위험성은 실험에 의한 평가 대신 문헌조",
      "options": [],
      "answer": null,
      "explanation": ""
    },
    {
      "no": 92,
      "question": "폭발을 기상폭발과 응상폭발로 분류할 때 다음 중 기상폭발\n사 등을 통해 계산에 의해 평가하는 방법을 사용할 수 있\n에 해당되지 않는 것은?\n다. 이에 관한 설명으로 옳지 않은 것은?",
      "options": [
        "분진폭발 ② 혼합가스폭발",
        "위험성이 너무 커서 물성을 측정할 수 없는 경우 계산에",
        "분무폭발 ④ 수증기폭발",
        "연소열, 분해열, 폭발열 등의 크기에 의해 그 물질의 폭",
        "계산에 의한 평가를 하기 위해서는 폭발 또는 분해에 다",
        "계산에 의한 위험성 예측은 모든 물질에 대해 정확성이"
      ],
      "answer": null,
      "explanation": ""
    },
    {
      "no": 93,
      "question": "다음 물질 중 공기에서 폭발상한계 값이 가장 큰 것은? 계산에 의한 위험성 예측은 정확성이 부족할수 있으므로 일부",
      "options": [
        "사이클로헥산 ② 산화에틸렌 물질은 실험을 필요로 한다.",
        "수소 ④ 이황화탄소 [해설작성자 : 남돌]"
      ],
      "answer": null,
      "explanation": ""
    },
    {
      "no": 97,
      "question": "메탄(CH ) 70vol%, 부탄(C H ) 30vol% 혼합가스의 25℃,\n산화에틸렌은 일반적으로 3~80%이나, 공기와 혼합되지 않고서 4 4 10\n대기압에서의 공기 중 폭발하한계(vol%)는 약 얼마인가?\n도 분해폭발을 일으키므로 상한은 100%.\n(단, 각 물질의 폭발하한계는 다음 식을 이용하여 추정, 계\n[해설작성자 : 쿠라니]\n산한다.)\n폭발상한계(vol%) 산화에틸렌 80, 수소 75, 이황화탄소 44,사이\n클로헥산 8.\n[해설작성자 : 마중물]",
      "options": [
        "1.2 ② 3.2",
        "5.7 ④ 7.7"
      ],
      "answer": null,
      "explanation": ""
    },
    {
      "no": 94,
      "question": "다음 중 관의 지름을 변경하고자 할 때 필요한 관 부속품\n메탄 화학식 하면 CH4+2O2->CO2+2H2O\n은?\n부탄 화학식은 C4H10+6.5O2->4CO2+5H2O",
      "options": [
        "reducer ② elbow",
        "plug ④ valve"
      ],
      "answer": null,
      "explanation": ""
    },
    {
      "no": 98,
      "question": "다음 중 완전연소조성농도가 가장 낮은 것은?\n인 1번을 누르면 정답 처리됩니다. 자세한 내용은 해설을",
      "options": [
        "메탄(CH )",
        "프로판(C H )",
        "비율 : 1.86%, 기초액 : 5,349,000원",
        "부탄(C H )",
        "비율 : 1.99%, 기초액 : 5,499,000원",
        "아세틸렌(C H )",
        "비율 : 2.35%, 기초액 : 5,400,000원",
        "비율 : 1.57%, 기초액 : 4,411,000원"
      ],
      "answer": null,
      "explanation": ""
    },
    {
      "no": 4,
      "question": "C4H10 => 100/[1+4.773{4+(10/4)}]=3.12%\n원\n[해설작성자 : 원]\n대상액 50억원 이상 = 1.97%\n[해설작성자 : 가자고오]\n메탄 : 9.48%\n프로판 : 4.02%\n23년 10월 개정으로 공사종류에 일반건설공사(갑)없어짐!\n부탄 : 3.12%\n외우지 말고 넘어가세요!\n어세틸렌 : 7.73%\n[해설작성자 : 24.4 해설]\n[해설작성자 : 루피]",
      "options": [],
      "answer": null,
      "explanation": ""
    },
    {
      "no": 102,
      "question": "이동식비계를 조립하여 작업을 하는 경우에 대한 준수사항",
      "options": [],
      "answer": null,
      "explanation": ""
    },
    {
      "no": 99,
      "question": "유체의 역류를 방지하기 위해 설치하는 밸브는?\n으로 옳지 않은 것은?",
      "options": [
        "체크밸브 ② 게이트밸브",
        "승강용사다리는 견고하게 설치할 것",
        "대기밸브 ④ 글로브밸브",
        "비계의 최상부에서 작업을 하는 경우에는 안전난간을 설",
        "작업발판의 최대 적재하중은 400kg을 초과하지 않도록",
        "작업발판은 항상 수평을 유지하고 작업발판 위에서 안전"
      ],
      "answer": null,
      "explanation": ""
    },
    {
      "no": 3,
      "question": "작업발판의 최대 적재하중은 250kg를 초과하지 않도록 할 것\n글로브 밸브 : 유체의 흐름의 양을 조절할수 있는 밸브\n[해설작성자 : 얍줌마]\n볼 밸브 : 유체의 흐름을 신속하게 개폐할수 있는 밸브 (집안에\n서 쓰는 가스 차단 밸브) 103. 항타기 또는 항발기의 권상용 와이어로프의 절단하중이\n[해설작성자 : 나다] 100ton일 때 와이어로프에 걸리는 최대하중을 얼마까지 할\n수 있는가?",
      "options": [],
      "answer": null,
      "explanation": ""
    },
    {
      "no": 100,
      "question": "산업안전보건법령상 위험물질의 종류를 구분할 때 다음 물",
      "options": [
        "20 ton ② 33.3 ton",
        "40 ton ④ 50 ton",
        "폭발성 물질 및 유기과산화물",
        "산화성 액체 및 산화성 고체",
        "물반응성 물질 및 인화성 고체",
        "급성 독성 물질",
        "3.5m ② 2.5m",
        "1.2m ④ 1.0m"
      ],
      "answer": null,
      "explanation": ""
    },
    {
      "no": 101,
      "question": "산업안전보건관리비계상기준에 따른 일반건설공사(갑), 대\n계단의 강도\n상액「5억원 이상~50억원 미만」 의 비율 및 기초액으로\n기출문제 해설은 최강 자격증 기출문제 전자문제집 CBT : www.comcbt.com 통해서 실시간으로 변경됩니다.\n본 해설집은 최강 자격증 기출문제 전자문제집 CBT 해설달기 프로젝트에 의해서 만들어진 자료입니다. 해설을 제공해 주신 모든 분들께 감사 드립니다.\n산업안전기사 ◐ 2017년 08월 26일 필기 기출문제 및 해설집◑ 전자문제집 CBT :www.comcbt.com\n-계단 및 계단참의 강도는 500kg/m2이상이어야 하며 안전율은\n4이상으로 하여야 한다 1. 비계기둥 간격 : 띠자방향에서는 1.85m 이하, 장선방향에서\n-계단의 폭은 1미터 이상으로 하여야 한다. 는 1.5m 이하로 할 것(다만, 선박 및 보트 건조작업의 경우 안\n-높이가 3m를 초과하는 계단에는 높이 3m 이내마다 너비 1.2 전성에 대한 구조검토를 실시하고 조립도를 작성하면 띠장 뱡향\n미터 이상의 계단참을 설치하여야 한다 및 장선 방향으로 각각 2.7미터 이하로 할 수 있다.)\n-바닥면으로부터 높이 2미터 이내의 공간에 장애물이 없도록 하 [해설작성자 : 가자고오]\n여야 한다",
      "options": [],
      "answer": null,
      "explanation": ""
    },
    {
      "no": 107,
      "question": "작업장소의 지형 및 지반 상태 등에 적합한 제한속도를 미\n-높이 1미터 이상인 계단의 개방된 측면에 안전난간을 설치하여\n리 정하지 않아도 되는 차량계 건설기계는 최대 제한속도\n야 한다\n가 최대 시속 얼마이하인 것을 의미하는가?\n[해설작성자 : 부자아빠]",
      "options": [
        "5 km/hr 이하 ② 10 km/hr 이하",
        "15 km/hr 이하 ④ 20 km/hr 이하"
      ],
      "answer": null,
      "explanation": ""
    },
    {
      "no": 108,
      "question": "산업안전보건법령에 다른 유해하거나 위험한 기계ㆍ기구에\n[해설작성자 : comcbt.com 이용자]\n설치하여야 할 방호장치를 연결한 것으로 옳지 않은 것은?",
      "options": [
        "포장기계 - 헤드 가드"
      ],
      "answer": null,
      "explanation": ""
    },
    {
      "no": 105,
      "question": "터널 지보공을 조립하는 경우에는 미리 그 구조를 검토한\n② 예초기 - 날접촉 예방장치\n후 조립도를 작성하고, 그 조립도에 따라 조립하도록 하여\n③ 원심기 - 회전체 접촉 예방장치\n야 하는데 이 조립도에 명시하여야할 사항과 가장 거리가\n④ 금속절단기 - 날접촉 예방장치\n먼 것은?\n<문제 해설>",
      "options": [
        "예초기 - 날접촉 예방장치",
        "원심기 - 회전체 접촉 예방장치",
        "금속절단기 - 날접촉 예방장치",
        "이음방법 ② 단면규격"
      ],
      "answer": null,
      "explanation": ""
    },
    {
      "no": 1,
      "question": "포장기계 - 구동부에 방호 연동장치\n③ 재료의 재질 ④ 재료의 구입처\n* 지게차 - 헤드가드\n<문제 해설>\n[해설작성자 : 얍줌마]\n터널 지보공 조립도 명시사항 4가지",
      "options": [
        "재료의 재질 ④ 재료의 구입처",
        "이음방법 ② 단면규격"
      ],
      "answer": null,
      "explanation": ""
    },
    {
      "no": 109,
      "question": "지반조사의 간격 및 깊이에 대한 내용으로 옳지 않은 것\n③ 재료의 재질 ④ 설치간격\n은?\n[해설작성자 : noul]",
      "options": [
        "재료의 재질 ④ 설치간격",
        "조사간격은 지층상태, 구조물 규모에 따라 정한다.",
        "절토, 개착, 터널구간은 기반암의 심도 5~6m 까지 확인"
      ],
      "answer": null,
      "explanation": ""
    },
    {
      "no": 106,
      "question": "강관비계를 조립할 때 준수하여야 할 사항으로 옳지 않은\n한다.\n것은?(관련 규정 개정전 문제로 여기서는 기존 정답인 1번\n③ 지층이 복잡한 경우에는 기 조사한 간격사이에 보완조사\n을 누르면 정답 처리됩니다. 자세한 내용은 해설을 참고하\n를 실시한다.\n세요.)\n④ 조사깊이는 액상화문제가 있는 경우에는 모래층하단에",
      "options": [
        "지층이 복잡한 경우에는 기 조사한 간격사이에 보완조사",
        "조사깊이는 액상화문제가 있는 경우에는 모래층하단에",
        "띠장간격은 2m 이하로 설치하되, 첫번째 띠장은 지상으",
        "비계기둥의 간격은 띠장 방향에서 1.5m 이상 1.8m 이하",
        "비계기둥의 제일 윗부분으로부터 31m 되는 지점 밑부분"
      ],
      "answer": null,
      "explanation": ""
    },
    {
      "no": 110,
      "question": "보일링(Boiling) 현상에 관한 설명으로 옳지 않은 것은?\n④ 비계기둥 간의 적재하중은 400kg을 초과하지 않도록 할",
      "options": [
        "비계기둥 간의 적재하중은 400kg을 초과하지 않도록 할",
        "지하수위가 높은 모래 지반을 굴착할 때 발생하는 현상",
        "보일링 현상에 대한 대책의 일환으로 공사기간 중 지하"
      ],
      "answer": null,
      "explanation": ""
    },
    {
      "no": 1,
      "question": "띠장간격은 1.5m 이하로 설치하되, 첫번째 띠장은 지상으로부\n수위를 일정하게 유지시켜야 한다.\n터 2m 이하의 위치에 설치할 것\n③ 보일링 현상이 발생하는 경우 흙막이 보는 지지력이 저\n[해설작성자 : 얍줌마]\n하된다.\n④ 아랫 부분의 토사가 수압을 받아 굴착한 곳으로 밀려나\n비계기둥의 간격은 띠장 방향에서 1.5m 이상 1.8m 이하로 할\n와 굴착부분을 다시 메우는 현상이다.\n것 -> 1.85 m 이내\n<문제 해설>\n띠장간격 첫단2m이하 그외 1.5m 이하 -> 첫단&그외 2m 이하\n[보일링 방지대책]\n20년 개정 됬습니다",
      "options": [
        "보일링 현상이 발생하는 경우 흙막이 보는 지지력이 저",
        "아랫 부분의 토사가 수압을 받아 굴착한 곳으로 밀려나"
      ],
      "answer": null,
      "explanation": ""
    },
    {
      "no": 1,
      "question": "Filter 및 차수벽 설치\n[해설작성자 : 씅워이]",
      "options": [],
      "answer": null,
      "explanation": ""
    },
    {
      "no": 2,
      "question": "흙막이 근입깊이를 깊게(불투수층까지)\n기출문제 해설은 최강 자격증 기출문제 전자문제집 CBT : www.comcbt.com 통해서 실시간으로 변경됩니다.\n본 해설집은 최강 자격증 기출문제 전자문제집 CBT 해설달기 프로젝트에 의해서 만들어진 자료입니다. 해설을 제공해 주신 모든 분들께 감사 드립니다.\n산업안전기사 ◐ 2017년 08월 26일 필기 기출문제 및 해설집◑ 전자문제집 CBT :www.comcbt.com",
      "options": [],
      "answer": null,
      "explanation": ""
    },
    {
      "no": 3,
      "question": "약액주입 등의 굴착면 고결 상인 작업장소에 설치하는 작업방판의 구조 및 설비에 관",
      "options": [],
      "answer": null,
      "explanation": ""
    },
    {
      "no": 4,
      "question": "지하수위저하 한 기준으로 옳지 않은 것은?",
      "options": [],
      "answer": null,
      "explanation": ""
    },
    {
      "no": 5,
      "question": "압성토공법 등",
      "options": [
        "작업발판의 폭이 40cm 이상이 되도록 한다.",
        "발판재료 간의 틈은 3cm 이하로 한다.",
        "작업발판을 작업에 따라 이동시킬 경우에는 위험 방지에",
        "작업발판재료는 뒤집히거나 떨어지지 않도록 하나 이상"
      ],
      "answer": null,
      "explanation": ""
    },
    {
      "no": 111,
      "question": "철골구조의 앵커볼트매립과 관련된 준수사항 중 옳지 않은\n<문제 해설>\n것은?\n둘 이상 지지물",
      "options": [
        "기둥중심은 기준선 및 인접기둥의 중심에서 3mm 이상",
        "앵커 볼트는 매립 후에 수정하지 않도록 설치할 것 115. 차량계 하역운반기계등에 화물을 적재하는 경우의 준수사",
        "베이스플레이트의 하단은 기준 높이 및 인접기둥의 높이 항이 아닌 것은?",
        "하중이 한쪽으로 치우치지 않도록 적재할 것",
        "앵커 볼트는 기둥중심에서 2mm 이상 벗어나지 않을 것 ② 구내운반차 또는 화물자동차의 경우 화물의 붕괴 또는"
      ],
      "answer": null,
      "explanation": ""
    },
    {
      "no": 1,
      "question": "기둥중심은 기준선 및 인접기둥의 중심에서 5mm 이상 벗 는 등 필요한 조치를 할 것\n어나지 않을 것 ③ 운전자의 시야를 가리지 않도록 화물을 적재할 것\n[해설작성자 : 얍줌마] ④ 차륜의 이상 유무를 점검할 것\n<문제 해설>",
      "options": [
        "운전자의 시야를 가리지 않도록 화물을 적재할 것",
        "차륜의 이상 유무를 점검할 것"
      ],
      "answer": null,
      "explanation": ""
    },
    {
      "no": 112,
      "question": "토사붕괴 재해를 방지하기 위한 흙막기 지보공설비를 구성\n차륜의 이상 유무는 지게차 작업시작 전 점검사항입니다.\n하는 부재와 거리가 먼 것은?\n[해설작성자 : 출저에듀윌]",
      "options": [
        "말뚝 ② 버팀대",
        "띠장 ④ 턴버클 116. 이동식 비계를 조립하여 작업을 하는 경우에 작업발판의",
        "150kg ② 200kg",
        "250kg ④ 300kg"
      ],
      "answer": null,
      "explanation": ""
    },
    {
      "no": 117,
      "question": "취급ㆍ운반의 원칙으로 옳지 않은 것은?\n용하는 죔 기구",
      "options": [
        "연속운반을 할 것",
        "생산을 최고로 하는 운반을 생각할 것"
      ],
      "answer": null,
      "explanation": ""
    },
    {
      "no": 113,
      "question": "옥외에 설치되어 있는 주행크레인에 대하여 이탈방지장치 ③ 운반작업을 집중하여 시킬 것\n를 작동시키는 등 이탈 방지를 위한 조치를 하여야 하는 ④ 곡선운반을 할 것\n풍속기준으로 옳은 것은? <문제 해설>",
      "options": [
        "운반작업을 집중하여 시킬 것",
        "곡선운반을 할 것",
        "순간풍속이 20m/sec를 초과할 때 이동되는 운반은 직선으로 할 것.",
        "순간풍속이 25m/sec를 초과할 때 연운반이 되도록 할 것",
        "순간풍속이 30m/sec를 초과할 때 극한까지 수작업을 없애는 운반일 것",
        "순간풍속이 35m/sec를 초과할 때 생산을 최고로 하는 운반을 생각할 것"
      ],
      "answer": null,
      "explanation": ""
    },
    {
      "no": 118,
      "question": "건설현장에서 작업 중 물체가 떨어지거나 날아올 우려가\n30초과위험:옥외설치 주행크레인의 이탈방지조치\n있는 경우에 대한 안전조치에 해당하지 않는 것은?\n30초과이후 또는 중진이상 지진이후:옥외 양중기 각 부위 이상",
      "options": [
        "수직보호망 설치",
        "방호선반 설치",
        "울타리설치",
        "낙하물 방지망 설치"
      ],
      "answer": null,
      "explanation": ""
    },
    {
      "no": 114,
      "question": "비계(달비계, 달대비계 및 말비계는 제외)의 높이가 2m 이 낙하.비래 방지대책\n기출문제 해설은 최강 자격증 기출문제 전자문제집 CBT : www.comcbt.com 통해서 실시간으로 변경됩니다.\n본 해설집은 최강 자격증 기출문제 전자문제집 CBT 해설달기 프로젝트에 의해서 만들어진 자료입니다. 해설을 제공해 주신 모든 분들께 감사 드립니다.\n산업안전기사 ◐ 2017년 08월 26일 필기 기출문제 및 해설집◑ 전자문제집 CBT :www.comcbt.com",
      "options": [
        "낙하물 방지망 설치",
        "수직보호망 설치",
        "방호선반 설치",
        "출입급지구역 설정",
        "보호구 착용"
      ],
      "answer": null,
      "explanation": ""
    },
    {
      "no": 119,
      "question": "유해위험방지계획서를 제출해야 할 건설공사 대상 사업장\n본 해설집의 저작권은 www.comcbt.com에 있으며\n기준으로 옳지 않은 것은?\n카페, 블로그 등의 업로드 및 개인적 활용 이외에",
      "options": [
        "최대 지간길이가 40m 이상인 교량건설 등의 공사",
        "지상높이가 31m 이상인 건축물",
        "터널 건설등의 공사",
        "깊이 10m 이상인 굴착공사"
      ],
      "answer": null,
      "explanation": ""
    },
    {
      "no": 120,
      "question": "콘크리트 타설을 위한 거푸집동바리의 구조검토 시 가장\n인터넷으로 종이 없이 문제를 풀고 자동채점하는 프로그램으로\n선행되어야 할 작업은?\n워드, 컴활, 기능사 등의 상설검정에서 사용하는 실제 프로그램",
      "options": [
        "각 부재에 생기는 응력에 대하여 안전한 단면을 산정한",
        "가설물에 작용하는 하중 및 외력의 종류, 크기를 산정한",
        "하중ㆍ외력에 의하여 각 부재에 생기는 응력을 구한다.",
        "사용할 거푸집 동바리의 설치간격을 결정한다.",
        "③ ④ ① ④ ④ ① ③ ① ③",
        "③ ④ ① ① ② ② ① ② ①",
        "④ ④ ② ③ ③ ① ② ① ④",
        "② ① ③ ④ ③ ② ② ① ③",
        "① ② ③ ③ ④ ① ① ③ ④",
        "② ④ ① ③ ① ③ ② ② ②",
        "③ ④ ③ ④ ④ ② ② ① ①",
        "② ② ② ④ ① ④ ② ③ ③",
        "② ② ③ ② ① ④ ④ ① ①",
        "④ ② ① ③ ④ ② ③ ① ③",
        "③ ① ③ ④ ① ② ① ② ②",
        "④ ③ ④ ④ ③ ④ ③ ① ②"
      ],
      "answer": null,
      "explanation": ""
    }
  ]
}